w_wti,w_brent,w_basket,beta,alpha,pi0,lambda,lambda_factor,price_mae,price_rmse,change_mae,segments_used,rows_used
0.58,0.0,0.42000000000000004,1795.8838044134432,1.3281131172249807,2533.0747236120546,0.0,0.0,210.8767824009788,321.8804338661935,210.8767824009788,17,194
0.6,0.04,0.36000000000000004,1784.7900315033803,1.325307061623831,2556.61291497299,0.0,0.0,211.07697347182105,324.77111286464714,211.07697347182105,17,194
0.6,0.02,0.38,1784.387426199467,1.3267554042879601,2553.2777208381026,0.0,0.0,211.1234504329538,323.95307576887006,211.1234504329538,17,194
0.58,0.02,0.4,1788.000501652615,1.3278810970598598,2539.8908086140395,0.0,0.0,211.13083222512265,323.05146406669184,211.13083222512265,17,194
0.6,0.0,0.4,1784.3150931542048,1.328143292944675,2549.831031577662,0.0,0.0,211.17343368560088,323.15602414536113,211.17343368560088,17,194
0.6,0.06,0.34,1782.0022941332766,1.324290483731044,2561.393248725259,0.0,0.0,211.17934019624488,325.78856160841144,211.17934019624488,17,194
0.58,0.04,0.38000000000000006,1780.1320387156659,1.3276342096049534,2546.7250988796995,0.0,0.0,211.4254900160648,324.2550156936869,211.4254900160648,17,194
0.56,0.0,0.43999999999999995,1785.8132966677424,1.330959716112147,2526.4253732577445,0.0,0.0,211.45689394162554,321.8769421593298,211.45689394162554,17,194
0.62,0.1,0.28,1772.8895581754953,1.3207111395456372,2585.7087119446983,0.0,0.0,211.47018031529387,329.16553876580633,211.47018031529387,17,194
0.62,0.08,0.3,1772.188727561825,1.3222930136341529,2582.234279038182,0.0,0.0,211.4830269285844,328.1999212204238,211.4830269285844,17,194
0.6,0.08,0.32,1774.2551652813859,1.3239544022260525,2568.3917601336457,0.0,0.0,211.48934309662508,327.0922013594743,211.48934309662508,17,194
0.62,0.06,0.32,1771.7752509385198,1.3238214560646404,2578.6631185240108,0.0,0.0,211.49381170838907,327.2584701418155,211.49381170838907,17,194
0.62,0.04,0.34,1771.6559913297692,1.325294847607678,2574.994672546025,0.0,0.0,211.50749651303877,326.3407882142925,211.50749651303877,17,194
0.62,0.02,0.36,1771.8379687984807,1.326711562542562,2571.228271784753,0.0,0.0,211.52513321587824,325.44642246766887,211.52513321587824,17,194
0.62,0.0,0.38,1772.32826158722,1.3280699824172264,2567.363178223472,0.0,0.0,211.54710882457817,324.57487139187657,211.54710882457817,17,194
0.56,0.02,0.41999999999999993,1777.900422969691,1.3307797990012518,2533.0801449057535,0.0,0.0,211.7067726757144,323.0121115279104,211.7067726757144,17,194
0.62,0.12,0.26,1767.3863555363273,1.3199823090737632,2591.958001883768,0.0,0.0,211.71365810288106,330.47251865156045,211.71365810288106,17,194
0.58,0.06,0.36000000000000004,1772.0554415865129,1.327398579769774,2553.696012769815,0.0,0.0,211.73687232300216,325.50397880574195,211.73687232300216,17,194
0.6,0.1,0.30000000000000004,1765.6630407014534,1.3237016872556657,2575.8731336478186,0.0,0.0,211.83496755738173,328.48098876147,211.83496755738173,17,194
0.64,0.0,0.36,1760.5378716300515,1.3277924096216291,2585.4517966880785,0.0,0.0,211.96198037625217,326.1161069772495,211.96198037625217,17,194
0.64,0.02,0.33999999999999997,1759.4191378742723,1.3264667622859942,2589.788212378631,0.0,0.0,211.97078466417918,327.06844204492336,211.97078466417918,17,194
0.64,0.04,0.32,1758.5837006086808,1.3250851082484523,2594.041303328506,0.0,0.0,211.99940158075154,328.0457194934552,211.99940158075154,17,194
0.64,0.06,0.3,1758.0236945691624,1.3236491136818007,2598.2124174159553,0.0,0.0,212.02776891558025,329.0484671669545,212.02776891558025,17,194
0.64,0.08,0.27999999999999997,1757.731245461794,1.32216045607895,2602.3028844152336,0.0,0.0,212.05300646714093,330.0771703090622,212.05300646714093,17,194
0.56,0.04,0.39999999999999997,1768.672670791185,1.3307349168355684,2540.4797883345072,0.0,0.0,212.06120718840654,324.263561059233,212.06120718840654,17,194
0.64,0.1,0.26,1757.6985638331576,1.3206208106777135,2606.313977337346,0.0,0.0,212.07542132873,331.13226519990377,212.07542132873,17,194
0.58,0.08,0.34,1762.6215993779106,1.327303392544387,2561.432580856289,0.0,0.0,212.10250075249505,326.87075948566945,212.10250075249505,17,194
0.64,0.12,0.24,1757.9180453405722,1.3190318359682454,2610.246871149232,0.0,0.0,212.1144563050796,332.2141329013101,212.1144563050796,17,194
0.62,0.14,0.24,1758.0459548408328,1.3197356371074398,2600.0895804037395,0.0,0.0,212.13811855628288,332.01799458557144,212.13811855628288,17,194
0.54,0.0,0.45999999999999996,1773.5752972479643,1.3339399164920216,2521.3346262126447,0.0,0.0,212.20044081847476,322.16202561583066,212.20044081847476,17,194
0.6,0.12,0.28,1756.1326317384576,1.3235440498404452,2583.883504396129,0.0,0.0,212.2197773011036,329.96058002483454,212.2197773011036,17,194
0.64,0.14,0.21999999999999997,1758.3823772057099,1.317395158317749,2614.1025989597647,0.0,0.0,212.24501570354437,333.32309315515516,212.24501570354437,17,194
0.64,0.16,0.19999999999999998,1758.3817617127138,1.3158021089852756,2618.2260832021952,0.0,0.0,212.4031454585908,334.4959504427417,212.4031454585908,17,194
0.66,0.0,0.33999999999999997,1748.8493306161204,1.3273083925924636,2604.196531998944,0.0,0.0,212.41182662900562,327.7934335196672,212.41182662900562,17,194
0.56,0.06,0.37999999999999995,1759.0977749598305,1.3307177565820358,2548.0876519683625,0.0,0.0,212.44447337363113,325.57062293806115,212.44447337363113,17,194
0.66,0.02,0.31999999999999995,1747.03260123287,1.3260182875532094,2609.0631271067177,0.0,0.0,212.46718521726885,328.8334050694476,212.46718521726885,17,194
0.58,0.1,0.32000000000000006,1753.0810239696982,1.3272111393613322,2569.2363661337135,0.0,0.0,212.47991320056923,328.2775475243052,212.47991320056923,17,194
0.54,0.02,0.43999999999999995,1764.2699815002659,1.3339644319906265,2528.5769978780445,0.0,0.0,212.51640361219796,323.35166723920264,212.51640361219796,17,194
0.66,0.04,0.3,1745.4706325830712,1.3246745769835968,2613.864856050508,0.0,0.0,212.5341510287001,329.9008119290746,212.5341510287001,17,194
0.66,0.06,0.27999999999999997,1744.154562094125,1.3232789750796499,2618.603884767924,0.0,0.0,212.59897315213126,330.99623577302714,212.59897315213126,17,194
0.6,0.14,0.26,1746.4451059219757,1.3233971978029626,2591.9797812597462,0.0,0.0,212.61930848456615,331.48254962106506,212.61930848456615,17,194
0.62,0.16,0.22,1748.2246893535512,1.3195353735964521,2608.4880396191325,0.0,0.0,212.6613365947371,333.6253516061423,212.6613365947371,17,194
0.66,0.08,0.25999999999999995,1743.075427658338,1.3218332115734843,2623.282434263634,0.0,0.0,212.662014960639,332.1202248097261,212.662014960639,17,194
0.66,0.1,0.23999999999999996,1742.2242532984894,1.3203390184011434,2627.902749037936,0.0,0.0,212.72610930450662,333.27328858479365,212.72610930450662,17,194
0.56,0.08,0.35999999999999993,1749.398978779494,1.330704736876477,2555.7751224336725,0.0,0.0,212.84059121750047,326.9188902853898,212.84059121750047,17,194
0.54,0.04,0.42,1754.8571956969436,1.3339891123995515,2535.8988213373063,0.0,0.0,212.84416041116327,324.5818197345289,212.84416041116327,17,194
0.58,0.12,0.30000000000000004,1743.4107216002506,1.3271260091049983,2577.113403675755,0.0,0.0,212.87566596877699,329.72522664863754,212.87566596877699,17,194
0.66,0.12,0.21999999999999997,1741.5921405369013,1.3187981154306692,2632.4670636750825,0.0,0.0,212.88509363598274,334.4558929900778,212.88509363598274,17,194
0.68,0.0,0.31999999999999995,1737.1474908780708,1.326615987320977,2623.7166907542014,0.0,0.0,212.9200799659221,329.62285404968395,212.9200799659221,17,194
0.64,0.18,0.18,1748.2921528403756,1.315556454398856,2627.029113665165,0.0,0.0,212.95906202252178,336.20183948836484,212.95906202252178,17,194
0.68,0.02,0.29999999999999993,1734.5582018139753,1.3253636138522662,2629.1797102148726,0.0,0.0,212.99486638455394,330.75806311500804,212.99486638455394,17,194
0.66,0.14,0.19999999999999996,1741.1703651148143,1.3172121952846236,2636.9775678189762,0.0,0.0,213.06097849342447,335.66845553883076,213.06097849342447,17,194
0.68,0.04,0.27999999999999997,1732.1910114736359,1.3240601290831362,2634.60010426686,0.0,0.0,213.0874949152569,331.923653293198,213.0874949152569,17,194
0.6,0.16,0.24000000000000002,1736.5747863253164,1.3232657266216334,2600.1690765584876,0.0,0.0,213.09961643636314,333.04780777994256,213.09961643636314,17,194
0.52,0.0,0.48,1758.3418130882246,1.3371607231955291,2518.199457848657,0.0,0.0,213.1251601173215,322.7923439916507,213.1251601173215,17,194
0.68,0.06,0.25999999999999995,1730.0357719774026,1.3227072952968026,2639.981143814094,0.0,0.0,213.19226111626654,333.12029832219184,213.19226111626654,17,194
0.54,0.06,0.39999999999999997,1745.2530847937737,1.3340247996326708,2543.340467403115,0.0,0.0,213.22536295907503,325.85722283760686,213.22536295907503,17,194
0.62,0.18,0.2,1738.1886015555672,1.3193543472932636,2616.9961375302664,0.0,0.0,213.23061567620806,335.2777494961525,213.23061567620806,17,194
0.66,0.16,0.17999999999999997,1740.950478668768,1.315582907295002,2641.4363697888252,0.0,0.0,213.2367346838388,336.911340966337,213.2367346838388,17,194
0.56,0.1,0.33999999999999997,1739.5549696185255,1.3306998108470043,2563.5474731888407,0.0,0.0,213.25050481580007,328.30924837694687,213.25050481580007,17,194
0.68,0.08,0.23999999999999994,1728.082112125645,1.3213068946352322,2645.326260797348,0.0,0.0,213.2968010085289,334.34865215127394,213.2968010085289,17,194
0.58,0.14,0.28,1733.5859844943047,1.3270524709521347,2585.07031180106,0.0,0.0,213.31609259178575,331.21473810379183,213.31609259178575,17,194
0.66,0.18,0.15999999999999998,1740.9244149378417,1.3139118406307952,2645.8454591105788,0.0,0.0,213.41263454170314,338.18485721377454,213.41263454170314,17,194
0.52,0.02,0.45999999999999996,1748.8791469696587,1.3372493338028406,2525.358775839019,0.0,0.0,213.41765444385118,323.9606349852976,213.41765444385118,17,194
0.68,0.1,0.21999999999999995,1726.3195100581156,1.319860716064778,2650.6390282925313,0.0,0.0,213.47383859362915,335.6093455371253,213.47383859362915,17,194
0.7000000000000001,0.0,0.29999999999999993,1724.5133141180956,1.3257778719362106,2644.690869028855,0.0,0.0,213.47558918706508,331.6777005151875,213.47558918706508,17,194
0.64,0.2,0.15999999999999998,1737.9506984342477,1.3153339171887073,2635.9633757025094,0.0,0.0,213.56064085726075,337.955020157176,213.56064085726075,17,194
0.7000000000000001,0.02,0.2799999999999999,1721.6912817122088,1.3245135037729903,2650.3988593050644,0.0,0.0,213.57366236133538,332.87323140019015,213.57366236133538,17,194
0.54,0.08,0.37999999999999995,1735.3841057161474,1.3340812178553487,2550.9365176383335,0.0,0.0,213.62376574463025,327.1819556511844,213.62376574463025,17,194
0.66,0.2,0.13999999999999996,1740.2400619770567,1.3122903510823716,2650.691785064862,0.0,0.0,213.62523106835286,339.53966689694977,213.62523106835286,17,194
0.6,0.18,0.22000000000000003,1726.4942182928964,1.3231545223753494,2608.4591056091863,0.0,0.0,213.67067980678914,334.65732600165404,213.67067980678914,17,194
0.56,0.12,0.31999999999999995,1729.6259268398044,1.3306977789898784,2571.3663673538554,0.0,0.0,213.68520823246607,329.736331219973,213.68520823246607,17,194
0.68,0.12,0.19999999999999996,1724.737370153314,1.3183705413879578,2655.923140283285,0.0,0.0,213.69474824949015,336.9029830417054,213.69474824949015,17,194
0.7000000000000001,0.04,0.25999999999999995,1718.5894917312642,1.323238888232804,2656.4104555850577,0.0,0.0,213.6960820164305,334.13518202847337,213.6960820164305,17,194
0.12,0.86,0.020000000000000018,2251.218083219956,1.244996150677187,2203.8982295613177,0.0,0.0,213.73409006679066,330.056211934719,213.73409006679066,15,194
0.52,0.04,0.44,1739.3058581804726,1.3373390947644936,2532.596768381348,0.0,0.0,213.77320738096495,325.1693488444033,213.77320738096495,17,194
0.58,0.16,0.26,1723.580297774864,1.3269952898251705,2593.114321002183,0.0,0.0,213.78252687469225,332.74708760625634,213.78252687469225,17,194
0.7000000000000001,0.06,0.23999999999999994,1715.5033986164512,1.3219305337192493,2662.518893597763,0.0,0.0,213.82437697544842,335.4428346052952,213.82437697544842,17,194
0.62,0.2,0.18,1727.9091840640028,1.3191975470198118,2625.6222604767377,0.0,0.0,213.83844601606006,336.97615089405747,213.83844601606006,17,194
0.68,0.14,0.17999999999999994,1723.3251035400817,1.3168381303356536,2661.1823916104345,0.0,0.0,213.91699959195387,338.23014052623046,213.91699959195387,17,194
0.12,0.88,0.0,2260.9552988213295,1.2429502437101847,2200.416522840597,0.0,0.0,213.92569153255374,330.5671758024975,213.92569153255374,15,194
0.7000000000000001,0.08,0.21999999999999992,1712.5777307901026,1.3205772767310004,2668.6215147399207,0.0,0.0,214.02046115019294,336.7860218226821,214.02046115019294,17,194
0.54,0.1,0.36,1725.3672431576108,1.3341468019901777,2558.6157503448894,0.0,0.0,214.06948194257558,328.5487265863981,214.06948194257558,17,194
0.72,0.0,0.28,1709.4947598094716,1.3248895541930468,2668.2072831201094,0.0,0.0,214.11705062178174,334.0725134428878,214.11705062178174,17,194
0.66,0.22,0.11999999999999997,1735.281079567924,1.311218630398067,2657.592020299318,0.0,0.0,214.12887558728139,341.14230238214384,214.12887558728139,17,194
0.56,0.14,0.29999999999999993,1719.5859032148112,1.330703336217402,2579.2383262739077,0.0,0.0,214.1382668610271,331.201614772975,214.1382668610271,17,194
0.68,0.16,0.15999999999999995,1722.0722114972004,1.3152652047779512,2666.420658681428,0.0,0.0,214.14097663258093,339.59136324184755,214.14097663258093,17,194
0.52,0.06,0.42,1729.6024576022019,1.337433646716327,2539.918080796734,0.0,0.0,214.14559942499415,326.4194515419967,214.14559942499415,17,194
0.72,0.02,0.26,1705.7741316077397,1.3236637976802585,2674.6345794595627,0.0,0.0,214.25865703531508,335.37804360050717,214.25865703531508,17,194
0.5,0.0,0.5,1741.897859022876,1.3404402103305193,2515.9818485381256,0.0,0.0,214.26686870134944,323.6539680495255,214.26686870134944,17,194
0.64,0.22,0.13999999999999999,1727.3275671676697,1.3151395684258107,2645.0382791694615,0.0,0.0,214.26860944574267,339.75649584336946,214.26860944574267,17,194
0.7000000000000001,0.1,0.19999999999999993,1709.799919566494,1.3191809630291527,2674.7237216898156,0.0,0.0,214.2779235743597,338.1655627595012,214.2779235743597,17,194
0.6,0.2,0.2,1716.1740801238373,1.3230687770716594,2616.858212055701,0.0,0.0,214.29161104579137,336.31214489092923,214.29161104579137,17,194
0.58,0.18,0.24000000000000005,1713.365241762558,1.326959542817051,2601.2533033452437,0.0,0.0,214.3238714300303,334.323353252311,214.3238714300303,17,194
0.68,0.18,0.13999999999999996,1720.9683709151711,1.3136534320943014,2671.6418816143555,0.0,0.0,214.3670511358081,340.9871646252947,214.3670511358081,17,194
0.72,0.04,0.24000000000000002,1702.1874964854849,1.3223923897408492,2681.0848519204233,0.0,0.0,214.41091979271326,336.7221980822587,214.41091979271326,17,194
0.62,0.22,0.16,1717.3560896728677,1.3190702595765011,2634.3754271248677,0.0,0.0,214.5201972049588,338.7215875912747,214.5201972049588,17,194
0.54,0.12,0.33999999999999997,1715.178432401143,1.3342259477345833,2566.384370642094,0.0,0.0,214.54134812609237,329.9586061779332,214.54134812609237,17,194
0.7000000000000001,0.12,0.17999999999999994,1707.1571069513654,1.3177434362632858,2680.8312325052866,0.0,0.0,214.5480835830929,339.58227641013053,214.5480835830929,17,194
0.5,0.02,0.48,1732.1950305422458,1.3406029946218567,2523.1019110617012,0.0,0.0,214.5725794239072,324.80793330538864,214.5725794239072,17,194
0.52,0.08,0.39999999999999997,1719.7478280982784,1.3375369000124262,2547.3278981030617,0.0,0.0,214.59305372511653,327.7119724386971,214.59305372511653,17,194
0.56,0.16,0.2799999999999999,1709.363740593105,1.3307263793357371,2587.193890495796,0.0,0.0,214.60684160469077,332.70962753383424,214.60684160469077,17,194
0.72,0.06,0.22000000000000003,1698.7206037471856,1.3210772093120458,2687.56503305291,0.0,0.0,214.61229872038155,338.1060400890311,214.61229872038155,17,194
0.68,0.2,0.11999999999999994,1720.0035208859053,1.3120044077444315,2676.850048596288,0.0,0.0,214.64223590966031,342.4180259173689,214.64223590966031,17,194
0.74,0.0,0.26,1693.6574060771516,1.3237967853650254,2693.2815599031946,0.0,0.0,214.80455491068255,336.711468439781,214.80455491068255,17,194
0.7000000000000001,0.14,0.15999999999999992,1704.6361998263294,1.3162665234021749,2686.9500853904733,0.0,0.0,214.8216782673651,341.03698272546114,214.8216782673651,17,194
0.72,0.08,0.2,1695.3585719331688,1.3197201634238585,2694.0825896548604,0.0,0.0,214.86539861329302,339.5306613496463,214.86539861329302,17,194
0.1,0.84,0.06000000000000005,2224.6428128180883,1.2490383675441494,2210.9718950866863,0.0,0.0,214.87604204726418,331.02458465926685,214.87604204726418,15,194
0.5,0.04,0.46,1722.3807177961567,1.3407676934822865,2530.2984005939843,0.0,0.0,214.89101792554757,326.00211618667106,214.89101792554757,17,194
0.6,0.22,0.18000000000000002,1705.5830895878987,1.3230140049581194,2625.375393173914,0.0,0.0,214.95073657478017,338.01338302788685,214.95073657478017,17,194
0.58,0.2,0.22000000000000003,1702.9103892351914,1.3269506366922315,2609.4958023327044,0.0,0.0,214.95531207911185,335.9446945040312,214.95531207911185,17,194
0.66,0.24,0.09999999999999998,1724.1386727172153,1.3109943164171016,2667.2611376018294,0.0,0.0,214.96854537305325,343.06486719635416,214.96854537305325,17,194
0.74,0.02,0.24000000000000002,1688.9377450182733,1.3226099708310541,2700.527836342915,0.0,0.0,214.99286625444708,338.1384938467097,214.99286625444708,17,194
0.68,0.22,0.09999999999999995,1719.1679493641172,1.3103196370806316,2682.0491833603874,0.0,0.0,215.01002730361913,343.88439673454513,215.01002730361913,17,194
0.54,0.14,0.31999999999999995,1704.7917149343639,1.3343233619697998,2574.249218662868,0.0,0.0,215.02992818886955,331.41274390647663,215.02992818886955,17,194
0.1,0.86,0.040000000000000036,2233.5023787145265,1.2470909666749617,2208.0005886540152,0.0,0.0,215.05930803530302,331.5422487730434,215.05930803530302,15,194
0.52,0.1,0.38,1709.7031002833526,1.33765564846665,2554.838527140711,0.0,0.0,215.0656749222676,329.0488339315106,215.0656749222676,17,194
0.64,0.24,0.12,1716.3910820141252,1.3149787675217255,2654.2639099964717,0.0,0.0,215.08303388546017,341.60734543396273,215.08303388546017,17,194
0.7000000000000001,0.16,0.13999999999999993,1702.22392312989,1.3147520192797402,2693.0866481226813,0.0,0.0,215.09921459180822,342.53050476167317,215.09921459180822,17,194
0.72,0.1,0.18000000000000002,1692.085909427347,1.3183231748877953,2700.645551740153,0.0,0.0,215.14665535689676,340.9971857019382,215.14665535689676,17,194
0.56,0.18,0.25999999999999995,1698.929840007743,1.3307721880239265,2595.241254558735,0.0,0.0,215.15150456725334,334.2615842375676,215.15150456725334,17,194
0.74,0.04,0.22,1684.3005027609345,1.3213800988766562,2707.8379407230295,0.0,0.0,215.22608285084974,339.6093022950553,215.22608285084974,17,194
0.1,0.88,0.020000000000000018,2242.834926180031,1.245093361335646,2204.7502162968467,0.0,0.0,215.26597925317816,332.0497346377523,215.26597925317816,15,194
0.5,0.06,0.44,1712.4344196181828,1.3409380897390164,2537.5763668069185,0.0,0.0,215.2919282266707,327.23760562763454,215.2919282266707,17,194
0.62,0.24,0.14,1706.4970450097899,1.3189780848031303,2643.2653115898866,0.0,0.0,215.32634780069532,340.51516960796664,215.32634780069532,17,194
0.7000000000000001,0.18,0.11999999999999994,1699.9068704322058,1.3132016702978353,2699.2476335879865,0.0,0.0,215.41463813213164,344.0636721464898,215.41463813213164,17,194
0.72,0.12,0.16000000000000003,1688.6014830457357,1.316911334413109,2707.459899648571,0.0,0.0,215.4552130965908,342.5268941499041,215.4552130965908,17,194
0.1,0.9,0.0,2252.6959050827627,1.243039417696663,2201.1906991611927,0.0,0.0,215.4574026187084,332.5438244206196,215.4574026187084,15,194
0.48,0.0,0.52,1724.3817571845325,1.3437669759712878,2514.585588654605,0.0,0.0,215.4819469987883,324.7378402535703,215.4819469987883,17,194
0.74,0.06,0.2,1679.7283915119924,1.3201090949614114,2715.221667032641,0.0,0.0,215.522184491853,341.1252828926737,215.522184491853,17,194
0.54,0.16,0.29999999999999993,1694.1791139223126,1.3344440827577626,2582.2178113480168,0.0,0.0,215.5448211146084,332.9123782784365,215.5448211146084,17,194
0.76,0.0,0.24,1676.7222045400094,1.322498375557207,2720.1941259070622,0.0,0.0,215.5491276023765,339.6287436863411,215.5491276023765,17,194
0.68,0.24,0.07999999999999996,1716.9926479112753,1.3087539180669572,2688.0900205328367,0.0,0.0,215.55070965981037,345.4735049061409,215.55070965981037,17,194
0.52,0.12,0.36,1699.444403577515,1.3377944531604642,2562.455335564889,0.0,0.0,215.55728995720042,330.4311198769117,215.55728995720042,17,194
0.58,0.22,0.20000000000000004,1692.1831971344238,1.326974326586972,2617.851063231915,0.0,0.0,215.64335713127275,337.6123623914339,215.64335713127275,17,194
0.5,0.08,0.42,1702.3338944935078,1.341118251981813,2544.9414451266634,0.0,0.0,215.72236142381524,328.515566695157,215.72236142381524,17,194
0.56,0.2,0.23999999999999994,1688.252429541508,1.3308463972078353,2603.3893448334056,0.0,0.0,215.77981043760602,335.8587967576003,215.77981043760602,17,194
0.48,0.02,0.5,1714.4332687446051,1.3440024988986594,2521.6748429841973,0.0,0.0,215.79538533235763,325.880327577533,215.79538533235763,17,194
0.6,0.24,0.16000000000000003,1694.6879058168033,1.3229960599388562,2634.020325104807,0.0,0.0,215.7971626036918,339.76224700134605,215.7971626036918,17,194
0.72,0.14,0.14,1684.83472628552,1.315491100117419,2714.5715611286855,0.0,0.0,215.79811878434083,344.12475390605704,215.79811878434083,17,194
0.76,0.02,0.22,1670.8851613020493,1.321350205309086,2728.3795082979195,0.0,0.0,215.81996037074,341.19116276073777,215.81996037074,17,194
0.7000000000000001,0.2,0.09999999999999992,1697.6715500160594,1.3116171573282835,2705.4401231552347,0.0,0.0,215.8325133183254,345.6373261062215,215.8325133183254,17,194
0.66,0.26,0.07999999999999996,1712.6347666763545,1.310807518801394,2677.1134705696973,0.0,0.0,215.8338615110634,345.0401694082942,215.8338615110634,17,194
0.74,0.08,0.18,1675.2031423253766,1.3187989168705114,2722.689676331588,0.0,0.0,215.84703298030195,342.6878974360065,215.84703298030195,17,194
0.08,0.8,0.12,2192.6335185117146,1.2545917277559966,2219.2284123842383,0.0,0.0,215.89503258908607,331.5104713205858,215.89503258908607,15,194
0.64,0.26,0.09999999999999998,1705.1076352801638,1.3148571760091041,2663.651057031731,0.0,0.0,215.94466274119796,343.5087333456754,215.94466274119796,17,194
0.08,0.8200000000000001,0.09999999999999998,2200.5246743021767,1.2527518893281213,2216.831823101093,0.0,0.0,216.0568712201036,332.02400645735673,216.0568712201036,15,194
0.52,0.14,0.33999999999999997,1688.9403899866302,1.3379578100586496,2570.190382960539,0.0,0.0,216.06776067797753,331.8605537387184,216.06776067797753,17,194
0.54,0.18,0.27999999999999997,1683.3105016966917,1.3345935007739345,2590.2983861697858,0.0,0.0,216.14088966804937,334.45884825052445,216.14088966804937,17,194
0.48,0.04,0.48000000000000004,1704.3678320509202,1.3442411073910916,2528.8413021344677,0.0,0.0,216.14879551234893,327.0632008686077,216.14879551234893,17,194
0.76,0.04,0.19999999999999998,1665.0690809454923,1.3201615541172895,2736.6795600065116,0.0,0.0,216.15053816261488,342.8037568087251,216.15053816261488,17,194
0.68,0.26,0.05999999999999994,1714.5255048239733,1.3071971885396376,2694.3649232901626,0.0,0.0,216.15518091499945,347.1227346088981,216.15518091499945,17,194
0.72,0.16,0.12000000000000002,1681.1151075632654,1.3140362375417713,2721.750245660697,0.0,0.0,216.18992837526645,345.7675290482768,216.18992837526645,17,194
0.5,0.1,0.4,1692.0550291701245,1.341312554827017,2552.3999047835964,0.0,0.0,216.20229937884662,329.8372501579303,216.20229937884662,17,194
0.62,0.26,0.12,1695.2977600747736,1.318926951663866,2652.3022663204565,0.0,0.0,216.2050235275478,342.358095408998,216.2050235275478,17,194
0.74,0.1,0.16,1670.705475744468,1.3174515428300386,2730.2535738385186,0.0,0.0,216.21492217593666,344.29869065251376,216.21492217593666,17,194
0.08,0.84,0.08000000000000007,2208.777477688147,1.2508728920245902,2214.2217316517144,0.0,0.0,216.22564507808676,332.53470092216764,216.22564507808676,15,194
0.7000000000000001,0.22,0.07999999999999993,1695.5044242354636,1.3100000778553396,2711.6715999637663,0.0,0.0,216.33425317750866,347.2523263395937,216.33425317750866,17,194
0.08,0.86,0.06000000000000005,2217.3929058122653,1.2489555331876059,2211.394541694336,0.0,0.0,216.3964378088402,333.04173555929844,216.3964378088402,15,194
0.78,0.0,0.21999999999999997,1658.3462027433939,1.3209935637958927,2749.287679186814,0.0,0.0,216.41307595989375,342.86566305336726,216.41307595989375,17,194
0.58,0.24,0.18000000000000005,1681.1488921035962,1.3270367360542832,2626.3290638845942,0.0,0.0,216.46077746682863,339.32771108777877,216.46077746682863,17,194
0.56,0.22,0.21999999999999995,1677.2974380139806,1.3309550184180758,2611.647856977423,0.0,0.0,216.5008738144299,337.50268604893625,216.5008738144299,17,194
0.48,0.06,0.46,1694.1637337257766,1.3444867494854857,2536.090527697618,0.0,0.0,216.53017945043922,328.2876919765252,216.53017945043922,17,194
0.76,0.06,0.18,1659.252526969743,1.3189343912814797,2745.1080583635503,0.0,0.0,216.55841737776552,344.4683882789255,216.55841737776552,17,194
0.08,0.88,0.040000000000000036,2226.3721300048355,1.2470006196184824,2208.346437913758,0.0,0.0,216.593537873636,333.5442347905575,216.593537873636,15,194
0.74,0.12,0.14,1666.2150605917752,1.3160689586832277,2737.9260017073902,0.0,0.0,216.61979530594863,345.95930298371513,216.61979530594863,17,194
0.52,0.16,0.31999999999999995,1678.0461298672815,1.338163942342432,2578.1157443965435,0.0,0.0,216.64092482867716,333.34562275219656,216.64092482867716,17,194
0.72,0.18,0.10000000000000003,1677.4249348446338,1.3125485717830576,2729.0066416129566,0.0,0.0,216.6742097946412,347.4565261956079,216.6742097946412,17,194
0.6,0.26,0.14,1683.4530260196484,1.3230211542410837,2642.8033879707577,0.0,0.0,216.6985620218804,341.56004274581267,216.6985620218804,17,194
0.5,0.12,0.38,1681.5716978730684,1.3415257007074575,2559.9586998582904,0.0,0.0,216.71552902599805,331.2040033276518,216.71552902599805,17,194
0.66,0.28,0.05999999999999994,1700.733688908784,1.3106639352380947,2687.161754359871,0.0,0.0,216.74716696979382,347.06954497651844,216.74716696979382,17,194
0.08,0.9,0.020000000000000018,2235.716546491298,1.2450089667603566,2205.073356960236,0.0,0.0,216.78141927864434,334.0412631824331,216.78141927864434,15,194
0.46,0.0,0.54,1706.0352644506343,1.3471138220438277,2513.8701210833715,0.0,0.0,216.78154031384167,326.0280958848566,216.78154031384167,17,194
0.54,0.2,0.25999999999999995,1672.3091414151388,1.334759636603638,2598.417318092063,0.0,0.0,216.82449889959503,336.04211028908287,216.82449889959503,17,194
0.78,0.02,0.19999999999999998,1651.2487038094973,1.3198831226924959,2758.5595054627747,0.0,0.0,216.8519242591837,344.58061827092695,216.8519242591837,17,194
0.64,0.28,0.07999999999999996,1693.4415989665242,1.3147807722821836,2673.2112394742066,0.0,0.0,216.85246948673282,345.4619207887813,216.85246948673282,17,194
0.7000000000000001,0.24,0.05999999999999994,1693.3919395034095,1.3083519273967472,2717.9499946317574,0.0,0.0,216.93137692833622,348.9095600793785,216.93137692833622,17,194
0.08,0.92,0.0,2245.4278093268604,1.2429813979121098,2201.570955966135,0.0,0.0,216.96248955612356,334.5318217134651,216.96248955612356,15,194
0.48,0.08,0.44,1683.7973982771084,1.344743676403573,2543.4287167426664,0.0,0.0,216.98046957431706,329.5551228564617,216.98046957431706,17,194
0.76,0.08,0.15999999999999998,1653.412567698717,1.317670722468796,2753.6801449769905,0.0,0.0,217.0054347341846,346.18705824121156,217.0054347341846,17,194
0.68,0.28,0.039999999999999925,1705.2587904378663,1.3065680506560502,2703.7051908485346,0.0,0.0,217.01703458736054,349.1137095041087,217.01703458736054,17,194
0.74,0.14,0.12,1661.7104569695925,1.3146531441663212,2745.720751287575,0.0,0.0,217.05995309123554,347.67148643886975,217.05995309123554,17,194
0.06,0.78,0.15999999999999992,2170.4668737116212,1.2580348194887498,2224.1191772030766,0.0,0.0,217.09525117227133,332.6001849786591,217.09525117227133,15,194
0.62,0.28,0.09999999999999998,1683.721833109486,1.3189231355031377,2661.49734469453,0.0,0.0,217.10839698787143,344.2516633893182,217.10839698787143,17,194
0.46,0.02,0.52,1695.7854194742947,1.3474279580077342,2520.960074124672,0.0,0.0,217.14422979871725,327.1649311358514,217.14422979871725,17,194
0.72,0.2,0.08000000000000002,1673.7459004307766,1.3110298691845985,2736.352307556179,0.0,0.0,217.2208696700431,349.19313171839485,217.2208696700431,17,194
0.06,0.8,0.1399999999999999,2177.720033493205,1.2562730841326586,2222.07709370585,0.0,0.0,217.25754643694103,333.1059317316555,217.25754643694103,15,194
0.5,0.14,0.36,1670.8556112945482,1.3417627433328385,2567.625523546457,0.0,0.0,217.26622987569766,332.61728234086,217.26622987569766,17,194
0.52,0.18,0.3,1666.889284273211,1.3384004906277749,2586.152451907069,0.0,0.0,217.29068416136946,334.87808525036013,217.29068416136946,17,194
0.56,0.24,0.19999999999999996,1666.0283605081008,1.3311044627720963,2620.0272947070434,0.0,0.0,217.3220445423156,339.19479573011785,217.3220445423156,17,194
0.78,0.04,0.17999999999999997,1644.0976224693181,1.318734730440819,2768.010158275621,0.0,0.0,217.35216831792047,346.3537929572296,217.35216831792047,17,194
0.58,0.26,0.16000000000000003,1669.7703491217555,1.3271443786246548,2634.940546025957,0.0,0.0,217.39654654839478,341.0922110360899,217.39654654839478,17,194
0.06,0.8200000000000001,0.11999999999999988,2185.339292605004,1.2544697609458613,2219.8262093306694,0.0,0.0,217.41283012746877,333.60960727440045,217.41283012746877,15,194
0.48,0.1,0.42000000000000004,1673.2432427346648,1.3450164648275331,2550.86275559036,0.0,0.0,217.47647940898173,330.8669165682435,217.47647940898173,17,194
0.76,0.1,0.13999999999999999,1647.524667342298,1.3163725782860562,2762.4124804387743,0.0,0.0,217.51073039593473,347.96192721381817,217.51073039593473,17,194
0.46,0.04,0.5,1685.4117824439093,1.3477464963515005,2528.128798887169,0.0,0.0,217.52966859407437,328.34246367598894,217.52966859407437,17,194
0.54,0.22,0.23999999999999996,1661.0391776655058,1.3349602152226825,2606.6374966094845,0.0,0.0,217.54153360834698,337.67147096750097,217.54153360834698,17,194
0.7000000000000001,0.26,0.039999999999999925,1691.0745742999902,1.3066996252771492,2724.427734299774,0.0,0.0,217.56623028356074,350.6245559268327,217.56623028356074,17,194
0.74,0.16,0.1,1657.1690386504213,1.3132060583271081,2753.652899529394,0.0,0.0,217.57152961564907,349.4371241626051,217.57152961564907,17,194
0.06,0.84,0.09999999999999998,2193.324806839552,1.2526256674480336,2217.3636353133443,0.0,0.0,217.57212658705444,334.1105507777649,217.57212658705444,15,194
0.6,0.28,0.12,1671.8406763620626,1.3230958785029887,2651.7356908303536,0.0,0.0,217.6299116005595,343.4081883408117,217.6299116005595,17,194
0.8,0.0,0.19999999999999996,1638.104018128593,1.3192820872968452,2780.9854541652758,0.0,0.0,217.67599063022854,346.47280125948174,217.67599063022854,17,194
0.66,0.3,0.03999999999999998,1688.3976357166616,1.310569566437106,2697.419619944293,0.0,0.0,217.71216150345785,349.1544508692642,217.71216150345785,17,194
0.06,0.86,0.07999999999999996,2201.676852000326,1.2507416329509964,2214.6863312309815,0.0,0.0,217.75336636954756,334.60805351407885,217.75336636954756,15,194
0.64,0.3,0.06,1681.3552297174292,1.3147558674488191,2682.9567350176853,0.0,0.0,217.7860597090409,347.4682783951442,217.7860597090409,17,194
0.72,0.22,0.060000000000000026,1670.0590392359954,1.3094818199212366,2743.79978468697,0.0,0.0,217.83389870503453,350.9788294008189,217.83389870503453,17,194
0.78,0.06,0.15999999999999998,1636.8657642189285,1.3175503964699364,2777.659022114431,0.0,0.0,217.90167902286302,348.18773522669073,217.90167902286302,17,194
0.5,0.16,0.33999999999999997,1659.876154405011,1.342029112986548,2575.4088659057197,0.0,0.0,217.91008370490005,334.07866607574203,217.91008370490005,17,194
0.46,0.06,0.48000000000000004,1674.891307033255,1.3480735660413075,2535.382424530832,0.0,0.0,217.94275830038472,329.5620822254467,217.94275830038472,17,194
0.06,0.88,0.05999999999999994,2210.395850435962,1.248818497569167,2211.7910809529967,0.0,0.0,217.94399737517824,335.1013559977392,217.94399737517824,15,194
0.52,0.2,0.27999999999999997,1655.4355817846952,1.338673493170778,2594.3102176462335,0.0,0.0,217.9843281820278,336.45960692650215,217.9843281820278,17,194
0.48,0.12,0.4,1662.4735200667997,1.3453100409569958,2558.4002773549264,0.0,0.0,218.01844304557378,332.22460975305586,218.01844304557378,17,194
0.62,0.3,0.08000000000000002,1671.730650140639,1.3189732766467532,2670.862323268354,0.0,0.0,218.03802539181623,346.1972847724878,218.03802539181623,17,194
0.68,0.3,0.019999999999999962,1692.4894719732833,1.3064092639939446,2714.638588925242,0.0,0.0,218.04171000472047,351.29873317807346,218.04171000472047,17,194
0.76,0.12,0.12,1641.5625503852489,1.315042001937206,2771.323429435736,0.0,0.0,218.04352897081094,349.79534049892516,218.04352897081094,17,194
0.74,0.18,0.08000000000000002,1652.5668889327344,1.3117296241319414,2761.738975289265,0.0,0.0,218.13184249318854,351.2582545037614,218.13184249318854,17,194
0.06,0.9,0.039999999999999925,2219.482399314495,1.2468571112579807,2208.674466658934,0.0,0.0,218.1363365363832,335.5896449089782,218.1363365363832,15,194
0.44,0.0,0.56,1686.9052981384493,1.350481488186567,2513.787422390766,0.0,0.0,218.25027440186125,327.5196622858972,218.25027440186125,17,194
0.56,0.26,0.17999999999999994,1654.4061147510995,1.3313015657842162,2628.539010028204,0.0,0.0,218.2550590386643,340.9368075275688,218.2550590386643,17,194
0.7000000000000001,0.28,0.019999999999999907,1687.175888473729,1.3051857617179654,2731.9124288171483,0.0,0.0,218.26139299924637,352.4791543244159,218.26139299924637,17,194
0.8,0.02,0.17999999999999997,1629.568754906703,1.3182078654063003,2791.5276852944776,0.0,0.0,218.2665345373053,348.3618473309869,218.2665345373053,17,194
0.06,0.92,0.019999999999999907,2228.937300773032,1.2448583328836627,2205.332840780101,0.0,0.0,218.31635259703575,336.0720497741743,218.31635259703575,15,194
0.04,0.76,0.19999999999999996,2149.8863754856284,1.2612416429449038,2228.302984331009,0.0,0.0,218.3220604356516,333.7551457245124,218.3220604356516,15,194
0.58,0.28,0.14,1658.0079623586435,1.327304181084401,2643.697047157133,0.0,0.0,218.3672743592434,342.907463828983,218.3672743592434,17,194
0.54,0.24,0.21999999999999997,1649.4444662545377,1.33520396990664,2614.9794615338046,0.0,0.0,218.3677031414699,339.3500199251508,218.3677031414699,17,194
0.46,0.08,0.46,1664.198950106471,1.3484136184295474,2542.7277709665395,0.0,0.0,218.37254809392815,330.8252813056693,218.37254809392815,17,194
0.04,0.78,0.17999999999999994,2156.4625647933935,1.2595663167551079,2226.6210882066634,0.0,0.0,218.48083552604666,334.25468963737325,218.48083552604666,15,194
0.06,0.9400000000000001,0.0,2238.7615940970727,1.24282302932736,2201.762295705352,0.0,0.0,218.48359923343602,336.5476393734629,218.48359923343602,15,194
0.78,0.08,0.13999999999999996,1629.5236712269816,1.3163321703433724,2787.5275981781715,0.0,0.0,218.49980861628137,350.0852314119323,218.49980861628137,17,194
0.72,0.24,0.040000000000000036,1666.3446621050105,1.3079060198759986,2751.36273720579,0.0,0.0,218.51549082614247,352.8152223670919,218.51549082614247,17,194
0.5,0.18,0.32,1648.600211978798,1.342330643849968,2583.3180753950887,0.0,0.0,218.59553583614652,335.5898719280902,218.59553583614652,17,194
0.6,0.3,0.10000000000000003,1659.8106962254003,1.3232272234855826,2660.8290964231865,0.0,0.0,218.60877497486936,345.3082284507562,218.60877497486936,17,194
0.04,0.8,0.15999999999999992,2163.4119333050253,1.2578468074357885,2224.7332223347817,0.0,0.0,218.6365690500939,334.75252375391426,218.6365690500939,15,194
0.76,0.14,0.09999999999999998,1635.4980319873416,1.3136810360075055,2780.433283428327,0.0,0.0,218.6398464266794,351.6898590093519,218.6398464266794,17,194
0.48,0.14,0.38,1651.4581503214497,1.345629706523879,2566.0497235730572,0.0,0.0,218.64104079380783,333.62986678811205,218.64104079380783,17,194
0.44,0.02,0.54,1676.296014754819,1.3508807086154733,2520.909490742078,0.0,0.0,218.6530462183717,328.6569433939036,218.6530462183717,17,194
0.66,0.32,0.019999999999999962,1675.5865579803274,1.3105307306289624,2707.901646915812,0.0,0.0,218.71760447074635,351.2964812534946,218.71760447074635,17,194
0.64,0.32,0.03999999999999998,1668.808567483692,1.3147891224736306,2692.9006088463766,0.0,0.0,218.74698680976658,349.52930036306094,218.74698680976658,17,194
0.52,0.22,0.26,1643.6480814821994,1.3389894210954743,2602.59966119181,0.0,0.0,218.74833512863978,338.0920052924143,218.74833512863978,17,194
0.04,0.8200000000000001,0.1399999999999999,2170.7339937757,1.2560839461445796,2222.6370495293586,0.0,0.0,218.79513893939176,335.24812557389265,218.79513893939176,15,194
0.74,0.2,0.06,1647.7757487645526,1.3102338974313543,2770.069096732731,0.0,0.0,218.8281389373463,353.14444337160836,218.8281389373463,17,194
0.46,0.1,0.44000000000000006,1653.3075109475799,1.3487714517532075,2550.1724089132363,0.0,0.0,218.87751958639055,332.13367386696456,218.87751958639055,17,194
0.8,0.04,0.15999999999999995,1620.8876324546384,1.3170981469213312,2802.3309739992046,0.0,0.0,218.89220506278093,350.3194100627275,218.89220506278093,17,194
0.7000000000000001,0.3,0.0,1683.2341901157436,1.303650085928894,2739.505981274994,0.0,0.0,219.00722881056046,354.3822247614348,219.00722881056046,17,194
0.62,0.32,0.06,1659.2832784268146,1.3190844005542708,2680.4097236054577,0.0,0.0,219.02422278953128,348.19649808166685,219.02422278953128,17,194
0.44,0.04,0.52,1665.5546156005187,1.3512858205256097,2528.112678085473,0.0,0.0,219.07084347602733,329.8353859338098,219.07084347602733,17,194
0.68,0.32,0.0,1679.21611261987,1.306303551097719,2725.835532261389,0.0,0.0,219.1010292363644,353.54521723301434,219.1010292363644,17,194
0.78,0.1,0.11999999999999997,1622.0393846167158,1.315082130811195,2797.6397858139862,0.0,0.0,219.1259494239322,352.0493440018144,219.1259494239322,17,194
0.56,0.28,0.15999999999999992,1642.3888871832353,1.331553614242913,2637.1952451061484,0.0,0.0,219.23913078598272,342.73055883803215,219.23913078598272,17,194
0.8200000000000001,0.0,0.17999999999999994,1615.462462974821,1.3173642438894348,2815.8163640381176,0.0,0.0,219.2502139114904,350.51290460144395,219.2502139114904,17,194
0.72,0.26,0.020000000000000018,1662.582257308438,1.306303951841563,2759.0561273890544,0.0,0.0,219.27245319719793,354.7040601838287,219.27245319719793,17,194
0.76,0.16,0.07999999999999999,1629.3008052920688,1.312291708420689,2789.7645298280618,0.0,0.0,219.30894960150707,353.6482968050371,219.30894960150707,17,194
0.54,0.26,0.19999999999999996,1637.483674580924,1.335498081989662,2623.4553688705178,0.0,0.0,219.3209740621192,341.07969093374425,219.3209740621192,17,194
0.02,0.72,0.26,2125.6937818471324,1.2657040399048234,2232.7848653970323,0.0,0.0,219.32263899158102,334.4578283968714,219.32263899158102,15,194
0.5,0.2,0.3,1636.9919805470029,1.3426736035752942,2591.363424576164,0.0,0.0,219.33959924032808,337.15277370534636,219.33959924032808,17,194
0.48,0.16,0.36,1640.164538276369,1.345981166967161,2573.8204102933014,0.0,0.0,219.34633388217532,335.0844958507449,219.34633388217532,17,194
0.58,0.3,0.12000000000000005,1645.8195072140961,1.3275235087092483,2652.610933029512,0.0,0.0,219.36864696523176,344.7752190712896,219.36864696523176,17,194
0.46,0.12,0.42000000000000004,1642.1874572234015,1.3491522377034033,2557.724724576158,0.0,0.0,219.47442134101465,333.48900562896705,219.47442134101465,17,194
0.8,0.06,0.13999999999999996,1612.0253278373052,1.3159549766396152,2813.4227011878775,0.0,0.0,219.54832606655472,352.34903442279807,219.54832606655472,17,194
0.44,0.06,0.5,1654.6565922573539,1.351701151619428,2535.4037365805752,0.0,0.0,219.55469022299766,331.0565502854421,219.55469022299766,17,194
0.74,0.22,0.04000000000000001,1642.3358331199681,1.3087552357463141,2778.9653592563373,0.0,0.0,219.6032162961339,355.1289918740225,219.6032162961339,17,194
0.6,0.32,0.08000000000000002,1647.320414923373,1.3234226036473506,2670.0962456467505,0.0,0.0,219.63005850619737,347.26185060563085,219.63005850619737,17,194
0.52,0.24,0.24,1631.4869852160418,1.3393552088087002,2611.0323710771113,0.0,0.0,219.63345005367998,339.7772691457982,219.63345005367998,17,194
0.64,0.34,0.019999999999999962,1655.7593268774306,1.3148875668240314,2703.0567436391675,0.0,0.0,219.76452177180084,351.6466202885338,219.76452177180084,17,194
0.78,0.12,0.09999999999999998,1614.37815395785,1.313802373981102,2808.022220335134,0.0,0.0,219.76922362817604,354.0834575677229,219.76922362817604,17,194
0.66,0.34,0.0,1662.258035846498,1.3105540793245307,2718.623422050292,0.0,0.0,219.7844247222681,353.4973857602914,219.7844247222681,17,194
0.8200000000000001,0.02,0.15999999999999995,1605.2644416658563,1.3163241708471967,2827.862887740067,0.0,0.0,219.91344766102245,352.6036566057787,219.91344766102245,17,194
0.42,0.0,0.5800000000000001,1667.0363207618134,1.353870452116737,2514.293016460042,0.0,0.0,219.9268089992226,329.20754922250745,219.9268089992226,17,194
0.76,0.18,0.06,1622.9381742601274,1.3108760176180592,2799.3421788746145,0.0,0.0,220.02353624707578,355.67376686300827,220.02353624707578,17,194
0.72,0.28,0.0,1659.030242819385,1.3046483631526586,2766.7311080604604,0.0,0.0,220.0434495467017,356.62929719480485,220.0434495467017,17,194
0.48,0.18,0.34,1628.5573761950545,1.3463705620000441,2581.722599062775,0.0,0.0,220.07747186214866,336.5904671594767,220.07747186214866,17,194
0.44,0.08,0.48000000000000004,1643.5752902578483,1.3521313732624287,2542.790170354739,0.0,0.0,220.07946151793644,332.32212024524125,220.07946151793644,17,194
0.62,0.34,0.03999999999999998,1646.3363529149399,1.319263939765303,2690.1528335855583,0.0,0.0,220.09381695158632,350.25098535963724,220.09381695158632,17,194
0.5,0.22,0.28,1625.012765274733,1.3430647253631214,2599.556180415286,0.0,0.0,220.16716452374646,338.7694219384894,220.16716452374646,17,194
0.46,0.14,0.4,1630.8067363558366,1.3495615502802818,2565.393989377928,0.0,0.0,220.17238908835006,334.89317137137806,220.17238908835006,17,194
0.8,0.08,0.11999999999999995,1602.9430840918205,1.3147804429060779,2824.833520884943,0.0,0.0,220.23143872601804,354.4546563600156,220.23143872601804,17,194
0.56,0.3,0.13999999999999996,1629.931967337216,1.3318683754362122,2646.0091759932748,0.0,0.0,220.26834340584838,344.5780627018255,220.26834340584838,17,194
0.54,0.28,0.17999999999999994,1625.1124524142688,1.335850225701213,2632.078380114878,0.0,0.0,220.36576002950616,342.8626028571517,220.36576002950616,17,194
0.42,0.02,0.56,1656.0066561038932,1.3543618657928491,2521.4788312436576,0.0,0.0,220.40466553137864,330.35171090411745,220.40466553137864,17,194
0.74,0.24,0.020000000000000018,1636.762734726296,1.3072521452713701,2788.0691879212263,0.0,0.0,220.40792866205047,357.1757481022382,220.40792866205047,17,194
0.58,0.32,0.10000000000000003,1633.1599923192834,1.3278101927327364,2661.6954308137797,0.0,0.0,220.4133246998322,346.6973934865053,220.4133246998322,17,194
0.78,0.14,0.07999999999999996,1606.50208024545,1.3124950006536473,2818.704680774292,0.0,0.0,220.49593997176285,356.1913345232648,220.49593997176285,17,194
0.8200000000000001,0.04,0.13999999999999993,1594.8037387698855,1.3152509534835797,2840.2776971934827,0.0,0.0,220.6265119429487,354.7763492483646,220.6265119429487,17,194
0.44,0.1,0.4600000000000001,1632.2817312481304,1.3525815274536637,2550.280302470417,0.0,0.0,220.64113372652153,333.63391751194655,220.64113372652153,17,194
0.52,0.26,0.21999999999999997,1618.9400699871064,1.3397747720967703,2619.6047912128565,0.0,0.0,220.66520572552855,341.5153135938026,220.66520572552855,17,194
0.6,0.34,0.06,1634.324519799609,1.323689882862777,2679.550581688622,0.0,0.0,220.7183816903114,349.270903547432,220.7183816903114,17,194
0.76,0.2,0.03999999999999998,1616.374717699716,1.3094359170087906,2809.1941623559987,0.0,0.0,220.8086096701547,357.7697370022606,220.8086096701547,17,194
0.48,0.2,0.32,1616.5984300611005,1.3468044988377321,2589.7675733244037,0.0,0.0,220.8462568059705,338.1499337019977,220.8462568059705,17,194
0.64,0.36,0.0,1642.1627800361866,1.3150586188677669,2713.439870748672,0.0,0.0,220.86105064072507,353.8220288713633,220.86105064072507,17,194
0.42,0.04,0.54,1644.8349216006245,1.3548608637044472,2528.7489141494934,0.0,0.0,220.9150595268732,331.5376672206782,220.9150595268732,17,194
0.46,0.16,0.38,1619.130570782543,1.350005397178597,2573.1904352430292,0.0,0.0,220.92530156131818,336.3482334496676,220.92530156131818,17,194
0.8,0.1,0.09999999999999995,1593.5982600311613,1.3135766671604834,2836.5978520447075,0.0,0.0,220.93597583319342,356.6406689708284,220.93597583319342,17,194
0.84,0.0,0.16000000000000003,1589.7450677185889,1.3152409448657425,2854.4502840068844,0.0,0.0,221.02853549933485,355.06502441630323,221.02853549933485,17,194
0.5,0.24,0.26,1612.4888050573618,1.3435261084418342,2607.9817417866634,0.0,0.0,221.07410467286795,340.45041596265264,221.07410467286795,17,194
0.74,0.26,0.0,1631.592406500988,1.3056689429303467,2797.0678495388784,0.0,0.0,221.20084877171075,359.2510696609642,221.20084877171075,17,194
0.62,0.36,0.020000000000000018,1632.843954682237,1.319519757924788,2700.10572805035,0.0,0.0,221.22917421782324,352.36259033312905,221.22917421782324,17,194
0.78,0.16,0.05999999999999997,1598.3696750149043,1.3111621028716574,2829.720584736044,0.0,0.0,221.26173123277547,358.377183050024,221.26173123277547,17,194
0.44,0.12,0.44000000000000006,1620.7444195750418,1.3530570561973343,2557.8833474638905,0.0,0.0,221.28878099698633,334.9939181559628,221.28878099698633,17,194
0.8200000000000001,0.06,0.11999999999999994,1584.0333434400516,1.3141466661971983,2853.0997521708337,0.0,0.0,221.37789934310285,357.03598970453714,221.37789934310285,17,194
0.56,0.32,0.11999999999999994,1616.9875689032103,1.3322541290551349,2654.9949584814062,0.0,0.0,221.39267669287344,346.4815305226861,221.39267669287344,17,194
0.42,0.06,0.52,1633.4950054893554,1.355371992542171,2536.110697782683,0.0,0.0,221.44351118754943,332.7671663205283,221.44351118754943,17,194
0.54,0.3,0.15999999999999998,1612.2832337953196,1.336268601924441,2640.862719812073,0.0,0.0,221.46744928064425,344.7010833483196,221.46744928064425,17,194
0.58,0.34,0.08000000000000002,1619.981500065924,1.3281725603779402,2670.9646630373204,0.0,0.0,221.5061639153518,348.67609256400675,221.5061639153518,17,194
0.76,0.22,0.01999999999999999,1609.5718663219156,1.3079732987387764,2819.351822166458,0.0,0.0,221.65686790620242,359.9400984081313,221.65686790620242,17,194
0.48,0.22,0.30000000000000004,1604.2463073971805,1.3472900883965613,2597.96772082959,0.0,0.0,221.68046680922635,339.7652548094609,221.68046680922635,17,194
0.8,0.12,0.07999999999999996,1583.9437804240852,1.3123457926467008,2848.7544734007324,0.0,0.0,221.7099947261995,358.9120029143799,221.7099947261995,17,194
0.46,0.18,0.36000000000000004,1607.1212353522544,1.3504902539859396,2581.1253360178393,0.0,0.0,221.7148327495529,337.85644285396944,221.7148327495529,17,194
0.52,0.28,0.19999999999999996,1606.1188925640479,1.340238010574121,2628.247055500346,0.0,0.0,221.7354068977544,343.29697976493674,221.7354068977544,17,194
0.4,0.0,0.6,1646.470363668622,1.3572809907219605,2515.3457100364394,0.0,0.0,221.79919535592677,331.08681950080836,221.79919535592677,17,194
0.84,0.02,0.14000000000000004,1577.5922646093404,1.314232435107771,2868.304070096714,0.0,0.0,221.80722614726022,357.3935292159479,221.80722614726022,17,194
0.6,0.36,0.040000000000000036,1620.774914460596,1.3240374026147919,2689.206373705417,0.0,0.0,221.8686386228099,351.3374178951552,221.8686386228099,17,194
0.42,0.08,0.5000000000000001,1621.9584840890966,1.3559001663616324,2543.572434516551,0.0,0.0,222.0053922064604,334.0420995630021,222.0053922064604,17,194
0.44,0.14,0.42000000000000004,1608.9291316587207,1.3535638335346563,2565.6094900160942,0.0,0.0,222.0336795677728,336.4042713530926,222.0336795677728,17,194
0.78,0.18,0.03999999999999998,1589.9353135072256,1.3098057497365319,2841.107592236501,0.0,0.0,222.1018990836658,360.64574016289095,222.1018990836658,17,194
0.5,0.26,0.24,1599.516324664491,1.3440495319582715,2616.5757428333027,0.0,0.0,222.10383258170802,342.18929509722375,222.10383258170802,17,194
0.8200000000000001,0.08,0.09999999999999994,1572.9009880066706,1.313013429922481,2866.3730957772104,0.0,0.0,222.1798406183384,359.3882148749402,222.1798406183384,17,194
0.4,0.02,0.58,1634.9560638604073,1.3578723862168132,2522.6273871326707,0.0,0.0,222.31870015836353,332.24469498556675,222.31870015836353,17,194
0.62,0.38,0.0,1618.7574802074334,1.3198601762209425,2710.283288575748,0.0,0.0,222.4084129061238,354.5333387366878,222.4084129061238,17,194
0.76,0.24,0.0,1603.3044939947065,1.3064083579745023,2829.359741172081,0.0,0.0,222.55643685373948,362.1360163948786,222.55643685373948,17,194
0.46,0.2,0.34,1594.737814824505,1.3510231015188632,2589.2110957065333,0.0,0.0,222.56757558219968,339.4202631805973,222.56757558219968,17,194
0.56,0.34,0.09999999999999992,1603.504635569152,1.3327197021623978,2664.1677763951184,0.0,0.0,222.58171402747809,348.4433979196677,222.58171402747809,17,194
0.8,0.14,0.05999999999999994,1573.9274604176535,1.3110899723330638,2861.3472473000074,0.0,0.0,222.60645645248854,361.27422459840926,222.60645645248854,17,194
0.42,0.1,0.4800000000000001,1610.1944249393673,1.3564506963220688,2551.143271102714,0.0,0.0,222.62371359312317,335.36451813269946,222.62371359312317,17,194
0.48,0.24,0.28,1591.4562044585984,1.347834984825392,2606.336622780885,0.0,0.0,222.62908347911235,341.43902299459916,222.62908347911235,17,194
0.54,0.32,0.13999999999999996,1598.945021656707,1.3367619751600968,2649.8237370230504,0.0,0.0,222.64015570822727,346.5976958845318,222.64015570822727,17,194
0.84,0.04,0.12000000000000002,1565.0252368094502,1.3131930064048076,2882.668641681732,0.0,0.0,222.67349724284563,359.82182449348585,222.67349724284563,17,194
0.58,0.36,0.06000000000000005,1606.2330139880632,1.3286194678383034,2680.433682380133,0.0,0.0,222.6914987004457,350.7136350854778,222.6914987004457,17,194
0.44,0.16,0.4,1596.798686269308,1.3541082005328646,2573.4699704032105,0.0,0.0,222.82695645564334,337.86732070800457,222.82695645564334,17,194
0.52,0.3,0.18,1592.82111798239,1.3407710038332596,2637.0544599549603,0.0,0.0,222.8621689379687,345.136266527844,222.8621689379687,17,194
0.4,0.04,0.5599999999999999,1623.0575813322755,1.3585006346040718,2530.1173378666717,0.0,0.0,222.88561958274187,333.46189164069165,222.88561958274187,17,194
0.6,0.38,0.020000000000000018,1606.6205657174323,1.3244740130478678,2699.0787398885673,0.0,0.0,223.06515980441554,353.46362941216205,223.06515980441554,17,194
0.8200000000000001,0.1,0.07999999999999993,1561.3483390256265,1.311853402181411,2880.14770289063,0.0,0.0,223.07924346085989,361.8394052426731,223.07924346085989,17,194
0.78,0.2,0.019999999999999962,1581.2775224156007,1.3084152407917284,2852.8302584406647,0.0,0.0,223.08445053909443,362.9938535949707,223.08445053909443,17,194
0.86,0.0,0.14,1560.081342536274,1.3129137558305337,2897.7486448255513,0.0,0.0,223.18269029538442,360.2304962760601,223.18269029538442,17,194
0.5,0.28,0.21999999999999997,1586.0551130977283,1.3446423876966693,2625.348157807537,0.0,0.0,223.19604709687692,343.98824981833656,223.19604709687692,17,194
0.42,0.12,0.4600000000000001,1598.169171742562,1.3570293232037762,2558.8333299173346,0.0,0.0,223.3313458063457,336.7366519508791,223.3313458063457,17,194
0.46,0.22,0.32000000000000006,1581.9359391146238,1.351611466673515,2597.4613443204544,0.0,0.0,223.45625953002536,341.04239794574414,223.45625953002536,17,194
0.4,0.06,0.54,1610.8741540213534,1.3591554155352044,2537.7575871562603,0.0,0.0,223.50676792953465,334.7312978465618,223.50676792953465,17,194
0.8,0.16,0.03999999999999995,1563.4911705782258,1.309811356098228,2874.426005941428,0.0,0.0,223.56581024633243,363.7336566745053,223.56581024633243,17,194
0.84,0.06,0.10000000000000003,1551.9798228161967,1.312124756090388,2897.6000267910626,0.0,0.0,223.5932034031013,362.357091706013,223.5932034031013,17,194
0.48,0.26,0.26,1578.1796302141627,1.3484474287898625,2614.88915055085,0.0,0.0,223.6956559372336,343.1740945393753,223.6956559372336,17,194
0.44,0.18,0.38000000000000006,1584.3126935388814,1.3546970035727908,2581.477177478519,0.0,0.0,223.7058446112614,339.385628545254,223.7058446112614,17,194
0.56,0.36,0.07999999999999996,1589.4286293932441,1.3332745076810386,2673.543892698421,0.0,0.0,223.82882171654293,350.4663541545086,223.82882171654293,17,194
0.54,0.34,0.11999999999999994,1585.0339838640546,1.337342927620386,2658.975809107893,0.0,0.0,223.85796946963882,348.5552116250793,223.85796946963882,17,194
0.38,0.0,0.62,1622.7242490986948,1.361015051874397,2518.210922758623,0.0,0.0,223.9333028247468,333.3380167964827,223.9333028247468,17,194
0.58,0.38,0.040000000000000036,1591.860231051455,1.3291603366598042,2690.1185074161294,0.0,0.0,223.9622514287452,352.812580916578,223.9622514287452,17,194
0.52,0.32,0.15999999999999998,1578.9921930374214,1.341383036747974,2646.0437426288545,0.0,0.0,224.04871384586679,347.03614122342367,224.04871384586679,17,194
0.8200000000000001,0.12,0.05999999999999994,1549.3100026885074,1.3106687663477044,2894.4805174426274,0.0,0.0,224.07676826271668,364.3968245102553,224.07676826271668,17,194
0.78,0.22,0.0,1572.984584378397,1.306928970395352,2864.5467162653513,0.0,0.0,224.08063250158594,365.3855199631827,224.08063250158594,17,194
0.42,0.14,0.44000000000000006,1585.8461091010124,1.3576422530168613,2566.653797553699,0.0,0.0,224.0848486418635,338.1609312156694,224.0848486418635,17,194
0.86,0.02,0.12000000000000001,1545.5862927942294,1.311933763454442,2913.8099293111864,0.0,0.0,224.10457690879156,362.84472418060113,224.10457690879156,17,194
0.4,0.08,0.52,1598.472733637785,1.359830355836016,2545.5065198452235,0.0,0.0,224.1797981791256,336.0480094819645,224.1797981791256,17,194
0.6,0.4,0.0,1591.8073376175992,1.32500910733421,2709.1836696791725,0.0,0.0,224.34328887114083,355.65200519468897,224.34328887114083,17,194
0.5,0.3,0.2,1572.0517990356436,1.3453137388601502,2634.3154119226847,0.0,0.0,224.35124358855234,345.85034609129286,224.35124358855234,17,194
0.46,0.24,0.30000000000000004,1568.667493534549,1.3522634672281246,2605.8910422786776,0.0,0.0,224.4963101693379,342.72582174157554,224.4963101693379,17,194
0.84,0.08,0.08000000000000003,1538.3836975431848,1.311029830541631,2913.1622329202337,0.0,0.0,224.55464504687072,365.0075236474575,224.55464504687072,17,194
0.38,0.02,0.6,1610.286069382775,1.3617592416244164,2525.8135064350963,0.0,0.0,224.56545951186092,334.54497385447115,224.56545951186092,17,194
0.8,0.18,0.019999999999999962,1552.9252897708777,1.3084774221705358,2887.8305372729237,0.0,0.0,224.5806020628708,366.2738570640403,224.5806020628708,17,194
0.44,0.2,0.36000000000000004,1571.4272801982577,1.3553376363291083,2589.644750061153,0.0,0.0,224.62434340429246,340.9620036075657,224.62434340429246,17,194
0.48,0.28,0.24,1564.3641040804437,1.349136295000638,2623.641570979519,0.0,0.0,224.85811522670483,344.97362439804493,224.85811522670483,17,194
0.4,0.1,0.5,1585.8204458526757,1.3605310382945688,2553.37408263584,0.0,0.0,224.91684560866113,337.41432424977336,224.91684560866113,17,194
0.42,0.16,0.42000000000000004,1573.1854047397092,1.3582961960600244,2574.6170215809857,0.0,0.0,224.9534385758749,339.6400109563916,224.9534385758749,17,194
0.86,0.04,0.1,1530.475239579618,1.3109249292435687,2930.575371365099,0.0,0.0,225.08914686017349,365.5829947574213,225.08914686017349,17,194
0.8200000000000001,0.14,0.039999999999999925,1536.7122937179067,1.3094617201776524,2909.4367292117895,0.0,0.0,225.1075312974545,367.06879189429003,225.1075312974545,17,194
0.54,0.36,0.09999999999999998,1570.5046468808462,1.3380179511374946,2668.3361635138704,0.0,0.0,225.12181773571828,350.57653079444276,225.12181773571828,17,194
0.56,0.38,0.05999999999999994,1574.7012990833557,1.3339285869363924,2683.1407038456346,0.0,0.0,225.14750232135222,352.5533756453546,225.14750232135222,17,194
0.38,0.04,0.58,1597.6743939502383,1.3625158224500677,2533.512385873419,0.0,0.0,225.22853028245783,335.79622833438543,225.22853028245783,17,194
0.52,0.34,0.13999999999999996,1564.573447892075,1.3420840618996017,2655.233021471736,0.0,0.0,225.28046973636128,348.99988743272684,225.28046973636128,17,194
0.58,0.4,0.020000000000000018,1576.8053566015967,1.3298051940545124,2700.0361593709563,0.0,0.0,225.31002105151856,354.97576250472093,225.31002105151856,17,194
0.44,0.22,0.3400000000000001,1558.0947881235056,1.3560380858996854,2597.987687755276,0.0,0.0,225.58081328516718,342.59953267382593,225.58081328516718,17,194
0.5,0.32,0.18,1557.4487929305283,1.3460733255507098,2643.495375260605,0.0,0.0,225.5929676580271,347.7789788577467,225.5929676580271,17,194
0.84,0.1,0.060000000000000026,1524.1549409298314,1.3099104157375048,2929.428715781658,0.0,0.0,225.60659382572712,367.78252114463885,225.60659382572712,17,194
0.46,0.26,0.28,1554.8803008149034,1.3529878611068606,2614.516594465225,0.0,0.0,225.62987211664563,344.4738158183458,225.62987211664563,17,194
0.88,0.0,0.12,1525.3323602481298,1.3103849235792988,2946.8387611106405,0.0,0.0,225.6481590106885,366.1418026969615,225.6481590106885,17,194
0.8,0.2,0.0,1542.2996665423234,1.307076334689245,2901.5384300764117,0.0,0.0,225.66393522007476,368.8941540020507,225.66393522007476,17,194
0.4,0.12,0.48,1572.8814570250815,1.3612635091597216,2561.3712935315634,0.0,0.0,225.70490562382423,338.8327481552566,225.70490562382423,17,194
0.42,0.18,0.4000000000000001,1560.1437265512848,1.3589984098423185,2582.736616419527,0.0,0.0,225.9038952426565,341.1767990505618,225.9038952426565,17,194
0.38,0.06,0.56,1584.8596761037902,1.3632898185274973,2541.3164176107152,0.0,0.0,225.94795328254762,337.09395015357416,225.94795328254762,17,194
0.86,0.06,0.08000000000000002,1514.6582745263017,1.3098893660703776,2948.12669312414,0.0,0.0,226.11867370159317,368.45578246340415,226.11867370159317,17,194
0.48,0.3,0.22000000000000003,1549.9528238410826,1.3499111445609444,2632.611661441014,0.0,0.0,226.13395096438964,346.84110607606436,226.13395096438964,17,194
0.8200000000000001,0.16,0.019999999999999934,1524.0183332816855,1.308181868271234,2924.7545900875903,0.0,0.0,226.16623113420593,369.8281932563857,226.16623113420593,17,194
0.36,0.0,0.64,1597.3802651223737,1.3650348475703395,2521.758689433405,0.0,0.0,226.30594829753116,335.6668001825944,226.30594829753116,17,194
0.54,0.38,0.07999999999999996,1555.2944820483513,1.3387976903914836,2677.923930141029,0.0,0.0,226.46612670362495,352.66512344909154,226.46612670362495,17,194
0.56,0.4,0.039999999999999925,1559.260425116494,1.3346926568774082,2692.9767978682585,0.0,0.0,226.5181746055112,354.70776415651613,226.5181746055112,17,194
0.52,0.36,0.12,1549.5017847416939,1.3428847517474023,2664.641888757684,0.0,0.0,226.5611433354916,351.0311469719974,226.5611433354916,17,194
0.4,0.14,0.45999999999999996,1559.6167112419294,1.3620343177958312,2569.510341470377,0.0,0.0,226.56733113497248,340.3060204450028,226.56733113497248,17,194
0.44,0.24,0.32000000000000006,1544.2634427942155,1.356806983614556,2606.522472400473,0.0,0.0,226.66118119795098,344.30161669532765,226.66118119795098,17,194
0.88,0.02,0.09999999999999999,1507.969369402118,1.3094300052131869,2965.647576524602,0.0,0.0,226.69572325077127,369.10692762490675,226.69572325077127,17,194
0.84,0.12,0.040000000000000036,1509.2277852636335,1.3087661148594996,2946.4670919917735,0.0,0.0,226.72293557323502,370.69105464704415,226.72293557323502,17,194
0.38,0.08,0.54,1571.8096583984775,1.3640866786321348,2549.2354400323725,0.0,0.0,226.73397763556724,338.44050215074543,226.73397763556724,17,194
0.58,0.42,5.551115123125783e-17,1561.006879386773,1.3305647177658202,2710.2046999307704,0.0,0.0,226.76130537417174,357.2063205872238,226.76130537417174,17,194
0.46,0.28,0.26,1540.517771139684,1.353794100700398,2623.355975249031,0.0,0.0,226.89453131833181,346.290008774449,226.89453131833181,17,194
0.5,0.34,0.15999999999999998,1542.284761982691,1.3469199899687563,2652.854393192288,0.0,0.0,226.90868929222026,349.7703992948918,226.90868929222026,17,194
0.42,0.2,0.38000000000000006,1546.653617040585,1.3597591317712698,2591.038271969386,0.0,0.0,226.92913049070125,342.77597589879446,226.92913049070125,17,194
0.36,0.02,0.62,1584.4440039870349,1.365739866689323,2529.730082562176,0.0,0.0,227.14150374720174,337.0795954706348,227.14150374720174,17,194
0.86,0.08,0.06000000000000001,1498.0325619808302,1.308829237838342,2966.558351385484,0.0,0.0,227.22105719414446,371.4751996101118,227.22105719414446,17,194
0.8200000000000001,0.18,0.0,1510.84575580199,1.3068590391319956,2940.697581272201,0.0,0.0,227.33238299202594,372.7060929608834,227.33238299202594,17,194
0.48,0.32,0.2,1534.7978017986536,1.3507920273496166,2641.866888596592,0.0,0.0,227.4772447645854,348.78608285003594,227.4772447645854,17,194
0.4,0.16,0.43999999999999995,1545.9836409520801,1.362850560354028,2577.8046956790076,0.0,0.0,227.52184262525537,341.8371420581077,227.52184262525537,17,194
0.38,0.1,0.52,1558.489130118002,1.364912312562687,2557.2803661290773,0.0,0.0,227.6345072995152,339.8384621738053,227.6345072995152,17,194
0.88,0.04,0.07999999999999999,1489.714098312067,1.3084481564269308,2985.4291259134857,0.0,0.0,227.8033960954532,372.2298405122218,227.8033960954532,17,194
0.04,0.84,0.12,2182.771650343774,1.2470644401454554,2226.308117732355,0.0,0.0,227.80940167378304,347.9112755277672,227.80940167378304,14,194
0.84,0.14,0.020000000000000018,1494.1156016821315,1.307540289162767,2963.9900919833385,0.0,0.0,227.85169225098454,373.70374912817596,227.85169225098454,17,194
0.54,0.4,0.05999999999999994,1539.3362204090026,1.339693609493954,2687.7596482588497,0.0,0.0,227.86494974630432,354.8248497904029,227.86494974630432,17,194
0.44,0.26,0.30000000000000004,1529.8769876917104,1.357653661142964,2615.2672015656235,0.0,0.0,227.89837137313438,346.07201215037065,227.89837137313438,17,194
0.52,0.38,0.09999999999999998,1533.7093331874714,1.3437965565862464,2674.2915147763724,0.0,0.0,227.9231467670894,353.13396804957137,227.9231467670894,17,194
0.36,0.04,0.6,1571.1387953806689,1.3666232819110165,2537.623314529668,0.0,0.0,227.97183938295484,338.3664808728733,227.97183938295484,17,194
0.02,0.74,0.24,2134.2247359421676,1.2571111333912872,2238.6590155214844,0.0,0.0,227.98469538967132,346.97197123033266,227.98469538967132,14,194
0.56,0.42,0.019999999999999962,1543.0395381250191,1.3355781627116572,2703.0720167499503,0.0,0.0,227.99375820877165,356.93319034642485,227.99375820877165,17,194
0.42,0.22,0.3600000000000001,1532.3721121837525,1.360621092298812,2599.692078875493,0.0,0.0,228.01453572821774,344.4625290733784,228.01453572821774,17,194
0.04,0.86,0.09999999999999998,2191.0621260525472,1.2452066460135625,2223.599192791902,0.0,0.0,228.06225965384021,348.4158220211601,228.06225965384021,14,194
0.02,0.76,0.21999999999999997,2140.2156030246506,1.255530489144121,2237.2063878209588,0.0,0.0,228.21718962254218,347.49282741166866,228.21718962254218,14,194
0.46,0.3,0.24000000000000005,1525.5185157644821,1.354692392940602,2632.4288660125817,0.0,0.0,228.25687869344654,348.1784231526955,228.25687869344654,17,194
0.04,0.88,0.07999999999999996,2199.7386860183296,1.2433065106777303,2220.665821174643,0.0,0.0,228.30230385158436,348.91445550473196,228.30230385158436,14,194
0.5,0.36,0.14,1526.55472448033,1.3478578722167855,2662.380518835367,0.0,0.0,228.3164895385691,351.8242091679815,228.3164895385691,17,194
0.9,0.0,0.09999999999999998,1483.9784865621218,1.3076573876056707,3003.2260735667933,0.0,0.0,228.41408812840638,372.9760767574691,228.41408812840638,17,194
0.86,0.1,0.04000000000000001,1480.6753998605598,1.307728454744037,2985.8574450954993,0.0,0.0,228.41456413481077,374.6418009301464,228.41456413481077,17,194
0.02,0.78,0.19999999999999996,2146.603738365434,1.2539011245835538,2235.541081011263,0.0,0.0,228.43850828501195,348.01024114471153,228.43850828501195,14,194
0.04,0.9,0.05999999999999994,2208.801196463688,1.2413649513598273,2217.505051543737,0.0,0.0,228.52914316434942,349.4064473604006,228.52914316434942,14,194
0.38,0.12,0.5,1544.859660186795,1.3657731312730683,2565.463285427363,0.0,0.0,228.57225152790662,341.2906482575176,228.57225152790662,17,194
0.4,0.18,0.42,1531.935847933128,1.3637199279601202,2586.269225936545,0.0,0.0,228.63218746735294,343.4294081226356,228.63218746735294,17,194
0.02,0.8,0.17999999999999994,2153.388149809771,1.2522239065884324,2233.661097280501,0.0,0.0,228.66226662926093,348.5237878384482,228.66226662926093,14,194
0.0,0.7000000000000001,0.29999999999999993,2116.2873951895945,1.2607395736279567,2240.5321670754242,0.0,0.0,228.7004800599804,347.34374982479255,228.7004800599804,14,194
0.04,0.92,0.039999999999999925,2218.249685146794,1.2393828960396807,2214.1137403713165,0.0,0.0,228.74236682561957,349.8910163355344,228.74236682561957,14,194
0.36,0.06,0.5800000000000001,1557.6130051906127,1.3675268551467896,2545.6281128579813,0.0,0.0,228.82730786138868,339.70137367843927,228.82730786138868,17,194
0.48,0.34,0.18,1518.904596972291,1.351781866064996,2651.388798117063,0.0,0.0,228.91088812644261,350.8081584320327,228.91088812644261,17,194
0.02,0.8200000000000001,0.15999999999999992,2160.5678337728164,1.2504997214544367,2231.5643927129304,0.0,0.0,228.92004669131913,349.03300888753233,228.92004669131913,14,194
0.04,0.9400000000000001,0.019999999999999907,2228.084372274723,1.2373612823620703,2210.488523700208,0.0,0.0,228.9415433673818,350.3673251985879,228.9415433673818,14,194
0.88,0.06,0.06,1470.4369641774717,1.3074414977237232,3006.304784842307,0.0,0.0,228.97695432640535,375.526120881483,228.97695432640535,17,194
0.34,0.0,0.6599999999999999,1571.0293053799785,1.3691603173777123,2525.884691535812,0.0,0.0,229.05360730749632,338.1767528742224,229.05360730749632,17,194
0.0,0.72,0.28,2118.6343598343938,1.2596451603623202,2240.7682968066792,0.0,0.0,229.06407757766257,348.0212535157008,229.06407757766257,14,194
0.84,0.16,2.7755575615628914e-17,1478.1300817001825,1.3062888040824698,2982.4633844521436,0.0,0.0,229.0992025402049,376.8743875199518,229.0992025402049,17,194
0.04,0.96,0.0,2238.3057033368664,1.235301056582541,2206.6257867603613,0.0,0.0,229.12621948350528,350.8344771380585,229.12621948350528,14,194
0.02,0.84,0.14,2168.141797373965,1.2487294735149854,2229.248859507223,0.0,0.0,229.18498231018833,349.53740934271116,229.18498231018833,14,194
0.42,0.24,0.3400000000000001,1517.550323535539,1.361557435133223,2608.5546966679376,0.0,0.0,229.22555109987988,346.21797128856684,229.22555109987988,17,194
0.44,0.28,0.28,1514.8742799788847,1.3585882126218558,2624.241735752339,0.0,0.0,229.28696954304473,347.91487843792714,229.28696954304473,17,194
0.0,0.74,0.26,2122.38899658125,1.2583645760449773,2240.351041019425,0.0,0.0,229.36883334713391,348.6326475922221,229.36883334713391,14,194
0.54,0.42,0.03999999999999998,1522.5577182061159,1.340717988565116,2697.865374975261,0.0,0.0,229.37474336589952,357.0600113450504,229.37474336589952,17,194
0.52,0.4,0.07999999999999996,1517.1230671115145,1.3448317691851406,2684.204762313623,0.0,0.0,229.4238295658376,355.3128605482894,229.4238295658376,17,194
0.02,0.86,0.12,2176.109081822093,1.2469140837733577,2226.7123067990487,0.0,0.0,229.43758477029138,350.036455467685,229.43758477029138,14,194
0.56,0.44,0.0,1525.9676063943305,1.3365973368158173,2713.447523699022,0.0,0.0,229.5391581009103,359.2337434644167,229.5391581009103,17,194
0.38,0.14,0.48,1530.8793025420807,1.3666760911658389,2573.7975761882444,0.0,0.0,229.56949906454494,342.80014735569506,229.56949906454494,17,194
0.0,0.76,0.24,2127.981567464719,1.2568412448125974,2239.0850444310868,0.0,0.0,229.60353636229178,349.15244737016883,229.60353636229178,14,194
0.9,0.02,0.07999999999999997,1463.0172496838027,1.3067237713653432,3025.5283483411736,0.0,0.0,229.62533676420932,376.3827106474828,229.62533676420932,17,194
0.86,0.12,0.020000000000000018,1462.6875879189754,1.3065669858852784,3006.0031715435234,0.0,0.0,229.66607313516263,377.95622940464784,229.66607313516263,17,194
0.02,0.88,0.09999999999999998,2184.468787105504,1.2450544885520374,2223.952440013544,0.0,0.0,229.68787394763913,350.52957216737224,229.68787394763913,14,194
0.46,0.32,0.22000000000000003,1509.8159190005608,1.3556937659484496,2641.756807022201,0.0,0.0,229.70552265063003,350.1435288789409,229.70552265063003,17,194
0.36,0.08,0.56,1543.8320447852414,1.3684563629053428,2553.7552740805963,0.0,0.0,229.74022578857642,341.08691548025377,229.74022578857642,17,194
0.4,0.2,0.39999999999999997,1517.4227508103959,1.3646507599979052,2594.920335130008,0.0,0.0,229.78783161729643,345.0864451205642,229.78783161729643,17,194
0.5,0.38,0.12,1510.0574960288018,1.3489139721750505,2672.164299148559,0.0,0.0,229.81946976876253,353.95465308526633,229.81946976876253,17,194
0.0,0.78,0.21999999999999997,2133.9814089135616,1.2552671045088886,2237.6048766115287,0.0,0.0,229.8454504857903,349.6681889981646,229.8454504857903,14,194
0.02,0.9,0.07999999999999996,2193.2200980492835,1.2431516381650687,2220.9668386659373,0.0,0.0,229.92897774711707,351.0161402708676,229.92897774711707,14,194
0.34,0.02,0.6399999999999999,1557.383261087618,1.3699552920346736,2534.1307974700753,0.0,0.0,230.00122208671144,339.68057991742666,230.00122208671144,17,194
0.0,0.8,0.19999999999999996,2140.3871488353307,1.2536430372672525,2235.908836841013,0.0,0.0,230.07462763924258,350.1795236371222,230.07462763924258,14,194
0.02,0.92,0.05999999999999994,2202.3623118142996,1.2412064956187592,2217.7529325196365,0.0,0.0,230.1563299863654,351.49549365047164,230.1563299863654,14,194
0.88,0.08,0.039999999999999994,1450.3170408918568,1.3063818358510888,3028.208058170032,0.0,0.0,230.25365364980254,378.99089372703577,230.25365364980254,17,194
0.0,0.8200000000000001,0.17999999999999994,2147.197360276953,1.2519699478693662,2233.9952091951586,0.0,0.0,230.33807076548032,350.6860733491799,230.33807076548032,14,194
0.02,0.9400000000000001,0.039999999999999925,2211.894866924624,1.2392200353456575,2214.3079760009255,0.0,0.0,230.3695476984174,351.96691615622063,230.3695476984174,14,194
0.48,0.36,0.16000000000000003,1502.2327641217555,1.3528890810480056,2661.182945642405,0.0,0.0,230.43127247987076,352.91006668118996,230.43127247987076,17,194
0.02,0.96,0.020000000000000018,2221.817373924108,1.2371932419763307,2210.629020757823,0.0,0.0,230.57661869230037,352.42963834319477,230.57661869230037,14,194
0.38,0.16,0.45999999999999996,1516.5022705331594,1.367628743069918,2582.2980291397835,0.0,0.0,230.60666103018357,344.3703481702967,230.60666103018357,17,194
0.0,0.84,0.16000000000000003,2154.4105828671436,1.2502487622165848,2231.8622461500318,0.0,0.0,230.61121016426617,351.1874288213021,230.61121016426617,14,194
0.42,0.26,0.32000000000000006,1502.1276157050231,1.3625781126928493,2617.646020172471,0.0,0.0,230.61798145429816,348.04660096419434,230.61798145429816,17,194
0.36,0.1,0.54,1529.7581086254122,1.3694180808646128,2562.0167752123725,0.0,0.0,230.70099693986623,342.5259954605986,230.70099693986623,17,194
0.44,0.3,0.26000000000000006,1499.188841983839,1.359621563654318,2633.4678612778525,0.0,0.0,230.74376350799432,349.8348322740266,230.74376350799432,17,194
0.02,0.98,0.0,2232.1296477800447,1.2351271091528413,2206.712886236764,0.0,0.0,230.77518851279982,352.8828339665088,230.77518851279982,14,194
0.0,0.86,0.14,2162.025345419171,1.2484804258043796,2229.508150913189,0.0,0.0,230.8794245217589,351.6831469969479,230.8794245217589,14,194
0.9,0.04,0.05999999999999998,1440.7738416500642,1.3057649574578087,3049.186305481498,0.0,0.0,230.90660625030173,379.9953623464316,230.90660625030173,17,194
0.54,0.44,0.019999999999999962,1504.8815671941713,1.3418839929512105,2708.264787145383,0.0,0.0,230.95437972976748,359.3754114848341,230.95437972976748,17,194
0.34,0.04,0.6199999999999999,1543.4660817928411,1.370826712407484,2542.4210732597717,0.0,0.0,230.9740092208428,341.1714019502018,230.9740092208428,17,194
0.4,0.22,0.38,1502.389194726525,1.3656521031606315,2603.776105717573,0.0,0.0,231.00885486168627,346.81225345163745,231.00885486168627,17,194
0.86,0.14,0.0,1443.5570663192989,1.3053800498655859,3027.367414406983,0.0,0.0,231.03031942337944,381.4626241479889,231.03031942337944,17,194
0.52,0.42,0.06,1499.6643769123832,1.3460035971595157,2694.40631372347,0.0,0.0,231.07912890158914,357.57285956152566,231.07912890158914,17,194
0.0,0.88,0.12,2170.040189726172,1.2466659022068158,2226.931058423144,0.0,0.0,231.13386606982914,352.1727486041511,231.13386606982914,14,194
0.46,0.34,0.2,1493.3376624036007,1.356810143219738,2651.363365817233,0.0,0.0,231.2686950044737,352.19030464293184,231.2686950044737,17,194
0.0,0.9,0.09999999999999998,2178.453695588216,1.2448061715778356,2224.129014954478,0.0,0.0,231.3742390171052,352.6557155668063,231.3742390171052,14,194
0.5,0.4,0.09999999999999998,1492.713631849877,1.3501014969695917,2682.2312268721353,0.0,0.0,231.45948425499836,356.1669808280668,231.45948425499836,17,194
0.0,0.92,0.07999999999999996,2187.264507119268,1.2429022291757872,2221.0999562589286,0.0,0.0,231.607897464603,353.1314882842986,231.607897464603,14,194
0.92,0.0,0.07999999999999996,1433.944493328727,1.3047347755042196,3068.9690719462765,0.0,0.0,231.62211483532263,380.97633577604716,231.62211483532263,17,194
0.88,0.1,0.01999999999999999,1429.101625098504,1.305278387214524,3051.355046057397,0.0,0.0,231.63294163640904,382.65190327851894,231.63294163640904,17,194
0.38,0.18,0.44,1501.6785763730836,1.3686392865072308,2590.980984213161,0.0,0.0,231.72253069580546,346.0049787120745,231.72253069580546,17,194
0.36,0.12,0.52,1515.349875524376,1.3704188286586776,2570.425888156595,0.0,0.0,231.7366585949757,344.02177940857894,231.7366585949757,17,194
0.0,0.9400000000000001,0.05999999999999994,2196.471360392157,1.2409550839171926,2217.8416841653025,0.0,0.0,231.8399328439484,353.5994627629287,231.8399328439484,14,194
0.34,0.06,0.5999999999999999,1529.1431239192916,1.371871289774535,2550.665511792134,0.0,0.0,231.90295642028062,342.55311445967556,231.90295642028062,17,194
0.32,0.0,0.6799999999999999,1543.7292667592917,1.3733655181814384,2530.5873038202435,0.0,0.0,231.92811703521417,340.89339434044626,231.92811703521417,17,194
0.0,0.96,0.040000000000000036,2206.0731124912604,1.2389657569653156,2214.3518415519984,0.0,0.0,232.05694356055687,354.05898758069475,232.05694356055687,14,194
0.48,0.38,0.14,1484.7034030974903,1.3541267129616574,2671.2749274512844,0.0,0.0,232.06168316205392,355.0972262253319,232.06168316205392,17,194
0.42,0.28,0.30000000000000004,1486.037932309882,1.3636939170605025,2626.9879234897367,0.0,0.0,232.1680280519382,349.9531857919024,232.1680280519382,17,194
0.0,0.98,0.020000000000000018,2216.068772055914,1.2369352803585814,2210.6278855955147,0.0,0.0,232.2583112692131,354.509360664945,232.2583112692131,14,194
0.9,0.06,0.03999999999999998,1417.4857676837858,1.3047440796026342,3074.1095079624683,0.0,0.0,232.26598557934196,383.8069935285925,232.26598557934196,17,194
0.44,0.32,0.24000000000000005,1482.7483620281464,1.3607655481760346,2642.9694711717793,0.0,0.0,232.3517088781087,351.83701022470575,232.3517088781087,17,194
0.4,0.24,0.36,1486.7750180226612,1.3667337770548769,2612.856461992572,0.0,0.0,232.3681943744618,348.6112562536158,232.3681943744618,17,194
0.0,1.0,0.0,2226.4575314126205,1.2348646956832812,2206.667059186258,0.0,0.0,232.4436398142989,354.9498258603944,232.4436398142989,14,194
0.54,0.46,0.0,1486.2246578903207,1.3432057511472095,2718.9832943148986,0.0,0.0,232.69622951281943,361.77642489786035,232.69622951281943,17,194
0.36,0.14,0.5,1500.56217775848,1.3714660195031803,2578.997306197031,0.0,0.0,232.82447005301324,345.5777428829057,232.82447005301324,17,194
0.52,0.44,0.03999999999999998,1481.2485898524008,1.3473262443198208,2704.922812719967,0.0,0.0,232.8801501020376,359.91959850668076,232.8801501020376,17,194
0.34,0.08,0.58,1514.5421399944432,1.3729453040711581,2559.0409003739087,0.0,0.0,232.91604091632962,343.98764183006426,232.91604091632962,17,194
0.46,0.36,0.18000000000000005,1476.005193875833,1.3580544264871344,2661.2743247080243,0.0,0.0,232.93097612391765,354.3243085163305,232.93097612391765,17,194
0.32,0.02,0.6599999999999999,1529.2383373688067,1.3743057797857492,2539.0986485127223,0.0,0.0,232.94468819630833,342.4520295861885,232.94468819630833,17,194
0.38,0.2,0.42,1486.353631023848,1.3697166299501409,2599.8644819945976,0.0,0.0,232.94577864691607,347.70814933690485,232.94577864691607,17,194
0.92,0.02,0.059999999999999956,1408.4283461375956,1.3038108869156415,3095.768152615604,0.0,0.0,233.03676951244842,384.94748653112265,233.03676951244842,17,194
0.88,0.12,0.0,1406.4092622609069,1.3041494189082985,3076.054661287205,0.0,0.0,233.1013720820314,386.5472097294764,233.1013720820314,17,194
0.5,0.42,0.08000000000000002,1474.4373016908708,1.3514346807060933,2692.608954417056,0.0,0.0,233.2750979299855,358.4670639691361,233.2750979299855,17,194
0.9,0.08,0.019999999999999976,1392.6015890936571,1.3036925693533512,3100.7243046246876,0.0,0.0,233.78303038323145,387.8700358734613,233.78303038323145,17,194
0.42,0.3,0.2800000000000001,1469.2092762285747,1.3649165593068444,2636.604451535841,0.0,0.0,233.80217678954142,351.94302639396193,233.80217678954142,17,194
0.4,0.26,0.33999999999999997,1470.5145699069226,1.3679064472746574,2622.1833503753155,0.0,0.0,233.82161642438368,350.488355488298,233.82161642438368,17,194
0.48,0.4,0.12,1466.2310003510281,1.3555088517165093,2681.692637518401,0.0,0.0,233.88490716413145,357.3756997917958,233.88490716413145,17,194
0.36,0.16,0.48,1485.3456338602489,1.372567715290257,2587.747284129314,0.0,0.0,233.9620022954793,347.1977091659199,233.9620022954793,17,194
0.34,0.1,0.5599999999999999,1499.6224316134553,1.3740554419135422,2567.5603918278357,0.0,0.0,233.99071158180504,345.4782208442232,233.99071158180504,17,194
0.32,0.04,0.6399999999999999,1514.5221093031764,1.3752651765330721,2547.7286434694065,0.0,0.0,234.03227823844696,344.06417281122333,234.03227823844696,17,194
0.44,0.34,0.22000000000000003,1465.4741369614553,1.3620329943673821,2652.772766860031,0.0,0.0,234.07918422715355,353.9271407123813,234.07918422715355,17,194
0.38,0.22,0.4,1470.4677991271592,1.3708704578874005,2608.968431896146,0.0,0.0,234.27074063404908,349.4844021324555,234.27074063404908,17,194
0.92,0.04,0.03999999999999996,1381.388843339056,1.3028341210854233,3124.274267170097,0.0,0.0,234.53096740306614,389.1720244111793,234.53096740306614,17,194
0.46,0.38,0.16000000000000003,1457.7331330351917,1.3594405886056142,2671.5178904682243,0.0,0.0,234.7498103202352,356.5517593355574,234.7498103202352,17,194
0.52,0.46,0.019999999999999962,1461.784429954243,1.3488150024647378,2715.783023399917,0.0,0.0,234.84487906536543,362.35939337357996,234.84487906536543,17,194
0.3,0.0,0.7,1515.5087010873558,1.377651262680811,2535.8359897149185,0.0,0.0,234.95804828113177,343.81376869118895,234.95804828113177,17,194
0.34,0.12,0.5399999999999999,1484.339448807551,1.3752089827405887,2576.2385677595917,0.0,0.0,235.13694056643584,347.02840669763015,235.13694056643584,17,194
0.36,0.18,0.46,1469.6462402533448,1.3737326878851615,2596.6937938401516,0.0,0.0,235.1766424113448,348.8858927667508,235.1766424113448,17,194
0.32,0.06,0.6199999999999999,1499.4581226372413,1.376327698188853,2556.4031052316636,0.0,0.0,235.1867597547219,345.64873982413343,235.1867597547219,17,194
0.5,0.44,0.06,1455.1357056968056,1.3529288801551855,2703.3274809506584,0.0,0.0,235.23510728523266,360.86148358882514,235.23510728523266,17,194
0.9,0.1,0.0,1365.820927565267,1.3026152784186413,3129.3120125905834,0.0,0.0,235.3919512729395,392.22056136423413,235.3919512729395,17,194
0.9400000000000001,0.0,0.05999999999999994,1372.4808729061224,1.3016070879764783,3146.8550426301217,0.0,0.0,235.4023351165996,390.4733905837498,235.4023351165996,17,194
0.4,0.28,0.31999999999999995,1453.5361720266053,1.3691817070232761,2631.780940360266,0.0,0.0,235.43674713768868,352.4489964836562,235.43674713768868,17,194
0.42,0.32,0.26000000000000006,1451.5631284327274,1.3662587582424357,2646.522033914677,0.0,0.0,235.53102115657524,354.02202965981525,235.53102115657524,17,194
0.38,0.24,0.38,1453.955902673272,1.3721113056547116,2618.3147993966877,0.0,0.0,235.75407128689986,351.3387676856358,235.75407128689986,17,194
0.48,0.42,0.10000000000000003,1446.9153628261574,1.3570284028131179,2692.3654718011403,0.0,0.0,235.87861989165137,359.7376122668015,235.87861989165137,17,194
0.44,0.36,0.20000000000000007,1447.2804473481465,1.3634378210041904,2662.90648393675,0.0,0.0,235.93107546379352,356.1116270751506,235.93107546379352,17,194
0.3,0.02,0.6799999999999999,1500.0789944983756,1.378749738801659,2544.6531711496746,0.0,0.0,236.09387684473248,345.437742523351,236.09387684473248,17,194
0.92,0.06,0.019999999999999962,1352.279548928728,1.3018287813798401,3154.937206087073,0.0,0.0,236.21335051217991,393.7062987274943,236.21335051217991,17,194
0.32,0.08,0.6,1483.940463515928,1.3775593199205391,2565.069221321899,0.0,0.0,236.3195916840582,347.1432083216637,236.3195916840582,17,194
0.34,0.14,0.5199999999999999,1468.6444172857384,1.3764138546148341,2585.0915814648156,0.0,0.0,236.3263404667766,348.64211137033845,236.3263404667766,17,194
0.36,0.2,0.44,1453.4049160884092,1.3749704874770827,2605.8566974463374,0.0,0.0,236.46350298566742,350.6469493651882,236.46350298566742,17,194
0.46,0.4,0.14,1438.3783958475522,1.3609894171627135,2682.153041225112,0.0,0.0,236.78283192317556,358.8830431573658,236.78283192317556,17,194
0.52,0.48,0.0,1441.1734073204238,1.3504863553570747,2727.018009458796,0.0,0.0,236.94863720009812,364.89933994518117,236.94863720009812,17,194
0.9400000000000001,0.02,0.03999999999999994,1341.077095267726,1.3006715765843575,3179.569107465819,0.0,0.0,237.07529345138994,395.18484199945993,237.07529345138994,17,194
0.4,0.3,0.3,1435.7615155851965,1.3705721685524845,2641.675849228903,0.0,0.0,237.20455421638547,354.49924233928414,237.20455421638547,17,194
0.3,0.04,0.6599999999999999,1484.3998576652211,1.3798709018664264,2553.5983735391005,0.0,0.0,237.28737860591033,347.1177492292473,237.28737860591033,17,194
0.38,0.26,0.36,1436.7466659988004,1.3734506431515896,2627.9278151225503,0.0,0.0,237.30956771344947,353.27683044753314,237.30956771344947,17,194
0.5,0.46,0.03999999999999998,1434.7084139653925,1.3546006830213408,2714.41936373361,0.0,0.0,237.35181226801032,363.35763167775673,237.35181226801032,17,194
0.42,0.34,0.24000000000000005,1433.0137959280394,1.3677343400432784,2656.7697246241005,0.0,0.0,237.41724234553521,356.19679338436646,237.41724234553521,17,194
0.32,0.1,0.58,1468.0744834114344,1.3788315418370998,2573.890738882685,0.0,0.0,237.49902007163004,348.69669687647536,237.49902007163004,17,194
0.34,0.16,0.4999999999999999,1452.483923052749,1.377678696422914,2594.137316944089,0.0,0.0,237.5634639172659,350.3236476205952,237.5634639172659,17,194
0.36,0.22,0.42000000000000004,1436.5569946817775,1.3762915189804386,2615.2579404689686,0.0,0.0,237.87888967716188,352.4860332474792,237.87888967716188,17,194
0.44,0.38,0.18000000000000005,1427.9339534671294,1.3650113813643523,2673.476605413977,0.0,0.0,237.911023596883,358.40815738944093,237.911023596883,17,194
0.92,0.08,0.0,1320.7409004997373,1.3007972276800883,3188.1074020252154,0.0,0.0,238.02650295755805,398.59560552585674,238.02650295755805,17,194
0.48,0.44,0.08000000000000002,1426.5783327863908,1.358710899772715,2703.3668125854037,0.0,0.0,238.04154642687925,362.1964264606867,238.04154642687925,17,194
0.28,0.0,0.72,1486.3957661226543,1.3820181295830956,2541.6015843449386,0.0,0.0,238.2231447351593,346.93477783498383,238.2231447351593,17,194
0.3,0.06,0.6399999999999999,1468.431489147823,1.3810215060943707,2562.684137186638,0.0,0.0,238.61467083931151,348.8568020072601,238.61467083931151,17,194
0.32,0.12,0.5599999999999999,1451.8120088163926,1.3801521629026536,2582.8836971446194,0.0,0.0,238.7283307925608,350.3131990591335,238.7283307925608,17,194
0.34,0.18,0.4799999999999999,1435.7994485052143,1.3790129273640013,2603.3955662465255,0.0,0.0,238.8532714073048,352.0777795088728,238.8532714073048,17,194
0.9400000000000001,0.04,0.01999999999999994,1307.035819434297,1.2997069956879854,3215.009460497484,0.0,0.0,238.893579515209,400.2775859426349,238.893579515209,17,194
0.46,0.42,0.12000000000000005,1417.8617084020539,1.3627148348501954,2693.2017875757215,0.0,0.0,238.98113610228367,361.32452434781163,238.98113610228367,17,194
0.38,0.28,0.33999999999999997,1418.7620933761343,1.3749009687656926,2637.834209042102,0.0,0.0,239.06630768797234,355.3048041361249,239.06630768797234,17,194
0.4,0.32,0.27999999999999997,1417.1049841090837,1.372091565919595,2651.897394221264,0.0,0.0,239.0946005547653,356.64585986254315,239.0946005547653,17,194
0.42,0.36,0.22000000000000008,1413.4676775510961,1.3693583504635374,2667.379471769713,0.0,0.0,239.43587884653357,358.47470413390556,239.43587884653357,17,194
0.36,0.24,0.4,1419.0316538100753,1.3777071276552422,2624.921767955595,0.0,0.0,239.45056568037563,354.40886347687695,239.45056568037563,17,194
0.28,0.02,0.7,1469.9199394490906,1.38329024063873,2550.770223158217,0.0,0.0,239.46970790124107,348.63530784102767,239.46970790124107,17,194
0.5,0.48,0.020000000000000018,1413.0466167362465,1.3564680309212287,2725.919957990092,0.0,0.0,239.5764021715592,365.9638285504134,239.5764021715592,17,194
0.96,0.0,0.040000000000000036,1295.4017165547848,1.298276350151641,3241.0598925318845,0.0,0.0,239.8589264474317,401.9664096936301,239.8589264474317,17,194
0.3,0.08,0.62,1452.0251287354054,1.3823042734784545,2571.8193565796996,0.0,0.0,239.9416942148908,350.5543128905925,239.9416942148908,17,194
0.32,0.14,0.5399999999999999,1435.1002088313144,1.3815296940085957,2592.0658784620896,0.0,0.0,240.01115825263224,351.99711962630647,240.01115825263224,17,194
0.44,0.4,0.16000000000000003,1407.2776032728348,1.3667764834543041,2684.5471555959693,0.0,0.0,240.1129167413803,360.82916505702366,240.1129167413803,17,194
0.34,0.2,0.4599999999999999,1418.5268531105799,1.3804268247642029,2612.8882277421612,0.0,0.0,240.22524045050162,353.9097805249261,240.22524045050162,17,194
0.48,0.46,0.06,1405.0279372672185,1.3605838195159592,2714.7760298964795,0.0,0.0,240.37213356463153,364.766947775722,240.37213356463153,17,194
0.28,0.04,0.6799999999999999,1453.1658921111325,1.3845894656148805,2560.077843407418,0.0,0.0,240.79057684663016,350.39472241010355,240.79057684663016,17,194
0.9400000000000001,0.06,0.0,1269.8798453217667,1.2987156303447291,3253.644472701522,0.0,0.0,240.9214397928666,405.81218679569935,240.9214397928666,17,194
0.38,0.3,0.32,1399.9112274909526,1.3764805581890731,2648.05793229045,0.0,0.0,240.96462120818998,357.4248315015998,240.96462120818998,17,194
0.4,0.34,0.25999999999999995,1397.4700340875766,1.3737572636127666,2662.4750205432333,0.0,0.0,241.1043598607197,358.8939359714811,241.1043598607197,17,194
0.36,0.26,0.38,1400.7430008062588,1.379236629583737,2634.866692063397,0.0,0.0,241.1529098335993,356.41469812416557,241.1529098335993,17,194
0.3,0.1,0.6,1435.1032333887683,1.383753711137996,2580.989985541177,0.0,0.0,241.22859090654114,352.1832899931164,241.22859090654114,17,194
0.46,0.44,0.10000000000000003,1396.1178207413268,1.3646296448007245,2704.67606382929,0.0,0.0,241.3397050889443,363.88196674405344,241.3397050889443,17,194
0.32,0.16,0.5199999999999999,1417.8789505437674,1.3829752502364532,2601.45481629973,0.0,0.0,241.3565589440049,353.7515007702434,241.3565589440049,17,194
0.42,0.38,0.20000000000000007,1392.8222134534808,1.3711473665959415,2678.386201520036,0.0,0.0,241.560141190172,360.86385752968766,241.560141190172,17,194
0.26,0.0,0.74,1456.562076316262,1.3864590429809416,2547.7573218035805,0.0,0.0,241.6444754599153,350.2341385384081,241.6444754599153,17,194
0.34,0.22,0.43999999999999995,1400.5847357869825,1.3819408758628793,2622.628473591101,0.0,0.0,241.8186374418657,355.816077588627,241.8186374418657,17,194
0.96,0.02,0.020000000000000035,1255.5221498657647,1.297347498248742,3282.204701874546,0.0,0.0,241.88112811401643,407.72887359077595,241.88112811401643,17,194
0.5,0.5,0.0,1390.032269665707,1.3585503596037076,2737.8676904163344,0.0,0.0,242.07133194581206,368.6894590312829,242.07133194581206,17,194
0.28,0.06,0.6599999999999999,1436.092817418408,1.3859225951142566,2569.5372251145627,0.0,0.0,242.21816784446503,352.2164730043664,242.21816784446503,17,194
0.44,0.42,0.14000000000000007,1385.3905528442435,1.3687289058971897,2696.0547763080335,0.0,0.0,242.4726669641203,363.3695243839757,242.4726669641203,17,194
0.3,0.12,0.58,1417.74167272248,1.3852614353219526,2590.341824373497,0.0,0.0,242.5879806140523,353.87515792724565,242.5879806140523,17,194
0.32,0.18,0.49999999999999994,1400.077255977804,1.3845051530793109,2611.0649838709237,0.0,0.0,242.82691814206552,355.57546024550123,242.82691814206552,17,194
0.48,0.48,0.040000000000000036,1382.143789425299,1.3626667426027397,2726.6332786081916,0.0,0.0,242.8680082885784,367.45889369751177,242.8680082885784,17,194
0.26,0.02,0.72,1438.7403675350724,1.3879382655283052,2557.440271102308,0.0,0.0,242.9875626476305,352.0404841894715,242.9875626476305,17,194
0.38,0.32,0.3,1380.1001995228241,1.378204495735004,2658.6312942361947,0.0,0.0,243.02967370028438,359.6443414516139,243.02967370028438,17,194
0.36,0.28,0.36,1381.6110335970848,1.3808892452233847,2645.1274471156735,0.0,0.0,243.06017887182176,358.51490470507275,243.06017887182176,17,194
0.4,0.36,0.24,1376.7485252376832,1.3755902211292512,2673.4388162235564,0.0,0.0,243.27448819926826,361.2470699147217,243.27448819926826,17,194
0.34,0.24,0.41999999999999993,1381.90649061759,1.3835584559954026,2632.6537111842504,0.0,0.0,243.5518248440002,357.8120660198794,243.5518248440002,17,194
0.28,0.08,0.64,1418.64571233046,1.3873040170905255,2579.155960980096,0.0,0.0,243.7426546753663,354.0979022501794,243.7426546753663,17,194
0.46,0.46,0.08000000000000002,1373.0256681687192,1.3667533862411017,2716.6168434287483,0.0,0.0,243.84431316842776,366.56537138736303,243.84431316842776,17,194
0.42,0.4,0.18000000000000005,1370.954693643091,1.373128223543741,2689.81791368794,0.0,0.0,243.8989169807415,363.3641496370581,243.8989169807415,17,194
0.3,0.14,0.5599999999999999,1399.8811508782535,1.3868381903659661,2599.892604698213,0.0,0.0,244.02818613978326,355.6332071932769,244.02818613978326,17,194
0.96,0.04,3.469446951953614e-17,1211.6343661769629,1.296391187524477,3327.44019504068,0.0,0.0,244.15870610531456,414.04630502016187,244.15870610531456,17,194
0.32,0.2,0.4799999999999999,1381.2306789456768,1.3861621228921932,2621.1810881435654,0.0,0.0,244.43910881085176,357.51622657094,244.43910881085176,17,194
0.26,0.04,0.7,1420.2336762720063,1.3894956838736503,2567.484946914061,0.0,0.0,244.51522826098713,353.9302772512761,244.51522826098713,17,194
0.44,0.44,0.12000000000000005,1362.1424592809524,1.3708954102868334,2708.0324991358984,0.0,0.0,245.01370312027083,366.0318054243725,245.01370312027083,17,194
0.36,0.3,0.34,1361.545541831612,1.3826770400636332,2655.7400139489914,0.0,0.0,245.13184446868692,360.7201794006546,245.13184446868692,17,194
0.38,0.34,0.27999999999999997,1359.232175355843,1.38008411294638,2669.59613946419,0.0,0.0,245.22679059950582,361.97707420938826,245.22679059950582,17,194
0.98,0.0,0.020000000000000018,1196.0599836292658,1.2947705288280824,3358.1176777250357,0.0,0.0,245.2379269566249,416.24310462263975,245.2379269566249,17,194
0.28,0.1,0.62,1399.681434772346,1.3889500011213847,2589.4236683635067,0.0,0.0,245.3196143480372,356.0010481269328,245.3196143480372,17,194
0.24,0.0,0.76,1425.2119513285197,1.391064019226623,2554.7626694976625,0.0,0.0,245.3479487605848,353.7690138023441,245.3479487605848,17,194
0.34,0.26,0.3999999999999999,1361.5564670089072,1.385375309029687,2643.5259141979827,0.0,0.0,245.42042302484003,359.9754444789392,245.42042302484003,17,194
0.4,0.38,0.21999999999999997,1354.836409558894,1.3776011821520746,2684.8365460372106,0.0,0.0,245.5797043432858,363.7221288914885,245.5797043432858,17,194
0.3,0.16,0.5399999999999999,1380.0656269928897,1.3886279556703252,2610.5323006759704,0.0,0.0,245.65372626457824,357.5832600109154,245.65372626457824,17,194
0.48,0.5,0.020000000000000018,1357.7947441683382,1.3649809575248284,2738.9824269972614,0.0,0.0,245.6559218057547,370.28324609942854,245.6559218057547,17,194
0.26,0.06,0.6799999999999999,1400.5330721063751,1.3911786184495651,2578.202307684599,0.0,0.0,246.17941457626912,355.95436878897283,246.17941457626912,17,194
0.32,0.22,0.45999999999999996,1360.6142915726339,1.3880223333848527,2632.2307632102325,0.0,0.0,246.24164208752737,359.6340322634088,246.24164208752737,17,194
0.42,0.42,0.1600000000000001,1347.753375779923,1.375311217278439,2701.7282655581675,0.0,0.0,246.45885084062223,365.9956649266211,246.45885084062223,17,194
0.46,0.48,0.06000000000000005,1348.4469480689766,1.3691124073685221,2729.063027049907,0.0,0.0,246.617837031035,369.38065640602883,246.617837031035,17,194
0.28,0.12,0.6,1379.6703605874798,1.3908081206133707,2600.0530596840304,0.0,0.0,246.9324062934716,357.89778833938476,246.9324062934716,17,194
0.24,0.02,0.74,1404.7257359300693,1.3929002272414313,2565.7112923993664,0.0,0.0,246.9601262384458,355.78294785633466,246.9601262384458,17,194
0.3,0.18,0.52,1359.5826339439911,1.390507038699397,2621.4475601570243,0.0,0.0,247.39049902603446,359.62063455997605,247.39049902603446,17,194
0.36,0.32,0.32,1339.1243045835074,1.38474321167726,2667.569967343659,0.0,0.0,247.41026575048102,363.14793125931044,247.41026575048102,17,194
0.34,0.28,0.3799999999999999,1339.6487520994588,1.3873864259842883,2655.1466419432372,0.0,0.0,247.4988153150894,362.2977162863877,247.4988153150894,17,194
0.38,0.36,0.26,1336.9445692592774,1.3821609580325402,2681.1503783565854,0.0,0.0,247.57040399200818,364.4533063927367,247.57040399200818,17,194
0.44,0.46,0.10000000000000003,1337.406468482488,1.3732919133384707,2720.532641428585,0.0,0.0,247.77764243050314,368.83316820616096,247.77764243050314,17,194
0.98,0.02,1.734723475976807e-17,1143.9762029581825,1.2938445625637176,3411.4371832441693,0.0,0.0,247.81796144571666,423.5236321420715,247.81796144571666,17,194
0.26,0.08,0.66,1380.4015494343337,1.3929121935239404,2589.1152876666088,0.0,0.0,247.94835347686663,358.051545392108,247.94835347686663,17,194
0.4,0.4,0.19999999999999996,1331.6101180511112,1.3798096920501497,2696.7115710436015,0.0,0.0,248.16654466837664,366.3298629831516,248.16654466837664,17,194
0.32,0.24,0.43999999999999995,1339.1838125333652,1.38999714017864,2643.5973107694554,0.0,0.0,248.1953622255063,361.8510349446308,248.1953622255063,17,194
0.28,0.14,0.58,1359.0962765203983,1.392739549674434,2610.9184364722305,0.0,0.0,248.6283225917377,359.87414276261,248.6283225917377,17,194
0.24,0.04,0.72,1383.8613048679404,1.394777327982609,2576.8418582837116,0.0,0.0,248.682880795648,357.8668625206017,248.682880795648,17,194
0.48,0.52,0.0,1331.8342367185712,1.3675525481856847,2751.868003808968,0.0,0.0,248.73027854975152,373.2493361760063,248.73027854975152,17,194
0.22,0.0,0.78,1392.5201591427697,1.3957677323167479,2562.758426884314,0.0,0.0,249.20227527149484,357.50700239212074,249.20227527149484,17,194
0.3,0.2,0.49999999999999994,1338.3774048352313,1.3924851062366956,2632.6522091775714,0.0,0.0,249.2185583428693,361.75063489747464,249.2185583428693,17,194
0.42,0.44,0.14000000000000007,1323.0835121959274,1.377717726290579,2714.1642757443924,0.0,0.0,249.22701580413855,368.7702786392646,249.22701580413855,17,194
0.46,0.5,0.040000000000000036,1322.5437781966964,1.3716932598295581,2741.9055938947513,0.0,0.0,249.64227672547287,372.31752776666843,249.64227672547287,17,194
0.26,0.1,0.64,1359.7824630078835,1.3947056845388657,2600.242860413532,0.0,0.0,249.80015489795343,360.2265979107114,249.80015489795343,17,194
0.34,0.3,0.35999999999999993,1316.7127108225177,1.389546597170411,2667.1570646546134,0.0,0.0,249.8094214890644,364.7361722668315,249.8094214890644,17,194
0.36,0.34,0.3,1315.3399856246742,1.3869996585634174,2679.960206890424,0.0,0.0,249.86461989105416,365.7177753103759,249.86461989105416,17,194
0.38,0.38,0.24,1312.0549259467066,1.3845554860241964,2694.0069229264054,0.0,0.0,250.17509570598065,367.17139811220085,250.17509570598065,17,194
0.32,0.26,0.41999999999999993,1316.846553137599,1.3921011272553159,2655.3134452831355,0.0,0.0,250.25450065894915,364.17552247653646,250.25450065894915,17,194
0.28,0.16,0.5599999999999999,1337.8902983048963,1.3947551796439714,2622.0437866697266,0.0,0.0,250.4090812760557,361.9363604581909,250.4090812760557,17,194
0.24,0.06,0.7,1362.567841480415,1.3967037289131465,2588.1711123741643,0.0,0.0,250.4864941118185,360.0250808662746,250.4864941118185,17,194
0.44,0.48,0.08000000000000007,1311.0138183465644,1.3759425194037547,2733.6222741807483,0.0,0.0,250.8125771048807,371.79059773255426,250.8125771048807,17,194
0.4,0.42,0.18,1306.2127798485208,1.3823049337805764,2709.571532414531,0.0,0.0,250.9787503504637,369.14182279695734,250.9787503504637,17,194
0.22,0.02,0.76,1370.1707588784172,1.3978909223587899,2574.402308192244,0.0,0.0,251.02883955854531,359.6842772203864,251.02883955854531,17,194
0.3,0.22,0.48,1316.3658934137386,1.394575382200824,2644.175867028851,0.0,0.0,251.16607070148646,363.9808579282766,251.16607070148646,17,194
0.26,0.12,0.62,1338.4679024093714,1.3967012737650928,2611.4607022622768,0.0,0.0,251.6226039624441,362.3382726857596,251.6226039624441,17,194
1.0,0.0,0.0,1064.2873750815947,1.29109606361449,3508.16982135669,0.0,0.0,252.03321580032258,434.53967629703885,252.03321580032258,17,194
0.28,0.18,0.54,1315.976496394226,1.396866967624548,2633.4557684812803,0.0,0.0,252.2664191260268,364.0913957754254,252.2664191260268,17,194
0.42,0.46,0.12000000000000005,1296.796969543117,1.3803711857200345,2727.1778699181505,0.0,0.0,252.2719587135381,371.70143998806554,252.2719587135381,17,194
0.34,0.32,0.3399999999999999,1292.6355663117529,1.391873503388551,2679.5972969435784,0.0,0.0,252.31628478742672,367.30101810098404,252.31628478742672,17,194
0.24,0.08,0.68,1340.7892701622163,1.3986886238971352,2599.71780408382,0.0,0.0,252.40446450209308,362.26244928664613,252.40446450209308,17,194
0.32,0.28,0.3999999999999999,1293.5003119424928,1.3943503170403786,2667.4154808166204,0.0,0.0,252.47155912341813,366.6167758484884,252.47155912341813,17,194
0.36,0.36,0.28,1290.269882975054,1.3894465083795517,2692.8280941172325,0.0,0.0,252.49036532956046,368.42443308369866,252.49036532956046,17,194
0.46,0.52,0.020000000000000018,1294.9019861439147,1.374547696861124,2755.3393019323894,0.0,0.0,252.92215064170543,375.41513246856306,252.92215064170543,17,194
0.22,0.04,0.74,1347.2521365726325,1.400080206638001,2586.3155659921795,0.0,0.0,252.92656776965612,361.94995130615166,252.92656776965612,17,194
0.38,0.4,0.21999999999999997,1285.7223016011812,1.3871662708139114,2707.3926128612957,0.0,0.0,253.06921610553033,370.03760825195246,253.06921610553033,17,194
0.3,0.24,0.45999999999999996,1293.4554190090093,1.3967923953424533,2656.0514262268293,0.0,0.0,253.21256836144875,366.3197894893961,253.21256836144875,17,194
0.2,0.0,0.8,1358.197213349538,1.400664079591083,2571.5640692852494,0.0,0.0,253.28565113877985,361.50415058268334,253.28565113877985,17,194
0.26,0.14,0.6,1316.434115165519,1.3988687408360463,2622.8374849066586,0.0,0.0,253.45731592992098,364.43652679758287,253.45731592992098,17,194
0.4,0.44,0.15999999999999998,1278.3432919534728,1.3851251238371747,2723.5642385676797,0.0,0.0,254.10916741065327,372.18482608381817,254.10916741065327,17,194
0.44,0.5,0.06000000000000005,1282.7926267251833,1.3788739592675698,2747.364005787438,0.0,0.0,254.13836943114146,374.91981949736294,254.13836943114146,17,194
0.28,0.2,0.52,1293.2711047548814,1.399088054575439,2645.1840143478917,0.0,0.0,254.22949631343482,366.3470027669988,254.22949631343482,17,194
0.24,0.1,0.66,1318.4636915851158,1.400742077202346,2611.5029056551334,0.0,0.0,254.40614713739808,364.5844016980686,254.40614713739808,17,194
0.22,0.06,0.72,1323.7104614310501,1.4023444594470242,2598.5160425336126,0.0,0.0,254.9403584828188,364.3089436828114,254.9403584828188,17,194
0.32,0.3,0.37999999999999995,1269.0168049738695,1.3967645387356833,2679.9520898629867,0.0,0.0,254.9892515101988,369.18585805363244,254.9892515101988,17,194
0.34,0.34,0.3199999999999999,1267.2928314318642,1.3943865966300022,2692.5118746784,0.0,0.0,255.0046800998856,370.0037399046762,255.0046800998856,17,194
0.2,0.02,0.78,1334.6381857035617,1.4029911845940934,2583.5951265413473,0.0,0.0,255.24596122364352,363.78817427355875,255.24596122364352,17,194
0.36,0.38,0.26,1263.7769270893043,1.3921051939379476,2706.222633485318,0.0,0.0,255.32322862223245,371.2806071722849,255.32322862223245,17,194
0.26,0.16,0.58,1293.7045559830292,1.4011299461694695,2634.4989093638624,0.0,0.0,255.3721341661476,366.627904408762,255.3721341661476,17,194
0.3,0.26,0.43999999999999995,1269.5436638504195,1.399152129117791,2668.315436316002,0.0,0.0,255.4558424097717,368.77692961759453,255.4558424097717,17,194
0.42,0.48,0.10000000000000009,1267.5193567105143,1.3834098647669193,2741.6039865480207,0.0,0.0,255.67849275504133,374.90463655625854,255.67849275504133,17,194
0.38,0.42,0.2,1257.7961692643967,1.3900168824240837,2721.3611420433117,0.0,0.0,256.1720448860913,373.06602531320544,256.1720448860913,17,194
0.28,0.22,0.5,1269.681620738979,1.4014328996848682,2657.2614765080916,0.0,0.0,256.33181755390876,368.71184479500437,256.33181755390876,17,194
0.24,0.12,0.64,1295.5227437212127,1.4028751186166573,2623.5498591552696,0.0,0.0,256.481734405654,366.99703334703474,256.481734405654,17,194
0.46,0.54,0.0,1265.3329883908864,1.3777052657700726,2769.4314015190785,0.0,0.0,256.5072059825978,378.691030751371,256.5072059825978,17,194
0.22,0.08,0.7000000000000001,1300.3249783082363,1.4045844127413032,2610.6372801303805,0.0,0.0,256.9854217865228,366.6884728370792,256.9854217865228,17,194
0.2,0.04,0.76,1310.4496071685398,1.405393231347949,2595.9191833135696,0.0,0.0,257.29798775822593,366.1674354403322,257.29798775822593,17,194
0.26,0.18,0.56,1270.195685771247,1.4034979602059687,2646.474623476545,0.0,0.0,257.37776396095217,368.92031699995874,257.37776396095217,17,194
0.4,0.46,0.13999999999999996,1248.6967715262504,1.3882154828261495,2738.1992659759726,0.0,0.0,257.51722503445586,375.40388807281875,257.51722503445586,17,194
0.18,0.0,0.8200000000000001,1322.1817173953023,1.4057658354833316,2581.1892188152806,0.0,0.0,257.5665697656758,365.7678277150577,257.5665697656758,17,194
0.32,0.32,0.35999999999999993,1243.2717950950198,1.3993628110262404,2692.968409100669,0.0,0.0,257.6947545038366,371.89482814099216,257.6947545038366,17,194
0.44,0.52,0.040000000000000036,1252.5456263083527,1.3821151312955826,2761.836824901788,0.0,0.0,257.7376404396453,378.24008391926935,257.7376404396453,17,194
0.34,0.36,0.29999999999999993,1240.546885176514,1.397107313677574,2705.95029564393,0.0,0.0,257.85147798097194,372.8572969232024,257.85147798097194,17,194
0.3,0.28,0.41999999999999993,1244.5175269091794,1.401672193029832,2681.0085423547275,0.0,0.0,257.91221138923856,371.3629386232818,257.91221138923856,17,194
0.36,0.4,0.24,1235.7095842041595,1.3949993383033334,2720.198270408916,0.0,0.0,258.4164750642973,374.30066959173627,258.4164750642973,17,194
0.24,0.14,0.62,1271.862971986151,1.4052367021159127,2635.6361464243832,0.0,0.0,258.5220907910827,369.3263285892779,258.5220907910827,17,194
0.28,0.24,0.48,1245.1057778469292,1.403917433739535,2669.724821098483,0.0,0.0,258.61200506776265,371.1956220950979,258.61200506776265,17,194
0.22,0.1,0.68,1276.3637007361538,1.406897729970069,2623.0058920770516,0.0,0.0,259.13775420007255,369.1567389565826,259.13775420007255,17,194
0.42,0.5,0.08000000000000007,1235.8652485815853,1.3867888329098008,2756.993992758603,0.0,0.0,259.34631130024144,378.3323371717594,259.34631130024144,17,194
0.2,0.06,0.74,1285.5714662594448,1.4078800017874051,2608.556528419462,0.0,0.0,259.4589564251282,368.6475918242455,259.4589564251282,17,194
0.38,0.44,0.18,1228.1101049907122,1.3931333050091124,2735.9721497420787,0.0,0.0,259.5381432929358,376.2726338086165,259.5381432929358,17,194
0.26,0.2,0.54,1245.8151186493046,1.4059871864678943,2658.797643136808,0.0,0.0,259.55989467389986,371.32260809772293,259.55989467389986,17,194
0.18,0.02,0.8,1297.28296318255,1.4083157188396491,2593.6597988406033,0.0,0.0,259.68310093232685,368.1740022300001,259.68310093232685,17,194
0.32,0.34,0.3399999999999999,1216.1321837407704,1.4021657984096472,2706.511754437842,0.0,0.0,260.5563455228255,374.7567778117218,260.5563455228255,17,194
0.3,0.3,0.39999999999999997,1218.251809170968,1.4043720191886782,2694.1759876739293,0.0,0.0,260.59993300777154,374.08980788079936,260.59993300777154,17,194
0.24,0.16,0.6,1247.437880337467,1.4077682327931607,2647.903207738297,0.0,0.0,260.6153568755132,371.66765202010197,260.6153568755132,17,194
0.34,0.38,0.2799999999999999,1212.2453321279295,1.4000593222454165,2719.9676425857215,0.0,0.0,260.89819427017915,375.87634763945283,260.89819427017915,17,194
0.28,0.26,0.45999999999999996,1219.4303695741826,1.4065592347498261,2682.6148791329965,0.0,0.0,261.04625928923815,373.8092206348785,261.04625928923815,17,194
0.4,0.48,0.12,1217.0910174813744,1.3916045292378962,2753.5416078388657,0.0,0.0,261.1448851495512,378.81682862009774,261.1448851495512,17,194
0.22,0.12,0.66,1251.7176843319685,1.4093008530023894,2635.66344932089,0.0,0.0,261.4187250041498,371.72383164546164,261.4187250041498,17,194
0.44,0.54,0.020000000000000018,1218.5695511950598,1.385835448747325,2778.083312611863,0.0,0.0,261.67826781249124,381.89628202049283,261.67826781249124,17,194
0.2,0.08,0.7200000000000001,1259.937420207931,1.4104622285691457,2621.5298447686087,0.0,0.0,261.72069096497756,371.2349799175793,261.72069096497756,17,194
0.36,0.42,0.22000000000000003,1205.9000245494274,1.3981550303103196,2734.8155838203743,0.0,0.0,261.7851236827552,377.5009224884816,261.7851236827552,17,194
0.18,0.04,0.78,1271.6861129028407,1.4109506182962932,2606.4501299211397,0.0,0.0,261.9022911075371,370.6833231334832,261.9022911075371,17,194
0.26,0.22,0.52,1220.4605699989784,1.4086135184862738,2671.504756568044,0.0,0.0,261.9355115355134,373.84468342305576,261.9355115355134,17,194
0.16,0.0,0.84,1284.4094149278194,1.411086138268419,2591.6448562588557,0.0,0.0,262.09782696820696,370.305890399062,262.09782696820696,17,194
0.24,0.18,0.5800000000000001,1222.1505387741597,1.4104189234619988,2660.5166630677136,0.0,0.0,262.9168936288866,374.11968282573537,262.9168936288866,17,194
0.38,0.46,0.15999999999999998,1196.4797419793322,1.3965442455421626,2751.291989897628,0.0,0.0,263.13957438077983,379.67561489741087,263.13957438077983,17,194
0.42,0.52,0.06000000000000005,1202.040041322323,1.3905018494196952,2773.158541990286,0.0,0.0,263.2525637269906,381.97111318467626,263.2525637269906,17,194
0.3,0.32,0.37999999999999995,1190.6077000098414,1.4072730886232587,2707.8681925110095,0.0,0.0,263.49019414797266,376.9710600743887,263.49019414797266,17,194
0.32,0.36,0.31999999999999995,1187.444576235136,1.4051972395764172,2720.637878799227,0.0,0.0,263.60155632931475,377.7866871637679,263.60155632931475,17,194
0.28,0.28,0.43999999999999995,1192.529898082409,1.4093777297534047,2695.9771644098555,0.0,0.0,263.70532864582276,376.5648863021021,263.70532864582276,17,194
0.22,0.14,0.64,1226.3034292084076,1.4118070645179124,2648.639226961114,0.0,0.0,263.8425746851889,374.3975769853683,263.8425746851889,17,194
0.2,0.1,0.7000000000000001,1233.4740298554027,1.4131517087173409,2634.864505822798,0.0,0.0,264.0912751032811,373.93670707319575,264.0912751032811,17,194
0.18,0.06,0.76,1245.3239756486291,1.41368137301762,2619.5833292686875,0.0,0.0,264.21775960150353,373.3023145471381,264.21775960150353,17,194
0.34,0.4,0.2599999999999999,1182.2191041305834,1.4032688057675036,2734.625304248916,0.0,0.0,264.2481686363951,379.0775158462682,264.2481686363951,17,194
0.16,0.02,0.82,1258.0246161983646,1.4138800977774562,2604.613486463721,0.0,0.0,264.3624325182765,372.85161294147275,264.3624325182765,17,194
0.26,0.24,0.5,1194.0186500611544,1.411394519791276,2684.6369877010425,0.0,0.0,264.4268287938606,376.49766286301684,264.4268287938606,17,194
0.4,0.5,0.09999999999999998,1183.3241095445778,1.3953237859373033,2769.6635806661843,0.0,0.0,265.01845819928684,382.44396979958697,265.01845819928684,17,194
0.24,0.2,0.56,1195.8985547461743,1.4132046484460956,2673.5134382864567,0.0,0.0,265.3353896020835,376.6925381612141,265.3353896020835,17,194
0.36,0.44,0.2,1174.1619960480823,1.4016011443015302,2750.1420904448214,0.0,0.0,265.412873491079,380.89990542593034,265.412873491079,17,194
0.44,0.56,0.0,1182.2884235725062,1.3899171781227015,2795.1263469344244,0.0,0.0,265.89354249140655,385.7714117475151,265.89354249140655,17,194
0.22,0.16,0.62,1199.8408092337797,1.41460118452261,2661.778452270766,0.0,0.0,266.27989106103274,376.99480448930683,266.27989106103274,17,194
0.3,0.34,0.35999999999999993,1161.4310278357339,1.4103991928459012,2722.141422616679,0.0,0.0,266.54303615389,380.02198466582246,266.54303615389,17,194
0.28,0.3,0.42,1164.265015925199,1.4123944275416846,2709.8624705114103,0.0,0.0,266.58956064630706,379.47642932273857,266.58956064630706,17,194
0.18,0.08,0.7400000000000001,1218.1221764679503,1.4165198991800132,2633.085238309726,0.0,0.0,266.6283302009007,376.0382916244058,266.6283302009007,17,194
0.2,0.12,0.68,1206.099887034534,1.415961433323435,2648.5889133499404,0.0,0.0,266.69818613309815,376.76075787223857,266.69818613309815,17,194
0.16,0.04,0.7999999999999999,1230.8635039323326,1.4167705913232467,2617.9323084442194,0.0,0.0,266.7331897652783,375.5096589545023,266.7331897652783,17,194
0.14,0.0,0.86,1244.8071167132885,1.416639316660925,2602.9459939796143,0.0,0.0,266.8207480174806,375.1272613323619,266.8207480174806,17,194
0.32,0.38,0.29999999999999993,1157.038543038107,1.4084834381136166,2735.409001836596,0.0,0.0,266.9329952076097,381.00154023418276,266.9329952076097,17,194
0.38,0.48,0.14,1162.700387357613,1.4002814932531364,2767.3946279935667,0.0,0.0,267.0430780901646,383.2957012737297,267.0430780901646,17,194
0.26,0.26,0.48,1166.3634755829917,1.4143496310707036,2698.240129175412,0.0,0.0,267.078261219671,379.29405843600495,267.078261219671,17,194
0.42,0.54,0.040000000000000036,1165.8233687828847,1.3945834527178043,2790.1759675315043,0.0,0.0,267.4054009449077,385.84193047480204,267.4054009449077,17,194
0.24,0.22,0.54,1168.5682514450396,1.4161429772001233,2686.9347697527014,0.0,0.0,267.8942401317298,379.39758118089924,267.8942401317298,17,194
0.34,0.42,0.23999999999999994,1150.2802542100083,1.406764794305213,2749.991813523878,0.0,0.0,267.89737329398207,382.47970468218443,267.89737329398207,17,194
0.22,0.18,0.6000000000000001,1172.3504735848094,1.417586876869303,2675.2412365967234,0.0,0.0,268.7858781200977,379.6504303549878,268.7858781200977,17,194
0.4,0.52,0.07999999999999996,1147.171734386856,1.399408185005406,2786.6458239963367,0.0,0.0,269.1767751552528,386.30854546820177,269.1767751552528,17,194
0.16,0.06,0.78,1202.850510314012,1.419769694564561,2631.6277257523993,0.0,0.0,269.21469970990694,378.2875737195762,269.21469970990694,17,194
0.14,0.02,0.84,1216.7713242149712,1.4197014426081616,2616.4783131581394,0.0,0.0,269.2412187663061,377.832238930015,269.2412187663061,17,194
0.18,0.1,0.7200000000000001,1189.9982643978349,1.4194793225015112,2646.984767945833,0.0,0.0,269.25230903094285,378.8994698437774,269.25230903094285,17,194
0.36,0.46,0.18,1140.2883450466793,1.4053697128322813,2766.253183122379,0.0,0.0,269.3252946240475,384.51875866386035,269.3252946240475,17,194
0.2,0.14,0.66,1178.6219873233995,1.4187888618635855,2662.322284733664,0.0,0.0,269.3588836316104,379.6301970516622,269.3588836316104,17,194
0.28,0.32,0.39999999999999997,1134.4807222085508,1.415633188075041,2724.327561693424,0.0,0.0,269.6747530594138,382.55946488185185,269.6747530594138,17,194
0.3,0.36,0.33999999999999997,1130.5502300783817,1.413776737380458,2737.0585650478342,0.0,0.0,269.8196653021402,383.25991562675074,269.8196653021402,17,194
0.26,0.28,0.45999999999999996,1137.3550662173077,1.417500409466685,2712.3653577273503,0.0,0.0,269.90155676815084,382.2479833233578,269.90155676815084,17,194
0.32,0.4,0.2799999999999999,1124.7243341253677,1.4120536047113528,2750.8946811747965,0.0,0.0,270.57860019015317,384.4206462072285,270.57860019015317,17,194
0.24,0.24,0.52,1140.0332412113878,1.4192533870406807,2700.8267527050616,0.0,0.0,270.60929928732156,382.2476032514657,270.60929928732156,17,194
0.38,0.5,0.12,1126.544233071426,1.4043803400846742,2784.3626916664316,0.0,0.0,271.2345135616622,387.1565973807165,271.2345135616622,17,194
0.22,0.2,0.5800000000000001,1143.7814881303489,1.4207244750104,2689.1319768407025,0.0,0.0,271.42599469344924,382.4403747937583,271.42599469344924,17,194
0.12,0.0,0.88,1203.2898834670982,1.4224413017346802,2615.112823359357,0.0,0.0,271.71235690935663,380.24222696008917,271.71235690935663,17,194
0.34,0.44,0.21999999999999992,1116.1930592057995,1.4105828163843994,2766.1588608686275,0.0,0.0,271.7973425057456,386.10610170437536,271.7973425057456,17,194
0.14,0.04,0.82,1187.869562992,1.4228733266399842,2630.395635231573,0.0,0.0,271.79902971238386,380.6602253229987,271.79902971238386,17,194
0.42,0.56,0.020000000000000018,1126.961620108498,1.3990728999087745,2808.1386610177733,0.0,0.0,271.8675215906159,389.9712583469042,271.8675215906159,17,194
0.16,0.08,0.76,1173.9018582471322,1.4228907121585117,2645.7292626542803,0.0,0.0,271.8959122489327,381.193829289176,271.8959122489327,17,194
0.18,0.12,0.7000000000000001,1160.860690307966,1.4225741302045143,2661.314293841817,0.0,0.0,272.02622661518757,381.89509171139656,272.02622661518757,17,194
0.2,0.16,0.64,1150.2637415837962,1.4217382872966076,2676.408680076053,0.0,0.0,272.1363422247679,382.619458893637,272.1363422247679,17,194
0.28,0.34,0.37999999999999995,1103.0042660054833,1.4191205356289638,2739.4359757498705,0.0,0.0,272.97870781197986,385.83169725808585,272.97870781197986,17,194
0.26,0.3,0.44,1106.8374851457115,1.4208708060586943,2727.0699475025285,0.0,0.0,272.9954007833032,385.3753981621982,272.9954007833032,17,194
0.3,0.38,0.31999999999999995,1097.7739874013796,1.4174350954808301,2752.690032267152,0.0,0.0,273.4261908525102,386.7045600744465,273.4261908525102,17,194
0.24,0.26,0.5,1110.1527750660728,1.4225575092841851,2715.240975444957,0.0,0.0,273.4781984569146,385.25703814424116,273.4781984569146,17,194
0.36,0.48,0.16000000000000003,1104.0481119587344,1.409496363126386,2783.233230755198,0.0,0.0,273.4957952297406,388.3816539978519,273.4957952297406,17,194
0.4,0.54,0.05999999999999994,1108.3840439297126,1.4038965430921386,2804.578476610267,0.0,0.0,273.66741744713016,390.4335590130526,273.66741744713016,17,194
0.22,0.22,0.56,1114.0069548566375,1.4240335090275507,2703.4970065047555,0.0,0.0,274.21592008801895,385.3777213023469,274.21592008801895,17,194
0.12,0.02,0.86,1173.4166974358316,1.4257988967493462,2629.2826633729665,0.0,0.0,274.3459711945116,383.1288469141861,274.3459711945116,17,194
0.32,0.42,0.25999999999999995,1090.2902073088196,1.415940257119178,2767.1728310250555,0.0,0.0,274.4786447930597,388.06602023777776,274.4786447930597,17,194
0.14,0.06,0.8,1158.0164444658176,1.4261684969464683,2644.7282024635424,0.0,0.0,274.5436115837286,383.6199755299093,274.5436115837286,17,194
0.16,0.1,0.74,1143.924513030005,1.4261483335704361,2660.269969520881,0.0,0.0,274.70493809638225,384.23795510628617,274.70493809638225,17,194
0.2,0.18,0.6200000000000001,1120.6197300511078,1.4250280390447407,2690.717668376267,0.0,0.0,274.87425376281533,385.53231006498186,274.87425376281533,17,194
0.18,0.14,0.68,1130.6076318821465,1.4258203457892025,2676.110110446317,0.0,0.0,274.9317924394138,385.03557411881684,274.9317924394138,17,194
0.38,0.52,0.09999999999999998,1087.7570760256526,1.4088800748703179,2802.2887074442697,0.0,0.0,275.7011114234994,391.283659474055,275.7011114234994,17,194
0.34,0.46,0.1999999999999999,1079.7283382523988,1.4147580482360458,2783.20999353088,0.0,0.0,275.9619254093571,389.9812877994143,275.9619254093571,17,194
0.26,0.32,0.42,1074.6366743477013,1.424487488929921,2742.4181003106596,0.0,0.0,276.33160385378613,388.6944021972713,276.33160385378613,17,194
0.24,0.28,0.48,1078.7698257984791,1.4260794151416163,2730.235255635065,0.0,0.0,276.526462405034,388.44221464222875,276.526462405034,17,194
0.28,0.36,0.36,1069.64269908732,1.4228860243168393,2755.2589610734685,0.0,0.0,276.56943259170004,389.31325645874716,276.56943259170004,17,194
0.42,0.58,1.1102230246251565e-16,1085.1513231025554,1.4040160744416004,2827.1624749178523,0.0,0.0,276.7718444079207,394.39354291426196,276.7718444079207,17,194
0.22,0.24,0.54,1082.956194749976,1.4275282366816608,2718.347106182396,0.0,0.0,277.16774174995834,388.4710647775876,277.16774174995834,17,194
0.12,0.04,0.84,1142.5743003096004,1.4292814994145,2643.8775182485583,0.0,0.0,277.17183184128703,386.1509623362781,277.17183184128703,17,194
0.3,0.4,0.29999999999999993,1062.8884542097853,1.4214070221794088,2769.114820601051,0.0,0.0,277.331842033825,390.37838845398636,277.331842033825,17,194
0.14,0.08,0.78,1127.1171302046873,1.4296018947822764,2659.5098572069373,0.0,0.0,277.4258217747708,386.7213365304979,277.4258217747708,17,194
0.16,0.12,0.72,1112.8149750812352,1.4295588126025263,2675.2868893170935,0.0,0.0,277.6317568989708,387.43069005210396,277.6317568989708,17,194
0.2,0.2,0.6000000000000001,1089.7258171383885,1.4285287976497578,2705.4595576989773,0.0,0.0,277.7324079557377,388.5493181188314,277.7324079557377,17,194
0.36,0.5,0.14,1065.183112379029,1.4140208306532336,2801.17687410352,0.0,0.0,277.9461537933362,392.51613387748114,277.9461537933362,17,194
0.18,0.16,0.66,1099.1256383721102,1.4292357306950203,2691.4129542520436,0.0,0.0,277.9907317267197,388.3326802968992,277.9907317267197,17,194
0.4,0.56,0.039999999999999925,1066.6819458408222,1.4088321222775573,2823.562567290301,0.0,0.0,278.51286802441257,394.85337939816355,278.51286802441257,17,194
0.32,0.44,0.23999999999999994,1053.4992905788029,1.4201796897830665,2784.3309188050853,0.0,0.0,278.64487980584914,391.9628365007094,278.64487980584914,17,194
0.12,0.06,0.8200000000000001,1110.6657313633877,1.4329043523740055,2658.9321392710563,0.0,0.0,280.12341671193917,389.3187689743372,280.12341671193917,17,194
0.14,0.1,0.76,1095.0660891891148,1.4331900592265368,2674.778522048193,0.0,0.0,280.4264773514162,389.9754045699351,280.4264773514162,17,194
0.38,0.54,0.07999999999999996,1046.0544418527675,1.4138245670409908,2821.2765639615245,0.0,0.0,280.4936656557688,395.7084005762091,280.4936656557688,17,194
0.16,0.14,0.7,1080.4578849600957,1.4331401749244723,2690.821596235679,0.0,0.0,280.73896195991836,390.78416004000934,280.73896195991836,17,194
0.18,0.18,0.6400000000000001,1066.2880619356429,1.4328400177956198,2707.2686090397,0.0,0.0,281.19187035703203,391.7997211711647,281.19187035703203,17,194
0.4,0.58,0.020000000000000018,1021.7527013183651,1.4142632951677951,2843.7116676933183,0.0,0.0,283.77198630508764,399.60335294945736,283.77198630508764,17,194
0.1,0.0,0.9,1121.0746399312964,1.433043013168645,2639.3622178190253,0.0,0.0,285.32224325797415,394.20331385859237,285.32224325797415,16,194
0.1,0.02,0.88,1087.801719552701,1.4370117182683375,2654.491614946184,0.0,0.0,288.43821641679494,397.45755596010275,288.43821641679494,16,194
0.22,0.26,0.52,941.1704001420463,1.4616213698784686,2724.533489560154,0.0,0.0,291.4755146937974,396.99787426437945,291.4755146937974,16,194
0.2,0.22,0.5800000000000001,950.7177712151305,1.461582774681658,2713.032026434216,0.0,0.0,291.5751059442584,397.11348000285335,291.5751059442584,16,194
0.24,0.3,0.46,933.6640428734021,1.4613300888656924,2735.0953860407135,0.0,0.0,291.5812826740252,396.9479957647027,291.5812826740252,16,194
0.26,0.34,0.39999999999999997,925.7299183708426,1.4610071066294896,2745.9773350774326,0.0,0.0,292.15096627708266,397.20220042600977,292.15096627708266,16,194
0.28,0.38,0.33999999999999997,916.387430572769,1.4607917809796773,2757.5851227259473,0.0,0.0,293.0967742548954,397.8603996963896,293.0967742548954,16,194
0.14,0.12,0.74,960.5580992308111,1.4639962015443497,2686.40604552511,0.0,0.0,293.55138335514573,399.1528105083945,293.55138335514573,16,194
0.34,0.48,0.17999999999999994,915.7999833457258,1.4563994514947691,2781.265509564231,0.0,0.0,293.8664659308655,398.1787275212788,293.8664659308655,16,194
0.16,0.16,0.6799999999999999,942.8250751460295,1.4648437440172475,2701.9065286625614,0.0,0.0,294.37635581174214,400.11138151436165,294.37635581174214,16,194
0.3,0.42,0.27999999999999997,904.6739219881225,1.4608213731750543,2770.3169711237106,0.0,0.0,294.509699149755,399.01785684291934,294.509699149755,16,194
0.2,0.24,0.56,914.3583010429522,1.4660381032982697,2729.237820301814,0.0,0.0,295.13791554194046,400.8354094370277,295.13791554194046,16,194
0.18,0.2,0.6200000000000001,925.9575433183084,1.4656332303761022,2717.0318573633,0.0,0.0,295.1639505324439,400.93238312238924,295.1639505324439,16,194
0.22,0.28,0.5,904.4318164053466,1.4661298524852073,2740.82312226249,0.0,0.0,295.3113386529144,400.82331989364474,295.3113386529144,16,194
0.24,0.32,0.44,895.9568930648151,1.4659706067208935,2751.7362302736246,0.0,0.0,295.66789543479314,400.93348578505186,295.66789543479314,16,194
0.32,0.46,0.21999999999999992,889.6557661130092,1.461229803142918,2784.5572968992146,0.0,0.0,296.50542492201737,400.76462291895365,296.50542492201737,16,194
0.26,0.36,0.38,886.6692721312443,1.4658386972113975,2763.1112545824994,0.0,0.0,296.52437010798315,401.3860030155123,296.52437010798315,16,194
0.36,0.52,0.12,894.6805293055879,1.4574716807200632,2798.487860003821,0.0,0.0,296.9023839755017,400.9714635943205,296.9023839755017,16,194
0.14,0.14,0.72,923.3102501544872,1.4684269910320664,2703.2985677986953,0.0,0.0,297.2429984931154,403.1154023434958,297.2429984931154,16,194
0.28,0.4,0.31999999999999995,875.5620429568692,1.4658778817232103,2775.36273045033,0.0,0.0,297.77706567389896,402.2832922767533,297.77706567389896,16,194
0.16,0.18,0.6599999999999999,904.9576784981886,1.4693350487395493,2719.1050242899296,0.0,0.0,298.25303605455275,404.2058324719245,298.25303605455275,16,194
0.18,0.22,0.6000000000000001,888.2878317566988,1.4702968782293637,2733.735643902719,0.0,0.0,298.8601649758301,404.7687575834898,298.8601649758301,16,194
0.2,0.26,0.54,876.1943295962064,1.4707608721594456,2746.120731813607,0.0,0.0,299.03219818519216,404.7851200073108,299.03219818519216,16,194
0.34,0.5,0.15999999999999992,870.4396078142936,1.4621463877486507,2800.6703715940057,0.0,0.0,299.21797171081965,403.1835688192184,299.21797171081965,16,194
0.22,0.3,0.48000000000000004,865.689368576308,1.4709366863058384,2757.8616188325714,0.0,0.0,299.3975370902567,404.8975098247542,299.3975370902567,16,194
0.3,0.44,0.25999999999999995,861.6481387286672,1.4662297169976477,2788.8960907063133,0.0,0.0,299.52896398754274,403.7231899877838,299.52896398754274,16,194
0.24,0.34,0.42,856.0144733275018,1.4709452248211474,2769.210104198114,0.0,0.0,300.0972878947787,405.1922652717258,300.0972878947787,16,194
0.38,0.56,0.05999999999999994,868.1599018838233,1.459222162296713,2818.1001536101885,0.0,0.0,300.64755243298,404.5413226106219,300.64755243298,16,194
0.08,0.0,0.92,973.9249178297541,1.4658694309790585,2651.394943925772,0.0,0.0,300.9882016295197,406.79982055209575,300.9882016295197,15,194
0.14,0.16,0.7,884.4032224207813,1.473096480081486,2720.8410648446807,0.0,0.0,301.145979943462,407.29605686505874,301.145979943462,16,194
0.26,0.38,0.36,845.113716736975,1.4710445192773312,2781.172721728146,0.0,0.0,301.2193101997841,405.87092521516723,301.2193101997841,16,194
0.32,0.48,0.19999999999999996,843.9720618144329,1.467032251704634,2804.1010331502084,0.0,0.0,301.8815088985263,405.79813029109704,301.8815088985263,16,194
0.1,0.04,0.86,951.2873161982493,1.4678358788856622,2667.759354860001,0.0,0.0,301.9961480234709,407.62577162413305,301.9961480234709,15,194
0.16,0.2,0.6399999999999999,865.2894262350145,1.4740879673266853,2737.0019737852326,0.0,0.0,302.36417091784534,408.5328550054462,302.36417091784534,16,194
0.36,0.54,0.09999999999999998,846.1174957236906,1.4637024897864241,2819.0324267368815,0.0,0.0,302.64592156019336,406.3571460034083,302.64592156019336,16,194
0.28,0.42,0.3,831.9518845867711,1.4713830821844214,2794.1732641157596,0.0,0.0,302.81010585848946,407.0388288978712,302.81010585848946,16,194
0.18,0.24,0.5800000000000001,848.8016536599888,1.475229213420191,2751.1234660812843,0.0,0.0,302.82128198492813,408.8366811551533,302.82128198492813,16,194
0.12,0.08,0.8,930.6541686649737,1.4693742782412498,2683.684936367511,0.0,0.0,302.90065124037744,408.46313860397083,302.90065124037744,15,194
0.2,0.28,0.52,836.0128405691347,1.475783398935947,2763.7604270015668,0.0,0.0,303.236037618178,408.98781313120924,303.236037618178,16,194
0.22,0.32,0.46,824.7062967110927,1.476077752477606,2775.7377567880512,0.0,0.0,303.8526511362734,409.24853555098986,303.8526511362734,16,194
0.08,0.02,0.9,935.7953636194391,1.4706356437744255,2668.061539158692,0.0,0.0,304.6815401771579,410.68326717957876,304.6815401771579,15,194
0.24,0.36,0.4,813.5735703410655,1.476293815485565,2787.615834473667,0.0,0.0,304.87235670773856,409.7557434561878,304.87235670773856,16,194
0.3,0.46,0.23999999999999994,815.5155692635834,1.472107125737995,2808.624797202829,0.0,0.0,304.9496343903259,408.79686129115686,304.9496343903259,16,194
0.34,0.52,0.1399999999999999,821.622203587242,1.4684186551520746,2821.34454138535,0.0,0.0,304.9750494160981,408.59208369113367,304.9750494160981,16,194
0.4,0.6,0.0,835.6899182950457,1.4617383783435283,2840.2854869361804,0.0,0.0,305.1981149410981,408.94374139301914,305.1981149410981,16,194
0.1,0.06,0.8400000000000001,913.0925031885519,1.4725706964481267,2684.544107423717,0.0,0.0,305.72690681994055,411.5917931919904,305.72690681994055,15,194
0.26,0.4,0.33999999999999997,800.7703781133266,1.4766689304282354,2800.271775247068,0.0,0.0,306.3280223425685,410.6922006864432,306.3280223425685,16,194
0.16,0.22,0.62,823.3594185670232,1.4793754958398388,2755.4002735523886,0.0,0.0,306.5097952299245,412.84550352125325,306.5097952299245,16,194
0.12,0.1,0.78,892.2110501869324,1.4741082177433256,2700.649364345869,0.0,0.0,306.7305629691268,412.52791592695905,306.7305629691268,15,194
0.38,0.58,0.040000000000000036,815.8582476992932,1.466021516111312,2839.9781457126323,0.0,0.0,306.90554550903164,410.36375527755354,306.90554550903164,16,194
0.18,0.26,0.56,807.2828736172856,1.4804629969133591,2769.276226396795,0.0,0.0,307.07032311053223,413.1619364035047,307.07032311053223,16,194
0.06,0.0,0.94,921.5200114016964,1.4731956050957469,2668.0560557769363,0.0,0.0,307.3153167588619,413.72935984306673,307.3153167588619,15,194
0.32,0.5,0.17999999999999994,794.8256719302146,1.473359177597767,2824.9225546108214,0.0,0.0,307.666497797669,411.23815493658583,307.666497797669,16,194
0.2,0.3,0.5,793.5737907026773,1.4811420353978784,2782.2469658505347,0.0,0.0,307.7704471062581,413.4722050293683,307.7704471062581,16,194
0.28,0.44,0.27999999999999997,785.2308748519496,1.4773567742958662,2814.1392460848856,0.0,0.0,308.28186708540846,412.16665986595217,308.28186708540846,16,194
0.08,0.04,0.88,896.2971148061558,1.475591615967498,2685.2832951072614,0.0,0.0,308.52691883225674,414.760372589597,308.52691883225674,15,194
0.22,0.34,0.44,781.2155233533854,1.4815934593810378,2794.551961574223,0.0,0.0,308.6776344857169,413.9084745518994,308.6776344857169,16,194
0.36,0.56,0.07999999999999996,793.7250247974714,1.4705179983724188,2840.974531708196,0.0,0.0,308.87482089456523,412.19166181534837,308.87482089456523,16,194
0.1,0.08,0.8200000000000001,873.4246015347471,1.4775126403471766,2701.918619679298,0.0,0.0,309.65407305924737,415.76170308435064,309.65407305924737,15,194
0.24,0.38,0.38,768.3368826739194,1.4820613439606225,2807.065328964217,0.0,0.0,310.0299755277767,414.6598715286673,310.0299755277767,16,194
0.12,0.12,0.76,852.1786239435007,1.4790684048316902,2718.242551323468,0.0,0.0,310.7347079318881,416.8082971914676,310.7347079318881,15,194
0.3,0.48,0.21999999999999997,765.9130437003195,1.4785086313506866,2829.6394684253155,0.0,0.0,310.79233614601634,414.2820912883932,310.79233614601634,16,194
0.16,0.24,0.6,779.2124101189239,1.4849926296069493,2774.6424711294667,0.0,0.0,310.9345532624241,417.4320647081795,310.9345532624241,16,194
0.34,0.54,0.11999999999999988,768.9509352662839,1.4752765899671048,2843.4362281088597,0.0,0.0,311.2194773364264,414.4552232089007,311.2194773364264,16,194
0.06,0.02,0.9199999999999999,880.6023725159209,1.4783905383771843,2685.7589467625858,0.0,0.0,311.28073818461377,417.9296738582242,311.28073818461377,15,194
0.18,0.28,0.54,763.4875382526621,1.4860351397099885,2788.285532870531,0.0,0.0,311.6653432318411,417.7739294995012,311.6653432318411,16,194
0.26,0.42,0.32,753.3079762071103,1.4827620297687563,2820.5331721601756,0.0,0.0,311.84372164342255,415.8902585552577,311.84372164342255,16,194
0.08,0.06,0.8600000000000001,855.2907596533072,1.4807589634577176,2703.111178514513,0.0,0.0,312.5575022211421,419.0476516507493,312.5575022211421,15,194
0.2,0.32,0.48000000000000004,748.6059386278308,1.4868777892962586,2801.6824050304695,0.0,0.0,312.6310248081133,418.27111599001967,312.6310248081133,16,194
0.38,0.6,0.020000000000000018,759.3108872847324,1.4734717778959106,2863.3978976742983,0.0,0.0,313.6334044963165,416.68561607612236,313.6334044963165,16,194
0.1,0.1,0.8,832.132085349206,1.4826851269040002,2719.9384771030373,0.0,0.0,313.75963061548435,420.15352387839414,313.75963061548435,15,194
0.22,0.36,0.42000000000000004,734.9148792828236,1.4875294546784992,2814.418139630233,0.0,0.0,313.8870341415295,418.91407323922414,313.8870341415295,16,194
0.04,0.0,0.96,866.3716415122551,1.480916191740063,2685.8181927231717,0.0,0.0,313.9104993926139,421.0568889854256,313.9104993926139,15,194
0.32,0.52,0.15999999999999992,741.8121133870984,1.480271918573059,2847.1735568408308,0.0,0.0,313.9707462157319,417.13776163805704,313.9707462157319,16,194
0.28,0.46,0.25999999999999995,735.02958821722,1.4838548344807887,2835.3997841081355,0.0,0.0,314.16569842999564,417.7119986285071,314.16569842999564,16,194
0.12,0.14,0.74,810.3915336418075,1.4842803148630448,2736.525356716779,0.0,0.0,314.9864377377979,421.3240243342334,314.9864377377979,15,194
0.06,0.04,0.8999999999999999,838.1377669141423,1.4838016562862524,2704.085773738194,0.0,0.0,315.41900312098676,422.3470519939788,315.41900312098676,15,194
0.24,0.4,0.36,719.9675413455132,1.488298685914017,2827.6856790016154,0.0,0.0,315.6030663160017,419.94593679564963,315.6030663160017,16,194
0.16,0.26,0.58,733.6620214010388,1.4908333859196987,2794.3447136874474,0.0,0.0,315.61098641137335,422.2155953089321,315.61098641137335,16,194
0.36,0.58,0.06000000000000005,737.0235462282283,1.4779898435524872,2864.5010325872126,0.0,0.0,315.6342236041493,418.5342121792047,315.6342236041493,16,194
0.14,0.18,0.6799999999999999,789.3618496734698,1.4856512584324535,2753.146300157975,0.0,0.0,316.45195162792044,422.63353492058553,316.45195162792044,15,194
0.18,0.3,0.52,717.1395310171915,1.4919873504997412,2808.2553695825277,0.0,0.0,316.6342363526883,422.7063015593904,316.6342363526883,16,194
0.08,0.08,0.8400000000000001,812.6203213779049,1.4861617671504253,2721.6025211109736,0.0,0.0,316.78765464266235,423.5637681679196,316.78765464266235,15,194
0.3,0.5,0.19999999999999996,712.4284002487382,1.485496601387494,2852.095195058933,0.0,0.0,317.0912429850462,420.2313744263355,317.0912429850462,16,194
0.26,0.44,0.3,702.3505198302862,1.4893805989541384,2842.098804992245,0.0,0.0,317.76259516406844,421.51164931977644,317.76259516406844,16,194
0.2,0.34,0.46,700.8018690371368,1.4930370662147694,2822.1827096276475,0.0,0.0,317.89962850217734,423.4221783911145,317.89962850217734,16,194
0.34,0.56,0.09999999999999987,711.9754256872856,1.482788568209091,2867.113986880016,0.0,0.0,318.050577365399,420.8304262450348,318.050577365399,16,194
0.1,0.12,0.78,789.0451008726471,1.4881142999012806,2738.666310719227,0.0,0.0,318.06821582221033,424.78766074508485,318.06821582221033,15,194
0.04,0.02,0.94,822.3233392699299,1.4865903678502312,2704.691536164474,0.0,0.0,318.1971280144673,425.61748019354735,318.1971280144673,15,194
0.22,0.38,0.4,685.4613882699279,1.4939374776610588,2835.4658727489978,0.0,0.0,319.5262485098757,424.30756998638833,319.5262485098757,16,194
0.12,0.16,0.72,766.6640549656382,1.4897724547967293,2755.5664722619895,0.0,0.0,319.53473613532935,426.09749447692167,319.53473613532935,15,194
0.06,0.06,0.8799999999999999,793.9652526806477,1.4894537833563541,2723.095805056822,0.0,0.0,319.7912602867006,427.00086182955107,319.7912602867006,15,194
0.28,0.48,0.24,680.9279798768946,1.490940709824583,2858.113357861659,0.0,0.0,320.4750578615325,423.72626837048193,320.4750578615325,16,194
0.32,0.54,0.1399999999999999,684.4714516159386,1.487840123900029,2871.026871915623,0.0,0.0,320.80758955173945,423.5555175239203,320.80758955173945,16,194
0.02,0.0,0.98,808.2310908167665,1.4890703557128437,2704.7698615096137,0.0,0.0,320.8534725705387,428.81320841262095,320.8534725705387,15,194
0.38,0.62,0.0,698.0290746938787,1.4816475661871151,2888.54056885484,0.0,0.0,320.9497047318528,423.57076715793215,320.9497047318528,16,194
0.14,0.2,0.6599999999999999,744.7532052303732,1.4912454686983372,2772.583414327713,0.0,0.0,321.1736087986191,427.56994660201303,321.1736087986191,15,194
0.08,0.1,0.8200000000000001,768.1108539785641,1.491826930573178,2740.821946937506,0.0,0.0,321.21943964574876,428.3298633303643,321.21943964574876,15,194
0.24,0.42,0.34,668.0825260176964,1.4950636096158016,2849.6216856080036,0.0,0.0,321.57042321345506,425.66152249212223,321.57042321345506,16,194
0.18,0.32,0.5,667.9253784162354,1.4983669098085466,2829.3040931587666,0.0,0.0,321.96995712072527,427.99766447651405,321.96995712072527,16,194
0.1,0.14,0.76,743.9727554646688,1.4938294340702007,2758.1728422484316,0.0,0.0,322.6498849624636,429.68727320233637,322.6498849624636,15,194
0.04,0.04,0.9199999999999999,776.5186504442829,1.4925117810937119,2724.269604722918,0.0,0.0,322.7103502060667,430.4228258740204,322.7103502060667,15,194
0.36,0.6,0.040000000000000036,675.5197079709222,1.4861931959268448,2889.7945453621296,0.0,0.0,322.9847138765062,425.44961489497956,322.9847138765062,16,194
0.2,0.36,0.44000000000000006,650.0718829071452,1.4996441779870433,2843.7331591436623,0.0,0.0,323.5866178283479,428.94449893606384,323.5866178283479,16,194
0.3,0.52,0.17999999999999994,654.5920699115044,1.4931419961657462,2876.1690014631304,0.0,0.0,323.9386536945418,426.7053183884376,323.9386536945418,16,194
0.26,0.46,0.27999999999999997,647.4697006171023,1.496589237253479,2865.1306183118427,0.0,0.0,324.1173543590369,427.6088385057857,324.1173543590369,16,194
0.12,0.18,0.7,720.7870288906845,1.4955768198093864,2775.443603709004,0.0,0.0,324.3632902557299,431.1541825585561,324.3632902557299,15,194
0.06,0.08,0.86,747.9041913679206,1.4953746748635972,2742.855881100837,0.0,0.0,324.37404418949194,431.9130547983089,324.37404418949194,15,194
0.34,0.58,0.07999999999999996,650.1824469913144,1.4910323987661234,2892.5702711745844,0.0,0.0,325.4266395316471,427.7842574612533,325.4266395316471,16,194
0.02,0.02,0.96,760.6589857360433,1.4952818825113394,2724.9670376491645,0.0,0.0,325.4914160249913,433.78422494718143,325.4914160249913,15,194
0.22,0.4,0.38,632.4643856039617,1.500876385470799,2857.8430603069028,0.0,0.0,325.57160849159214,430.1376919438486,325.57160849159214,16,194
0.08,0.12,0.8,721.5656114136282,1.4977846011225213,2760.84246368172,0.0,0.0,325.92468253982844,433.36994443238723,325.92468253982844,15,194
0.14,0.22,0.64,697.7938105318627,1.4971958177374787,2792.9057985615577,0.0,0.0,326.17775562810004,432.7937893869938,326.17775562810004,15,194
0.28,0.5,0.21999999999999997,622.4465733176762,1.4986867336725238,2882.461195758282,0.0,0.0,327.34653287124564,430.272330793738,327.34653287124564,16,194
0.04,0.06,0.8999999999999999,728.7706439916341,1.4987091303411402,2744.621678250203,0.0,0.0,327.44038178068394,435.495762846499,327.44038178068394,15,194
0.1,0.16,0.74,696.6999173281642,1.499863411528185,2778.538117336721,0.0,0.0,327.60394504671933,434.8787163862414,327.60394504671933,15,194
0.18,0.34,0.48000000000000004,615.4880068027005,1.5052276005753462,2851.566832428707,0.0,0.0,327.7423183473432,433.69249105313395,327.7423183473432,16,194
0.24,0.44,0.32,612.2447061441751,1.5024219631462892,2873.0389137198927,0.0,0.0,327.98591037717773,431.8612593448887,327.98591037717773,16,194
0.0,0.0,1.0,746.785956068592,1.4977064219857028,2725.0257221865504,0.0,0.0,328.13272905190286,437.0368167195579,328.13272905190286,15,194
0.32,0.56,0.11999999999999988,622.278537716095,1.4961432137235673,2896.680201286098,0.0,0.0,328.1915343837714,430.5593808394836,328.1915343837714,16,194
0.06,0.1,0.84,699.7512841609324,1.5015954577823445,2763.4415568784552,0.0,0.0,329.1973102057292,437.10857387853395,329.1973102057292,15,194
0.12,0.2,0.6799999999999999,672.5242317746614,1.5017294338755076,2796.2448690042866,0.0,0.0,329.4996094884836,436.52314449675947,329.4996094884836,15,194
0.2,0.38,0.42000000000000004,595.7665450695372,1.506786352324557,2866.627261941914,0.0,0.0,329.728914412115,434.9112026482862,329.728914412115,16,194
0.02,0.04,0.94,711.0831260244288,1.5017773365572646,2745.964369913802,0.0,0.0,330.38205329204527,439.03292148223983,330.38205329204527,15,194
0.08,0.14,0.78,672.7626994810479,1.5040686684432343,2781.7467528876873,0.0,0.0,330.96812519943086,438.7113469633781,330.96812519943086,15,194
0.36,0.62,0.020000000000000018,608.66077828084,1.495212666846358,2917.057562240393,0.0,0.0,330.97774193071444,433.01220381087296,330.97774193071444,16,194
0.26,0.48,0.26,588.1756594058877,1.5044617393185526,2889.8141501711057,0.0,0.0,331.0186390306914,434.2452203349529,331.0186390306914,16,194
0.3,0.54,0.15999999999999992,591.866835825558,1.5015258982598205,2902.0637668360423,0.0,0.0,331.3358400502803,433.7733521269007,331.3358400502803,16,194
0.14,0.24,0.62,647.9682939880103,1.5037731368928953,2813.955962538885,0.0,0.0,331.43197293329877,438.07906901603303,331.43197293329877,15,194
0.22,0.42,0.36000000000000004,575.477181223295,1.508413396291892,2881.7191205287327,0.0,0.0,332.0610820810829,436.4608688011126,332.0610820810829,16,194
0.04,0.08,0.88,678.8687604434874,1.505214630185235,2765.826123519037,0.0,0.0,332.4095257553925,440.86225969663366,332.4095257553925,15,194
0.1,0.18,0.72,646.9834199253137,1.5062532869641583,2799.8529676396784,0.0,0.0,332.86684585178256,440.392067228188,332.86684585178256,15,194
0.16,0.28,0.5599999999999999,624.6144254940791,1.5059739116939892,2830.562077460483,0.0,0.0,333.08375295254524,439.1195435930311,333.08375295254524,15,194
0.0,0.02,0.98,695.2369535508421,1.5045224004378737,2746.722909695004,0.0,0.0,333.18047901206313,442.4764556525876,333.18047901206313,15,194
0.34,0.6,0.05999999999999994,582.9845612818381,1.5000970226893144,2920.025770926279,0.0,0.0,333.40626413112625,435.3941463349746,333.40626413112625,16,194
0.06,0.12,0.82,649.2770597746689,1.5081511534996583,2784.9384554058497,0.0,0.0,334.33406953573495,442.6158389305185,334.33406953573495,15,194
0.28,0.52,0.19999999999999996,559.0357138083883,1.5071757296726485,2908.6513942378683,0.0,0.0,334.77334781967886,437.42119118200003,334.77334781967886,16,194
0.24,0.46,0.3,551.9531577169505,1.5104491186945246,2898.1274087202164,0.0,0.0,334.93854129169205,438.6083939657037,334.93854129169205,16,194
0.12,0.22,0.66,621.6080576013995,1.5082709928803157,2818.0704608741726,0.0,0.0,334.98875677748794,442.237619041707,334.98875677748794,15,194
0.02,0.06,0.9199999999999999,659.2849794984797,1.5085901285458427,2767.843302791245,0.0,0.0,335.51097802121797,444.5863837767655,335.51097802121797,15,194
0.32,0.58,0.09999999999999998,554.6310713891062,1.5052721628726493,2924.3606825967026,0.0,0.0,336.18814769415474,438.2285146520252,336.18814769415474,16,194
0.08,0.16,0.76,621.4510969790015,1.5107173568350718,2803.628702655552,0.0,0.0,336.3102507822132,444.38528647883146,336.3102507822132,15,194
0.2,0.4,0.4,537.424092217122,1.5145328244061365,2891.0412036328257,0.0,0.0,336.3209305581941,441.38068384569635,336.3209305581941,16,194
0.14,0.26,0.6,595.2512068425425,1.5107764968347699,2836.115168672991,0.0,0.0,337.0956105396178,443.736391484442,337.0956105396178,15,194
0.04,0.1,0.86,626.5751176815631,1.5120645606975607,2787.9718177608884,0.0,0.0,337.6528245276545,446.55192800823176,337.6528245276545,15,194
0.0,0.04,0.96,641.3903219222198,1.511665905741969,2769.3336314034623,0.0,0.0,338.47075795369494,448.2331342085965,338.47075795369494,15,194
0.26,0.5,0.24,523.9057010404326,1.5130827788470598,2916.3628614473896,0.0,0.0,338.49350012184055,441.49405753638314,338.49350012184055,16,194
0.1,0.2,0.7,594.5475378333861,1.513040961422364,2822.22075299778,0.0,0.0,338.49397066724885,446.26175489697226,338.49397066724885,15,194
0.16,0.3,0.54,571.6658098532272,1.5130181170026624,2852.7176670825083,0.0,0.0,338.86634960442456,444.8705137150572,338.86634960442456,15,194
0.22,0.44,0.34,513.9868931844027,1.5166256052818974,2907.288894680023,0.0,0.0,339.08587253501025,443.34167217080534,339.08587253501025,16,194
0.3,0.56,0.1399999999999999,523.6352853064486,1.5107413861527417,2930.0130319744007,0.0,0.0,339.3498518356682,441.5164678874572,339.3498518356682,16,194
0.36,0.64,0.0,535.7895755437273,1.5051479164478652,2946.5362517279627,0.0,0.0,339.7119787120826,441.31031640566823,339.7119787120826,16,194
0.06,0.14,0.7999999999999999,596.2216924571669,1.5150813004004517,2807.443878652094,0.0,0.0,339.82691699835704,448.4673272477999,339.82691699835704,15,194
0.02,0.08,0.9,605.0174049743111,1.5157579261862575,2790.6962859030955,0.0,0.0,340.9273118678778,450.47552544743576,340.9273118678778,15,194
0.12,0.24,0.64,567.696017446812,1.5152824541713747,2840.9962966570843,0.0,0.0,340.97868523873535,448.2969251140615,340.97868523873535,15,194
0.08,0.18,0.74,567.3459033005288,1.5177739329664215,2826.5952377630274,0.0,0.0,342.07147798711543,450.4275209469056,342.07147798711543,15,194
0.34,0.62,0.039999999999999925,509.70616226648974,1.510084600464471,2949.7347470042646,0.0,0.0,342.08319200645184,443.7505205436515,342.08319200645184,16,194
0.24,0.48,0.28,486.6313008689993,1.5192317417117773,2925.1062501134884,0.0,0.0,342.481828022388,445.9788168293247,342.481828022388,16,194
0.28,0.54,0.17999999999999994,490.0623709365206,1.516502981296484,2936.923978236576,0.0,0.0,342.82167828594135,445.25580028901055,342.82167828594135,16,194
0.14,0.28,0.58,539.3059514924048,1.5182566259614207,2859.5105490673564,0.0,0.0,343.11503013354303,449.80880060639055,343.11503013354303,15,194
0.04,0.12,0.84,571.620103403874,1.5192999235075701,2811.159846460786,0.0,0.0,343.3011445868129,452.59863492595093,343.3011445868129,15,194
0.2,0.42,0.38000000000000006,474.5185776191091,1.5229625879247393,2917.174999858548,0.0,0.0,343.44219390107224,448.42007601158025,343.44219390107224,16,194
0.0,0.06,0.94,584.9888007615575,1.5191761237120964,2792.9542321302456,0.0,0.0,344.07022803349474,454.3391813189722,344.07022803349474,15,194
0.1,0.22,0.68,539.0785654513917,1.5202739898009816,2845.7594485284885,0.0,0.0,344.51578145781656,452.5273200206714,344.51578145781656,15,194
0.32,0.6,0.07999999999999996,480.83490072635755,1.5153316969136332,2954.3305167614453,0.0,0.0,344.88884176510703,446.65551842052184,344.88884176510703,16,194
0.16,0.32,0.52,515.3280465516871,1.520567513730999,2876.152544990041,0.0,0.0,345.09162615891023,451.0561269158687,345.09162615891023,15,194
0.06,0.16,0.7799999999999999,540.2899965581759,1.5224306991948342,2831.068735096285,0.0,0.0,345.6918498382573,454.7002715121156,345.6918498382573,15,194
0.26,0.52,0.21999999999999997,454.01040245035097,1.5225499808674763,2945.0234665220923,0.0,0.0,346.59531776802123,449.44042355869146,346.59531776802123,16,194
0.02,0.1,0.88,547.9999941643244,1.5233233474654626,2814.6285682955186,0.0,0.0,346.70190003194375,456.7357362705923,346.70190003194375,15,194
0.22,0.46,0.32,447.40196287519115,1.5256018460487042,2934.7774420508335,0.0,0.0,346.7198461076596,450.8576965032516,346.7198461076596,16,194
0.12,0.26,0.62,510.2284630386836,1.523009181523293,2864.940339096569,0.0,0.0,347.12736847000025,454.52962884555967,347.12736847000025,15,194
0.18,0.36,0.4600000000000001,492.84011892835434,1.522625967437078,2892.1251091727436,0.0,0.0,347.27823822254726,452.37878739639257,347.27823822254726,15,194
0.3,0.58,0.12,449.18432176589437,1.5208958463674125,2960.286934879447,0.0,0.0,348.0696836437062,450.029557009703,348.0696836437062,16,194
0.08,0.2,0.72,510.1226312993018,1.5252875558831445,2850.768516875493,0.0,0.0,348.2239306797253,456.8791498410744,348.2239306797253,15,194
0.04,0.14,0.82,513.6970888047381,1.5269672288834406,2835.5055390537314,0.0,0.0,349.3300664687893,459.04124084153887,349.3300664687893,15,194
0.14,0.3,0.56,479.74760353638067,1.5262714630496692,2884.287809268635,0.0,0.0,349.55515771819404,456.3459244575067,349.55515771819404,15,194
0.0,0.08,0.92,525.7401516276395,1.5270974453071426,2817.6945140099438,0.0,0.0,350.0099774056197,460.8316467199855,350.0099774056197,15,194
0.24,0.5,0.26,415.612261099385,1.5288699739144316,2954.229171982265,0.0,0.0,350.6584836126924,454.0599243649561,350.6584836126924,16,194
0.1,0.24,0.66,480.2182837154698,1.5280065540733234,2870.6041592474153,0.0,0.0,351.0936048219947,459.23433394781733,351.0936048219947,15,194
0.2,0.44,0.36000000000000004,406.4421130902843,1.5321668573765905,2945.2601582213483,0.0,0.0,351.1850289890998,456.10805016868386,351.1850289890998,16,194
0.34,0.64,0.019999999999999907,429.56619549435015,1.5211130949788916,2981.991639562452,0.0,0.0,351.53829512901734,452.95944036825534,351.53829512901734,16,194
0.28,0.56,0.15999999999999992,414.79380931637513,1.52677866830515,2967.557164602238,0.0,0.0,351.5786845656058,453.87350153717784,351.5786845656058,16,194
0.16,0.34,0.49999999999999994,455.16748056092047,1.528687280048622,2901.031326951591,0.0,0.0,351.78410799036146,457.7320416316017,351.78410799036146,15,194
0.06,0.18,0.76,481.14540246134993,1.5302503100665203,2855.9398589680895,0.0,0.0,351.980552473171,461.3575033901,351.980552473171,15,194
0.02,0.12,0.86,487.9134732709036,1.531334794133881,2839.7603542834445,0.0,0.0,352.90316368065345,463.40766412998823,352.90316368065345,15,194
0.12,0.28,0.6,449.0589206239123,1.5312831850828579,2890.303328875815,0.0,0.0,353.7096427330887,461.2406608088072,353.7096427330887,15,194
0.32,0.62,0.05999999999999994,400.0857807927241,1.5264430164269034,2986.8939543171196,0.0,0.0,354.3806783900446,455.9491922902689,354.3806783900446,16,194
0.18,0.38,0.44000000000000006,430.2003553266453,1.5311094268115775,2917.910124632615,0.0,0.0,354.4248818236209,459.40372407418016,354.4248818236209,15,194
0.08,0.22,0.7000000000000001,449.41031397189226,1.5333143037941086,2876.288585851866,0.0,0.0,354.84866777352227,463.78758356508285,354.84866777352227,15,194
0.22,0.48,0.30000000000000004,375.0367082271706,1.5354449935941648,2964.445973267307,0.0,0.0,354.9988633192481,459.0992059669985,354.9988633192481,16,194
0.26,0.54,0.19999999999999996,377.7363803277553,1.5329764919739028,2976.082547398111,0.0,0.0,355.4207465050251,458.1843161054965,355.4207465050251,16,194
0.04,0.16,0.7999999999999999,452.45605255680334,1.5351194452280543,2861.140923640651,0.0,0.0,355.8209893159161,465.92449266234354,355.8209893159161,15,194
0.0,0.1,0.9,463.31121276843305,1.5354803516636835,2843.6800258996227,0.0,0.0,356.3946225598681,467.7531322843269,356.3946225598681,15,194
0.14,0.32,0.54,417.2655844988725,1.5347389832381806,2910.0986940912594,0.0,0.0,356.47377452125,463.27816895542105,356.47377452125,15,194
0.3,0.6,0.09999999999999998,367.68589758868444,1.5321138491045683,2993.1995977063034,0.0,0.0,357.6128610415556,459.42431260670156,357.6128610415556,16,194
0.1,0.26,0.64,417.4949289541423,1.5363561419401346,2896.8490583260696,0.0,0.0,358.08300222040197,466.3737133624546,358.08300222040197,15,194
0.06,0.2,0.74,418.4026638343871,1.5385983388922735,2882.2028173344574,0.0,0.0,358.74975438259133,468.4884789699992,358.74975438259133,15,194
0.16,0.36,0.48,390.6853889445684,1.537452294211491,2927.543662208178,0.0,0.0,359.0851679050588,464.9628883381486,359.0851679050588,15,194
0.24,0.52,0.24,338.1206621506112,1.5394801481441602,2985.791554759626,0.0,0.0,359.591549239781,462.9546148214031,359.591549239781,16,194
0.02,0.14,0.84,424.39293576190585,1.5398474593779574,2866.229408740355,0.0,0.0,359.6179829159282,470.5381637185825,359.6179829159282,15,194
0.12,0.3,0.5800000000000001,383.7311393667647,1.540173005112397,2917.2584908666972,0.0,0.0,360.80815118538595,468.4895646611418,360.80815118538595,15,194
0.28,0.58,0.14,332.37722172249744,1.538130905133173,3000.8751767030317,0.0,0.0,361.19382241535624,463.38908203749105,361.19382241535624,16,194
0.34,0.66,0.0,341.6565966165465,1.5333194933963648,3017.139319305066,0.0,0.0,362.0172634435507,463.14587526856775,362.0172634435507,16,194
0.08,0.24,0.68,384.78312692599604,1.5419184220340942,2903.316601757164,0.0,0.0,362.0764115051653,471.2077264761949,362.0764115051653,15,194
0.18,0.4,0.42000000000000004,362.7531138760738,1.5403118290834765,2945.5107055766457,0.0,0.0,362.1450393986949,467.0435090294744,362.1450393986949,15,194
0.04,0.18,0.78,387.4958442049003,1.5438171513446122,2888.2177049084776,0.0,0.0,362.7418073972787,473.3001117966705,362.7418073972787,15,194
0.0,0.12,0.88,397.3206968342131,1.5443824864391544,2871.054836131949,0.0,0.0,363.32914988428234,475.15280258961894,363.32914988428234,15,194
0.14,0.34,0.52,350.6957169292209,1.543821976776105,2937.4331147828543,0.0,0.0,363.9144371702803,470.74433137484556,363.9144371702803,15,194
0.22,0.5,0.28,296.0920583399626,1.5462748363558885,2996.5992513280535,0.0,0.0,364.0825480626894,468.1722918874247,364.0825480626894,16,194
0.32,0.64,0.039999999999999925,311.44655271408635,1.5387472042648318,3022.406040129211,0.0,0.0,364.81118841895824,466.2379866842508,364.81118841895824,16,194
0.26,0.56,0.17999999999999994,294.2047389490185,1.5444941944564605,3009.874827878944,0.0,0.0,365.12055732758574,467.8438682086093,365.12055732758574,16,194
0.1,0.28,0.62,350.2660547641971,1.545547704996053,2924.5036343969255,0.0,0.0,365.32375244718486,473.8354674998829,365.32375244718486,15,194
0.06,0.22,0.72,351.618973330961,1.547541560631976,2910.0253292007897,0.0,0.0,366.0659113103851,476.15053280178694,366.0659113103851,15,194
0.02,0.16,0.82,357.01961202328545,1.5489245535518479,2894.194225028039,0.0,0.0,366.76379272785874,478.1814543624883,366.76379272785874,15,194
0.16,0.38,0.45999999999999996,321.3056688961127,1.5469489693823812,2955.908966673821,0.0,0.0,366.9658455083451,472.8240472819024,366.9658455083451,15,194
0.3,0.62,0.07999999999999996,278.17284436492923,1.5445407548339078,3029.118397030717,0.0,0.0,368.08608043452443,469.83286421531193,368.08608043452443,16,194
0.12,0.32,0.56,313.718246613853,1.5497577129495044,2946.006202429927,0.0,0.0,368.5814767055981,476.34564491233306,368.5814767055981,15,194
0.24,0.54,0.21999999999999997,253.24978943676444,1.5511981931903585,3020.1391963620654,0.0,0.0,369.4134761453704,472.7846731909379,369.4134761453704,16,194
0.08,0.26,0.66,315.75013966433664,1.5511738498559995,2932.0387763973995,0.0,0.0,369.7865112556111,479.2034296954617,369.7865112556111,15,194
0.04,0.2,0.76,318.35473618656636,1.5531299437297728,2916.910900165706,0.0,0.0,370.17415240703355,481.22812755974155,370.17415240703355,15,194
0.18,0.42,0.4000000000000001,289.8502175280334,1.5503303668672967,2975.1739030197027,0.0,0.0,370.4662079417669,475.3831793409839,370.4662079417669,15,194
0.0,0.14,0.86,327.3304109506639,1.5538699633309312,2899.9849119435794,0.0,0.0,370.72028067072307,483.08762064813385,370.72028067072307,15,194
0.28,0.6,0.12,241.81410699817175,1.5507095626340526,3037.258078428384,0.0,0.0,371.738649585271,473.9386062857365,371.738649585271,16,194
0.14,0.36,0.5,279.12132292335554,1.5536518977662963,2966.664233318933,0.0,0.0,371.92965919481225,478.8584800430941,371.92965919481225,15,194
0.1,0.3,0.6000000000000001,278.2154997570582,1.555453835871179,2954.0061066006556,0.0,0.0,373.2133176019586,481.92475028966857,373.2133176019586,15,194
0.06,0.24,0.7,280.28306627479395,1.557156942530691,2939.6014583321694,0.0,0.0,373.99095759150293,484.4104214578367,373.99095759150293,15,194
0.22,0.52,0.26,209.6313175638806,1.558231688984306,3031.5949033642733,0.0,0.0,374.0425244344026,478.2027547997953,374.0425244344026,16,194
0.02,0.18,0.8,285.3107936638851,1.5586388049041218,2923.837902574383,0.0,0.0,374.3744430252118,486.40054212828454,374.3744430252118,15,194
0.2,0.46,0.34,256.4951270925042,1.554003261733841,2994.880531636492,0.0,0.0,374.4124019666666,478.4370086376166,374.4124019666666,15,194
0.16,0.4,0.43999999999999995,246.35960003766274,1.5572775244390493,2986.382280852151,0.0,0.0,375.4627943497698,481.4037696923517,375.4627943497698,15,194
0.26,0.58,0.16000000000000003,202.38387634813546,1.5572577612780294,3046.793616096646,0.0,0.0,375.7817891829234,478.559397310836,375.7817891829234,16,194
0.32,0.66,0.019999999999999907,213.8183426633457,1.5524095245379481,3061.283654836227,0.0,0.0,376.3464165827565,477.67434217940865,376.3464165827565,16,194
0.12,0.34,0.54,238.40891689033205,1.5601289715562758,2976.7793137081367,0.0,0.0,376.9580123220949,484.8899504403475,376.9580123220949,15,194
0.08,0.28,0.64,241.6584476915263,1.5612425997104347,2962.5869932729374,0.0,0.0,378.04178837158827,487.764371072606,378.04178837158827,15,194
0.04,0.22,0.74,244.4988062567973,1.5631381671590148,2947.4233097245688,0.0,0.0,378.24119198047896,489.7785222552813,378.24119198047896,15,194
0.0,0.16,0.84,252.83448147300038,1.5640189709182792,2930.6622662269183,0.0,0.0,378.5936553591884,491.6238691488982,378.5936553591884,15,194
0.18,0.44,0.38000000000000006,210.7369975061258,1.561278109469382,3007.187711274819,0.0,0.0,379.4771262810895,484.52367040633646,379.4771262810895,15,194
0.3,0.64,0.05999999999999994,179.5082788060885,1.5583472785966521,3068.475702485899,0.0,0.0,379.61010799197464,481.41236713291937,379.61010799197464,16,194
0.24,0.56,0.19999999999999996,159.93268640409326,1.564183942775871,3057.679415538434,0.0,0.0,380.1912329798992,483.6950548283406,380.1912329798992,16,194
0.14,0.38,0.48,201.8508969859032,1.5643323334125219,2998.0559072411143,0.0,0.0,380.6305578379382,487.7122251278596,380.6305578379382,15,194
0.1,0.32,0.5800000000000001,200.70816481645497,1.5661697052165167,2985.598562328887,0.0,0.0,381.77434809855214,490.7260252207948,381.77434809855214,15,194
0.06,0.26,0.6799999999999999,203.80175974690928,1.5675336494568048,2971.1567923089756,0.0,0.0,382.53808000329735,493.34623667716966,382.53808000329735,15,194
0.02,0.2,0.78,208.70741162050382,1.569074309914185,2955.3729267311437,0.0,0.0,382.6051511478098,495.26897850503985,382.6051511478098,15,194
0.28,0.62,0.09999999999999998,141.9277370116435,1.5646911199017208,3077.1542642586755,0.0,0.0,383.3611401356005,485.68427484256154,383.3611401356005,16,194
0.2,0.48,0.32000000000000006,172.62767200749056,1.5656708515397664,3028.602547278465,0.0,0.0,384.01954621001084,488.21674121443885,384.01954621001084,15,194
0.16,0.42,0.42,165.0668342745828,1.568554816923691,3019.2615780820042,0.0,0.0,384.6562543402537,490.8062131452226,384.6562543402537,15,194
0.22,0.54,0.24,114.54939203614495,1.5714809793284572,3069.8552457558735,0.0,0.0,384.95861089097565,489.3406450660689,384.95861089097565,16,194
0.12,0.36,0.52,157.09016270071209,1.5713935994130113,3009.8497669054645,0.0,0.0,386.0019491171722,494.2177494193475,386.0019491171722,15,194
0.08,0.3,0.6200000000000001,161.72019045898975,1.572337898656668,2995.0875312599032,0.0,0.0,386.7815801420956,496.8521037595866,386.7815801420956,15,194
0.04,0.24,0.72,165.30754614780128,1.5739350585730696,2979.991053991942,0.0,0.0,387.02287210443194,499.03327530282615,387.02287210443194,15,194
0.0,0.18,0.8200000000000001,173.24603434990524,1.5749177566550934,2963.310082787388,0.0,0.0,387.04999709702804,500.8390362668587,387.04999709702804,15,194
0.26,0.6,0.14,101.05484404267719,1.5714498208103025,3087.3041094397995,0.0,0.0,387.50642403754944,490.49855639244663,387.50642403754944,16,194
0.32,0.68,0.0,105.90386923699131,1.5676248982045902,3104.01958786948,0.0,0.0,389.19834332625663,490.4401984957047,389.19834332625663,16,194
0.18,0.46,0.36000000000000004,124.71736499768353,1.5732662285822323,3041.786340117808,0.0,0.0,389.2620857855094,494.56559407239956,389.2620857855094,15,194
0.14,0.4,0.45999999999999996,118.07564213430881,1.5759843506944007,3031.917116879413,0.0,0.0,390.09037417193997,497.4137552753073,390.09037417193997,15,194
0.1,0.34,0.56,117.00190385308083,1.5778064406345995,3019.5642550583293,0.0,0.0,391.035014336874,500.3387272190179,391.035014336874,15,194
0.02,0.22,0.76,126.55860546344383,1.5803288319512623,2989.047105752234,0.0,0.0,391.54695366957014,504.87305131633843,391.54695366957014,15,194
0.06,0.28,0.6599999999999999,121.48319375626573,1.5787755406283328,3004.9548898442204,0.0,0.0,391.785833401152,503.0497943322698,391.785833401152,15,194
0.24,0.58,0.18000000000000005,56.90521251514252,1.57862664241939,3098.8952455525646,0.0,0.0,392.0454234241495,495.85935599058274,392.0454234241495,16,194
0.3,0.66,0.039999999999999925,70.34649872761712,1.5737353228038509,3111.7838856947883,0.0,0.0,392.42722333509136,494.3508506962971,392.42722333509136,16,194
0.2,0.5,0.30000000000000004,80.81253088796635,1.5785287087567206,3065.3354572157086,0.0,0.0,394.50863676402895,499.02809924249306,394.50863676402895,15,194
0.16,0.44,0.39999999999999997,76.51147422581377,1.5809179078318363,3054.8969611372013,0.0,0.0,394.6916109576456,501.1548543590761,394.6916109576456,15,194
0.12,0.38,0.5,70.0882297328844,1.5835238350775263,3045.0084875000916,0.0,0.0,395.70072792385287,504.30682525435583,395.70072792385287,15,194
0.28,0.64,0.07999999999999996,31.321433356094317,1.580284885789174,3121.0964819003684,0.0,0.0,396.1749957008498,498.8206405056948,396.1749957008498,16,194
0.0,0.2,0.8,87.8806022046123,1.58666909859673,2998.1891004486683,0.0,0.0,396.1951407618227,510.8241711154283,396.1951407618227,15,194
0.08,0.32,0.6000000000000001,75.3702243913248,1.5843851085272427,3030.0459045687703,0.0,0.0,396.262638045029,506.7823707324664,396.262638045029,15,194
0.04,0.26,0.7,80.05589186095466,1.5856294241361446,3014.890486718409,0.0,0.0,396.5405621340779,509.08892276235304,396.5405621340779,15,194
0.18,0.48,0.3400000000000001,30.659931224110892,1.5864604925426418,3079.4183569526267,0.0,0.0,399.9732391292903,505.6587117618643,399.9732391292903,15,194
0.14,0.42,0.44,26.843940297580815,1.588750300496356,3068.611781647616,0.0,0.0,400.3831956454531,508.091513150125,400.3831956454531,15,194
0.26,0.62,0.12,-11.233235413379504,1.5872876031814813,3131.960521664502,0.0,0.0,400.44592955618657,503.86295115359025,400.44592955618657,16,194
0.1,0.36,0.54,26.224428399485262,1.5904945674767197,3056.23648780284,0.0,0.0,401.07654445536923,510.8805850908103,401.07654445536923,15,194
0.02,0.24,0.74,38.102398301075795,1.592516680192836,3025.1510055005247,0.0,0.0,401.3729070332022,515.3145357143392,401.3729070332022,15,194
0.06,0.3,0.6399999999999999,32.40808956192927,1.5911020960731677,3041.19767306348,0.0,0.0,401.69373628151476,513.5216883002066,401.69373628151476,15,194
0.24,0.6,0.16000000000000003,-57.341675769685764,1.594752062207232,3144.3637714346673,0.0,0.0,405.14029579126554,509.48687057959046,405.14029579126554,16,194
0.16,0.46,0.37999999999999995,-20.388309646021995,1.5945285891558636,3093.702343241917,0.0,0.0,405.6727032910303,512.596595703587,405.6727032910303,15,194
0.2,0.52,0.28,-20.13819352240813,1.5927545374087027,3105.5336455086344,0.0,0.0,406.04210944787036,511.0336119980471,406.04210944787036,15,194
0.0,0.22,0.78,-4.064719683082643,1.599393410535171,3035.6056320860794,0.0,0.0,406.2626196984792,521.6868497961732,406.2626196984792,15,194
0.12,0.4,0.48,-24.165102045201365,1.5967441503461186,3082.8949233742965,0.0,0.0,406.26580510693816,515.3568336664412,406.26580510693816,15,194
0.08,0.34,0.5800000000000001,-18.304039374749763,1.5975207258418325,3067.811004133367,0.0,0.0,406.57384631837994,517.6786378989614,406.57384631837994,15,194
0.3,0.68,0.019999999999999907,-50.917526873071196,1.5909455100531549,3159.654713061943,0.0,0.0,406.7132501446886,508.8747468571486,406.7132501446886,16,194
0.04,0.28,0.6799999999999999,-12.108407510204472,1.5983490108288474,3052.446900967052,0.0,0.0,406.83438362179214,520.0597888523787,406.83438362179214,15,194
0.28,0.66,0.05999999999999994,-91.67552622875363,1.5977410639431704,3169.7226103924986,0.0,0.0,410.4833746107509,513.582644669128,410.4833746107509,16,194
0.14,0.44,0.42,-72.97118310327882,1.6027986655975546,3108.5712702668893,0.0,0.0,411.62583406364485,519.8987387746098,411.62583406364485,15,194
0.18,0.5,0.32000000000000006,-72.76337712891146,1.6010560123754491,3120.607899657283,0.0,0.0,411.7522717123209,517.9810225123127,411.7522717123209,15,194
0.02,0.26,0.72,-57.55871949311168,1.605772347099874,3064.027342171575,0.0,0.0,411.9834661391918,526.7141780115809,411.9834661391918,15,194
0.1,0.38,0.52,-72.65603381402805,1.6043883802427,3096.009898557842,0.0,0.0,412.024935972539,522.4924671725067,412.024935972539,15,194
0.06,0.32,0.6199999999999999,-64.46259314188417,1.6047299785313798,3080.1699931826047,0.0,0.0,412.2735446611593,524.8110211229722,412.2735446611593,15,194
0.22,0.56,0.21999999999999997,-79.37686679581296,1.600266009265738,3134.8413603673853,0.0,0.0,413.20968916161075,517.6689413620628,413.20968916161075,15,194
0.26,0.64,0.09999999999999998,-136.22119210106015,1.605031589570143,3181.428377854146,0.0,0.0,414.8086014736494,518.896732311704,414.8086014736494,16,194
0.0,0.24,0.76,-103.53769517514701,1.6132326781922557,3075.921728845096,0.0,0.0,417.22035581774855,533.5549432762235,417.22035581774855,15,194
0.16,0.48,0.36,-126.91925859220534,1.6095791923302103,3136.1704347594546,0.0,0.0,417.7194113766828,525.3076476677201,417.7194113766828,15,194
0.12,0.42,0.46,-127.27425045874769,1.6112867468071008,3124.1536851155984,0.0,0.0,417.8103639566069,527.5773249411036,417.8103639566069,15,194
0.08,0.36,0.56,-120.38459040275967,1.6119064929007014,3108.796872970126,0.0,0.0,417.8160593330651,529.6887149975835,417.8160593330651,15,194
0.04,0.3,0.6599999999999999,-112.19355739381427,1.612244792321087,3093.045595078774,0.0,0.0,418.0226210826631,532.0821026476333,418.0226210826631,15,194
0.2,0.54,0.26,-131.6398602562619,1.6085599516642588,3149.7389150706845,0.0,0.0,418.7786701355129,524.428649963874,418.7786701355129,15,194
0.24,0.62,0.14,-184.62427999484981,1.6128317904234537,3194.7800949366197,0.0,0.0,419.6801429286903,524.8317943571805,419.6801429286903,16,194
0.3,0.7000000000000001,0.0,-186.2141521126925,1.610267023670169,3212.82469075257,0.0,0.0,422.571819472094,525.2586912716024,422.571819472094,16,194
0.02,0.28,0.7,-161.48893436152107,1.62025514827773,3106.082962494585,0.0,0.0,423.5279238397922,539.216148543905,423.5279238397922,15,194
0.06,0.34,0.5999999999999999,-170.0784042865838,1.6196578474020318,3122.4961007940033,0.0,0.0,423.8450251719044,537.2626918253311,423.8450251719044,15,194
0.14,0.46,0.39999999999999997,-182.71395395890505,1.6183303031735237,3152.3105100938037,0.0,0.0,423.96403781700576,533.0196806437639,423.96403781700576,15,194
0.1,0.4,0.5,-180.86839320433666,1.6196715525257348,3139.354942654951,0.0,0.0,424.0031317095944,535.3422383429375,424.0031317095944,15,194
0.18,0.52,0.30000000000000004,-187.02833202425398,1.6172733367272618,3165.9202380845777,0.0,0.0,424.7310124227505,531.7361856845679,424.7310124227505,15,194
0.28,0.68,0.039999999999999925,-229.07887349896325,1.6173613321013325,3223.802924935209,0.0,0.0,426.504544554897,530.2561275538783,426.504544554897,16,194
0.22,0.58,0.20000000000000007,-200.40564205742407,1.61750124142936,3182.60532015411,0.0,0.0,427.06561488265544,532.3285065120367,427.06561488265544,15,194
0.0,0.26,0.74,-211.66476897838814,1.628355497934057,3119.568190354493,0.0,0.0,429.1396522786587,546.5814496918107,429.1396522786587,15,194
0.04,0.32,0.6399999999999999,-221.5321169579042,1.6276158239480687,3137.0146196477394,0.0,0.0,430.0943368346523,545.1886297851963,430.0943368346523,15,194
0.08,0.38,0.54,-232.16350083943433,1.6277354586834214,3153.4983535782935,0.0,0.0,430.12861372821425,542.9899299871954,430.12861372821425,15,194
0.12,0.44,0.44,-240.64729758861105,1.6273619657677305,3169.324327563541,0.0,0.0,430.4872173797019,541.1615289041268,430.4872173797019,15,194
0.26,0.66,0.07999999999999996,-276.0162536008312,1.6249969064159844,3236.513892462965,0.0,0.0,430.95745737785245,535.897886065253,430.95745737785245,16,194
0.16,0.5,0.33999999999999997,-244.62358388166672,1.6263001218656508,3182.8921824547174,0.0,0.0,430.9991928266206,539.5009016406182,430.9991928266206,15,194
0.2,0.56,0.24,-255.39228332249635,1.6261989691559904,3198.602397045621,0.0,0.0,432.8708874377483,539.449783496748,432.8708874377483,15,194
0.24,0.64,0.12,-327.1486732996799,1.6331955308417077,3250.9890511731264,0.0,0.0,436.0560662532749,542.205378290258,436.0560662532749,16,194
0.02,0.3,0.6799999999999999,-274.9592485943401,1.6361552024880996,3151.804283373068,0.0,0.0,436.1276865263789,552.993790641755,436.1276865263789,15,194
0.06,0.36,0.58,-285.80202637052406,1.636089239822414,3168.698078045518,0.0,0.0,436.5356038152045,551.064932873234,436.5356038152045,15,194
0.1,0.42,0.48000000000000004,-299.88755339060975,1.636564415743833,3186.836682669356,0.0,0.0,437.21388995024114,549.6331527989486,437.21388995024114,15,194
0.14,0.48,0.38,-304.0004065686252,1.6355865738968198,3200.4489658610037,0.0,0.0,437.5729841309839,547.6775310112117,437.5729841309839,15,194
0.18,0.54,0.28,-313.9128846594271,1.635378052564764,3216.036813957901,0.0,0.0,439.1029009910133,547.171499048441,439.1029009910133,15,194
0.0,0.28,0.72,-329.79482421033345,1.6449635958194242,3167.0613962926204,0.0,0.0,442.19376216684304,560.9507564529382,442.19376216684304,15,194
0.22,0.6,0.18000000000000005,-335.3217750090085,1.6368161482234311,3235.648986565782,0.0,0.0,442.4787911295592,548.8419737497209,442.4787911295592,15,194
0.04,0.34,0.6199999999999999,-341.60168329912824,1.6447095684125057,3184.8704886267706,0.0,0.0,443.19917463352886,559.5441890792475,443.19917463352886,15,194
0.08,0.4,0.52,-355.1959223882517,1.645239874541089,3202.511471587483,0.0,0.0,443.67258995197835,557.7965584168309,443.67258995197835,15,194
0.12,0.46,0.42,-365.9823610233099,1.6452233644261844,3219.0579673982384,0.0,0.0,444.48060190721105,556.344157379331,444.48060190721105,15,194
0.28,0.7000000000000001,0.019999999999999907,-383.3436627474372,1.6395129004320417,3284.276338717126,0.0,0.0,444.48584390290387,549.1917511987597,444.48584390290387,16,194
0.16,0.52,0.31999999999999995,-375.36532988679824,1.644969743792357,3234.5822866838216,0.0,0.0,445.7144213511497,555.4356061089494,445.7144213511497,15,194
0.2,0.58,0.22000000000000008,-393.454838451637,1.6459792031543719,3252.9134257922524,0.0,0.0,448.5432172787295,556.385785957728,448.5432172787295,15,194
0.26,0.68,0.05999999999999994,-433.19411628526905,1.6475685380507439,3298.203201532053,0.0,0.0,449.2063440073471,555.2332673031756,449.2063440073471,16,194
0.02,0.32,0.6599999999999999,-399.49979908585476,1.6537012262898474,3201.7774158598413,0.0,0.0,449.94588757656305,568.2573111884227,449.94588757656305,15,194
0.06,0.38,0.5599999999999999,-413.2784091907983,1.6542697531467665,3219.4065730591874,0.0,0.0,450.5090162206106,566.4442253508314,450.5090162206106,15,194
0.1,0.44,0.46,-430.3149795276622,1.655177381701967,3238.6031845969787,0.0,0.0,451.6919630892939,565.4704420103319,451.6919630892939,15,194
0.14,0.5,0.36,-438.79030894617983,1.654860058749115,3253.738297756314,0.0,0.0,452.6650729587379,564.1448864595363,452.6650729587379,15,194
0.18,0.56,0.26,-455.5784616733375,1.6556928989841855,3271.7864987083026,0.0,0.0,455.10308368217864,564.5897769948606,455.10308368217864,15,194
0.0,0.3,0.7,-459.5564564519417,1.663300360434212,3219.025336457226,0.0,0.0,456.51124932947306,576.8868478621321,456.51124932947306,15,194
0.04,0.36,0.6,-473.9806886004138,1.6636347364556334,3237.4496110339023,0.0,0.0,457.65031577809214,575.5570077825315,457.65031577809214,15,194
0.08,0.42,0.5,-491.36998291427733,1.6647016077108243,3256.560318893955,0.0,0.0,458.65701150746963,574.3707303290746,458.65701150746963,15,194
0.22,0.62,0.16000000000000003,-486.5223318436621,1.6585687865683687,3294.8910695228383,0.0,0.0,459.7960245946096,567.5482543158,459.7960245946096,15,194
0.12,0.48,0.4,-505.3457986936749,1.6651793679660265,3274.147357805769,0.0,0.0,460.0146573234095,573.4127516003117,460.0146573234095,15,194
0.16,0.54,0.29999999999999993,-521.4186278198279,1.6659275356159633,3292.1131371848696,0.0,0.0,462.11498118338324,573.4302281289632,462.11498118338324,15,194
0.28,0.72,0.0,-557.4914096833918,1.6646474611198636,3352.2992670205326,0.0,0.0,464.712375191651,570.823708268884,464.712375191651,16,194
0.02,0.34,0.6399999999999999,-537.1243878032468,1.673311969599359,3256.5592311332266,0.0,0.0,465.0752284212247,585.1119403363311,465.0752284212247,15,194
0.06,0.4,0.5399999999999999,-554.5111937267316,1.6744984308203512,3275.390194163925,0.0,0.0,465.9813072710019,583.6790557843206,465.9813072710019,15,194
0.2,0.6,0.20000000000000007,-548.3467803695119,1.668276810944927,3313.638109027044,0.0,0.0,466.15036477386525,575.5923097868698,466.15036477386525,15,194
0.1,0.46,0.44,-574.8149233496852,1.67590006335163,3295.7081045653576,0.0,0.0,467.71948911577175,583.2141799571594,467.71948911577175,15,194
0.14,0.52,0.33999999999999997,-589.4832732633174,1.6765088791633547,3313.0993206949197,0.0,0.0,469.51080375718374,582.7577218610018,469.51080375718374,15,194
0.26,0.7000000000000001,0.039999999999999925,-610.9372581271957,1.673221939269848,3367.7155316257117,0.0,0.0,469.75062952103264,577.3589129431721,469.75062952103264,16,194
0.0,0.32,0.6799999999999999,-602.9339000369281,1.6836621546513495,3276.2208146118596,0.0,0.0,472.3197845149662,594.6654402175667,472.3197845149662,15,194
0.18,0.58,0.2400000000000001,-614.6790848669009,1.6786140264746885,3334.187551617917,0.0,0.0,473.0365400049357,584.3652768760563,473.0365400049357,15,194
0.24,0.66,0.09999999999999998,-595.7647427475752,1.6735477361597246,3342.9699282315446,0.0,0.0,473.2639910752008,581.0152706926467,473.2639910752008,15,194
0.04,0.38,0.58,-620.8023117793502,1.6847096402622874,3295.5704931901114,0.0,0.0,473.6713194130192,593.5234298808194,473.6713194130192,15,194
0.08,0.44,0.48000000000000004,-643.0002277855262,1.6864660626716714,3316.532992050535,0.0,0.0,475.37362334567985,593.0355880533624,475.37362334567985,15,194
0.12,0.5,0.38,-661.2772304671989,1.6876089170300879,3335.5672765804793,0.0,0.0,477.36481403222666,592.7229190563261,477.36481403222666,15,194
0.22,0.64,0.14,-656.9595483811688,1.6831999661226842,3361.463647027899,0.0,0.0,479.29958039539474,588.8673025741787,479.29958039539474,15,194
0.16,0.56,0.2799999999999999,-685.4866795496479,1.6895802146688657,3356.5068665948866,0.0,0.0,480.4985956059725,593.8696609956622,480.4985956059725,15,194
0.02,0.36,0.62,-690.1013969153885,1.6953176659862508,3317.034317658308,0.0,0.0,481.7043863233144,603.8859922018795,481.7043863233144,15,194
0.06,0.42,0.52,-711.9653920426928,1.69714306001419,3337.5950022680195,0.0,0.0,483.218205075135,603.1138683874989,483.218205075135,15,194
0.1,0.48,0.42000000000000004,-736.6310435650306,1.6992069825534555,3359.434180605202,0.0,0.0,485.6405041972168,603.3074585889084,485.6405041972168,15,194
0.2,0.62,0.18000000000000005,-723.1832333215818,1.6935567571981742,3381.9716171886166,0.0,0.0,486.0085092771835,597.5117500284105,486.0085092771835,15,194
0.14,0.54,0.31999999999999995,-759.0491079544773,1.7009761187606827,3379.6721326376223,0.0,0.0,488.42835036325914,603.934331978662,488.42835036325914,15,194
0.0,0.34,0.6599999999999999,-762.3691009532824,1.7064135228537203,3339.584708542952,0.0,0.0,489.9336274870527,614.6258625491657,489.9336274870527,15,194
0.04,0.4,0.5599999999999999,-784.7007040800695,1.7083272348698788,3360.2443282320046,0.0,0.0,491.5456977975154,613.8118779583929,491.5456977975154,15,194
0.26,0.72,0.020000000000000018,-813.2254473248965,1.7025514248267068,3446.5764415526364,0.0,0.0,493.0305896053082,602.8479447555541,493.0305896053082,16,194
0.18,0.6,0.22000000000000008,-794.5101018954689,1.704633157785194,3404.504811858207,0.0,0.0,493.3664782676312,606.9653787991381,493.3664782676312,15,194
0.08,0.46,0.46,-812.9544155747159,1.7109610718221657,3383.530358796766,0.0,0.0,494.08684802039875,614.1936023902251,494.08684802039875,15,194
0.24,0.68,0.07999999999999996,-784.403731952423,1.700915265744643,3416.3864795593054,0.0,0.0,494.938901926032,604.8261607776633,494.938901926032,15,194
0.12,0.52,0.36,-836.9327603458502,1.7129828065859554,3404.529606027607,0.0,0.0,496.87332244572735,614.7191045448017,496.87332244572735,15,194
0.02,0.38,0.6,-861.1101692234702,1.7200077106729,3384.4322241430823,0.0,0.0,500.2860471250431,625.1182104568592,500.2860471250431,15,194
0.16,0.58,0.26,-870.9778522810235,1.7164390148710544,3429.0592927649795,0.0,0.0,501.3462033407235,617.2401570839477,501.3462033407235,15,194
0.22,0.66,0.12,-850.3117031568303,1.7112587106555501,3436.777866161107,0.0,0.0,501.4111777055189,613.3250781349491,501.4111777055189,15,194
0.06,0.44,0.49999999999999994,-888.7074918124141,1.7226610449650988,3407.1983969448106,0.0,0.0,502.55495323719873,625.1792747218132,502.55495323719873,15,194
0.1,0.5,0.4,-919.1285643417717,1.725600056424805,3431.073811956547,0.0,0.0,505.81929541515956,626.224182127098,505.81929541515956,15,194
0.2,0.64,0.16000000000000003,-921.8625920034025,1.7224007369259997,3459.4102447138475,0.0,0.0,508.53803875710565,622.7005714105117,508.53803875710565,15,194
0.0,0.36,0.64,-941.0808369462683,1.7321711101279404,3410.1038184753615,0.0,0.0,509.42420343933827,637.0185090865884,509.42420343933827,15,194
0.14,0.56,0.29999999999999993,-951.2075488751283,1.7288166019123545,3454.885233989632,0.0,0.0,509.85133818603725,628.2014276788537,509.85133818603725,15,194
0.04,0.42,0.54,-968.9664114448019,1.7349782735192327,3432.7347742793436,0.0,0.0,511.6275405882999,636.8847351877625,511.6275405882999,15,194
0.08,0.48,0.44000000000000006,-1004.8284448635616,1.7387229569783884,3458.933336045509,0.0,0.0,515.1851242918547,638.3518399111339,515.1851242918547,15,194
0.18,0.62,0.20000000000000007,-999.2143896524849,1.7343683115090924,3484.3289942654874,0.0,0.0,516.4590559213773,632.9806008842315,516.4590559213773,15,194
0.12,0.54,0.33999999999999997,-1036.2836626284045,1.741893288146082,3482.5597443831434,0.0,0.0,518.9707961580665,639.9633876262081,518.9707961580665,15,194
0.24,0.7000000000000001,0.05999999999999994,-999.4870151642752,1.7322395144487903,3499.889806455671,0.0,0.0,519.5541678987854,632.2869987828341,519.5541678987854,15,194
0.26,0.74,0.0,-1045.1029639297285,1.7363099885676863,3536.72056631967,0.0,0.0,519.6042688676312,632.4296097526002,519.6042688676312,16,194
0.02,0.4,0.58,-1053.6941924170849,1.747910512149106,3460.1139634291844,0.0,0.0,521.2009096424409,649.3068821227773,521.2009096424409,15,194
0.06,0.46,0.4799999999999999,-1088.599935573781,1.7516283813146565,3485.6839154604977,0.0,0.0,524.4519575057527,650.4201068960077,524.4519575057527,15,194
0.16,0.6,0.24,-1082.4920894016373,1.7471838372618387,3511.5655267638085,0.0,0.0,525.107010885858,644.1889505651073,525.107010885858,15,194
0.22,0.68,0.09999999999999998,-1071.2213784064345,1.7434377594798693,3522.615560840018,0.0,0.0,526.5791934048166,641.5882854728964,526.5791934048166,15,194
0.1,0.52,0.38,-1126.5621295751369,1.755713716917816,3512.2614880539677,0.0,0.0,528.716384766258,652.5663991939728,528.716384766258,15,194
0.0,0.38,0.62,-1142.8416079507474,1.7614537379856379,3489.3060205043557,0.0,0.0,531.2617747942616,662.4403334583003,531.2617747942616,15,194
0.2,0.66,0.14,-1149.329536681668,1.7555463640069593,3547.852552307489,0.0,0.0,534.3626223125405,651.8675977290926,534.3626223125405,15,194
0.04,0.44,0.52,-1177.7634987898775,1.765283655615273,3514.6414637718567,0.0,0.0,534.3648671203922,663.329626001189,534.3648671203922,15,194
0.14,0.58,0.28,-1170.6806702137744,1.7607345005545376,3540.552599849165,0.0,0.0,534.3831880139718,656.2307507087639,534.3831880139718,15,194
0.08,0.5,0.42000000000000004,-1221.9984645313873,1.7702752740737597,3543.958328800937,0.0,0.0,539.0487876024972,666.0086962851434,539.0487876024972,15,194
0.18,0.64,0.18000000000000005,-1234.0737300018843,1.7686072151917092,3575.688742517919,0.0,0.0,542.9103374627879,663.1669519040546,542.9103374627879,15,194
0.12,0.56,0.31999999999999995,-1264.3973268606994,1.7750959273355345,3571.60465441616,0.0,0.0,544.3337798201215,669.1761721340787,544.3337798201215,15,194
0.02,0.42,0.56,-1272.3594410071123,1.7796978790067077,3545.810744130478,0.0,0.0,544.9330020991226,677.0881873566009,544.9330020991226,15,194
0.24,0.72,0.040000000000000036,-1246.5819820430404,1.7683512348786758,3595.6164874218375,0.0,0.0,547.7274896508673,664.2016663117752,547.7274896508673,15,194
0.06,0.48,0.45999999999999996,-1316.576306148244,1.784780654402974,3574.947072174199,0.0,0.0,549.3941939429288,679.5351057148363,549.3941939429288,15,194
0.16,0.62,0.21999999999999997,-1325.6893886706157,1.7826586684012269,3606.2000190604977,0.0,0.0,552.354207884415,675.5251750622891,552.354207884415,15,194
0.1,0.54,0.36,-1364.3898583223065,1.7903617010052164,3605.094573457098,0.0,0.0,554.9938010687246,683.1097198701133,554.9938010687246,15,194
0.22,0.7000000000000001,0.07999999999999996,-1325.6342963901945,1.7806240533550746,3621.2595506412463,0.0,0.0,555.4933292362877,674.5136895714352,555.4933292362877,15,194
0.0,0.4,0.6,-1372.4227902955354,1.794879432931473,3579.1946762592884,0.0,0.0,556.098033944296,691.7022975559419,556.098033944296,15,194
0.04,0.46,0.49999999999999994,-1416.4389866980885,1.8000405277643066,3608.0190172070625,0.0,0.0,560.3345594138609,693.903991200512,560.3345594138609,15,194
0.14,0.6,0.26,-1423.5547495889666,1.7976372480466998,3639.0128490807892,0.0,0.0,562.5810001958989,688.891513454122,562.5810001958989,15,194
0.2,0.68,0.12,-1411.9518265443014,1.7939433111111343,3649.7442686107534,0.0,0.0,564.0878383411065,685.9287786296247,564.0878383411065,15,194
0.08,0.52,0.4,-1470.7212357557478,1.8065450741749651,3641.031929422901,0.0,0.0,566.3662190738153,698.0447538476718,566.3662190738153,15,194
0.02,0.44,0.54,-1522.9239200404118,1.8162370961659178,3643.7584107491743,0.0,0.0,572.1072151442891,709.286497208471,572.1072151442891,15,194
0.18,0.66,0.16000000000000003,-1505.9294417451272,1.8083699757448068,3681.2123950029863,0.0,0.0,573.5512904518993,698.5069882148954,573.5512904518993,15,194
0.12,0.58,0.30000000000000004,-1527.843146912941,1.8135700762239484,3674.188966616944,0.0,0.0,573.593471477384,703.2949229041927,573.593471477384,15,194
0.06,0.5,0.43999999999999995,-1579.0392063942656,1.8230723170673895,3677.448387561444,0.0,0.0,578.071979091697,713.43428708479,578.071979091697,15,194
0.24,0.74,0.020000000000000018,-1532.8942643527166,1.8103253268863884,3706.3328779419867,0.0,0.0,580.2959956379016,701.6131986393434,580.2959956379016,15,194
0.16,0.64,0.19999999999999996,-1607.9453976960406,1.8239631246980077,3715.796994131015,0.0,0.0,583.9217939595261,712.3067394195746,583.9217939595261,15,194
0.0,0.42,0.5800000000000001,-1636.1800422610127,1.8333955538528979,3682.212482952714,0.0,0.0,584.6145151930825,725.7052264774755,584.6145151930825,15,194
0.1,0.56,0.33999999999999997,-1639.730737649293,1.830605195905929,3712.3092217836056,0.0,0.0,585.4549964531652,718.8694168488202,585.4549964531652,15,194
0.22,0.72,0.06000000000000005,-1621.2920085940673,1.8239721423637876,3735.683111927188,0.0,0.0,588.9872464432522,713.2197105147433,588.9872464432522,15,194
0.04,0.48,0.48,-1691.973891237757,1.8402894813948192,3715.550519201814,0.0,0.0,590.339848170061,729.6000463922909,590.339848170061,15,194
0.14,0.62,0.24,-1717.8112833147345,1.840714653795775,3753.3334701715435,0.0,0.0,595.3159419637648,727.3272746273775,595.3159419637648,15,194
0.08,0.54,0.38,-1759.4262722015974,1.8487774061801465,3753.4397687290298,0.0,0.0,598.1836428953707,735.6488765653968,598.1836428953707,15,194
0.2,0.7000000000000001,0.09999999999999998,-1718.072757533013,1.8388356210742123,3768.2907535963423,0.0,0.0,598.6266911983129,726.0873759706676,598.6266911983129,15,194
0.02,0.46,0.52,-1813.0314965656887,1.8586674773020324,3756.8950710528197,0.0,0.0,603.5444758716002,746.9882986073624,603.5444758716002,15,194
0.12,0.6,0.28,-1835.2933804580462,1.858608393184384,3793.6460701203264,0.0,0.0,607.6670669808686,743.5610440677177,607.6670669808686,15,194
0.18,0.68,0.14,-1823.804509650974,1.8550017698711743,3804.3672482551433,0.0,0.0,609.2725829262279,740.3000068823986,609.2725829262279,15,194
0.06,0.52,0.41999999999999993,-1884.4497922429198,1.8677645206953244,3796.440129488962,0.0,0.0,611.5418918382347,753.3239087131366,611.5418918382347,15,194
0.0,0.44,0.56,-1942.5188313836982,1.8782548520264803,3801.5905377450026,0.0,0.0,617.7124761224567,765.6439823657232,617.7124761224567,15,194
0.24,0.76,0.0,-1867.919596153124,1.859577961294915,3835.6857929745256,0.0,0.0,618.2765546300868,745.8984800152389,618.2765546300868,15,194
0.16,0.66,0.17999999999999994,-1939.055243041083,1.8725573141565248,3844.1211397947964,0.0,0.0,620.9827508784456,755.942246413319,620.9827508784456,15,194
0.1,0.58,0.32000000000000006,-1962.0479701743504,1.8778546479639366,3837.5431944915094,0.0,0.0,621.0437965506725,761.199111900334,621.0437965506725,15,194
0.04,0.5,0.45999999999999996,-2013.6577214754334,1.887415041943836,3840.806939359902,0.0,0.0,625.422206539565,771.7418926280509,625.422206539565,15,194
0.22,0.74,0.040000000000000036,-1968.4666069121927,1.8750136515359936,3869.832532336439,0.0,0.0,628.1908086958449,759.1930455859437,628.1908086958449,15,194
0.14,0.64,0.21999999999999997,-2064.1272000702,1.891558124185278,3887.618583926189,0.0,0.0,633.7959186294181,773.0716796703845,633.7959186294181,15,194
0.08,0.56,0.36,-2098.4863789819233,1.8985181940200375,3885.169565450251,0.0,0.0,635.4852209023619,780.3039092323285,635.4852209023619,15,194
0.2,0.72,0.08000000000000007,-2078.8428787682456,1.8918856235523127,3907.776867491638,0.0,0.0,639.2078266112578,773.9545387351968,639.2078266112578,15,194
0.02,0.48,0.5,-2152.927772520242,1.9085159571565986,3889.159508236108,0.0,0.0,640.3890249243349,791.653791280335,640.3890249243349,15,194
0.12,0.62,0.26,-2198.437762015149,1.9119531070103273,3934.4698771653557,0.0,0.0,647.8280310683236,791.652018172902,647.8280310683236,15,194
0.06,0.54,0.3999999999999999,-2244.2260801613547,1.9205589486496937,3936.3118132913764,0.0,0.0,650.9548594669377,800.8358850196814,650.9548594669377,15,194
0.18,0.7000000000000001,0.12,-2199.849595588615,1.9103137878603125,3949.8233890752185,0.0,0.0,651.4101681308057,790.2990474296374,651.4101681308057,15,194
0.0,0.46,0.54,-2302.791852442538,1.9311491715435891,3941.6934986211636,0.0,0.0,656.6091026568914,813.136425693944,656.6091026568914,15,194
0.1,0.6,0.30000000000000004,-2344.2001984888743,1.934026379240363,3985.7401699350658,0.0,0.0,663.158313101644,811.9424878909922,663.158313101644,15,194
0.16,0.68,0.15999999999999992,-2332.3150772079202,1.9304229720801378,3996.2835714843945,0.0,0.0,664.8828193713406,808.3474602238604,664.8828193713406,15,194
0.04,0.52,0.43999999999999995,-2394.1272339847415,1.94330042637957,3988.646651480342,0.0,0.0,666.9688400302234,822.1350190019516,666.9688400302234,15,194
0.22,0.76,0.020000000000000018,-2381.0885159619274,1.9358253095745295,4029.0608481546533,0.0,0.0,674.6514674880791,814.4521639901478,674.6514674880791,15,194
0.14,0.66,0.19999999999999996,-2477.108173673659,1.952344704127452,4047.481903261415,0.0,0.0,679.7144596473199,828.2270877939804,679.7144596473199,15,194
0.08,0.58,0.3400000000000001,-2502.1158853088536,1.957885692286751,4041.686545793389,0.0,0.0,679.8134952294873,834.046474597303,679.8134952294873,15,194
0.02,0.5,0.48,-2556.668403698395,1.967877111210756,4045.9559180797633,0.0,0.0,684.3336101386757,845.2906351072297,684.3336101386757,15,194
0.2,0.74,0.06000000000000005,-2509.5108004079943,1.955366249099659,4074.063411609007,0.0,0.0,687.51146360069,831.7362540481522,687.51146360069,15,194
0.12,0.64,0.24,-2633.4212412854936,1.9760102182163632,4102.867788649645,0.0,0.0,695.8913866047683,849.8889782148575,695.8913866047683,15,194
0.06,0.56,0.3799999999999999,-2672.964859587724,1.9836504097565613,4102.5974466219595,0.0,0.0,697.8701499645096,858.077837784613,697.8701499645096,15,194
0.18,0.72,0.10000000000000009,-2650.828337947803,1.9768045227264002,4124.024943800251,0.0,0.0,701.8072182015881,850.9258083938851,701.8072182015881,15,194
0.0,0.48,0.52,-2732.7132142754895,1.9944201397742378,4108.563502170941,0.0,0.0,703.2110826469618,870.4265889978897,703.2110826469618,15,194
0.1,0.62,0.28,-2804.1144461025387,2.0017918297259616,4163.793173299913,0.0,0.0,713.7477330643001,873.6745816419365,713.7477330643001,15,194
0.04,0.54,0.41999999999999993,-2851.0216647847224,2.0105741457327064,4165.8520589223945,0.0,0.0,716.7936174957827,883.3044487522194,716.7936174957827,15,194
0.16,0.7000000000000001,0.1399999999999999,-2806.2410694976265,2.000319565614527,4179.402966019814,0.0,0.0,717.653486367847,872.1938025318543,717.653486367847,15,194
0.22,0.78,0.0,-2878.5367215859274,2.009295670170983,4220.816362480061,0.0,0.0,730.7007901942943,881.8066327647552,730.7007901942943,15,194
0.08,0.6,0.32000000000000006,-2990.3301162222315,2.02986241645936,4230.687079164513,0.0,0.0,733.3405136866589,899.7493260221986,733.3405136866589,15,194
0.14,0.68,0.17999999999999994,-2977.043797706628,2.0261057472288178,4240.688302852759,0.0,0.0,735.1881601866997,895.7274791375609,735.1881601866997,15,194
0.02,0.52,0.45999999999999996,-3044.0698852416526,2.0397037906354614,4234.904209695076,0.0,0.0,737.3270984106774,910.7343768793644,737.3270984106774,15,194
0.2,0.76,0.040000000000000036,-3031.4986790816115,2.032470247640739,4275.385366408367,0.0,0.0,746.0384355307108,902.5337302255799,746.0384355307108,15,194
0.12,0.66,0.21999999999999997,-3163.190718527116,2.0541991260253063,4307.663272961365,0.0,0.0,754.460740000141,921.5753180245384,754.460740000141,15,194
0.06,0.58,0.36,-3193.3462294150468,2.0604153339245284,4304.030065637444,0.0,0.0,754.7419984355163,928.2977083548624,754.7419984355163,15,194
0.0,0.5,0.5,-3254.6734421530755,2.071404064472763,4310.810548511136,0.0,0.0,759.7699509368452,940.7171880529604,759.7699509368452,15,194
0.18,0.74,0.08000000000000007,-3200.5382568250384,2.0580204494461625,4336.121174452572,0.0,0.0,763.1452568042586,925.6207145023762,763.1452568042586,15,194
0.1,0.64,0.26,-3367.5566771772924,2.0849903267301992,4381.610166724699,0.0,0.0,775.7479807278546,950.1011892618164,775.7479807278546,15,194
0.04,0.56,0.3999999999999999,-3409.728163714213,2.0930190298184055,4382.185528011067,0.0,0.0,777.6405087698263,958.8896116973776,777.6405087698263,15,194
0.16,0.72,0.12,-3387.4119015640613,2.086207782151488,4403.698811310071,0.0,0.0,782.2933027572506,951.3190221338601,782.2933027572506,15,194
0.08,0.62,0.30000000000000004,-3592.2409010770148,2.118786120612848,4463.366173364584,0.0,0.0,799.2854623095154,981.5960156630894,799.2854623095154,15,194
0.02,0.54,0.43999999999999995,-3643.9958117817787,2.1282967209084775,4467.103949862689,0.0,0.0,802.5947524793143,992.120725579595,802.5947524793143,15,194
0.14,0.7000000000000001,0.15999999999999992,-3594.0667369833636,2.117323116365885,4478.862787020003,0.0,0.0,803.5945952224823,979.908121138516,803.5945952224823,15,194
0.2,0.78,0.020000000000000018,-3675.881600361412,2.127828564811053,4523.690087991094,0.0,0.0,818.2412862077773,990.8467159064293,818.2412862077773,15,194
0.06,0.6,0.33999999999999997,-3839.313720972067,2.155897684263984,4553.717355402724,0.0,0.0,825.3433153520149,1016.3568704819537,825.3433153520149,15,194
0.12,0.68,0.19999999999999996,-3821.500252069571,2.151549340417343,4561.836317717893,0.0,0.0,827.1992025842969,1011.5743441299393,827.1992025842969,15,194
0.0,0.52,0.48,-3901.7042729168124,2.167022622721702,4561.13742146607,0.0,0.0,830.184959374396,1028.73897002051,830.184959374396,15,194
0.18,0.76,0.06000000000000005,-3883.93547575478,2.1591705449941565,4599.552887371197,0.0,0.0,839.4564945620428,1019.4390883866074,839.4564945620428,15,194
0.1,0.66,0.24,-4072.9433186001675,2.1893459240060893,4653.96462402866,0.0,0.0,853.444465054694,1046.7522285934824,853.444465054694,15,194
0.04,0.58,0.38,-4108.158492720505,2.1962838767184976,4652.226576165131,0.0,0.0,853.9407774782837,1054.3311849662134,853.9407774782837,15,194
0.16,0.74,0.09999999999999998,-4115.39617893232,2.1939836359532707,4684.386545497495,0.0,0.0,863.2329947268327,1051.438790949552,863.2329947268327,15,194
0.08,0.64,0.28,-4351.887179792692,2.231218462830205,4756.660006543724,0.0,0.0,882.7108068534046,1085.9204269875786,882.7108068534046,15,194
0.02,0.56,0.41999999999999993,-4400.182637064822,2.240172443847449,4759.375037396594,0.0,0.0,885.1416574179198,1095.7225944709032,885.1416574179198,15,194
0.14,0.72,0.14,-4373.272607633658,2.2327161394297206,4779.347049639264,0.0,0.0,889.8867099672769,1087.2760097224245,889.8867099672769,15,194
0.2,0.8,0.0,-4490.707379677306,2.248571239510135,4837.583877050346,0.0,0.0,909.3236523188937,1103.6015410791463,909.3236523188937,15,194
0.06,0.62,0.31999999999999995,-4661.740656138516,2.277677284562038,4871.224242460616,0.0,0.0,915.5442710148378,1129.5664834911329,915.5442710148378,15,194
0.12,0.7000000000000001,0.17999999999999994,-4660.124724898816,2.2757752016098864,4885.297903206485,0.0,0.0,919.7564008275908,1127.349336143121,919.7564008275908,15,194
0.0,0.54,0.45999999999999996,-4724.6498442154,2.2888512495174718,4879.097836785509,0.0,0.0,919.794058516114,1141.7803079334476,919.794058516114,15,194
0.18,0.78,0.040000000000000036,-4755.485012265397,2.2883476339498525,4935.364562730332,0.0,0.0,936.5985451284349,1140.2344313838316,936.5985451284349,15,194
0.04,0.6,0.36,-5005.5570037562575,2.329195696217729,4998.759551514739,0.0,0.0,952.0552953908216,1178.1373240574492,952.0552953908216,15,194
0.1,0.68,0.21999999999999997,-4980.193343684436,2.32378621776615,5003.900166674708,0.0,0.0,953.4645483752814,1172.2570124570568,953.4645483752814,15,194
0.16,0.76,0.07999999999999996,-5052.483545120526,2.3329120784321113,5045.491722451046,0.0,0.0,967.3671711194671,1181.5351465531987,967.3671711194671,15,194
0.08,0.66,0.26,-5339.21049762082,2.377580173885611,5137.467261569793,0.0,0.0,991.4206757347052,1222.7867320699893,991.4206757347052,15,194
0.02,0.58,0.4,-5382.232951028414,2.3857011341820846,5138.48588363679,0.0,0.0,992.2474420274004,1231.5293321053107,992.2474420274004,15,194
0.14,0.74,0.12,-5386.577760428744,2.3829899948607642,5169.842574208262,0.0,0.0,1002.2917522859985,1228.1995537365985,1002.2917522859985,15,194
0.06,0.64,0.29999999999999993,-5743.024665968652,2.438030567198304,5288.2403747193475,0.0,0.0,1034.1959977140652,1279.773731823084,1034.1959977140652,15,194
0.0,0.56,0.43999999999999995,-5806.040850591173,2.4491861573852427,5296.432654033543,0.0,0.0,1037.4513374116807,1291.678876263715,1037.4513374116807,15,194
0.12,0.72,0.16000000000000003,-5762.937504234628,2.4393688794832413,5310.323603201185,0.0,0.0,1041.9426491425208,1280.9884365597638,1041.9426491425208,15,194
0.18,0.8,0.020000000000000018,-5902.166787128973,2.4584956791637023,5377.075570302867,0.0,0.0,1064.4704622992672,1300.5684729697432,1064.4704622992672,15,194
0.04,0.62,0.33999999999999997,-6198.781649062824,2.506204210513692,5458.960152917895,0.0,0.0,1082.5936107394414,1344.2375462772536,1082.5936107394414,15,194
0.1,0.7000000000000001,0.19999999999999996,-6188.223816507677,2.503048895249578,5469.459606722576,0.0,0.0,1086.922433826469,1340.864289496259,1086.922433826469,15,194
0.16,0.78,0.05999999999999994,-6301.267891965248,2.5182522861437553,5526.587590465448,0.0,0.0,1106.4855894711286,1356.401129851228,1106.4855894711286,15,194
0.02,0.6,0.38,-6708.05164593544,2.582449217019169,5649.782703495076,0.0,0.0,1136.8178300029092,1416.4693754140158,1136.8178300029092,15,194
0.08,0.68,0.24,-6672.3850977010725,2.5754778729512626,5651.237612514085,0.0,0.0,1138.235241157249,1409.2033899211124,1138.235241157249,15,194
0.14,0.76,0.09999999999999998,-6756.044026242718,2.5862942314915527,5697.4543172927715,0.0,0.0,1154.5560565689884,1420.2567317943322,1154.5560565689884,15,194
0.06,0.66,0.2799999999999999,-7225.984029314145,2.6582356503230073,5859.6940889090965,0.0,0.0,1197.0857081727863,1487.517881600857,1197.0857081727863,15,194
0.0,0.58,0.42000000000000004,-7289.330118190566,2.669399952818944,5868.314325867985,0.0,0.0,1198.9696518702374,1499.0180808806674,1198.9696518702374,15,194
0.12,0.74,0.14,-7276.614069985627,2.664137994784889,5893.524330228,0.0,0.0,1209.8372040759414,1493.5932328367412,1209.8372040759414,15,194
0.18,0.8200000000000001,0.0,-7471.295258184737,2.6915997019816245,5981.179917187856,0.0,0.0,1239.8115710217955,1521.774243187102,1239.8115710217955,15,194
0.04,0.64,0.31999999999999995,-7862.648829769456,2.7533545641580335,6100.063770789777,0.0,0.0,1265.3043207774786,1577.7525693290268,1265.3043207774786,15,194
0.1,0.72,0.18000000000000005,-7875.181792574034,2.75362509817078,6119.380938709842,0.0,0.0,1273.7224144082716,1578.185931006595,1273.7224144082716,15,194
0.16,0.8,0.039999999999999925,-8039.824445083453,2.776576176175605,6195.981464492394,0.0,0.0,1300.372251888281,1601.7959055082217,1300.372251888281,15,194
0.02,0.62,0.36,-8594.537845892377,2.8627316257856137,6376.686407144688,0.0,0.0,1344.1856591874125,1681.6908986222752,1344.1856591874125,15,194
0.08,0.7000000000000001,0.21999999999999997,-8570.102391770606,2.857450595842641,6382.269893757996,0.0,0.0,1348.4408897299043,1676.604828612601,1348.4408897299043,15,194
0.14,0.78,0.07999999999999996,-8699.852299872604,2.8751793875772087,6445.899409616515,0.0,0.0,1371.2100710895947,1694.9734937529074,1371.2100710895947,15,194
0.06,0.68,0.2599999999999999,-9383.423193512903,2.9789005818764727,6690.665603773825,0.0,0.0,1436.2528727249337,1791.9990509152026,1436.2528727249337,15,194
0.0,0.6,0.4,-9447.822753475639,2.990211086348148,6699.858490586611,0.0,0.0,1436.4580297052462,1803.0205754511153,1436.4580297052462,15,194
0.12,0.76,0.12,-9472.506144578945,2.9905576389717208,6739.054609796259,0.0,0.0,1454.670038934673,1804.330305151577,1454.670038934673,15,194
0.04,0.66,0.29999999999999993,-10344.545235471634,3.1223569463149077,7055.870505297626,0.0,0.0,1540.3751642441805,1928.5673115494405,1540.3751642441805,15,194
0.1,0.74,0.16000000000000003,-10384.362453931908,3.1267080625290764,7085.490536837857,0.0,0.0,1553.5467625437905,1933.7188038610807,1553.5467625437905,15,194
0.16,0.8200000000000001,0.019999999999999907,-10619.97573604,3.1603007058323964,7188.985265221232,0.0,0.0,1589.9102379082626,1968.5190652917724,1589.9102379082626,15,194
0.02,0.64,0.33999999999999997,-11490.259137388475,3.293354971846748,7491.822110022072,0.0,0.0,1665.1323963140817,2091.5931953474314,1665.1323963140817,15,194
0.08,0.72,0.20000000000000007,-11475.42166103572,3.2895424300700804,7500.815753884555,0.0,0.0,1672.4689930166533,2088.7954915253085,1672.4689930166533,15,194
0.14,0.8,0.05999999999999994,-11667.672972738957,3.3166399648281963,7588.124253162845,0.0,0.0,1704.2442674829717,2117.221349454683,1704.2442674829717,15,194
0.06,0.7000000000000001,0.23999999999999988,-12799.098446972688,3.487019636336978,8005.57065430204,0.0,0.0,1817.1453851418328,2277.1976383189453,1817.1453851418328,15,194
0.12,0.78,0.09999999999999998,-12937.311843050893,3.5060422577477834,8072.539810923751,0.0,0.0,1843.4526222817308,2297.776352156858,1843.4526222817308,15,194
0.0,0.62,0.38,-13457.210491272102,3.579970857844187,8253.014697619474,0.0,0.0,1891.7777788683456,2380.6940923187785,1891.7777788683456,14,194
0.04,0.68,0.2799999999999999,-14432.444423946084,3.7306203986966433,8629.386002575373,0.0,0.0,1996.4447232134125,2509.941396266787,1996.4447232134125,15,194
0.1,0.76,0.14,-14500.596951102412,3.7392263119856954,8669.639963913509,0.0,0.0,2015.60609695238,2520.503172853306,2015.60609695238,15,194
0.16,0.84,0.0,-14836.033040103533,3.787766390403029,8811.098593718321,0.0,0.0,2066.304336378507,2571.2427103025466,2066.304336378507,15,194
0.02,0.66,0.31999999999999995,-16489.76852482406,4.0373947532190835,9416.149126698512,0.0,0.0,2223.0274516715976,2803.3793366112127,2223.0274516715976,15,194
0.08,0.74,0.18000000000000005,-16468.15393257357,4.032633585829035,9422.160423385087,0.0,0.0,2232.7169990335756,2801.1880410505178,2232.7169990335756,15,194
0.14,0.8200000000000001,0.039999999999999925,-16743.58639483427,4.072187088654262,9541.078843864188,0.0,0.0,2277.5941328921817,2843.375418551058,2277.5941328921817,15,194
0.06,0.72,0.21999999999999997,-19010.6130493396,4.411680479907334,10395.750841989497,0.0,0.0,2513.5607059131876,3164.25442661503,2513.5607059131876,15,194
0.12,0.8,0.07999999999999996,-19200.861259161804,4.43850882763267,10482.388321497516,0.0,0.0,2550.2076123623915,3194.4236471021222,2550.2076123623915,15,194
0.0,0.64,0.36,-19972.618563815846,4.549875827163324,10760.32814280284,0.0,0.0,2617.997924895496,3309.3999437992165,2617.997924895496,14,194
0.04,0.7000000000000001,0.2599999999999999,-22409.8169783749,4.918357826987939,11698.809141896603,0.0,0.0,2890.321446882004,3650.0554332123374,2890.321446882004,15,194
0.1,0.78,0.12,-22472.48867625331,4.926185345642422,11736.673748025723,0.0,0.0,2914.024438099002,3662.3839885557977,2914.024438099002,15,194
0.02,0.68,0.29999999999999993,-27168.08017614152,5.627503281525185,13524.529947597868,0.0,0.0,3417.8984288188194,4330.50899726866,3417.8984288188194,15,194
0.08,0.76,0.16000000000000003,-27028.956043406208,5.605285005627364,13485.01553041633,0.0,0.0,3420.9787520020614,4314.696867541831,3420.9787520020614,15,194
0.14,0.84,0.020000000000000018,-27374.60955634552,5.655370335913081,13630.534702630106,0.0,0.0,3481.4279659860445,4370.6169244165585,3481.4279659860445,15,194
0.06,0.74,0.19999999999999996,-33785.78769669408,6.612193478662974,16079.596509174298,0.0,0.0,4173.592538308592,5282.6441385230055,4173.592538308592,15,194
0.12,0.8200000000000001,0.05999999999999994,-33899.593533411935,6.6276923168773,16136.467440137963,0.0,0.0,4211.478055156934,5306.61030340173,4211.478055156934,15,194
0.0,0.66,0.33999999999999997,-35684.90136169062,6.889965029791737,16804.874581660762,0.0,0.0,4373.19112550415,5557.814989546993,4373.19112550415,14,194
0.1,0.8,0.09999999999999998,-44405.236200381536,8.193093148590378,20173.203635109552,0.0,0.0,5388.154333887737,6814.658185728629,5388.154333887737,15,194
0.04,0.72,0.24,-44796.50700150256,8.252852250340636,20310.231811306297,0.0,0.0,5401.505601558916,6860.729833669609,5401.505601558916,15,194
0.14,0.86,0.0,-63518.05404460087,11.039499562899238,27532.376372262726,0.0,0.0,7577.708342241514,9577.383810692858,7577.708342241514,15,194
0.08,0.78,0.14,-64048.94721684843,11.119927954380936,27724.42427018864,0.0,0.0,7591.336677149287,9635.761018450647,7591.336677149287,15,194
0.02,0.7000000000000001,0.2799999999999999,-65824.1854419526,11.385864263528514,28393.485268362336,0.0,0.0,7748.112369412692,9875.456003606756,7748.112369412692,15,194
0.12,0.84,0.040000000000000036,-108684.00988488634,17.768662305100296,44900.350750704136,0.0,0.0,12672.739893689002,16078.183127206874,12672.739893689002,15,194
0.06,0.76,0.17999999999999994,-113652.21358369745,18.51023340967457,46798.48656442608,0.0,0.0,13158.501143819965,16761.50818932445,13158.501143819965,15,194
0.0,0.68,0.31999999999999995,-126435.78445953733,20.409564789210005,51710.392564301124,0.0,0.0,14524.407724605955,18575.679177930742,14524.407724605955,14,194
0.1,0.8200000000000001,0.07999999999999996,-369520.0088299064,56.62911063514131,145218.13763124752,0.0,0.0,42114.4121257937,53628.81777121451,42114.4121257937,15,194
0.04,0.74,0.21999999999999997,-476858.90427570516,72.62224427892643,186489.1864858663,0.0,0.0,53932.386264403554,68945.67536339333,53932.386264403554,15,194
