w_wti,w_brent,w_basket,beta,alpha,pi0,lambda,lambda_factor,price_mae,price_rmse,change_mae,segments_used,rows_used
0.66,0.06,0.27999999999999997,1820.751832,1.3025653172203355,2624.8426859104984,0.0,0.0,210.47869469719424,332.92733789130625,210.47869469719424,18,194
0.68,0.04,0.27999999999999997,1820.751832,1.3026127598726547,2631.291502592156,0.0,0.0,210.48310656651333,332.97041558603365,210.48310656651333,18,194
0.64,0.08,0.27999999999999997,1820.751832,1.302434122120188,2618.682122881888,0.0,0.0,210.48490614602528,332.9760316307345,210.48490614602528,18,194
0.66,0.08,0.25999999999999995,1820.751832,1.301248982141457,2628.155701224547,0.0,0.0,210.48924981593706,333.88223553248775,210.48924981593706,18,194
0.66,0.04,0.3,1820.751832,1.3038529044429958,2621.6365925748364,0.0,0.0,210.49305449155253,332.0109899493549,210.49305449155253,18,194
0.68,0.06,0.25999999999999995,1820.751832,1.301303822858253,2634.569652949731,0.0,0.0,210.49363900167185,333.9150545134272,210.49363900167185,18,194
0.64,0.1,0.26,1820.751832,1.3011107224770044,2622.029066898494,0.0,0.0,210.49585650472642,333.9413243222999,210.49585650472642,18,194
0.64,0.06,0.3,1820.751832,1.303728980306771,2615.441609144497,0.0,0.0,210.4969266406523,332.0493442988053,210.4969266406523,18,194
0.68,0.02,0.29999999999999993,1820.751832,1.3038927475053077,2628.120743917121,0.0,0.0,210.49980470883526,332.06425847832423,210.49980470883526,18,194
0.62,0.1,0.28,1820.751832,1.3022215963645196,2612.8031602132555,0.0,0.0,210.5016743284567,333.11566494160326,210.5016743284567,18,194
0.62,0.08,0.3,1820.751832,1.303523386327281,2609.529187281985,0.0,0.0,210.5113583014079,332.1785119110925,210.5113583014079,18,194
0.66,0.02,0.31999999999999995,1820.751832,1.3051117272674235,2618.5373120187146,0.0,0.0,210.51235529623472,331.13291658151553,210.51235529623472,18,194
0.64,0.04,0.32,1820.751832,1.304995280084243,2612.3074194715596,0.0,0.0,210.51390093445605,331.1609909453625,210.51390093445605,18,194
0.62,0.12,0.26,1820.751832,1.3008862521525422,2616.2160725704935,0.0,0.0,210.5181678309013,334.0939007840087,210.5181678309013,18,194
0.62,0.06,0.32,1820.751832,1.304796827677969,2606.3610311776997,0.0,0.0,210.52600781795806,331.27974066917926,210.52600781795806,18,194
0.64,0.02,0.33999999999999997,1820.751832,1.3062330005755554,2609.2794628739985,0.0,0.0,210.5358082784043,330.31069512686906,210.5358082784043,18,194
0.7000000000000001,0.02,0.2799999999999999,1820.751832,1.3025748187268873,2638.0333976348475,0.0,0.0,210.53648977190127,333.10520416672296,210.53648977190127,18,194
0.68,0.0,0.31999999999999995,1820.751832,1.3051437697242996,2625.0572644554136,0.0,0.0,210.5372967046519,331.1963044889759,210.5372967046519,18,194
0.66,0.1,0.23999999999999996,1820.751832,1.2999039116095312,2631.57576357641,0.0,0.0,210.53989825638908,334.87595319501264,210.53989825638908,18,194
0.66,0.0,0.33999999999999997,1820.751832,1.306341765299401,2615.5447500630535,0.0,0.0,210.54286755910897,330.29283760793186,210.54286755910897,18,194
0.6,0.1,0.30000000000000004,1820.751832,1.3032117146527913,2604.0492916579306,0.0,0.0,210.54420375543805,332.4048181226405,210.54420375543805,18,194
0.62,0.04,0.34,1820.751832,1.3060418991497893,2603.2986038262966,0.0,0.0,210.54560227600274,330.4190786642192,210.54560227600274,18,194
0.64,0.12,0.24,1820.751832,1.2997587941223474,2625.4825634543054,0.0,0.0,210.54955981261227,334.94548895497763,210.54955981261227,18,194
0.6,0.12,0.28,1820.751832,1.3018762910321504,2607.4982163664517,0.0,0.0,210.5522983384015,333.35566734231446,210.5522983384015,18,194
0.6,0.08,0.32,1820.751832,1.304508814338002,2600.7552742312964,0.0,0.0,210.5573569953023,331.49257142143614,210.5573569953023,18,194
0.7000000000000001,0.0,0.29999999999999993,1820.751832,1.3038494916300147,2634.8937423563852,0.0,0.0,210.5597553681676,332.2060920275583,210.5597553681676,18,194
0.6,0.06,0.34,1820.751832,1.3057680067488247,2597.61402269165,0.0,0.0,210.56841452611985,330.6183274069769,210.56841452611985,18,194
0.62,0.02,0.36,1820.751832,1.3072585757979254,2600.3418316131865,0.0,0.0,210.57748713280276,329.5962480244222,210.57748713280276,18,194
0.64,0.0,0.36,1820.751832,1.3074421172912862,2606.3576626325726,0.0,0.0,210.5832117458318,329.49817509133334,210.5832117458318,18,194
0.68,0.08,0.23999999999999994,1820.751832,1.2999659484342314,2637.9553230974316,0.0,0.0,210.5874736550849,334.8984491626135,210.5874736550849,18,194
0.6,0.04,0.36000000000000004,1820.751832,1.3069948463497023,2594.604451996406,0.0,0.0,210.58809906508674,329.78382704519913,210.58809906508674,18,194
0.6,0.14,0.26,1820.751832,1.300512486532678,2611.053484622831,0.0,0.0,210.58858103608253,334.3458255173065,210.58858103608253,18,194
0.62,0.14,0.24,1820.751832,1.2995036966933715,2619.829797484261,0.0,0.0,210.5905166993047,335.1121991740441,210.5905166993047,18,194
0.7000000000000001,0.04,0.25999999999999995,1820.751832,1.3012729219402424,2641.2771633145057,0.0,0.0,210.60006397522315,334.040508703269,210.60006397522315,18,194
0.58,0.08,0.34,1820.751832,1.3053716104578934,2592.456523427889,0.0,0.0,210.61862687899634,330.9145260153755,210.61862687899634,18,194
0.64,0.14,0.21999999999999997,1820.751832,1.2983783453438662,2629.0427515246165,0.0,0.0,210.62364844963597,335.9887875860873,210.62364844963597,18,194
0.58,0.1,0.32000000000000006,1820.751832,1.3040864922787458,2595.7245197363845,0.0,0.0,210.62464181931085,331.7989892593899,210.62464181931085,18,194
0.62,0.0,0.38,1820.751832,1.3084468293333844,2597.4906543271395,0.0,0.0,210.63436025862165,328.8109653210532,210.63436025862165,18,194
0.6,0.02,0.38,1820.751832,1.3081905340073785,2591.7187377150567,0.0,0.0,210.6367855902579,328.9881440470199,210.6367855902579,18,194
0.66,0.12,0.21999999999999997,1820.751832,1.2985301136352874,2635.103014576291,0.0,0.0,210.63681223096614,335.9087566625699,210.63681223096614,18,194
0.58,0.12,0.30000000000000004,1820.751832,1.3027731641840006,2599.0981569545925,0.0,0.0,210.63749465982877,332.72224480356556,210.63749465982877,18,194
0.58,0.06,0.36000000000000004,1820.751832,1.306628486302649,2589.294128346531,0.0,0.0,210.6453225474512,330.06857222477714,210.6453225474512,18,194
0.58,0.14,0.28,1820.751832,1.3014316548438998,2602.5774901309196,0.0,0.0,210.65568897291698,333.6845694939099,210.65568897291698,18,194
0.58,0.04,0.38000000000000006,1820.751832,1.3078414321934297,2586.314428971285,0.0,0.0,210.6733091973888,329.2595513091385,210.6733091973888,18,194
0.6,0.16,0.24000000000000002,1820.751832,1.2991203215780964,2614.715184911781,0.0,0.0,210.69017995436786,335.37556313425046,210.69017995436786,18,194
0.6,0.0,0.4,1820.751832,1.309357978216286,2588.9380598319754,0.0,0.0,210.69625235021414,328.22977251859044,210.69625235021414,18,194
0.62,0.16,0.22,1820.751832,1.2980889492240657,2623.568321246898,0.0,0.0,210.69644378460933,336.17029048853914,210.69644378460933,18,194
0.56,0.06,0.37999999999999995,1820.751832,1.307357639554472,2581.4926537839206,0.0,0.0,210.70748202168724,329.61978788835114,210.70748202168724,18,194
0.58,0.02,0.4,1820.751832,1.3090190771025898,2583.476943401393,0.0,0.0,210.71721149116138,328.4877575645717,210.71721149116138,18,194
0.56,0.08,0.35999999999999993,1820.751832,1.3061286550144975,2584.5470398100756,0.0,0.0,210.71734811260828,330.43909144056187,210.71734811260828,18,194
0.58,0.16,0.26,1820.751832,1.3000619888400193,2606.162590784042,0.0,0.0,210.72928522547997,334.6862344479187,210.72928522547997,18,194
0.56,0.1,0.33999999999999997,1820.751832,1.3048715733001068,2587.706605891882,0.0,0.0,210.7325313712904,331.29638319310897,210.7325313712904,18,194
0.56,0.12,0.31999999999999995,1820.751832,1.303582614023874,2590.992291785687,0.0,0.0,210.74657617291678,332.19222554366206,210.74657617291678,18,194
0.56,0.04,0.39999999999999997,1820.751832,1.3085584854411008,2578.5434493511184,0.0,0.0,210.74857471050584,328.83818345324437,210.74857471050584,18,194
0.68,0.1,0.21999999999999995,1820.751832,1.2985991442558962,2641.448657491514,0.0,0.0,210.7529745420374,335.9208688899023,210.7529745420374,18,194
0.7000000000000001,0.06,0.23999999999999994,1820.751832,1.2999425694264053,2644.6275368357933,0.0,0.0,210.7543820783426,335.0137270352961,210.7543820783426,18,194
0.64,0.16,0.19999999999999998,1820.751832,1.2969657973764268,2632.7276949304705,0.0,0.0,210.75618203356572,337.07176029952495,210.75618203356572,18,194
0.56,0.14,0.29999999999999993,1820.751832,1.3022633203240475,2594.3959013196213,0.0,0.0,210.77388083481057,333.1270099439062,210.77388083481057,18,194
0.72,0.0,0.28,1820.751832,1.3024603706041875,2645.055518722414,0.0,0.0,210.77676604467229,333.31871865213105,210.77676604467229,18,194
0.58,0.0,0.42000000000000004,1820.751832,1.3101663963504384,2580.755977233124,0.0,0.0,210.7897401121947,327.7529403462137,210.7897401121947,18,194
0.54,0.06,0.39999999999999997,1820.751832,1.3079941024751163,2574.021260020068,0.0,0.0,210.80298789678943,329.27135466447544,210.80298789678943,18,194
0.54,0.08,0.37999999999999995,1820.751832,1.3067866507668031,2577.0021420008775,0.0,0.0,210.80488488761577,330.06478962911945,210.80488488761577,18,194
0.54,0.1,0.36,1820.751832,1.3055512805528007,2580.087642604072,0.0,0.0,210.81721634056342,330.8959630023355,210.81721634056342,18,194
0.6,0.18,0.22000000000000003,1820.751832,1.2976998119939502,2618.483423672904,0.0,0.0,210.82558853454907,336.44514550731503,210.82558853454907,18,194
0.66,0.14,0.19999999999999996,1820.751832,1.2971275916199827,2638.737612911371,0.0,0.0,210.82738953296752,336.9809074536602,210.82738953296752,18,194
0.56,0.02,0.41999999999999993,1820.751832,1.3097282289544308,2575.713885173021,0.0,0.0,210.8310051210994,328.093666187195,210.8310051210994,18,194
0.54,0.12,0.33999999999999997,1820.751832,1.3042880331926314,2583.277760334168,0.0,0.0,210.83486955122626,331.76515890599853,210.83486955122626,18,194
0.56,0.16,0.2799999999999999,1820.751832,1.3009160701111666,2597.9046245852537,0.0,0.0,210.83646087499858,334.10088893741204,210.83646087499858,18,194
0.54,0.04,0.42,1820.751832,1.309169715098343,2571.1652163034396,0.0,0.0,210.8522943048822,328.51506927711756,210.8522943048822,18,194
0.62,0.18,0.2,1820.751832,1.2966456458336046,2627.4140744132324,0.0,0.0,210.8581144158357,337.2684583832736,210.8581144158357,18,194
0.58,0.18,0.24000000000000005,1820.751832,1.298664186353865,2609.853547870811,0.0,0.0,210.86100971704664,335.72750534734695,210.86100971704664,18,194
0.72,0.02,0.26,1820.751832,1.301165073398679,2648.2644167067465,0.0,0.0,210.87515476528694,334.2460734774503,210.87515476528694,18,194
0.54,0.14,0.31999999999999995,1820.751832,1.3029969470433618,2586.5725064940925,0.0,0.0,210.8924636749703,332.67265503515506,210.8924636749703,18,194
0.52,0.08,0.39999999999999997,1820.751832,1.3073464050008556,2569.8194692138595,0.0,0.0,210.89945055155792,329.78853675452433,210.89945055155792,18,194
0.52,0.1,0.38,1820.751832,1.3061390777227142,2572.7993905864046,0.0,0.0,210.90689656980152,330.5940910425466,210.90689656980152,18,194
0.56,0.0,0.43999999999999995,1820.751832,1.3108546702016701,2573.0642005921095,0.0,0.0,210.91930929795797,327.3843775635982,210.91930929795797,18,194
0.52,0.12,0.36,1820.751832,1.3049048386119675,2575.881220878256,0.0,0.0,210.94256726617346,331.43688674147904,210.94256726617346,18,194
0.54,0.02,0.43999999999999995,1820.751832,1.3103153966389343,2568.423839783864,0.0,0.0,210.94273514465922,327.79562232860513,210.94273514465922,18,194
0.52,0.06,0.42,1820.751832,1.308526698773918,2566.941682312809,0.0,0.0,210.9434447470269,329.0199718127344,210.9434447470269,18,194
0.7000000000000001,0.08,0.21999999999999992,1820.751832,1.298583090769534,2648.0860247500073,0.0,0.0,210.94975969677327,336.025896688992,210.94975969677327,18,194
0.56,0.18,0.25999999999999995,1820.751832,1.2995408877517216,2601.5185334901744,0.0,0.0,210.95010454990256,335.11412870436754,210.95010454990256,18,194
0.68,0.12,0.19999999999999996,1820.751832,1.2972034134416026,2645.049817481809,0.0,0.0,210.9606466467951,336.98257876790933,210.9606466467951,18,194
0.54,0.16,0.29999999999999993,1820.751832,1.3016780570786444,2589.9719064854594,0.0,0.0,210.98829940188466,333.6187228994206,210.98829940188466,18,194
0.6,0.2,0.2,1820.751832,1.2962509687599009,2622.358325979606,0.0,0.0,211.004732057199,337.55483308629084,211.004732057199,18,194
0.52,0.04,0.44,1820.751832,1.309679191379347,2564.1680379011696,0.0,0.0,211.01497178270313,328.2884031630689,211.01497178270313,18,194
0.72,0.04,0.24000000000000002,1820.751832,1.2998403402662018,2651.582147315581,0.0,0.0,211.01513968096225,335.2120701156961,211.01513968096225,18,194
0.64,0.18,0.18,1820.751832,1.2954996140102788,2636.6511938063504,0.0,0.0,211.02721110857928,338.19878032596665,211.02721110857928,18,194
0.58,0.2,0.22000000000000003,1820.751832,1.297238262887799,2613.650468603149,0.0,0.0,211.03550077965116,336.80864274754725,211.03550077965116,18,194
0.52,0.14,0.33999999999999997,1820.751832,1.3036421695348128,2579.0711282938464,0.0,0.0,211.03745662776066,332.3175296992271,211.03745662776066,18,194
0.54,0.0,0.45999999999999996,1820.751832,1.3114330104465877,2565.787198175581,0.0,0.0,211.0500085549856,327.1128256321962,211.0500085549856,18,194
0.5,0.1,0.4,1820.751832,1.3066514684284418,2565.8010170295206,0.0,0.0,211.05166372602076,330.3820945297917,211.05166372602076,18,194
0.66,0.16,0.17999999999999997,1820.751832,1.2956963441785025,2642.4797346947557,0.0,0.0,211.05186355443794,338.0926630988936,211.05186355443794,18,194
0.62,0.2,0.18,1820.751832,1.2951737928936888,2631.367200005807,0.0,0.0,211.05787964044814,338.40696329678383,211.05787964044814,18,194
0.5,0.08,0.42,1820.751832,1.3078364939946807,2562.896740358191,0.0,0.0,211.0677182434468,329.6019208465203,211.0677182434468,18,194
0.54,0.18,0.27999999999999997,1820.751832,1.3003313945292234,2593.476001000929,0.0,0.0,211.08988770913797,334.6036280912459,211.08988770913797,18,194
0.52,0.02,0.45999999999999996,1820.751832,1.3108038339424173,2561.498573211505,0.0,0.0,211.09153743087472,327.5935332075384,211.09153743087472,18,194
0.56,0.2,0.23999999999999994,1820.751832,1.2981377931394023,2605.2377176586233,0.0,0.0,211.11157857803897,336.16699002836987,211.11157857803897,18,194
0.5,0.12,0.38,1820.751832,1.3054388998857573,2568.808870957762,0.0,0.0,211.12272740481143,331.1995865974826,211.12272740481143,18,194
0.52,0.16,0.31999999999999995,1820.751832,1.3023469939129941,2582.3906845571028,0.0,0.0,211.13194739065918,333.2363880806066,211.13194739065918,18,194
0.5,0.06,0.44,1820.751832,1.3089939296326383,2560.096069454207,0.0,0.0,211.1350968222014,328.8587798221517,211.1350968222014,18,194
0.7000000000000001,0.1,0.19999999999999993,1820.751832,1.2971944887196827,2651.6527912934557,0.0,0.0,211.16111715643038,337.07728612524835,211.16111715643038,18,194
0.52,0.0,0.48,1820.751832,1.3119005762357054,2558.9333323771457,0.0,0.0,211.18510487766324,326.93505730827,211.18510487766324,18,194
0.5,0.14,0.36,1820.751832,1.3041988330440377,2571.920283948179,0.0,0.0,211.20523564898488,332.05467600424,211.20523564898488,18,194
0.5,0.04,0.46,1820.751832,1.3101237265340842,2557.3990416420834,0.0,0.0,211.20752540571604,328.1523787891608,211.20752540571604,18,194
0.54,0.2,0.25999999999999995,1820.751832,1.2989517093402572,2597.113987675669,0.0,0.0,211.20902169283536,335.62840977054805,211.20902169283536,18,194
0.68,0.14,0.17999999999999994,1820.751832,1.295778754393172,2648.758981677621,0.0,0.0,211.21176970797552,338.0838398518001,211.21176970797552,18,194
0.72,0.06,0.22000000000000003,1820.751832,1.2984861774256307,2655.0088631457265,0.0,0.0,211.21393706258965,336.21698582471487,211.21393706258965,18,194
0.74,0.0,0.26,1820.751832,1.3009657854129681,2655.5664019312158,0.0,0.0,211.22057382737603,334.54479854554813,211.22057382737603,18,194
0.6,0.22,0.18000000000000002,1820.751832,1.294773797801913,2626.3400360376595,0.0,0.0,211.2246961797564,338.7048817723827,211.2246961797564,18,194
0.52,0.18,0.3,1820.751832,1.301024227943609,2585.81435088803,0.0,0.0,211.23218762612666,334.19383493025884,211.23218762612666,18,194
0.58,0.22,0.20000000000000004,1820.751832,1.2957842290220105,2617.553479099274,0.0,0.0,211.24813346957671,337.9299023989565,211.24813346957671,18,194
0.48,0.1,0.42000000000000004,1820.751832,1.3070872831607572,2559.0618745556844,0.0,0.0,211.2745812396551,330.2658210279996,211.2745812396551,18,194
0.48,0.08,0.44,1820.751832,1.3082508541967917,2556.230972766987,0.0,0.0,211.2791835299713,329.5104184439677,211.2791835299713,18,194
0.5,0.02,0.48,1820.751832,1.311225834461517,2554.8057015014783,0.0,0.0,211.28498259361015,327.48241800222644,211.28498259361015,18,194
0.56,0.22,0.21999999999999995,1820.751832,1.2967068014208918,2609.0622852202346,0.0,0.0,211.29087827931593,337.2597286189983,211.29087827931593,18,194
0.5,0.16,0.33999999999999997,1820.751832,1.3029313099002764,2575.1352495536707,0.0,0.0,211.29332871578578,332.94763513863523,211.29332871578578,18,194
0.64,0.2,0.15999999999999998,1820.751832,1.2940046628088289,2640.682779975228,0.0,0.0,211.31991461225982,339.3663615712154,211.31991461225982,18,194
0.48,0.12,0.4,1820.751832,1.30589633714541,2561.9958254522294,0.0,0.0,211.32021156245756,331.05828219729347,211.32021156245756,18,194
0.66,0.18,0.15999999999999998,1820.751832,1.2942363650061133,2646.329573624332,0.0,0.0,211.32932655191667,339.24427741741323,211.32932655191667,18,194
0.52,0.2,0.27999999999999997,1820.751832,1.299673902478849,2589.3421692320176,0.0,0.0,211.34039692401973,335.1901309914232,211.34039692401973,18,194
0.48,0.06,0.46,1820.751832,1.3093870015783333,2553.5031572888856,0.0,0.0,211.34899405128488,328.7917869227884,211.34899405128488,18,194
0.62,0.22,0.16,1820.751832,1.2936733916390537,2635.427860214201,0.0,0.0,211.351282856674,339.5860613576832,211.351282856674,18,194
0.5,0.0,0.5,1820.751832,1.3123002021815897,2552.316099262828,0.0,0.0,211.36744667017032,326.8485905390167,211.36744667017032,18,194
0.54,0.22,0.23999999999999996,1820.751832,1.2975436635473103,2600.86037364389,0.0,0.0,211.37572138216046,336.69290172034283,211.37572138216046,18,194
0.5,0.18,0.32,1820.751832,1.3016363693801372,2578.453774424363,0.0,0.0,211.38723515726923,333.87873005954543,211.38723515726923,18,194
0.48,0.14,0.38,1820.751832,1.3046780629091907,2565.032797355711,0.0,0.0,211.399606601175,331.88808250640983,211.399606601175,18,194
0.74,0.02,0.24000000000000002,1820.751832,1.2996498517324109,2658.844500541559,0.0,0.0,211.40739563404733,335.50066251446435,211.40739563404733,18,194
0.48,0.04,0.48000000000000004,1820.751832,1.3104956751354704,2550.8784728939854,0.0,0.0,211.43271619191825,328.1096318252362,211.43271619191825,18,194
0.7000000000000001,0.12,0.17999999999999994,1820.751832,1.2957767613904858,2655.328017759431,0.0,0.0,211.4464091914985,338.1681597649237,211.4464091914985,18,194
0.72,0.08,0.2,1820.751832,1.2971025867062642,2658.5447333289326,0.0,0.0,211.45002606470348,337.2610936015182,211.45002606470348,18,194
0.6,0.24,0.16000000000000003,1820.751832,1.2932682998281526,2630.4287174887436,0.0,0.0,211.4719572145907,339.89554323651964,211.4719572145907,18,194
0.58,0.24,0.18000000000000005,1820.751832,1.2943020902112399,2621.5627248547416,0.0,0.0,211.47206428634564,339.0915355759394,211.47206428634564,18,194
0.68,0.16,0.15999999999999995,1820.751832,1.2943251606604944,2652.576346121262,0.0,0.0,211.47988766946497,339.2249094447344,211.47988766946497,18,194
0.48,0.16,0.36,1820.751832,1.3034325048810744,2568.1727727405632,0.0,0.0,211.48457874408768,332.7554957263058,211.48457874408768,18,194
0.52,0.22,0.26,1820.751832,1.2982960442411668,2592.9741981012794,0.0,0.0,211.50373638385247,336.22553142903416,211.50373638385247,18,194
0.56,0.24,0.19999999999999996,1820.751832,1.2952479227575944,2612.99236343312,0.0,0.0,211.509128326462,338.39259544621035,211.509128326462,18,194
0.48,0.02,0.5,1820.751832,1.3115768236320757,2548.3569703459843,0.0,0.0,211.52124696504737,327.4636512829447,211.52124696504737,18,194
0.5,0.2,0.3,1820.751832,1.3003140469652679,2581.875879561766,0.0,0.0,211.52384728107964,334.8482207616532,211.52384728107964,18,194
0.46,0.1,0.44000000000000006,1820.751832,1.307448428188081,2552.57663344626,0.0,0.0,211.55645224581582,330.2438527474924,211.55645224581582,18,194
0.54,0.24,0.21999999999999997,1820.751832,1.296107944052378,2604.711559670728,0.0,0.0,211.56291191664297,337.79727123326023,211.56291191664297,18,194
0.46,0.08,0.46,1820.751832,1.3085905898178765,2549.819037893234,0.0,0.0,211.56577479999524,329.51294137500275,211.56577479999524,18,194
0.46,0.12,0.42000000000000004,1820.751832,1.3062790559711366,2555.4367598874833,0.0,0.0,211.5779576159819,331.01155799420343,211.5779576159819,18,194
0.48,0.18,0.34,1820.751832,1.302159704760022,2571.415746059403,0.0,0.0,211.60168840630237,333.66078906213295,211.60168840630237,18,194
0.46,0.06,0.48000000000000004,1820.751832,1.3097054908226102,2547.1640178685057,0.0,0.0,211.613496346703,328.8185344284818,211.613496346703,18,194
0.48,0.0,0.52,1820.751832,1.3126303951981502,2545.9387047855816,0.0,0.0,211.61456470964563,326.85353612367965,211.61456470964563,18,194
0.46,0.14,0.4,1820.751832,1.3050825216557445,2558.3993804200836,0.0,0.0,211.6173317113576,331.8163394139623,211.6173317113576,18,194
0.74,0.04,0.22,1820.751832,1.2983042985845368,2662.2320062029967,0.0,0.0,211.61926086297467,336.4953431881577,211.61926086297467,18,194
0.64,0.22,0.13999999999999999,1820.751832,1.2924809403338988,2644.8226332878176,0.0,0.0,211.61931221206302,340.5747604289825,211.61931221206302,18,194
0.66,0.2,0.13999999999999996,1820.751832,1.2927370002717942,2650.3388603275907,0.0,0.0,211.6559569839892,340.43674058346244,211.6559569839892,18,194
0.5,0.22,0.28,1820.751832,1.298964374342065,2585.401601464304,0.0,0.0,211.66985286665633,335.8563614671639,211.66985286665633,18,194
0.52,0.24,0.24,1820.751832,1.2968906755223772,2596.7105134793496,0.0,0.0,211.67367598104735,337.3002861537439,211.67367598104735,18,194
0.62,0.24,0.14,1820.751832,1.2921444380468639,2639.5962365152263,0.0,0.0,211.68782656604964,340.80600468713646,211.68782656604964,18,194
0.46,0.04,0.5,1820.751832,1.310793080038553,2544.611624303591,0.0,0.0,211.68932032756572,328.160335184961,211.68932032756572,18,194
0.58,0.26,0.16000000000000003,1820.751832,1.292791846624971,2625.678371019037,0.0,0.0,211.70927940046798,340.29378940778867,211.70927940046798,18,194
0.46,0.16,0.38,1820.751832,1.3038588717646817,2561.4644675944764,0.0,0.0,211.71432139294586,332.6584723180801,211.71432139294586,18,194
0.48,0.2,0.32,1820.751832,1.3008597011296168,2574.761725062624,0.0,0.0,211.72627532400747,334.60422340244986,211.72627532400747,18,194
0.72,0.1,0.18000000000000002,1820.751832,1.2956895653647194,2662.189943925641,0.0,0.0,211.73393327022922,338.344662424387,211.73393327022922,18,194
0.56,0.26,0.17999999999999994,1820.751832,1.293761162126909,2617.0280991272434,0.0,0.0,211.73468870741965,339.5658370817205,211.73468870741965,18,194
0.7000000000000001,0.14,0.15999999999999992,1820.751832,1.294329902121602,2659.1119026868464,0.0,0.0,211.7451614359518,339.298778243005,211.7451614359518,18,194
0.46,0.02,0.52,1820.751832,1.3118533056036035,2542.1619128329094,0.0,0.0,211.78046757554736,327.5380395591118,211.78046757554736,18,194
0.54,0.26,0.19999999999999996,1820.751832,1.294644560597253,2608.667674190039,0.0,0.0,211.7838693274256,338.9417644305536,211.7838693274256,18,194
0.6,0.26,0.14,1820.751832,1.2917344702123639,2634.6245535046514,0.0,0.0,211.79689130080138,341.1270652346747,211.79689130080138,18,194
0.68,0.18,0.13999999999999996,1820.751832,1.292842620853912,2656.5021242562443,0.0,0.0,211.80251424352744,340.40604135726574,211.80251424352744,18,194
0.46,0.18,0.36000000000000004,1820.751832,1.3026081504475162,2564.6320047527493,0.0,0.0,211.82885203204268,333.53822522746736,211.82885203204268,18,194
0.5,0.24,0.26,1820.751832,1.2975822308671001,2589.058100507689,0.0,0.0,211.8370320715151,336.9037766615089,211.8370320715151,18,194
0.74,0.06,0.2,1820.751832,1.296929127299883,2665.729091172323,0.0,0.0,211.83802068484312,337.5291166066569,211.83802068484312,18,194
0.76,0.0,0.24,1820.751832,1.299363871833012,2666.431152443995,0.0,0.0,211.84641759782056,335.88543890766334,211.84641759782056,18,194
0.48,0.22,0.30000000000000004,1820.751832,1.2995325290909823,2578.210732021996,0.0,0.0,211.85648380671472,335.5860535972889,211.85648380671472,18,194
0.52,0.26,0.21999999999999997,1820.751832,1.295456922847586,2600.556164856094,0.0,0.0,211.86332015387495,338.4148204706612,211.86332015387495,18,194
0.44,0.1,0.4600000000000001,1820.751832,1.3077368120692963,2546.3398838674293,0.0,0.0,211.86811342170205,330.3147399006039,211.86811342170205,18,194
0.46,0.0,0.54,1820.751832,1.3128861153862854,2539.814942179294,0.0,0.0,211.8763890689375,326.95133605392056,211.8763890689375,18,194
0.44,0.12,0.44000000000000006,1820.751832,1.3065889640115063,2549.126270799471,0.0,0.0,211.87761606027146,331.05796575132985,211.87761606027146,18,194
0.44,0.08,0.48000000000000004,1820.751832,1.3088576103033827,2543.655519522536,0.0,0.0,211.8825425110448,329.6080386793255,211.8825425110448,18,194
0.44,0.06,0.5,1820.751832,1.3099513076824303,2541.0732285443187,0.0,0.0,211.9136547036715,328.9375705887836,211.9136547036715,18,194
0.44,0.14,0.42000000000000004,1820.751832,1.3054141159865744,2552.014636090713,0.0,0.0,211.92435546895555,331.83800041608254,211.92435546895555,18,194
0.64,0.24,0.12,1820.751832,1.2909284379074617,2649.070952508886,0.0,0.0,211.94295087911524,341.82422947981536,211.94295087911524,18,194
0.46,0.2,0.34,1820.751832,1.3013303990856118,2567.9019874015785,0.0,0.0,211.950328180701,334.4558601031336,211.950328180701,18,194
0.58,0.28,0.14,1820.751832,1.2912534930347646,2629.9006024638393,0.0,0.0,211.967018032506,341.5369072063477,211.967018032506,18,194
0.44,0.04,0.52,1820.751832,1.311017852422658,2538.5930667022512,0.0,0.0,211.96896673003315,328.3030367157334,211.96896673003315,18,194
0.56,0.28,0.15999999999999992,1820.751832,1.2922465191666956,2621.1696589540757,0.0,0.0,211.9746974567657,340.77969604214366,211.9746974567657,18,194
0.44,0.16,0.4,1820.751832,1.3042123162581731,2555.0049435886685,0.0,0.0,211.99539876314324,332.65512090338456,211.99539876314324,18,194
0.48,0.24,0.28,1820.751832,1.298178219917167,2581.7628048451493,0.0,0.0,211.99743046107756,336.6065287621339,211.99743046107756,18,194
0.5,0.26,0.24,1820.751832,1.296172454852277,2592.820106313121,0.0,0.0,212.00970637303845,337.9905550029921,212.00970637303845,18,194
0.54,0.28,0.17999999999999994,1820.751832,1.2931535176941276,2612.728865352069,0.0,0.0,212.01130214587369,340.126623117614,212.01130214587369,18,194
0.66,0.22,0.11999999999999997,1820.751832,1.2911944340750776,2654.5297656107364,0.0,0.0,212.0173414971342,341.6722109422067,212.0173414971342,18,194
0.72,0.12,0.16000000000000003,1820.751832,1.2942483300545908,2665.942240990112,0.0,0.0,212.0267784123576,339.4665863362199,212.0267784123576,18,194
0.62,0.26,0.12,1820.751832,1.2905869227677094,2643.8725295687423,0.0,0.0,212.03104010738107,342.06704169283523,212.03104010738107,18,194
0.7000000000000001,0.16,0.13999999999999993,1820.751832,1.292853899389538,2663.004661841012,0.0,0.0,212.05073392376397,340.46939865675694,212.05073392376397,18,194
0.44,0.02,0.54,1820.751832,1.3120571924119302,2536.215093166851,0.0,0.0,212.0520960164058,327.70413067038555,212.0520960164058,18,194
0.76,0.02,0.22,1820.751832,1.2980272890143605,2669.778411664007,0.0,0.0,212.05504121883482,336.87006590088095,212.05504121883482,18,194
0.46,0.22,0.32000000000000006,1820.751832,1.300025655912396,2571.274424501218,0.0,0.0,212.07742260883663,335.4116326078643,212.07742260883663,18,194
0.52,0.28,0.19999999999999996,1820.751832,1.2939908422615427,2604.5332999336274,0.0,0.0,212.0887262314318,339.570336554559,212.0887262314318,18,194
0.44,0.18,0.38000000000000006,1820.751832,1.3029836110858144,2558.097166691229,0.0,0.0,212.09855616392355,333.5095972203216,212.09855616392355,18,194
0.74,0.08,0.18,1820.751832,1.2955243347317362,2669.3359443791314,0.0,0.0,212.11161737586485,338.60225479026076,212.11161737586485,18,194
0.6,0.28,0.12,1820.751832,1.290172298928451,2638.9277466582844,0.0,0.0,212.14638132014807,342.3996919143308,212.14638132014807,18,194
0.44,0.0,0.56,1820.751832,1.3130692756332478,2533.9393689037342,0.0,0.0,212.1626718380458,327.14053856318077,212.1626718380458,18,194
0.48,0.26,0.26,1820.751832,1.2967968007322275,2585.4179980678578,0.0,0.0,212.16710056899836,337.66589260445977,212.16710056899836,18,194
0.68,0.2,0.11999999999999994,1820.751832,1.2913311186079277,2660.536546677671,0.0,0.0,212.16984145484489,341.62748615510543,212.16984145484489,18,194
0.42,0.1,0.4800000000000001,1820.751832,1.3079543368353364,2540.3461677762934,0.0,0.0,212.19400958193125,330.4770084365971,212.19400958193125,18,194
0.5,0.28,0.21999999999999997,1820.751832,1.2947354015428665,2596.6859346629876,0.0,0.0,212.20591508277226,339.1169181310678,212.20591508277226,18,194
0.44,0.2,0.36000000000000004,1820.751832,1.3017280443231194,2561.2912897612246,0.0,0.0,212.20712233378075,334.4016925822243,212.20712233378075,18,194
0.46,0.24,0.30000000000000004,1820.751832,1.2986939556519257,2574.7493396580207,0.0,0.0,212.21013593344315,336.40579239647195,212.21013593344315,18,194
0.42,0.12,0.4600000000000001,1820.751832,1.306827962155223,2543.058907674973,0.0,0.0,212.2101616722887,331.1960323366104,212.2101616722887,18,194
0.42,0.08,0.5000000000000001,1820.751832,1.3090538188709142,2537.7349518296533,0.0,0.0,212.21142060326562,329.79423573811727,212.21142060326562,18,194
0.56,0.3,0.13999999999999996,1820.751832,1.290703988066499,2625.417229429148,0.0,0.0,212.22084539702075,342.0344111283451,212.22084539702075,18,194
0.42,0.06,0.52,1820.751832,1.3101263566127075,2535.2253154231767,0.0,0.0,212.24486262573535,329.14742057340845,212.24486262573535,18,194
0.54,0.3,0.15999999999999998,1820.751832,1.2916348144742562,2616.8953012464353,0.0,0.0,212.254054429659,341.3520851386876,212.254054429659,18,194
0.42,0.14,0.44000000000000006,1820.751832,1.305674745683578,2545.873121175572,0.0,0.0,212.25937675810596,331.9515936451672,212.25937675810596,18,194
0.42,0.04,0.54,1820.751832,1.3111718980342058,2532.817317820988,0.0,0.0,212.30497810493554,328.5362617393855,212.30497810493554,18,194
0.58,0.3,0.12000000000000005,1820.751832,1.2896870187523606,2634.2296236294933,0.0,0.0,212.31034188192422,342.8211287843789,212.31034188192422,18,194
0.42,0.16,0.42000000000000004,1820.751832,1.3044947370601068,2548.788764699641,0.0,0.0,212.3139777740115,332.7439712215233,212.3139777740115,18,194
0.76,0.04,0.19999999999999998,1820.751832,1.2966609070370763,2673.2356394747226,0.0,0.0,212.3154031402387,337.89367133928437,212.3154031402387,18,194
0.52,0.3,0.18,1820.751832,1.2924973184152089,2608.6149507407663,0.0,0.0,212.32011372994208,340.76620183736384,212.32011372994208,18,194
0.44,0.22,0.3400000000000001,1820.751832,1.3004456570284622,2564.587309468714,0.0,0.0,212.32109691863113,335.3316636555366,212.32109691863113,18,194
0.64,0.26,0.09999999999999998,1820.751832,1.289347141594822,2653.427954998365,0.0,0.0,212.34054524572875,343.1150177577581,212.34054524572875,18,194
0.48,0.28,0.24,1820.751832,1.295388294218328,2589.1763837108156,0.0,0.0,212.34948066148365,338.76438376905827,212.34948066148365,18,194
0.46,0.26,0.28,1820.751832,1.2973353291788994,2578.326772207607,0.0,0.0,212.35702471216507,337.4385834316023,212.35702471216507,18,194
0.72,0.14,0.14,1820.751832,1.2927792084400196,2669.800999417762,0.0,0.0,212.37010315712286,340.62679682574924,212.37010315712286,18,194
0.42,0.02,0.56,1820.751832,1.3121903911502093,2530.511020382959,0.0,0.0,212.37986057220286,327.960450461967,212.37986057220286,18,194
0.7000000000000001,0.18,0.11999999999999994,1820.751832,1.2913487367704866,2667.006527973679,0.0,0.0,212.38003863059828,341.68027480229154,212.38003863059828,18,194
0.42,0.18,0.4000000000000001,1820.751832,1.3032879842985436,2551.805802935228,0.0,0.0,212.3886041529947,333.5734367277975,212.3886041529947,18,194
0.66,0.24,0.09999999999999998,1820.751832,1.2896182936098297,2658.858262329777,0.0,0.0,212.40529579110452,342.9514383788378,212.40529579110452,18,194
0.62,0.28,0.09999999999999998,1820.751832,1.2890008311119396,2648.256958875287,0.0,0.0,212.409460364372,343.3694173483513,212.409460364372,18,194
0.5,0.3,0.2,1820.751832,1.2932710830857066,2600.6557002600457,0.0,0.0,212.42545113995877,340.2831016616343,212.42545113995877,18,194
0.44,0.24,0.32000000000000006,1820.751832,1.2991364870909043,2567.9852360488835,0.0,0.0,212.44047967503317,336.29976083159323,212.44047967503317,18,194
0.74,0.1,0.16,1820.751832,1.2940899131162182,2673.0527716383663,0.0,0.0,212.44965671864128,339.71502596889474,212.44965671864128,18,194
0.42,0.0,0.5800000000000001,1820.751832,1.313181784432818,2528.306484975619,0.0,0.0,212.47723075937714,327.4196703994027,212.47723075937714,18,194
0.42,0.2,0.38000000000000006,1820.751832,1.302054288370009,2554.92545875333,0.0,0.0,212.49387199381033,334.4402475877919,212.49387199381033,18,194
0.54,0.32,0.13999999999999996,1820.751832,1.2900884445829721,2621.1671699193307,0.0,0.0,212.50352939781163,342.61838472736144,212.50352939781163,18,194
0.46,0.28,0.26,1820.751832,1.2959498032032766,2582.006778175864,0.0,0.0,212.52495244759567,338.51024432170317,212.52495244759567,18,194
0.56,0.32,0.11999999999999994,1820.751832,1.2891335575090783,2629.7710167544265,0.0,0.0,212.53106846504662,343.3302177550973,212.53106846504662,18,194
0.4,0.12,0.48,1820.751832,1.3069799937852324,2537.3211371289317,0.0,0.0,212.55494050721458,331.42253212534405,212.55494050721458,18,194
0.4,0.1,0.5,1820.751832,1.3080888475898467,2534.6620029845853,0.0,0.0,212.55695824915068,330.7276150199559,212.55695824915068,18,194
0.68,0.22,0.09999999999999995,1820.751832,1.2897906325996815,2664.6798606530087,0.0,0.0,212.558522686954,342.8894913894096,212.558522686954,18,194
0.6,0.3,0.10000000000000003,1820.751832,1.2885817705399094,2643.338518558157,0.0,0.0,212.55859740728462,343.7136641059228,212.55859740728462,18,194
0.48,0.3,0.22000000000000003,1820.751832,1.29395271835414,2593.038051987814,0.0,0.0,212.56078154623418,339.9022361980679,212.56078154623418,18,194
0.52,0.32,0.15999999999999998,1820.751832,1.290976349972542,2612.801286786817,0.0,0.0,212.56737006838196,342.00264963646237,212.56737006838196,18,194
0.4,0.08,0.52,1820.751832,1.3091709169430596,2532.104112889196,0.0,0.0,212.5726349039391,330.0687747343511,212.5726349039391,18,194
0.4,0.14,0.45999999999999996,1820.751832,1.305844406874123,2540.0814612776994,0.0,0.0,212.58391701501876,332.15381679607106,212.58391701501876,18,194
0.78,0.0,0.21999999999999997,1820.751832,1.297652894840948,2677.654043562653,0.0,0.0,212.58431371249515,337.34161579805436,212.58431371249515,18,194
0.44,0.26,0.30000000000000004,1820.751832,1.2978005688744445,2571.485094463093,0.0,0.0,212.58981201623715,337.3062285286175,212.58981201623715,18,194
0.42,0.22,0.3600000000000001,1820.751832,1.3007901834922035,2558.1655882457894,0.0,0.0,212.60839481485976,335.3446174305668,212.60839481485976,18,194
0.4,0.06,0.54,1820.751832,1.3102261501355361,2529.647524563054,0.0,0.0,212.61388041178455,329.44571288241673,212.61388041178455,18,194
0.4,0.16,0.43999999999999995,1820.751832,1.304682137424598,2542.9429265898625,0.0,0.0,212.631598649641,332.92175221972974,212.631598649641,18,194
0.76,0.06,0.18,1820.751832,1.2952647222342875,2676.8030279761533,0.0,0.0,212.63616554126637,338.95653005512327,212.63616554126637,18,194
0.5,0.32,0.18,1820.751832,1.2917795064788806,2604.729537079729,0.0,0.0,212.6508893002615,341.4893370951824,212.6508893002615,18,194
0.4,0.04,0.5599999999999999,1820.751832,1.311254495505599,2527.292297855432,0.0,0.0,212.66056079453645,328.8581233939151,212.66056079453645,18,194
0.4,0.18,0.42,1820.751832,1.3034932348175166,2545.905490926709,0.0,0.0,212.68781031407002,333.7266141470364,212.68781031407002,18,194
0.46,0.3,0.24000000000000005,1820.751832,1.2945373999827536,2585.7894311047635,0.0,0.0,212.7220569715094,339.6210086773587,212.7220569715094,18,194
0.4,0.02,0.58,1820.751832,1.3122547959982143,2525.044177606742,0.0,0.0,212.73906827702257,328.30550966970037,212.73906827702257,18,194
0.42,0.24,0.3400000000000001,1820.751832,1.299499418712765,2561.5072835880937,0.0,0.0,212.7434756508331,336.2869608950035,212.7434756508331,18,194
0.58,0.32,0.10000000000000003,1820.751832,1.2880924076221048,2638.6656581368516,0.0,0.0,212.7509818110592,344.1466907584936,212.7509818110592,18,194
0.44,0.28,0.28,1820.751832,1.2964379328836144,2575.0869254506056,0.0,0.0,212.76622735674312,338.35130551892814,212.76622735674312,18,194
0.72,0.16,0.12000000000000002,1820.751832,1.2912807363194672,2673.769298862758,0.0,0.0,212.78152066657537,341.8271915326141,212.78152066657537,18,194
0.4,0.2,0.39999999999999997,1820.751832,1.3022777468405249,2548.9691203113434,0.0,0.0,212.78402160271642,334.56867105058086,212.78402160271642,18,194
0.48,0.32,0.2,1820.751832,1.2924861186407792,2597.024111047282,0.0,0.0,212.79529930274458,341.0802158408742,212.79529930274458,18,194
0.4,0.0,0.6,1820.751832,1.3132255378917939,2522.9107623062528,0.0,0.0,212.82184889813215,327.7872436599966,212.82184889813215,18,194
0.74,0.12,0.14,1820.751832,1.292625849981762,2676.8797956507833,0.0,0.0,212.83539447534608,340.8676948054147,212.83539447534608,18,194
0.54,0.34,0.11999999999999994,1820.751832,1.2885158371414136,2625.5408105443366,0.0,0.0,212.8370463413915,343.9251550617926,212.8370463413915,18,194
0.64,0.28,0.07999999999999996,1820.751832,1.2877370322473318,2657.8938761393824,0.0,0.0,212.83779726335925,344.4473709963052,212.83779726335925,18,194
0.7000000000000001,0.2,0.09999999999999992,1820.751832,1.2898143929587418,2671.117750349994,0.0,0.0,212.8381060112459,342.9316573936986,212.8381060112459,18,194
0.62,0.3,0.08000000000000002,1820.751832,1.2873861430949927,2652.7497621825696,0.0,0.0,212.8455484456349,344.7133734513852,212.8455484456349,18,194
0.52,0.34,0.13999999999999996,1820.751832,1.289427930086473,2617.092497580008,0.0,0.0,212.84859578820817,343.2799097690508,212.84859578820817,18,194
0.66,0.26,0.07999999999999996,1820.751832,1.2880131260791046,2663.2962089330176,0.0,0.0,212.86482647054478,344.2722020572489,212.86482647054478,18,194
0.78,0.02,0.19999999999999998,1820.751832,1.2962956500973721,2681.0704243190958,0.0,0.0,212.8765219203066,338.35524553289576,212.8765219203066,18,194
0.42,0.26,0.32000000000000006,1820.751832,1.2981820317119652,2564.950556283204,0.0,0.0,212.8841953366254,337.2675251859104,212.8841953366254,18,194
0.5,0.34,0.15999999999999998,1820.751832,1.2902583271629298,2608.920753779405,0.0,0.0,212.90170160900018,342.7365209983274,212.90170160900018,18,194
0.4,0.22,0.38,1820.751832,1.3010357192890258,2552.1337903381036,0.0,0.0,212.9101533551506,335.4481843199568,212.9101533551506,18,194
0.38,0.12,0.5,1820.751832,1.307050696816505,2531.8890000318656,0.0,0.0,212.9267054919734,331.73576218714976,212.9267054919734,18,194
0.38,0.1,0.52,1820.751832,1.3081383108664304,2529.302684203948,0.0,0.0,212.93191284624763,331.0641044691987,212.93191284624763,18,194
0.38,0.14,0.48,1820.751832,1.305936500300436,2534.576023112729,0.0,0.0,212.94016086052108,332.4435139759979,212.94016086052108,18,194
0.38,0.08,0.54,1820.751832,1.3091992907838295,2526.817133475815,0.0,0.0,212.94264686162097,330.42824790416785,212.94264686162097,18,194
0.46,0.32,0.22000000000000003,1820.751832,1.2930981370663317,2589.6748227302014,0.0,0.0,212.95477737670154,340.7711054818299,212.95477737670154,18,194
0.56,0.34,0.09999999999999992,1820.751832,1.287535210665651,2634.2312464082,0.0,0.0,212.96002511904484,344.6673482649165,212.96002511904484,18,194
0.44,0.3,0.26000000000000006,1820.751832,1.2950486054535904,2578.7907864582667,0.0,0.0,212.9602904299266,339.4352252778566,212.9602904299266,18,194
0.38,0.06,0.56,1820.751832,1.3102335849172,2524.4324080415568,0.0,0.0,212.96798905759067,329.82789182121,212.96798905759067,18,194
0.38,0.16,0.45999999999999996,1820.751832,1.3047957725925128,2537.3636994663475,0.0,0.0,212.9950244604521,333.18764505681895,212.9950244604521,18,194
0.76,0.08,0.15999999999999998,1820.751832,1.2938387264236448,2680.4807858835647,0.0,0.0,213.00036532748854,340.058913086909,213.00036532748854,18,194
0.6,0.32,0.08000000000000002,1820.751832,1.286962864247652,2647.857109233873,0.0,0.0,213.00700049636092,345.0692195927988,213.00700049636092,18,194
0.38,0.04,0.58,1820.751832,1.3112411420345782,2522.1485689124565,0.0,0.0,213.01782703114807,329.26272777993984,213.01782703114807,18,194
0.42,0.28,0.30000000000000004,1820.751832,1.2968380566996722,2568.4954323232923,0.0,0.0,213.0305527826513,338.28655149653287,213.0305527826513,18,194
0.4,0.24,0.36,1820.751832,1.299767195576754,2555.399487520655,0.0,0.0,213.04192312250046,336.365408491684,213.04192312250046,18,194
0.48,0.34,0.18,1820.751832,1.290991096126262,2601.120976740014,0.0,0.0,213.04824810413535,342.2983742813313,213.04824810413535,18,194
0.38,0.18,0.44,1820.751832,1.3036285641677863,2540.2519804786234,0.0,0.0,213.05570162830696,333.9684330488181,213.05570162830696,18,194
0.68,0.24,0.07999999999999996,1820.751832,1.2882025353421784,2669.022035200477,0.0,0.0,213.0587649741072,344.1942698150336,213.0587649741072,18,194
0.38,0.02,0.6,1820.751832,1.3122219117238618,2519.965676385067,0.0,0.0,213.07704688351734,328.7324395929925,213.07704688351734,18,194
0.38,0.2,0.42,1820.751832,1.30243492429703,2543.2408243712352,0.0,0.0,213.12443002050247,334.7861481028336,213.12443002050247,18,194
0.44,0.32,0.24000000000000005,1820.751832,1.2936326084679555,2582.5967524355688,0.0,0.0,213.1603618472116,340.55821635057276,213.1603618472116,18,194
0.4,0.26,0.33999999999999997,1820.751832,1.2984722163586833,2558.7662105674003,0.0,0.0,213.17932911804922,337.3205915119194,213.17932911804922,18,194
0.38,0.0,0.62,1820.751832,1.3131758447869013,2517.8837885157664,0.0,0.0,213.18496480153908,328.23670338741084,213.18496480153908,18,194
0.42,0.3,0.2800000000000001,1820.751832,1.2954675240872946,2572.1419532061554,0.0,0.0,213.19907936578622,339.3442753429727,213.19907936578622,18,194
0.52,0.36,0.12,1820.751832,1.2878520463467862,2621.4887924036398,0.0,0.0,213.20032938201817,344.5982089022592,213.20032938201817,18,194
0.72,0.18,0.10000000000000003,1820.751832,1.2897528923515107,2677.8473906896097,0.0,0.0,213.20056890698908,343.06802418295945,213.20056890698908,18,194
0.58,0.34,0.08000000000000002,1820.751832,1.2864696380710952,2643.2089481525336,0.0,0.0,213.20427954450747,345.51382683022445,213.20427954450747,18,194
0.46,0.34,0.2,1820.751832,1.2916320270722401,2593.663063499133,0.0,0.0,213.2109814939688,341.96075947127514,213.2109814939688,18,194
0.54,0.36,0.09999999999999998,1820.751832,1.2869155561351253,2630.0202652434627,0.0,0.0,213.21377469321826,345.27321381427896,213.21377469321826,18,194
0.78,0.04,0.17999999999999997,1820.751832,1.2949084316451045,2684.5973179833745,0.0,0.0,213.21980437291703,339.40800140385994,213.21980437291703,18,194
0.38,0.22,0.4,1820.751832,1.3012149006462057,2546.3301976313055,0.0,0.0,213.22434032041943,335.64105307237,213.22434032041943,18,194
0.74,0.14,0.12,1820.751832,1.291132128111855,2680.817255777356,0.0,0.0,213.22849304813354,342.0605226072894,213.22849304813354,18,194
0.5,0.36,0.14,1820.751832,1.2887066963236051,2613.234300332804,0.0,0.0,213.24437442013894,344.0253166021463,213.24437442013894,18,194
0.36,0.1,0.54,1820.751832,1.308123581684822,2524.1655442449346,0.0,0.0,213.32010853074553,331.4869170257614,213.32010853074553,18,194
0.4,0.28,0.31999999999999995,1820.751832,1.297150819169124,2562.233971572322,0.0,0.0,213.32236968491537,338.31397502956327,213.32236968491537,18,194
0.7000000000000001,0.22,0.07999999999999993,1820.751832,1.2882508418441472,2675.338594030833,0.0,0.0,213.32314359940892,344.22379425859793,213.32314359940892,18,194
0.36,0.12,0.52,1820.751832,1.307057155063538,2526.679149526943,0.0,0.0,213.33231857029116,332.13557850808246,213.33231857029116,18,194
0.36,0.08,0.56,1820.751832,1.3091635212929882,2521.752233211186,0.0,0.0,213.33249573233505,330.8737777247693,213.33249573233505,18,194
0.48,0.36,0.16000000000000003,1820.751832,1.2894690296470888,2605.32151453173,0.0,0.0,213.34002143029295,343.55677440600954,213.34002143029295,18,194
0.36,0.14,0.5,1820.751832,1.3059642930270132,2529.2929888178737,0.0,0.0,213.35112561216877,332.82005738576174,213.35112561216877,18,194
0.36,0.06,0.5800000000000001,1820.751832,1.3101769226808375,2519.439277692675,0.0,0.0,213.35196702453274,330.2958575463256,213.35196702453274,18,194
0.38,0.24,0.38,1820.751832,1.2999685388829465,2549.520076390388,0.0,0.0,213.35276733966268,336.5334037208489,213.35276733966268,18,194
0.64,0.3,0.06,1820.751832,1.2860980856082826,2662.4689685005415,0.0,0.0,213.36308818660046,345.82153184691776,213.36308818660046,18,194
0.62,0.32,0.06,1820.751832,1.28574283354522,2657.3511946286144,0.0,0.0,213.367926166632,346.0991488542461,213.367926166632,18,194
0.76,0.1,0.13999999999999999,1820.751832,1.292382906815534,2684.269138540847,0.0,0.0,213.37201862077544,341.2010878905205,213.37201862077544,18,194
0.42,0.32,0.26000000000000006,1820.751832,1.2940704601839461,2575.8901768305227,0.0,0.0,213.38524731319242,340.4409269200552,213.38524731319242,18,194
0.36,0.04,0.6,1820.751832,1.3111637354271837,2517.2267384787224,0.0,0.0,213.38655150938004,329.752845597405,213.38655150938004,18,194
0.44,0.34,0.22000000000000003,1820.751832,1.2921899591073016,2586.50491648249,0.0,0.0,213.40037784047848,341.72050273263756,213.40037784047848,18,194
0.36,0.16,0.48,1820.751832,1.3048450471642834,2532.007004408482,0.0,0.0,213.40251855763844,333.54064105693175,213.40251855763844,18,194
0.56,0.36,0.07999999999999996,1820.751832,1.2859089252481863,2638.79816249094,0.0,0.0,213.42385922272192,346.04603221961526,213.42385922272192,18,194
0.36,0.02,0.62,1820.751832,1.3121239102861302,2515.114674381102,0.0,0.0,213.44497789475702,329.24442320026606,213.44497789475702,18,194
0.66,0.28,0.05999999999999994,1820.751832,1.286378908155398,2667.8438553525543,0.0,0.0,213.44938077089162,345.6347483411956,213.44938077089162,18,194
0.36,0.18,0.46,1820.751832,1.3036994686538375,2534.8211426105113,0.0,0.0,213.45972237237294,334.2976091720497,213.45972237237294,18,194
0.6,0.34,0.06,1820.751832,1.2853155539995949,2652.4837762609864,0.0,0.0,213.46497162603788,346.4665933530541,213.46497162603788,18,194
0.4,0.3,0.3,1820.751832,1.295803038077899,2565.8027971093875,0.0,0.0,213.47104341180906,339.3457947169968,213.47104341180906,18,194
0.8,0.0,0.19999999999999996,1820.751832,1.2958312649354082,2689.238810599981,0.0,0.0,213.48619093678295,338.91416036848875,213.48619093678295,18,194
0.46,0.36,0.18000000000000005,1820.751832,1.2901390775034554,2597.754282913619,0.0,0.0,213.4862280148463,343.1901915197774,213.4862280148463,18,194
0.36,0.0,0.64,1820.751832,1.3132062838592726,2512.7754199994674,0.0,0.0,213.48631793807726,328.5944721861196,213.48631793807726,18,194
0.38,0.26,0.36,1820.751832,1.2986958822926613,2552.810447741801,0.0,0.0,213.48682938418943,337.46344896339775,213.48682938418943,18,194
0.36,0.2,0.44,1820.751832,1.3025276078618442,2537.7353552268623,0.0,0.0,213.52273969840599,335.0912337411738,213.52273969840599,18,194
0.78,0.06,0.15999999999999998,1820.751832,1.29349123076238,2688.2349364760667,0.0,0.0,213.58002352726862,340.5001570122055,213.58002352726862,18,194
0.52,0.38,0.09999999999999998,1820.751832,1.2862486807804394,2625.990399864583,0.0,0.0,213.58301199760837,345.95777088658934,213.58301199760837,18,194
0.42,0.34,0.24000000000000005,1820.751832,1.292646886919956,2579.7401782578395,0.0,0.0,213.58840659001248,341.57673147476146,213.58840659001248,18,194
0.36,0.22,0.42000000000000004,1820.751832,1.301329513942595,2540.7496009912416,0.0,0.0,213.59157283125643,335.9217792796138,213.59157283125643,18,194
0.68,0.26,0.05999999999999994,1820.751832,1.2865806906867083,2673.4962696988614,0.0,0.0,213.6196874387633,345.54104171234826,213.6196874387633,18,194
0.38,0.28,0.33999999999999997,1820.751832,1.2973969714069706,2556.2013109849668,0.0,0.0,213.62652431005782,338.4314311411202,213.62652431005782,18,194
0.5,0.38,0.12,1820.751832,1.2871278203772023,2617.652353267089,0.0,0.0,213.62985222333276,345.3551088453595,213.62985222333276,18,194
0.74,0.16,0.1,1820.751832,1.2896087255648159,2684.8654075744057,0.0,0.0,213.63229846122476,343.2937675208114,213.63229846122476,18,194
0.4,0.32,0.27999999999999997,1820.751832,1.2944289033675471,2569.4727292184893,0.0,0.0,213.64678713461458,340.41628061532816,213.64678713461458,18,194
0.44,0.36,0.20000000000000007,1820.751832,1.2907206696318492,2590.515390337862,0.0,0.0,213.65027411087817,342.92230425970644,213.65027411087817,18,194
0.72,0.2,0.08000000000000002,1820.751832,1.2881956504761967,2682.0355418704153,0.0,0.0,213.66296409967947,344.3495455438749,213.66296409967947,18,194
0.58,0.36,0.06000000000000005,1820.751832,1.28481868322035,2647.859753496365,0.0,0.0,213.6716691172529,346.92276803858596,213.6716691172529,18,194
0.54,0.38,0.07999999999999996,1820.751832,1.2852875509371813,2634.6058543205268,0.0,0.0,213.67822025237817,346.66279805435903,213.67822025237817,18,194
0.36,0.24,0.4,1820.751832,1.3001052344435013,2543.8638469672774,0.0,0.0,213.68500294287605,336.78950299096266,213.68500294287605,18,194
0.48,0.38,0.14,1820.751832,1.2879199150257963,2609.6258987955084,0.0,0.0,213.7041646462235,344.8556360364313,213.7041646462235,18,194
0.76,0.12,0.12,1820.751832,1.290897245975114,2688.168327705507,0.0,0.0,213.75114164298068,342.3833185386323,213.75114164298068,18,194
0.34,0.08,0.58,1820.751832,1.3090653731548045,2516.904184651392,0.0,0.0,213.75815580028174,331.40391879810016,213.75815580028174,18,194
0.34,0.06,0.5999999999999999,1820.751832,1.3100579307141806,2514.6628919156306,0.0,0.0,213.7609152352149,330.84816613014647,213.7609152352149,18,194
0.34,0.1,0.5599999999999999,1820.751832,1.308046422393281,2519.245368750973,0.0,0.0,213.76176685337427,331.99460607473867,213.76176685337427,18,194
0.38,0.3,0.32,1820.751832,1.2960760702635556,2559.6825902175933,0.0,0.0,213.7706107833318,339.43287077655845,213.7706107833318,18,194
0.34,0.12,0.5399999999999999,1820.751832,1.3070011288090975,2521.6863832706795,0.0,0.0,213.7724905206112,332.6205334989203,213.7724905206112,18,194
0.34,0.02,0.6399999999999999,1820.751832,1.312100091419521,2510.179935590075,0.0,0.0,213.78076568620727,329.67752045471696,213.78076568620727,18,194
0.34,0.04,0.6199999999999999,1820.751832,1.3110240458368305,2512.5215497408503,0.0,0.0,213.7848342365948,330.3270346539102,213.7848342365948,18,194
0.34,0.14,0.5199999999999999,1820.751832,1.305929543542389,2524.227166993268,0.0,0.0,213.7890810851303,333.2819986936793,213.7890810851303,18,194
0.36,0.26,0.38,1820.751832,1.2988611271470847,2547.063004633776,0.0,0.0,213.8046279381071,337.6876336012513,213.8046279381071,18,194
0.34,0.0,0.6599999999999999,1820.751832,1.313203125727188,2507.821390543453,0.0,0.0,213.80575134412828,329.00013341241436,213.80575134412828,18,194
0.46,0.38,0.16000000000000003,1820.751832,1.2886192906040081,2601.948629689782,0.0,0.0,213.8127119277402,344.45961902399875,213.8127119277402,18,194
0.8,0.02,0.17999999999999997,1820.751832,1.294453345909108,2692.7242729778,0.0,0.0,213.82264205657654,339.9570167012945,213.82264205657654,18,194
0.42,0.36,0.22000000000000008,1820.751832,1.2911968216007987,2583.6920503284246,0.0,0.0,213.82803972451688,342.7519096930481,213.82803972451688,18,194
0.34,0.16,0.4999999999999999,1820.751832,1.3048317181037854,2526.867659905305,0.0,0.0,213.82888380944848,333.97929136768147,213.82888380944848,18,194
0.4,0.34,0.25999999999999995,1820.751832,1.2930306193633938,2573.238626620702,0.0,0.0,213.8302720321448,341.5232216829282,213.8302720321448,18,194
0.34,0.18,0.4799999999999999,1820.751832,1.3037077039801825,2529.6078046708676,0.0,0.0,213.88486587175362,334.7126933561401,213.88486587175362,18,194
0.7000000000000001,0.24,0.05999999999999994,1820.751832,1.2866580526518878,2679.669338899787,0.0,0.0,213.89011736847743,345.5569305037764,213.89011736847743,18,194
0.62,0.34,0.03999999999999998,1820.751832,1.2840708722775465,2662.061527610502,0.0,0.0,213.91057051065124,347.5269796596445,213.91057051065124,18,194
0.56,0.38,0.05999999999999994,1820.751832,1.2842546736218896,2643.472026816503,0.0,0.0,213.91329442553237,347.4664966629946,213.91329442553237,18,194
0.38,0.32,0.3,1820.751832,1.294733393301523,2563.2538710812596,0.0,0.0,213.92161794880457,340.46773103139077,213.92161794880457,18,194
0.44,0.38,0.18000000000000005,1820.751832,1.289222953914325,2594.637375948807,0.0,0.0,213.9339558116842,344.1640297543645,213.9339558116842,18,194
0.36,0.28,0.36,1820.751832,1.2975933151709185,2550.356405397895,0.0,0.0,213.9383812042051,338.62069456696787,213.9383812042051,18,194
0.34,0.2,0.4599999999999999,1820.751832,1.302557552238448,2532.4475480929004,0.0,0.0,213.94676419253855,335.4824787010941,213.94676419253855,18,194
0.78,0.08,0.13999999999999996,1820.751832,1.2920440342278459,2691.9835080631183,0.0,0.0,213.94767819859857,341.6319823710728,213.94767819859857,18,194
0.64,0.32,0.03999999999999998,1820.751832,1.284430272485425,2667.15350072079,0.0,0.0,213.95660179060957,347.23774006320656,213.95660179060957,18,194
0.6,0.36,0.040000000000000036,1820.751832,1.2836398086652623,2657.218793614556,0.0,0.0,213.96790836631146,347.9060177663283,213.96790836631146,18,194
0.34,0.22,0.43999999999999995,1820.751832,1.3013897465007274,2535.366716294769,0.0,0.0,214.0123553038424,336.2795666869215,214.0123553038424,18,194
0.52,0.4,0.07999999999999996,1820.751832,1.2846178099074068,2630.5975672035593,0.0,0.0,214.0247237844276,347.3588170663361,214.0247237844276,18,194
0.4,0.36,0.24,1820.751832,1.2916124126032544,2577.090518127442,0.0,0.0,214.0359944374476,342.6620836151617,214.0359944374476,18,194
0.5,0.4,0.09999999999999998,1820.751832,1.2855216809158097,2622.175142243193,0.0,0.0,214.04340422248774,346.72611717642667,214.04340422248774,18,194
0.74,0.18,0.08000000000000002,1820.751832,1.2880556157542928,2689.0245220769116,0.0,0.0,214.05031446409694,344.5676847016619,214.05031446409694,18,194
0.36,0.3,0.34,1820.751832,1.2962993548405923,2553.749975999687,0.0,0.0,214.07780202632597,339.59167622894853,214.07780202632597,18,194
0.34,0.24,0.41999999999999993,1820.751832,1.3001962420979232,2538.384570584626,0.0,0.0,214.08378733373593,337.11309088353147,214.08378733373593,18,194
0.66,0.3,0.03999999999999998,1820.751832,1.2847156116667038,2672.5014673532182,0.0,0.0,214.0865646988161,347.0393205521439,214.0865646988161,18,194
0.42,0.38,0.20000000000000007,1820.751832,1.2897204450273578,2587.745502213794,0.0,0.0,214.10010711040752,343.9664895290854,214.10010711040752,18,194
0.48,0.4,0.12,1820.751832,1.286343742630896,2614.0343230744784,0.0,0.0,214.10358210596675,346.1951760847787,214.10358210596675,18,194
0.38,0.34,0.27999999999999997,1820.751832,1.2933644709958763,2566.925932896011,0.0,0.0,214.11098888087218,341.5412373044391,214.11098888087218,18,194
0.76,0.14,0.09999999999999998,1820.751832,1.2893817218420691,2692.1786110915464,0.0,0.0,214.14543846111658,343.6058659026133,214.14543846111658,18,194
0.32,0.02,0.6599999999999999,1820.751832,1.3120592888455056,2505.361555331404,0.0,0.0,214.1455390585126,330.13930260152546,214.1455390585126,18,194
0.58,0.38,0.040000000000000036,1820.751832,1.283139511060079,2652.618350481006,0.0,0.0,214.16949929783905,348.37374297729747,214.16949929783905,18,194
0.72,0.22,0.060000000000000026,1820.751832,1.2866089800565517,2686.3340340109303,0.0,0.0,214.1744908732185,345.672003577497,214.1744908732185,18,194
0.8,0.04,0.15999999999999995,1820.751832,1.2930452851705805,2696.320770630021,0.0,0.0,214.1788582459727,341.0391318620032,214.1788582459727,18,194
0.34,0.26,0.3999999999999999,1820.751832,1.2989649555159137,2541.5524538467757,0.0,0.0,214.17935649226231,337.9898823361081,214.17935649226231,18,194
0.32,0.0,0.6799999999999999,1820.751832,1.3131433148984133,2503.071137371896,0.0,0.0,214.1814347180697,329.4813704315499,214.1814347180697,18,194
0.54,0.4,0.05999999999999994,1820.751832,1.283631793235378,2639.2978414045206,0.0,0.0,214.18314804810905,348.09413098453484,214.18314804810905,18,194
0.32,0.04,0.6399999999999999,1820.751832,1.310947289739141,2507.756011579416,0.0,0.0,214.19401063715566,330.83515908515204,214.19401063715566,18,194
0.46,0.4,0.14,1820.751832,1.2870698183682545,2606.261409896356,0.0,0.0,214.20575192318964,345.76982561005644,214.20575192318964,18,194
0.36,0.32,0.32,1820.751832,1.2949611632000932,2557.321577117895,0.0,0.0,214.23490805724697,340.6106831406769,214.23490805724697,18,194
0.68,0.28,0.039999999999999925,1820.751832,1.2849245435456267,2678.1119206880894,0.0,0.0,214.2370259981644,346.932639829927,214.2370259981644,18,194
0.32,0.08,0.6,1820.751832,1.3089065750922746,2512.2678237207565,0.0,0.0,214.24323184560984,332.0172286869385,214.24323184560984,18,194
0.32,0.1,0.58,1820.751832,1.307908559082329,2514.5370081251444,0.0,0.0,214.24451488080865,332.58572764037297,214.24451488080865,18,194
0.32,0.06,0.6199999999999999,1820.751832,1.3098783406758372,2510.098070958579,0.0,0.0,214.2477987861225,331.483376910466,214.2477987861225,18,194
0.32,0.12,0.5599999999999999,1820.751832,1.306884341819454,2516.9055649343454,0.0,0.0,214.25165527711567,333.1891818700893,214.25165527711567,18,194
0.32,0.14,0.5399999999999999,1820.751832,1.3058339735997295,2519.3734333636476,0.0,0.0,214.2646595639115,333.82789150947985,214.2646595639115,18,194
0.32,0.16,0.5199999999999999,1820.751832,1.304759163789463,2521.93659641013,0.0,0.0,214.28933072626813,334.50032809659956,214.28933072626813,18,194
0.44,0.4,0.16000000000000003,1820.751832,1.2876961174841042,2598.87453401458,0.0,0.0,214.2963362639854,345.446051273245,214.2963362639854,18,194
0.4,0.38,0.21999999999999997,1820.751832,1.290167824189766,2581.0439513479078,0.0,0.0,214.3014732401582,343.8402961016031,214.3014732401582,18,194
0.34,0.28,0.3799999999999999,1820.751832,1.2976989749257688,2544.8573034037368,0.0,0.0,214.30697244337068,338.90883266503516,214.30697244337068,18,194
0.38,0.36,0.26,1820.751832,1.291965879456289,2570.713627281499,0.0,0.0,214.32246717767072,342.6555486377881,214.32246717767072,18,194
0.78,0.1,0.11999999999999997,1820.751832,1.2905668242820256,2695.843277151481,0.0,0.0,214.32278456696497,342.80374409250373,214.32278456696497,18,194
0.32,0.18,0.49999999999999994,1820.751832,1.3036655772196182,2524.581594877408,0.0,0.0,214.3393051587996,335.20055097445214,214.3393051587996,18,194
0.32,0.2,0.4799999999999999,1820.751832,1.302540340950374,2527.3499044566115,0.0,0.0,214.39422790424905,335.9396527103937,214.39422790424905,18,194
0.56,0.4,0.039999999999999925,1820.751832,1.2825724229808804,2648.2531177390742,0.0,0.0,214.4149686944493,348.92896634786933,214.4149686944493,18,194
0.42,0.4,0.18000000000000005,1820.751832,1.2882259141814723,2591.8811984447084,0.0,0.0,214.4189792640411,345.2115150009154,214.4189792640411,18,194
0.36,0.34,0.3,1820.751832,1.293594194195779,2561.0050555820667,0.0,0.0,214.43882351894698,341.6698277349927,214.43882351894698,18,194
0.8200000000000001,0.0,0.17999999999999994,1820.751832,1.2938975545886542,2701.188600219486,0.0,0.0,214.44458942551287,340.6037448912305,214.44458942551287,18,194
0.32,0.22,0.45999999999999996,1820.751832,1.3013747411113843,2530.279293843192,0.0,0.0,214.45387859089826,336.72245516594626,214.45387859089826,18,194
0.5,0.42,0.08000000000000002,1820.751832,1.2838882540174648,2626.8029154970136,0.0,0.0,214.4626862622491,348.1385586736889,214.4626862622491,18,194
0.34,0.3,0.35999999999999993,1820.751832,1.2964070783501531,2548.2615348495005,0.0,0.0,214.47123194791374,339.86569172387493,214.47123194791374,18,194
0.7000000000000001,0.26,0.039999999999999925,1820.751832,1.2850327860392332,2684.1256800252327,0.0,0.0,214.47568697762307,346.9317278399354,214.47568697762307,18,194
0.48,0.42,0.10000000000000003,1820.751832,1.2847367970108283,2618.5679241366,0.0,0.0,214.51693609843755,347.5769865054059,214.51693609843755,18,194
0.74,0.2,0.06,1820.751832,1.2864732011443065,2693.2940239374134,0.0,0.0,214.52529499491476,345.8820426019061,214.52529499491476,18,194
0.62,0.36,0.020000000000000018,1820.751832,1.2823702243360886,2666.8810473686826,0.0,0.0,214.52827496333006,348.9970993747992,214.52827496333006,18,194
0.32,0.24,0.43999999999999995,1820.751832,1.3001832250776104,2533.3076821727464,0.0,0.0,214.53463409295108,337.5421450080077,214.53463409295108,18,194
0.52,0.42,0.06,1820.751832,1.2829594048549924,2635.310559357543,0.0,0.0,214.53774562073605,348.8015665604334,214.53774562073605,18,194
0.8,0.06,0.13999999999999996,1820.751832,1.2916070689428507,2700.028535049527,0.0,0.0,214.54248841829983,342.1607781589866,214.54248841829983,18,194
0.76,0.16,0.07999999999999999,1820.751832,1.2878363078118715,2696.3002616571275,0.0,0.0,214.54937811098458,344.86898781073796,214.54937811098458,18,194
0.6,0.38,0.020000000000000018,1820.751832,1.2819355922783626,2662.062450242094,0.0,0.0,214.56117724080352,349.3877227786431,214.56117724080352,18,194
0.38,0.38,0.24,1820.751832,1.290523171890451,2574.6791085223535,0.0,0.0,214.56379227027367,343.8191834884322,214.56379227027367,18,194
0.4,0.4,0.19999999999999996,1820.751832,1.2886968667483791,2585.09903708516,0.0,0.0,214.60664099904946,345.0580742728071,214.60664099904946,18,194
0.64,0.34,0.019999999999999962,1820.751832,1.282733558993356,2671.9477561064423,0.0,0.0,214.60974084416102,348.69623264370597,214.60974084416102,18,194
0.46,0.42,0.12000000000000005,1820.751832,1.2854911349914997,2610.690253292894,0.0,0.0,214.61940671408559,347.1210820988413,214.61940671408559,18,194
0.3,0.02,0.6799999999999999,1820.751832,1.3119634807829128,2500.741950393568,0.0,0.0,214.6223623097292,330.6754662797236,214.6223623097292,18,194
0.32,0.26,0.41999999999999993,1820.751832,1.2989658432024656,2536.4350239673545,0.0,0.0,214.6243986868798,338.39897950116824,214.6243986868798,18,194
0.34,0.32,0.3399999999999999,1820.751832,1.2950893076760621,2551.765142746371,0.0,0.0,214.64713911197416,340.860694018269,214.64713911197416,18,194
0.3,0.0,0.7,1820.751832,1.3130284390621219,2498.519776226977,0.0,0.0,214.65409747142465,330.0368795532424,214.65409747142465,18,194
0.3,0.04,0.6599999999999999,1820.751832,1.3108705310297477,2503.0680502440487,0.0,0.0,214.65655213765385,331.3519167167498,214.65655213765385,18,194
0.36,0.36,0.28,1820.751832,1.2922012635196003,2564.788492573796,0.0,0.0,214.66504336303757,342.7678357489885,214.66504336303757,18,194
0.58,0.4,0.020000000000000018,1820.751832,1.281432084691949,2657.485030474859,0.0,0.0,214.6845371522258,349.8669779697288,214.6845371522258,18,194
0.78,0.12,0.09999999999999998,1820.751832,1.289059578647153,2699.814503839949,0.0,0.0,214.7053599754605,344.0157055568041,214.7053599754605,18,194
0.3,0.06,0.6399999999999999,1820.751832,1.3097499240322343,2505.497418571646,0.0,0.0,214.71007435510606,332.0662207298313,214.71007435510606,18,194
0.54,0.42,0.03999999999999998,1820.751832,1.281948249518113,2644.0965066652207,0.0,0.0,214.71537193402546,349.5674336729387,214.71537193402546,18,194
0.44,0.42,0.14000000000000007,1820.751832,1.2861426021934905,2603.214659908594,0.0,0.0,214.73064404379738,346.7683513685883,214.73064404379738,18,194
0.66,0.32,0.019999999999999962,1820.751832,1.2830232038384541,2677.269325143342,0.0,0.0,214.73159441837612,348.4861591001407,214.73159441837612,18,194
0.72,0.24,0.040000000000000036,1820.751832,1.2849928460866717,2690.743162106917,0.0,0.0,214.73266008177478,347.03564355861823,214.73266008177478,18,194
0.3,0.12,0.58,1820.751832,1.3067122594028535,2512.3226180577685,0.0,0.0,214.74942538993184,333.83595320585044,214.74942538993184,18,194
0.3,0.1,0.6,1820.751832,1.3077116776354947,2510.0353935975704,0.0,0.0,214.74997015184388,333.25884464430493,214.74997015184388,18,194
0.3,0.14,0.5599999999999999,1820.751832,1.3056920399661998,2514.6962599481467,0.0,0.0,214.75295615992016,334.44226140626785,214.75295615992016,18,194
0.3,0.08,0.62,1820.751832,1.3086888159080345,2507.838065823268,0.0,0.0,214.75497996680863,332.7122721321184,214.75497996680863,18,194
0.3,0.16,0.5399999999999999,1820.751832,1.3046263509785865,2517.2546199453395,0.0,0.0,214.76008070807933,335.0928250916073,214.76008070807933,18,194
0.32,0.28,0.3999999999999999,1820.751832,1.297722644257997,2539.661282094657,0.0,0.0,214.76527757157015,339.29320836192267,214.76527757157015,18,194
0.8200000000000001,0.02,0.15999999999999995,1820.751832,1.292498950114349,2704.743100929698,0.0,0.0,214.7967898468135,341.6760340015558,214.7967898468135,18,194
0.3,0.18,0.52,1820.751832,1.3035342749265348,2519.9143378744825,0.0,0.0,214.81412145352198,335.7792699232544,214.81412145352198,18,194
0.42,0.42,0.1600000000000001,1820.751832,1.286704819581397,2596.1193638214245,0.0,0.0,214.82809183667024,346.49658298406086,214.82809183667024,18,194
0.34,0.34,0.3199999999999999,1820.751832,1.2937457017281664,2555.3681348783184,0.0,0.0,214.83622158026128,341.8940676133282,214.83622158026128,18,194
0.38,0.4,0.21999999999999997,1820.751832,1.2890543758588433,2578.745279025253,0.0,0.0,214.86216845231533,345.0223813548148,214.86216845231533,18,194
0.68,0.3,0.019999999999999962,1820.751832,1.2832368151023013,2682.852251412885,0.0,0.0,214.87816021758397,348.3678139006829,214.87816021758397,18,194
0.3,0.2,0.49999999999999994,1820.751832,1.3024162579900804,2522.67295710185,0.0,0.0,214.88176514124618,336.5018429524481,214.88176514124618,18,194
0.36,0.38,0.26,1820.751832,1.290782398911773,2568.671940818325,0.0,0.0,214.89766002537084,343.9049237719443,214.89766002537084,18,194
0.8,0.08,0.11999999999999995,1820.751832,1.290138679024115,2703.847813575219,0.0,0.0,214.91354873882935,343.32222449219336,214.91354873882935,18,194
0.5,0.44,0.06,1820.751832,1.2822275103609024,2631.5359388895645,0.0,0.0,214.91879400477694,349.5926483346221,214.91879400477694,18,194
0.56,0.42,0.019999999999999962,1820.751832,1.2808621355898102,2653.14172870758,0.0,0.0,214.92282010480568,350.4336639205548,214.92282010480568,18,194
0.32,0.3,0.37999999999999995,1820.751832,1.2964532614819853,2542.989991958124,0.0,0.0,214.93266627350405,340.22497811004837,214.93266627350405,18,194
0.48,0.44,0.08000000000000002,1820.751832,1.283101111562104,2623.215362699602,0.0,0.0,214.95116508857225,349.00074822130625,214.95116508857225,18,194
0.3,0.22,0.48,1820.751832,1.3012723532151642,2525.53041474369,0.0,0.0,214.9555373731143,337.26082060058195,214.9555373731143,18,194
0.76,0.18,0.06,1820.751832,1.2862609728821892,2700.533566624973,0.0,0.0,214.9607154589465,346.17293917632094,214.9607154589465,18,194
0.4,0.42,0.18,1820.751832,1.2871895827625588,2589.29856572143,0.0,0.0,214.96790650832412,346.32145962388876,214.96790650832412,18,194
0.3,0.24,0.45999999999999996,1820.751832,1.3001026132497886,2528.486652127726,0.0,0.0,215.04781238660868,338.05647119379057,215.04781238660868,18,194
0.34,0.36,0.29999999999999993,1820.751832,1.2923762959399576,2559.070533256346,0.0,0.0,215.04918787611828,342.9660344846267,215.04918787611828,18,194
0.46,0.44,0.10000000000000003,1820.751832,1.2838855882780276,2615.2228011901184,0.0,0.0,215.05990275594698,348.51317121478525,215.05990275594698,18,194
0.74,0.22,0.04000000000000001,1820.751832,1.2848633649127872,2697.670258143448,0.0,0.0,215.06174555389867,347.2349929625325,215.06174555389867,18,194
0.7000000000000001,0.28,0.019999999999999907,1820.751832,1.283357525838435,2688.791892032906,0.0,0.0,215.0713058846615,348.35099698760797,215.0713058846615,18,194
0.52,0.44,0.03999999999999998,1820.751832,1.281273431533357,2640.129657765776,0.0,0.0,215.07263929293518,350.2862365070734,215.07263929293518,18,194
0.78,0.14,0.07999999999999996,1820.751832,1.287522270609241,2703.8974632117,0.0,0.0,215.09542296471307,345.2681270581549,215.09542296471307,18,194
0.32,0.32,0.35999999999999993,1820.751832,1.2951579272656284,2546.419315074203,0.0,0.0,215.10739958558875,341.1946352832611,215.10739958558875,18,194
0.28,0.02,0.7,1820.751832,1.3118139919524032,2496.3191851701336,0.0,0.0,215.13608305025718,331.2843547179906,215.13608305025718,18,194
0.28,0.04,0.6799999999999999,1820.751832,1.3107398522159093,2498.580635103532,0.0,0.0,215.15543319386052,331.9410416447998,215.15543319386052,18,194
0.8200000000000001,0.04,0.13999999999999993,1820.751832,1.2910700439869967,2708.4091322165928,0.0,0.0,215.1563788314379,342.7876986292572,215.1563788314379,18,194
0.3,0.26,0.43999999999999995,1820.751832,1.2989070899577664,2531.5416161750263,0.0,0.0,215.15945515965555,338.8890550993841,215.15945515965555,18,194
0.44,0.44,0.12000000000000005,1820.751832,1.2845690080081846,2607.642152863744,0.0,0.0,215.16869990498196,348.12370019065935,215.16869990498196,18,194
0.36,0.4,0.24,1820.751832,1.2893376238202825,2572.655469816655,0.0,0.0,215.17050385069663,345.0813034043642,215.17050385069663,18,194
0.38,0.42,0.2,1820.751832,1.2875595054989488,2582.9122433755097,0.0,0.0,215.18805956075948,346.26535051011734,215.18805956075948,18,194
0.28,0.06,0.6599999999999999,1820.751832,1.3096380178053062,2500.9453170495503,0.0,0.0,215.19654704437738,332.6355610774309,215.19654704437738,18,194
0.28,0.0,0.72,1820.751832,1.3128600287433978,2494.1625419229495,0.0,0.0,215.1974604607683,330.66539111598144,215.1974604607683,18,194
0.6,0.4,0.0,1820.751832,1.280202864350138,2667.015048347773,0.0,0.0,215.2103036474251,350.91193601815166,215.2103036474251,18,194
0.62,0.38,0.0,1820.751832,1.2806408503086044,2671.810053278378,0.0,0.0,215.2147127243466,350.50973901671017,215.2147127243466,18,194
0.42,0.44,0.14000000000000007,1820.751832,1.2851571585082473,2600.460164710478,0.0,0.0,215.24939663853837,347.821903653594,215.24939663853837,18,194
0.54,0.44,0.019999999999999962,1820.751832,1.28023688131502,2649.0021453606732,0.0,0.0,215.2540185974379,351.08292524649755,215.2540185974379,18,194
0.58,0.42,5.551115123125783e-17,1820.751832,1.279696362640978,2662.4600981807457,0.0,0.0,215.26883672164715,351.4026971945681,215.26883672164715,18,194
0.28,0.08,0.64,1820.751832,1.3085147611386043,2503.398406323872,0.0,0.0,215.27577724042442,333.3614412670553,215.27577724042442,18,194
0.3,0.28,0.41999999999999993,1820.751832,1.2976858340347894,2534.6952607501357,0.0,0.0,215.27754760924194,339.7588249008397,215.27754760924194,18,194
0.34,0.38,0.2799999999999999,1820.751832,1.2909811220453586,2562.872375017178,0.0,0.0,215.2777330401856,344.07681089279305,215.2777330401856,18,194
0.64,0.36,0.0,1820.751832,1.281007906868773,2676.8520309311884,0.0,0.0,215.2879784141253,350.19724392609464,215.2879784141253,18,194
0.32,0.34,0.3399999999999999,1820.751832,1.2938368541519596,2549.947742239925,0.0,0.0,215.28859345747946,342.20246111793176,215.28859345747946,18,194
0.8,0.1,0.09999999999999995,1820.751832,1.2886400928077892,2707.7788689509016,0.0,0.0,215.292056485613,344.5237365098687,215.292056485613,18,194
0.28,0.12,0.6,1820.751832,1.3064651284170539,2508.0642049070784,0.0,0.0,215.30881246255984,334.55827487390326,215.30881246255984,18,194
0.28,0.1,0.62,1820.751832,1.3074577770106097,2505.7751338884077,0.0,0.0,215.31235626920414,334.00024575466307,215.31235626920414,18,194
0.28,0.14,0.58,1820.751832,1.3054465180613826,2510.4519269939983,0.0,0.0,215.31486510543527,335.15126450493096,215.31486510543527,18,194
0.28,0.16,0.5599999999999999,1820.751832,1.3044019965716003,2512.938235275944,0.0,0.0,215.32663315600064,335.7795182979031,215.32663315600064,18,194
0.72,0.26,0.020000000000000018,1820.751832,1.283347209469414,2695.2632330218207,0.0,0.0,215.33475692969472,348.4407081491414,215.33475692969472,18,194
0.28,0.18,0.54,1820.751832,1.3033316156955257,2515.5230635689736,0.0,0.0,215.36330984673063,336.4433315803547,215.36330984673063,18,194
0.66,0.34,0.0,1820.751832,1.281301647609312,2682.1477216847675,0.0,0.0,215.38906056604773,349.97550156637266,215.38906056604773,18,194
0.4,0.44,0.15999999999999998,1820.751832,1.285644078466062,2593.6508577648356,0.0,0.0,215.40065255190203,347.6320041190868,215.40065255190203,18,194
0.48,0.46,0.06,1820.751832,1.281438325537166,2627.9674764468177,0.0,0.0,215.40951905861775,350.46609371523715,215.40951905861775,18,194
0.28,0.2,0.52,1820.751832,1.3022354279314725,2518.2063457675827,0.0,0.0,215.42229944537686,337.1429913464282,215.42229944537686,18,194
0.3,0.3,0.39999999999999997,1820.751832,1.2964388946290961,2537.947547969772,0.0,0.0,215.42528079005638,340.66602561013406,215.42528079005638,18,194
0.84,0.0,0.16000000000000003,1820.751832,1.2918505146955648,2713.5059203755773,0.0,0.0,215.43366978405106,342.41086869931,215.43366978405106,18,194
0.56,0.44,0.0,1820.751832,1.2791237690939492,2658.1381665405424,0.0,0.0,215.46113496750436,351.98081005587187,215.46113496750436,18,194
0.5,0.46,0.03999999999999998,1820.751832,1.280539415400488,2636.3744947049104,0.0,0.0,215.4622169166417,351.08859932858775,215.4622169166417,18,194
0.76,0.2,0.03999999999999998,1820.751832,1.2846556818679136,2704.878826224311,0.0,0.0,215.46232462958082,347.5179720891872,215.46232462958082,18,194
0.32,0.36,0.31999999999999995,1820.751832,1.2924900814522562,2553.575280017921,0.0,0.0,215.47624656100328,343.24867906632306,215.47624656100328,18,194
0.36,0.42,0.22000000000000003,1820.751832,1.2878669571669252,2576.73916638302,0.0,0.0,215.4829306738527,346.29718167223325,215.4829306738527,18,194
0.78,0.16,0.05999999999999997,1820.751832,1.2859548691661797,2708.0924443558433,0.0,0.0,215.4929932955113,346.5612659200355,215.4929932955113,18,194
0.46,0.46,0.08000000000000002,1820.751832,1.282253157396447,2619.859284617115,0.0,0.0,215.50638811369,349.9463008686766,215.50638811369,18,194
0.28,0.22,0.5,1820.751832,1.3011134861533307,2520.9880172361095,0.0,0.0,215.51075665209856,337.87877628609135,215.51075665209856,18,194
0.34,0.4,0.2599999999999999,1820.751832,1.2895602077936497,2566.773713203925,0.0,0.0,215.51771928351636,345.2266077780219,215.51771928351636,18,194
0.8200000000000001,0.06,0.11999999999999994,1820.751832,1.2896108174370338,2712.1869446513047,0.0,0.0,215.52337255729626,343.93900968361294,215.52337255729626,18,194
0.68,0.32,0.0,1820.751832,1.281519732147356,2687.7036233287668,0.0,0.0,215.5271490446789,349.84546291208363,215.5271490446789,18,194
0.38,0.44,0.18,1820.751832,1.2860385700026469,2587.1801243322607,0.0,0.0,215.5755720613862,347.5482953974695,215.5755720613862,18,194
0.3,0.32,0.37999999999999995,1820.751832,1.2951663189691203,2541.2984494600314,0.0,0.0,215.5959204227138,341.6108949158673,215.5959204227138,18,194
0.28,0.24,0.48,1820.751832,1.2999658432318326,2523.8680161946095,0.0,0.0,215.6067485653884,338.65095685439996,215.6067485653884,18,194
0.44,0.46,0.10000000000000003,1820.751832,1.2829704199318372,2612.168911924667,0.0,0.0,215.61217875046398,349.51775863983426,215.61217875046398,18,194
0.52,0.46,0.019999999999999962,1820.751832,1.279559850874792,2645.0551589121037,0.0,0.0,215.61394301235077,351.8130422653344,215.61394301235077,18,194
0.74,0.24,0.020000000000000018,1820.751832,1.2832238440141182,2702.157845343658,0.0,0.0,215.6164840070471,348.6292949457849,215.6164840070471,18,194
0.8,0.12,0.07999999999999996,1820.751832,1.2871112833655036,2711.821978622968,0.0,0.0,215.67803008299612,345.7655767413693,215.67803008299612,18,194
0.32,0.38,0.29999999999999993,1820.751832,1.2911176451388588,2557.3019489858298,0.0,0.0,215.6923151643293,344.3335065115213,215.6923151643293,18,194
0.42,0.46,0.12000000000000005,1820.751832,1.283582922961766,2604.903785724015,0.0,0.0,215.69312018336413,349.18768455373913,215.69312018336413,18,194
0.7000000000000001,0.3,0.0,1820.751832,1.2816526442906775,2693.5701318190486,0.0,0.0,215.69830276757764,349.81252631173123,215.69830276757764,18,194
0.26,0.04,0.7,1820.751832,1.3105568074999818,2494.313462147296,0.0,0.0,215.71004808697376,332.59406008925805,215.71004808697376,18,194
0.28,0.26,0.45999999999999996,1820.751832,1.2987925516539414,2526.846285090816,0.0,0.0,215.71047086913873,339.45979538054644,215.71047086913873,18,194
0.26,0.06,0.6799999999999999,1820.751832,1.3094645995993068,2496.6684903089886,0.0,0.0,215.74627259342904,333.2678729541146,215.74627259342904,18,194
0.3,0.34,0.35999999999999993,1820.751832,1.2938681520005901,2544.747947551771,0.0,0.0,215.7730185788668,342.59366346524354,215.7730185788668,18,194
0.26,0.02,0.72,1820.751832,1.311611228129687,2492.1073338799115,0.0,0.0,215.7780790957214,331.9618731766521,215.7780790957214,18,194
0.84,0.02,0.14000000000000004,1820.751832,1.2904312157990476,2717.129409394313,0.0,0.0,215.7892111053032,343.51277714838517,215.7892111053032,18,194
0.54,0.46,0.0,1820.751832,1.2784976455048755,2654.015066109986,0.0,0.0,215.80768481264957,352.64082303446514,215.80768481264957,18,194
0.26,0.08,0.66,1820.751832,1.3083449373904785,2499.126167320439,0.0,0.0,215.81077355297523,333.97965019101804,215.81077355297523,18,194
0.34,0.42,0.23999999999999994,1820.751832,1.288113576690529,2570.7746174176336,0.0,0.0,215.8188076006155,346.4156311705522,215.8188076006155,18,194
0.28,0.28,0.43999999999999995,1820.751832,1.2975936631423797,2529.9227719494465,0.0,0.0,215.82449420775023,340.30554621612686,215.82449420775023,18,194
0.36,0.44,0.2,1820.751832,1.2863704131456455,2580.9231350295668,0.0,0.0,215.8370026548931,347.55276144886847,215.8370026548931,18,194
0.4,0.46,0.13999999999999996,1820.751832,1.2840723119753474,2598.104895289679,0.0,0.0,215.83941982978436,348.98300215834917,215.83941982978436,18,194
0.26,0.0,0.74,1820.751832,1.3126404473792868,2490.01095122564,0.0,0.0,215.88809726392293,331.36088770904763,215.88809726392293,18,194
0.8200000000000001,0.08,0.09999999999999994,1820.751832,1.288121247408568,2716.0768039048626,0.0,0.0,215.8977882644162,345.1302348133434,215.8977882644162,18,194
0.48,0.48,0.040000000000000036,1820.751832,1.2797484040672091,2632.824548047956,0.0,0.0,215.9126313599856,351.9732321521155,215.9126313599856,18,194
0.26,0.1,0.64,1820.751832,1.307198155862901,2501.6858287396653,0.0,0.0,215.92123689302613,334.729363786454,215.92123689302613,18,194
0.32,0.4,0.2799999999999999,1820.751832,1.2897195775412988,2561.1277846068247,0.0,0.0,215.93483732013686,345.4571551496476,215.93483732013686,18,194
0.78,0.18,0.03999999999999998,1820.751832,1.284357339245402,2712.3997491064533,0.0,0.0,215.9360187772701,347.8953765738997,215.9360187772701,18,194
0.72,0.28,0.0,1820.751832,1.2816709558077295,2699.902039931651,0.0,0.0,215.9413851753481,349.88724956462386,215.9413851753481,18,194
0.28,0.3,0.42,1820.751832,1.2963692282774606,2533.097431689667,0.0,0.0,215.94496724335275,341.18845592169214,215.94496724335275,18,194
0.3,0.36,0.33999999999999997,1820.751832,1.292544436035618,2548.2960364036317,0.0,0.0,215.95657323002595,343.6145551776341,215.95657323002595,18,194
0.46,0.48,0.06000000000000005,1820.751832,1.2805984178283363,2624.588956510075,0.0,0.0,215.95731227614377,351.4154966397624,215.95731227614377,18,194
0.26,0.14,0.6,1820.751832,1.3051475163334703,2506.3958850391928,0.0,0.0,215.9627788656651,335.938532509535,215.9627788656651,18,194
0.26,0.12,0.62,1820.751832,1.3061447798023427,2504.081935253368,0.0,0.0,215.96426155299633,335.3673662335607,215.96426155299633,18,194
0.26,0.16,0.58,1820.751832,1.3041244748378982,2508.807977906148,0.0,0.0,215.96692984693775,336.54467441678537,215.96692984693775,18,194
0.76,0.22,0.01999999999999999,1820.751832,1.2830203956880615,2709.3363521444835,0.0,0.0,215.98698089312157,348.9043358637242,215.98698089312157,18,194
0.26,0.18,0.56,1820.751832,1.303075705741713,2511.318149985463,0.0,0.0,215.9914210195609,337.1860898595876,215.9914210195609,18,194
0.38,0.46,0.15999999999999998,1820.751832,1.284491573484931,2591.549062896746,0.0,0.0,216.01007458441404,348.87141704536265,216.01007458441404,18,194
0.5,0.48,0.020000000000000018,1820.751832,1.2788239296037696,2641.3188801890656,0.0,0.0,216.03834501008413,352.62662320637816,216.03834501008413,18,194
0.44,0.48,0.08000000000000007,1820.751832,1.281343235820604,2616.8089927775522,0.0,0.0,216.0590684774239,350.9532323069415,216.0590684774239,18,194
0.26,0.2,0.54,1820.751832,1.3020012605898748,2513.926336207458,0.0,0.0,216.06160044986524,337.8630683460029,216.06160044986524,18,194
0.8,0.14,0.05999999999999994,1820.751832,1.2855522195969347,2715.9774337636363,0.0,0.0,216.0714891233158,347.0480046996771,216.0714891233158,18,194
0.28,0.32,0.39999999999999997,1820.751832,1.2951192961234812,2536.370227401105,0.0,0.0,216.10418281634068,342.10876349030826,216.10418281634068,18,194
0.26,0.22,0.52,1820.751832,1.3009011916826523,2516.632471658701,0.0,0.0,216.13928291479886,338.57589098912115,216.13928291479886,18,194
0.84,0.04,0.12000000000000002,1820.751832,1.2889814649953333,2720.8648917387786,0.0,0.0,216.15212756429023,344.6541607439289,216.15212756429023,18,194
0.42,0.48,0.10000000000000009,1820.751832,1.2819653438950342,2609.5220542031616,0.0,0.0,216.1557411416217,350.60433831532407,216.1557411416217,18,194
0.3,0.38,0.31999999999999995,1820.751832,1.2911952104163826,2551.9427230419833,0.0,0.0,216.18209472486657,344.6737875870848,216.18209472486657,18,194
0.34,0.44,0.21999999999999992,1820.751832,1.2866407211572324,2574.8791564426383,0.0,0.0,216.18216036042077,347.64414847926,216.18216036042077,18,194
0.74,0.26,0.0,1820.751832,1.2815520687126734,2706.774197182891,0.0,0.0,216.20354246710824,350.06477305968474,216.20354246710824,18,194
0.52,0.48,0.0,1820.751832,1.2778186191390568,2650.0873725975425,0.0,0.0,216.2100871656815,353.38219756702676,216.2100871656815,18,194
0.32,0.42,0.25999999999999995,1820.751832,1.288295907065423,2565.0528379834086,0.0,0.0,216.22113801864157,346.61983139154745,216.22113801864157,18,194
0.26,0.24,0.5,1820.751832,1.299775551706498,2519.4364929410835,0.0,0.0,216.2230518659257,339.3248305482457,216.2230518659257,18,194
0.36,0.46,0.18,1820.751832,1.2848480010559293,2585.207498187876,0.0,0.0,216.27651124148315,348.848241879532,216.27651124148315,18,194
0.8200000000000001,0.1,0.07999999999999993,1820.751832,1.286601306643464,2720.078990051095,0.0,0.0,216.2796442873478,346.3616385265325,216.2796442873478,18,194
0.4,0.48,0.12,1820.751832,1.2824742768902184,2602.6608559713095,0.0,0.0,216.28420233084717,350.374654107495,216.28420233084717,18,194
0.28,0.34,0.37999999999999995,1820.751832,1.2938439138619926,2539.741131568619,0.0,0.0,216.29613066471518,343.0667006065456,216.29613066471518,18,194
0.26,0.26,0.48,1820.751832,1.2986243933611445,2522.3383395249475,0.0,0.0,216.3215783123825,340.1101515100318,216.3215783123825,18,194
0.24,0.06,0.7,1820.751832,1.3092292652182675,2492.64193268211,0.0,0.0,216.39425954884072,333.9736511116715,216.39425954884072,18,194
0.24,0.08,0.68,1820.751832,1.308126827781289,2495.0365260501153,0.0,0.0,216.4122996965523,334.667490713806,216.4122996965523,18,194
0.24,0.04,0.72,1820.751832,1.310304238075644,2490.349809667888,0.0,0.0,216.41312520383306,333.3177015269907,216.41312520383306,18,194
0.46,0.5,0.040000000000000036,1820.751832,1.278915409912085,2629.4426796863454,0.0,0.0,216.42090683897294,352.92430271359393,216.42090683897294,18,194
0.26,0.28,0.45999999999999996,1820.751832,1.297447768984828,2525.337955088107,0.0,0.0,216.43823794611635,340.93211020922973,216.43823794611635,18,194
0.78,0.2,0.019999999999999962,1820.751832,1.2827288235599088,2716.8249327089557,0.0,0.0,216.44065393712347,349.2705575204287,216.44065393712347,18,194
0.3,0.4,0.29999999999999993,1820.751832,1.2898205111960621,2555.6880283070223,0.0,0.0,216.4445242129873,345.7715722107652,216.4445242129873,18,194
0.86,0.0,0.14,1820.751832,1.2896890908806327,2726.1925912973097,0.0,0.0,216.45161920966817,344.3358441670604,216.45161920966817,18,194
0.38,0.48,0.14,1820.751832,1.282918514893888,2596.0192181948214,0.0,0.0,216.4777003538611,350.23491347572656,216.4777003538611,18,194
0.8,0.16,0.03999999999999995,1820.751832,1.2839628664501408,2720.2455380077213,0.0,0.0,216.481983774729,348.3712769470282,216.481983774729,18,194
0.24,0.1,0.66,1820.751832,1.3069972698745729,2497.5329070661305,0.0,0.0,216.497997353411,335.39918443633127,216.497997353411,18,194
0.48,0.5,0.020000000000000018,1820.751832,1.2780313072971836,2637.7868750151056,0.0,0.0,216.50179252981286,353.5223712367449,216.50179252981286,18,194
0.24,0.02,0.74,1820.751832,1.3113513937993466,2488.160852305723,0.0,0.0,216.50192721934897,332.69967208889403,216.50192721934897,18,194
0.44,0.5,0.06000000000000005,1820.751832,1.2796859031081262,2621.570818591947,0.0,0.0,216.5119490275669,352.4308729339827,216.5119490275669,18,194
0.28,0.36,0.36,1820.751832,1.2925431264344227,2543.2101272355567,0.0,0.0,216.5167951544113,344.06249193886777,216.5167951544113,18,194
0.84,0.06,0.10000000000000003,1820.751832,1.2875012386537905,2724.7126362979475,0.0,0.0,216.5224363896682,345.83528883977084,216.5224363896682,18,194
0.76,0.24,0.0,1820.751832,1.2813508473122728,2713.9342788534796,0.0,0.0,216.53468590398634,350.3316162896271,216.53468590398634,18,194
0.26,0.3,0.44,1820.751832,1.2962457301796395,2528.4352888320946,0.0,0.0,216.56149816803583,341.79095498840934,216.56149816803583,18,194
0.32,0.44,0.23999999999999994,1820.751832,1.2868466579382807,2569.0771764835295,0.0,0.0,216.57309969598626,347.82173678001107,216.57309969598626,18,194
0.34,0.46,0.1999999999999999,1820.751832,1.2851418767953615,2579.0856138339864,0.0,0.0,216.57779152247676,348.912385415839,216.57779152247676,18,194
0.24,0.12,0.64,1820.751832,1.3058409267680848,2500.130407181655,0.0,0.0,216.61020513652502,336.16869112304926,216.61020513652502,18,194
0.42,0.5,0.08000000000000007,1820.751832,1.280315638955055,2614.267227274905,0.0,0.0,216.62364643624227,352.0655118443887,216.62364643624227,18,194
0.24,0.14,0.62,1820.751832,1.3047968551775158,2502.521434205314,0.0,0.0,216.64824929761966,336.80273370582177,216.64824929761966,18,194
0.5,0.5,0.0,1820.751832,1.2770810087538111,2646.36940582435,0.0,0.0,216.66060987909637,354.20693005989966,216.66060987909637,18,194
0.24,0.0,0.76,1820.751832,1.3123703718226634,2486.0757668567535,0.0,0.0,216.6686408781765,332.1195866533758,216.6686408781765,18,194
0.8200000000000001,0.12,0.05999999999999994,1820.751832,1.2850509638330163,2724.1937965919165,0.0,0.0,216.66896007582406,347.63348228010096,216.66896007582406,18,194
0.24,0.16,0.6,1820.751832,1.3037952105302812,2504.859554328067,0.0,0.0,216.67442282207716,337.3869979001041,216.67442282207716,18,194
0.3,0.42,0.27999999999999997,1820.751832,1.2885709148951554,2558.9508401945477,0.0,0.0,216.68756270389397,346.794006393525,216.68756270389397,18,194
0.26,0.32,0.42,1820.751832,1.2950183274391267,2531.6302967666093,0.0,0.0,216.70257303215908,342.6869263956735,216.70257303215908,18,194
0.24,0.18,0.5800000000000001,1820.751832,1.3027679677472745,2507.2953173242504,0.0,0.0,216.70899267729843,338.0062479235156,216.70899267729843,18,194
0.28,0.38,0.33999999999999997,1820.751832,1.2913387029215881,2546.3071066256216,0.0,0.0,216.71464980559665,345.0055563604535,216.71464980559665,18,194
0.36,0.48,0.16000000000000003,1820.751832,1.2832997251741018,2589.592396257044,0.0,0.0,216.73169814123452,350.183818803567,216.73169814123452,18,194
0.4,0.5,0.09999999999999998,1820.751832,1.2808499615482112,2607.3189350662424,0.0,0.0,216.7542775780532,351.8071579681871,216.7542775780532,18,194
0.24,0.2,0.56,1820.751832,1.3017151770306092,2509.828660599182,0.0,0.0,216.7817207920892,338.6607759175094,216.7817207920892,18,194
0.86,0.02,0.12000000000000001,1820.751832,1.2882490920361136,2729.8850075974633,0.0,0.0,216.84202946685866,345.46753682295514,216.84202946685866,18,194
0.24,0.22,0.54,1820.751832,1.3006368897078566,2512.459520433802,0.0,0.0,216.87029852878786,339.3508655591702,216.87029852878786,18,194
0.26,0.34,0.39999999999999997,1820.751832,1.293860014944879,2534.558208146914,0.0,0.0,216.872012135882,343.55096301242776,216.872012135882,18,194
0.28,0.4,0.31999999999999995,1820.751832,1.2901649137405287,2549.2857989871336,0.0,0.0,216.91508233852917,345.9433915131243,216.91508233852917,18,194
0.84,0.08,0.08000000000000003,1820.751832,1.2859905090646204,2728.672926050593,0.0,0.0,216.92233871308449,347.0564276390296,216.92233871308449,18,194
0.32,0.46,0.21999999999999992,1820.751832,1.2855526621135334,2572.5032029725544,0.0,0.0,216.9229541262511,348.9238220579093,216.9229541262511,18,194
0.8,0.18,0.019999999999999962,1820.751832,1.28234057741605,2724.642973592524,0.0,0.0,216.9453136975624,349.73518458413645,216.9453136975624,18,194
0.3,0.44,0.25999999999999995,1820.751832,1.2873285892110098,2562.1858936411254,0.0,0.0,216.94757548628635,347.82864294940947,216.94757548628635,18,194
0.38,0.5,0.12,1820.751832,1.2813193879646239,2600.590767164462,0.0,0.0,216.95569612033162,351.6389800990196,216.95569612033162,18,194
0.78,0.22,0.0,1820.751832,1.2810655724340605,2721.392220360606,0.0,0.0,216.96201696976445,350.6866031329788,216.96201696976445,18,194
0.24,0.24,0.52,1820.751832,1.2995331578743463,2515.1878333089685,0.0,0.0,216.96504258237576,340.0767920742405,216.96504258237576,18,194
0.46,0.52,0.020000000000000018,1820.751832,1.2772051235269082,2634.4025644229837,0.0,0.0,216.97288871307953,354.4751708323328,216.97288871307953,18,194
0.44,0.52,0.040000000000000036,1820.751832,1.2780007101300208,2626.4411825934512,0.0,0.0,216.99692951188226,353.9506825053608,216.99692951188226,18,194
0.34,0.48,0.17999999999999994,1820.751832,1.2836386305805332,2583.309951018076,0.0,0.0,217.02706706733585,350.2039597138676,217.02706706733585,18,194
0.26,0.36,0.38,1820.751832,1.2927541540582865,2537.2832096260263,0.0,0.0,217.04557944798347,344.39396944624684,217.04557944798347,18,194
0.24,0.26,0.5,1820.751832,1.298404034029935,2518.013537231314,0.0,0.0,217.06595554177753,340.8388222900152,217.06595554177753,18,194
0.8200000000000001,0.14,0.039999999999999925,1820.751832,1.2834701838410227,2728.421529192359,0.0,0.0,217.07118011956152,348.94602453221904,217.07118011956152,18,194
0.42,0.52,0.06000000000000005,1820.751832,1.278639411877628,2619.11549533256,0.0,0.0,217.11003127006973,353.56801831816665,217.11003127006973,18,194
0.48,0.52,0.0,1820.751832,1.2762896269005783,2642.8484674811284,0.0,0.0,217.1256380202003,355.1107507109893,217.1256380202003,18,194
0.28,0.42,0.3,1820.751832,1.2889688996088506,2552.350453719184,0.0,0.0,217.13765864367934,346.91528807868133,217.13765864367934,18,194
0.22,0.08,0.7000000000000001,1820.751832,1.3078682442008516,2491.0982837630036,0.0,0.0,217.1721538958709,335.42103948875655,217.1721538958709,18,194
0.24,0.28,0.48,1820.751832,1.2972495707120026,2520.9365730530044,0.0,0.0,217.17303919221126,341.6372147280326,217.17303919221126,18,194
0.22,0.06,0.72,1820.751832,1.3089509189202169,2488.7752993809218,0.0,0.0,217.17767980017663,334.74620226570335,217.17767980017663,18,194
0.22,0.1,0.68,1820.751832,1.3067581758199815,2493.524413957977,0.0,0.0,217.18577659101007,336.1336633015253,217.18577659101007,18,194
0.36,0.5,0.14,1820.751832,1.2817254689118445,2594.0789648999657,0.0,0.0,217.19258807690142,351.55933845316815,217.19258807690142,18,194
0.26,0.38,0.36,1820.751832,1.2916261445119728,2540.093602976947,0.0,0.0,217.22478678063274,345.2704557953492,217.22478678063274,18,194
0.22,0.04,0.74,1820.751832,1.3100005326402882,2486.5881918068408,0.0,0.0,217.23604376787333,334.1086523256088,217.23604376787333,18,194
0.86,0.04,0.1,1820.751832,1.2867785024444096,2733.6898415688706,0.0,0.0,217.2401636199888,346.6387860799915,217.2401636199888,18,194
0.4,0.52,0.07999999999999996,1820.751832,1.2791993490743312,2612.0793446930493,0.0,0.0,217.2509192831344,353.28070972393715,217.2509192831344,18,194
0.22,0.12,0.66,1820.751832,1.3056212934985345,2496.051576083456,0.0,0.0,217.27509142732669,336.88404188521963,217.27509142732669,18,194
0.3,0.46,0.23999999999999994,1820.751832,1.2860638939564437,2565.5077423443754,0.0,0.0,217.27936454230442,348.8979314180204,217.27936454230442,18,194
0.24,0.3,0.46,1820.751832,1.2961384160707563,2523.6917633838098,0.0,0.0,217.29053620943805,342.422674950985,217.29053620943805,18,194
0.32,0.48,0.19999999999999996,1820.751832,1.2842407480149438,2576.0001642742354,0.0,0.0,217.31118983167275,350.0564918153326,217.31118983167275,18,194
0.84,0.1,0.060000000000000026,1820.751832,1.284449244592537,2732.74605709276,0.0,0.0,217.34039751686566,348.31784027049605,217.34039751686566,18,194
0.22,0.02,0.76,1820.751832,1.311022048285722,2484.5052875251336,0.0,0.0,217.3461571729349,333.5086350619198,217.3461571729349,18,194
0.28,0.44,0.27999999999999997,1820.751832,1.2877506639391105,2555.5012173578684,0.0,0.0,217.38863147990395,347.92141133732173,217.38863147990395,18,194
0.24,0.32,0.44,1820.751832,1.2951000344348365,2526.1651492077035,0.0,0.0,217.3980238055985,343.1728287118427,217.3980238055985,18,194
0.26,0.4,0.33999999999999997,1820.751832,1.290476013426258,2542.989440168323,0.0,0.0,217.40962442359864,346.18058600828124,217.40962442359864,18,194
0.8,0.2,0.0,1820.751832,1.2806847926641811,2729.1734950008445,0.0,0.0,217.42755970903323,351.140194221393,217.42755970903323,18,194
0.38,0.52,0.09999999999999998,1820.751832,1.2796930204207135,2605.273673950102,0.0,0.0,217.43229856119447,353.0803171644349,217.43229856119447,18,194
0.22,0.14,0.64,1820.751832,1.304457931298165,2498.6791035075685,0.0,0.0,217.43564688860636,337.67212227640624,217.43564688860636,18,194
0.34,0.5,0.15999999999999992,1820.751832,1.2822781834401253,2586.9904962400265,0.0,0.0,217.44696067010653,351.39870324751695,217.44696067010653,18,194
0.22,0.16,0.62,1820.751832,1.303423329337679,2501.064921385268,0.0,0.0,217.50558234037604,338.30152833832716,217.50558234037604,18,194
0.22,0.0,0.78,1820.751832,1.3120150945025788,2482.527321056011,0.0,0.0,217.50567976344468,332.9461798058028,217.50567976344468,18,194
0.24,0.34,0.42,1820.751832,1.2940395215757639,2528.7235893026295,0.0,0.0,217.5110305083823,343.95587880768005,217.5110305083823,18,194
0.44,0.54,0.020000000000000018,1820.751832,1.2762667654269593,2631.5093884379294,0.0,0.0,217.52389799322344,355.5260996603809,217.52389799322344,18,194
0.8200000000000001,0.16,0.019999999999999934,1820.751832,1.2818542924078726,2732.791078036036,0.0,0.0,217.5455961088634,350.29874085163317,217.5455961088634,18,194
0.22,0.18,0.6000000000000001,1820.751832,1.30241539860556,2503.433124352474,0.0,0.0,217.5479110390385,338.8998675779139,217.5479110390385,18,194
0.88,0.0,0.12,1820.751832,1.287412439518309,2739.249697964699,0.0,0.0,217.59397329122092,346.378782870096,217.59397329122092,18,194
0.46,0.54,0.0,1820.751832,1.2754677369635585,2639.4676510258105,0.0,0.0,217.60310449061606,356.06820985651564,217.60310449061606,18,194
0.22,0.2,0.5800000000000001,1820.751832,1.301382069653456,2505.898378304085,0.0,0.0,217.60696987722926,339.53317685435536,217.60696987722926,18,194
0.42,0.54,0.040000000000000036,1820.751832,1.276935604019077,2624.075713038377,0.0,0.0,217.6102871035242,355.10892204778116,217.6102871035242,18,194
0.3,0.48,0.21999999999999997,1820.751832,1.2847754036121353,2568.928642640689,0.0,0.0,217.62823786024586,349.9979239690366,217.62823786024586,18,194
0.26,0.42,0.32,1820.751832,1.2893037798016507,2545.9708061828205,0.0,0.0,217.6335021619639,347.1245232562622,217.6335021619639,18,194
0.86,0.06,0.08000000000000002,1820.751832,1.2852772938203298,2737.6073793709907,0.0,0.0,217.6460401919616,347.84985952404713,217.6460401919616,18,194
0.36,0.52,0.12,1820.751832,1.2801722186682916,2598.4954016981183,0.0,0.0,217.6467440190686,352.9304471934336,217.6467440190686,18,194
0.24,0.36,0.4,1820.751832,1.2929569250228636,2531.367051441851,0.0,0.0,217.66167044750162,344.77199202314813,217.66167044750162,18,194
0.22,0.22,0.56,1820.751832,1.300323393568611,2508.460617330165,0.0,0.0,217.6892808337707,340.2017415731397,217.6892808337707,18,194
0.28,0.46,0.25999999999999995,1820.751832,1.2865098056314472,2558.7416695624474,0.0,0.0,217.70064067100003,348.96077451766706,217.70064067100003,18,194
0.32,0.5,0.17999999999999994,1820.751832,1.282904332623673,2579.6013537714216,0.0,0.0,217.72429069182053,351.21877670202304,217.72429069182053,18,194
0.4,0.54,0.05999999999999994,1820.751832,1.2775201923804065,2616.9609803466283,0.0,0.0,217.73940698122215,354.78878395127606,217.73940698122215,18,194
0.84,0.12,0.040000000000000036,1820.751832,1.2828771193855788,2736.934094555846,0.0,0.0,217.76559162647663,349.6197308718494,217.76559162647663,18,194
0.22,0.24,0.54,1820.751832,1.2992400316977855,2511.11791484635,0.0,0.0,217.77840188867472,340.9055557022202,217.77840188867472,18,194
0.24,0.38,0.38,1820.751832,1.2918522853167262,2534.095532800082,0.0,0.0,217.8507030511141,345.6213328683807,217.8507030511141,18,194
0.22,0.26,0.52,1820.751832,1.2981771303840532,2513.696531383699,0.0,0.0,217.86756960524247,341.61304405140265,217.86756960524247,18,194
0.34,0.52,0.1399999999999999,1820.751832,1.2808940118501984,2590.767665760446,0.0,0.0,217.86986579155396,352.62648405444895,217.86986579155396,18,194
0.26,0.44,0.3,1820.751832,1.2881094542320042,2549.037819830632,0.0,0.0,217.8962345370579,348.1024304812011,217.8962345370579,18,194
0.38,0.54,0.07999999999999996,1820.751832,1.278039484256953,2610.0674564627097,0.0,0.0,217.90800578194077,354.5594096634465,217.90800578194077,18,194
0.22,0.28,0.5,1820.751832,1.2972059064193862,2515.9198875463253,0.0,0.0,217.95932019077154,342.27235052408554,217.95932019077154,18,194
0.88,0.02,0.09999999999999999,1820.751832,1.2859517401869205,2743.0109642671196,0.0,0.0,217.98776175564268,347.5404006922938,217.98776175564268,18,194
0.2,0.08,0.7200000000000001,1820.751832,1.307552080704094,2487.3994023506657,0.0,0.0,217.993822955422,336.24196892775706,217.993822955422,18,194
0.2,0.1,0.7000000000000001,1820.751832,1.3064672578877314,2489.720684258716,0.0,0.0,218.02497375175514,336.9360626900167,218.02497375175514,18,194
0.8200000000000001,0.18,0.0,1820.751832,1.2802063962853445,2737.2835609826557,0.0,0.0,218.0376108868891,351.6927924169026,218.0376108868891,18,194
0.28,0.48,0.24,1820.751832,1.2852449736058662,2562.0835469608674,0.0,0.0,218.04039270043097,350.02965591334873,218.04039270043097,18,194
0.2,0.06,0.74,1820.751832,1.3086094730102145,2485.180856434731,0.0,0.0,218.04401091942574,335.58528771673605,218.04401091942574,18,194
0.3,0.5,0.19999999999999996,1820.751832,1.2834637451816986,2572.4432905040503,0.0,0.0,218.0474417956858,351.13074034075396,218.0474417956858,18,194
0.24,0.4,0.36,1820.751832,1.2907256356259151,2536.9090612114983,0.0,0.0,218.05093376172613,346.5040641040069,218.05093376172613,18,194
0.22,0.3,0.48000000000000004,1820.751832,1.2962125211287998,2518.2281553315597,0.0,0.0,218.0566171736771,342.96395724812925,218.0566171736771,18,194
0.86,0.08,0.06000000000000001,1820.751832,1.2837454340802381,2741.637919961974,0.0,0.0,218.05967875386202,349.101021655761,218.05967875386202,18,194
0.36,0.54,0.09999999999999998,1820.751832,1.2787405284993125,2602.4444912825784,0.0,0.0,218.0725043404381,354.2245400874575,218.0725043404381,18,194
0.2,0.12,0.68,1820.751832,1.305355359207887,2492.1439887348056,0.0,0.0,218.0945134776779,337.667515700983,218.0945134776779,18,194
0.44,0.56,0.0,1820.751832,1.274502737825775,2636.7061897520784,0.0,0.0,218.09474128453556,357.1379060493038,218.09474128453556,18,194
0.42,0.56,0.020000000000000018,1820.751832,1.2752031996380226,2629.154115572793,0.0,0.0,218.10956041262278,356.6880603432649,218.10956041262278,18,194
0.2,0.04,0.76,1820.751832,1.3096390717512254,2483.0657712557795,0.0,0.0,218.13879570106207,334.96606736239266,218.13879570106207,18,194
0.22,0.32,0.46,1820.751832,1.2951970385324447,2520.621231569111,0.0,0.0,218.15944966397737,343.68803771706234,218.15944966397737,18,194
0.32,0.52,0.15999999999999992,1820.751832,1.2815452826812275,2583.2908265053834,0.0,0.0,218.16311496939437,352.4165369569163,218.16311496939437,18,194
0.26,0.46,0.27999999999999997,1820.751832,1.28689152295267,2552.2037235203484,0.0,0.0,218.1799100717755,349.11009281373646,218.1799100717755,18,194
0.84,0.14,0.020000000000000018,1820.751832,1.2812680665081666,2741.273932722351,0.0,0.0,218.2079489757466,350.96142341328976,218.2079489757466,18,194
0.2,0.14,0.66,1820.751832,1.3042119395326064,2494.698148520609,0.0,0.0,218.20897764109597,338.436466431692,218.20897764109597,18,194
0.4,0.56,0.039999999999999925,1820.751832,1.27581466264102,2621.9457140968875,0.0,0.0,218.23379819737016,356.3382510702791,218.23379819737016,18,194
0.24,0.42,0.34,1820.751832,1.2895770013969405,2539.8076962720693,0.0,0.0,218.25680516580576,347.4203472773488,218.25680516580576,18,194
0.2,0.02,0.78,1820.751832,1.3106405058729096,2481.0548813328137,0.0,0.0,218.26716151781594,334.3843506776684,218.26716151781594,18,194
0.22,0.34,0.44,1820.751832,1.2941595170064737,2523.0990378747083,0.0,0.0,218.28110974371558,344.4447617748534,218.28110974371558,18,194
0.34,0.54,0.11999999999999988,1820.751832,1.2794869574403855,2594.6341653553636,0.0,0.0,218.30812696621305,353.8902050684626,218.30812696621305,18,194
0.2,0.16,0.64,1820.751832,1.3030418638573862,2497.3548595192065,0.0,0.0,218.34426471895497,339.2430010808525,218.34426471895497,18,194
0.38,0.56,0.05999999999999994,1820.751832,1.2764378226251756,2614.662868962132,0.0,0.0,218.3766774844159,356.0172392989638,218.3766774844159,18,194
0.88,0.04,0.07999999999999999,1820.751832,1.284460324508284,2746.8850279886387,0.0,0.0,218.3892525277724,348.74163722531324,218.3892525277724,18,194
0.28,0.5,0.21999999999999997,1820.751832,1.2839578807937475,2565.5122100814892,0.0,0.0,218.39942338158733,351.1332925065952,218.39942338158733,18,194
0.2,0.18,0.6200000000000001,1820.751832,1.3020186644002043,2499.729830842954,0.0,0.0,218.40626277890473,339.8662335452315,218.40626277890473,18,194
0.22,0.36,0.42000000000000004,1820.751832,1.293100008825041,2525.6615222626688,0.0,0.0,218.41438289302948,345.23429609127953,218.41438289302948,18,194
0.2,0.0,0.8,1820.751832,1.311613396771145,2479.148929342381,0.0,0.0,218.42941625069278,333.8401744852985,218.42941625069278,18,194
0.2,0.2,0.6000000000000001,1820.751832,1.3010068068191931,2502.120826474241,0.0,0.0,218.45114542807667,340.477549936005,218.45114542807667,18,194
0.86,0.1,0.04000000000000001,1820.751832,1.2821804808798742,2745.796124750395,0.0,0.0,218.47575451312548,350.39209334806696,218.47575451312548,18,194
0.3,0.52,0.17999999999999994,1820.751832,1.282129625635315,2576.0456084126045,0.0,0.0,218.48350185017904,352.2987589241417,218.48350185017904,18,194
0.24,0.44,0.32,1820.751832,1.28840587301199,2542.7960975712344,0.0,0.0,218.49105994536774,348.36883491823255,218.49105994536774,18,194
0.26,0.48,0.26,1820.751832,1.285650906580079,2555.4607522317956,0.0,0.0,218.49647367770518,350.1503603382409,218.49647367770518,18,194
0.36,0.56,0.07999999999999996,1820.751832,1.2772857287878254,2606.4838323901304,0.0,0.0,218.52030106339825,355.5549784972607,218.52030106339825,18,194
0.2,0.22,0.5800000000000001,1820.751832,1.299991159496086,2504.525479376714,0.0,0.0,218.52446706714733,341.1088434187976,218.52446706714733,18,194
0.22,0.38,0.4,1820.751832,1.2920185597285614,2528.308660632077,0.0,0.0,218.5827660662353,346.0568046573769,218.5827660662353,18,194
0.2,0.24,0.56,1820.751832,1.2990848032150586,2506.5063711591897,0.0,0.0,218.5840697897147,341.680324944244,218.5840697897147,18,194
0.32,0.54,0.1399999999999999,1820.751832,1.2801635384444265,2587.0689678512394,0.0,0.0,218.60949941874034,353.6499591522108,218.60949941874034,18,194
0.42,0.58,1.1102230246251565e-16,1820.751832,1.2734399554451992,2634.359145922864,0.0,0.0,218.64535325147153,358.3107324357898,218.64535325147153,18,194
0.2,0.26,0.54,1820.751832,1.2981562438847705,2508.5720848184887,0.0,0.0,218.66342169080343,342.2834656575808,218.66342169080343,18,194
0.84,0.16,2.7755575615628914e-17,1820.751832,1.2796284609290718,2745.727182545642,0.0,0.0,218.6954863254011,352.344619582317,218.6954863254011,18,194
0.4,0.58,0.020000000000000018,1820.751832,1.2740827611036138,2627.033526855224,0.0,0.0,218.73430274555895,357.9294051241591,218.73430274555895,18,194
0.2,0.28,0.52,1820.751832,1.2972055587785785,2510.7224568043744,0.0,0.0,218.74833415401216,342.9184482204579,218.74833415401216,18,194
0.24,0.46,0.3,1820.751832,1.2872112284004589,2545.883367870134,0.0,0.0,218.75282765288358,349.3467393883956,218.75282765288358,18,194
0.34,0.56,0.09999999999999987,1820.751832,1.2780569423248107,2598.59044501682,0.0,0.0,218.7648341326134,355.1900621733343,218.7648341326134,18,194
0.22,0.4,0.38,1820.751832,1.2909152085205295,2531.0404581168177,0.0,0.0,218.76666433648958,346.9124492979813,218.76666433648958,18,194
0.9,0.0,0.09999999999999998,1820.751832,1.2850199433186846,2752.6775445255075,0.0,0.0,218.77009372829204,348.539582073115,218.77009372829204,18,194
0.88,0.06,0.06,1820.751832,1.2829381598302247,2750.8721912045303,0.0,0.0,218.8058491115771,349.9827580124429,218.8058491115771,18,194
0.28,0.52,0.19999999999999996,1820.751832,1.2826484940354812,2569.027947109581,0.0,0.0,218.82138836469133,352.2718584321734,218.82138836469133,18,194
0.38,0.58,0.040000000000000036,1820.751832,1.27493352130212,2618.884615099227,0.0,0.0,218.83010098492127,357.41588871087737,218.83010098492127,18,194
0.26,0.5,0.24,1820.751832,1.2843881822375296,2558.8040175464666,0.0,0.0,218.84152271062717,351.22511475788053,218.84152271062717,18,194
0.2,0.3,0.5,1820.751832,1.2962328210075331,2512.9573430507457,0.0,0.0,218.8534358816576,343.58545043140435,218.8534358816576,18,194
0.86,0.12,0.020000000000000018,1820.751832,1.2805802180718113,2750.095433061943,0.0,0.0,218.889976653221,351.7232332106335,218.889976653221,18,194
0.3,0.54,0.15999999999999992,1820.751832,1.2807729939042987,2579.735950647506,0.0,0.0,218.92508225933489,353.5021613835897,218.92508225933489,18,194
0.22,0.42,0.36000000000000004,1820.751832,1.2897899866951301,2533.8569502901487,0.0,0.0,218.95629243126007,347.8013901981302,218.95629243126007,18,194
0.18,0.1,0.7200000000000001,1820.751832,1.3061207920560691,2486.147804725007,0.0,0.0,218.96022059739778,337.8048777926078,218.96022059739778,18,194
0.2,0.32,0.48000000000000004,1820.751832,1.2952380990087136,2515.2766208545254,0.0,0.0,218.96815953959344,344.2846456318538,218.96815953959344,18,194
0.18,0.08,0.7400000000000001,1820.751832,1.3071856524937286,2483.8986678422243,0.0,0.0,218.9690484645249,337.12916437558465,218.9690484645249,18,194
0.18,0.06,0.76,1820.751832,1.3082230219751627,2481.752250081803,0.0,0.0,218.98960362986148,336.4908281401698,218.98960362986148,18,194
0.18,0.12,0.7000000000000001,1820.751832,1.3050288026851522,2488.498938087935,0.0,0.0,218.98990804231983,338.51790749024264,218.98990804231983,18,194
0.36,0.58,0.06000000000000005,1820.751832,1.2758070931086425,2610.6182999954767,0.0,0.0,218.9983222281366,356.92219656580284,218.9983222281366,18,194
0.24,0.48,0.28,1820.751832,1.2859946309978134,2549.056147499893,0.0,0.0,219.05166556206802,350.3586981522655,219.05166556206802,18,194
0.32,0.56,0.11999999999999988,1820.751832,1.2787590307458334,2590.9361972791185,0.0,0.0,219.06140974896354,354.9192338085102,219.06140974896354,18,194
0.18,0.14,0.68,1820.751832,1.303910037636729,2490.951357590011,0.0,0.0,219.07322904256486,339.2681881107922,219.07322904256486,18,194
0.2,0.34,0.46,1820.751832,1.2942214560526415,2517.6801906584005,0.0,0.0,219.0886437410141,345.01620313936655,219.0886437410141,18,194
0.18,0.04,0.78,1820.751832,1.3092325300862142,2479.709284926398,0.0,0.0,219.09673343892476,335.88992502985553,219.09673343892476,18,194
0.22,0.44,0.34,1820.751832,1.2886412946538761,2536.7723487708054,0.0,0.0,219.14286463512255,348.7191882334156,219.14286463512255,18,194
0.9,0.02,0.07999999999999997,1820.751832,1.2835385497885083,2756.5075610045947,0.0,0.0,219.17970904359578,349.73123974975675,219.17970904359578,18,194
0.18,0.16,0.66,1820.751832,1.3027648410604604,2493.504366586292,0.0,0.0,219.18082645135055,340.05565033622634,219.18082645135055,18,194
0.2,0.36,0.44000000000000006,1820.751832,1.2931848200497789,2520.162392606186,0.0,0.0,219.21698026106068,345.77949268599303,219.21698026106068,18,194
0.4,0.6,0.0,1820.751832,1.2724327210591424,2631.807837012536,0.0,0.0,219.2199812088277,359.47439689413926,219.2199812088277,18,194
0.88,0.08,0.039999999999999994,1820.751832,1.281380455624487,2755.000754724727,0.0,0.0,219.2253915962928,351.26319842049884,219.2253915962928,18,194
0.18,0.02,0.8,1820.751832,1.310213798438034,2477.7705151678674,0.0,0.0,219.22798752862292,335.32650552500183,219.22798752862292,18,194
0.26,0.52,0.21999999999999997,1820.751832,1.2831033249814026,2562.2337773626755,0.0,0.0,219.22858751616457,352.33452611603855,219.22858751616457,18,194
0.34,0.58,0.07999999999999996,1820.751832,1.2766038794677468,2602.6369867718736,0.0,0.0,219.23510238893715,356.5262558042497,219.23510238893715,18,194
0.28,0.54,0.17999999999999994,1820.751832,1.2813167708084106,2572.631081443568,0.0,0.0,219.25469635294579,353.4455306477714,219.25469635294579,18,194
0.18,0.2,0.6200000000000001,1820.751832,1.3007338334780816,2497.931979722215,0.0,0.0,219.28194250062734,341.39166813942245,219.28194250062734,18,194
0.18,0.18,0.6400000000000001,1820.751832,1.3015935476950433,2496.157283460817,0.0,0.0,219.2952574382161,340.8802213805727,219.2952574382161,18,194
0.38,0.6,0.020000000000000018,1820.751832,1.2734056865346532,2623.1984343845197,0.0,0.0,219.3114984244402,358.85159373787843,219.3114984244402,18,194
0.18,0.22,0.6000000000000001,1820.751832,1.2998718962827192,2499.750204772321,0.0,0.0,219.33005352701062,341.90755013896165,219.33005352701062,18,194
0.2,0.38,0.42000000000000004,1820.751832,1.2921263761135218,2522.7287886076188,0.0,0.0,219.35110033386132,346.5754876952349,219.35110033386132,18,194
0.3,0.56,0.1399999999999999,1820.751832,1.279393789514358,2583.514705954143,0.0,0.0,219.37217943419276,354.74113301531145,219.37217943419276,18,194
0.24,0.5,0.26,1820.751832,1.2847560727302503,2552.3146301324405,0.0,0.0,219.37457903110845,351.40487591354514,219.37457903110845,18,194
0.22,0.46,0.32,1820.751832,1.2874703331223323,2539.7764876749725,0.0,0.0,219.37758189095936,349.6693601339242,219.37758189095936,18,194
0.18,0.0,0.8200000000000001,1820.751832,1.3111664411274655,2475.936691300644,0.0,0.0,219.37881197843151,334.8006141321557,219.37881197843151,18,194
0.86,0.14,0.0,1820.751832,1.2789492797213866,2754.50834835949,0.0,0.0,219.38575372393757,353.09570268837456,219.38575372393757,18,194
0.18,0.24,0.5800000000000001,1820.751832,1.2989877480185228,2501.653186260679,0.0,0.0,219.39953698649992,342.4546438462912,219.39953698649992,18,194
0.36,0.6,0.040000000000000036,1820.751832,1.2743047498438564,2614.846709605608,0.0,0.0,219.48314375877328,358.32636620980867,219.48314375877328,18,194
0.18,0.26,0.56,1820.751832,1.2980814710015778,2503.640735078838,0.0,0.0,219.4919625506077,343.03313908500303,219.4919625506077,18,194
0.32,0.58,0.09999999999999998,1820.751832,1.2773316811757511,2594.892967113719,0.0,0.0,219.51884794080615,356.2245557586166,219.51884794080615,18,194
0.2,0.4,0.4,1820.751832,1.2910461346106654,2525.379463374924,0.0,0.0,219.5219648791785,347.40436376048126,219.5219648791785,18,194
0.18,0.28,0.54,1820.751832,1.2971531444176212,2505.712677855784,0.0,0.0,219.5901935556319,343.6432201733847,219.5901935556319,18,194
0.9,0.04,0.05999999999999998,1820.751832,1.282026329468593,2760.450703535999,0.0,0.0,219.59708030953558,350.9625576749074,219.59708030953558,18,194
0.88,0.1,0.01999999999999999,1820.751832,1.2797893117052004,2759.2586036386224,0.0,0.0,219.65283368540025,352.5839618599207,219.65283368540025,18,194
0.22,0.48,0.30000000000000004,1820.751832,1.286277553017475,2542.865645118001,0.0,0.0,219.65654223349722,350.65332211803707,219.65654223349722,18,194
0.26,0.54,0.19999999999999996,1820.751832,1.2817963006623865,2565.7503245865437,0.0,0.0,219.6567655387719,353.47876688694134,219.6567655387719,18,194
0.18,0.3,0.52,1820.751832,1.2962028437908808,2507.8688589433577,0.0,0.0,219.69421808127555,344.2850662768525,219.69421808127555,18,194
0.28,0.56,0.15999999999999992,1820.751832,1.2799626592518045,2576.3219711161455,0.0,0.0,219.6969642203153,354.65448939729316,219.6969642203153,18,194
0.2,0.42,0.38000000000000006,1820.751832,1.2899434796138467,2528.1201403618825,0.0,0.0,219.702177700273,348.2644506899483,219.702177700273,18,194
0.34,0.6,0.05999999999999994,1820.751832,1.2751276729826018,2606.7743029578232,0.0,0.0,219.71495674588414,357.8989912190661,219.71495674588414,18,194
0.24,0.52,0.24,1820.751832,1.283495536621409,2555.6590440862474,0.0,0.0,219.71880918556624,352.48543887903287,219.71880918556624,18,194
0.18,0.32,0.5,1820.751832,1.2952306404672567,2510.109142325553,0.0,0.0,219.8040240668852,344.95885179094387,219.8040240668852,18,194
0.38,0.62,0.0,1820.751832,1.271854197545467,2627.6049206301063,0.0,0.0,219.8233924417813,360.3245754699171,219.8233924417813,18,194
0.3,0.58,0.12,1820.751832,1.2779919427134074,2587.3822965249337,0.0,0.0,219.82479259441277,356.0158631483992,219.82479259441277,18,194
0.2,0.44,0.36000000000000004,1820.751832,1.2888177035619028,2530.957353231914,0.0,0.0,219.87853996785435,349.15383997200007,219.87853996785435,18,194
0.18,0.34,0.48000000000000004,1820.751832,1.294236601114273,2512.433413441402,0.0,0.0,219.91959945821495,345.6647467528968,219.91959945821495,18,194
0.22,0.5,0.28,1820.751832,1.285062953689677,2546.0399866897824,0.0,0.0,219.9452399521736,351.67123574302104,219.9452399521736,18,194
0.16,0.1,0.74,1820.751832,1.3057305297901332,2482.737122799962,0.0,0.0,219.95139850134743,338.7392056597095,219.95139850134743,18,194
0.16,0.12,0.72,1820.751832,1.3046585044397594,2485.0160243824575,0.0,0.0,219.95491607767107,339.43383514910056,219.95491607767107,18,194
0.16,0.08,0.76,1820.751832,1.3067753647005926,2480.560200207642,0.0,0.0,219.97886376219026,338.08185827687856,219.97886376219026,18,194
0.36,0.62,0.020000000000000018,1820.751832,1.272778930124464,2619.167225553266,0.0,0.0,219.98055746181046,359.767588862006,219.98055746181046,18,194
0.32,0.6,0.07999999999999996,1820.751832,1.2758814023215628,2598.939761050657,0.0,0.0,219.98181903017803,357.56612446660864,219.98181903017803,18,194
0.16,0.14,0.7,1820.751832,1.3035596493234598,2487.396185396853,0.0,0.0,220.00232450619038,340.1656736471899,220.00232450619038,18,194
0.92,0.0,0.07999999999999996,1820.751832,1.2825112263294267,2766.4756110918934,0.0,0.0,220.00812492748022,350.8179117008469,220.00812492748022,18,194
0.16,0.06,0.78,1820.751832,1.3077926397323465,2478.48598802196,0.0,0.0,220.01929464249608,337.4618616928813,220.01929464249608,18,194
0.9,0.06,0.03999999999999998,1820.751832,1.280475916270756,2764.5499327721277,0.0,0.0,220.02905131729247,352.2325876274002,220.02905131729247,18,194
0.18,0.36,0.4600000000000001,1820.751832,1.29323043092826,2514.8067883825747,0.0,0.0,220.0389543186033,346.39560290181186,220.0389543186033,18,194
0.16,0.16,0.6799999999999999,1820.751832,1.3025601571597711,2489.3897179130495,0.0,0.0,220.0620206763398,340.8486856002494,220.0620206763398,18,194
0.2,0.46,0.34,1820.751832,1.2877018778871987,2533.7647423486733,0.0,0.0,220.07231045359165,350.05165803063863,220.07231045359165,18,194
0.26,0.56,0.17999999999999994,1820.751832,1.2804670659050557,2569.3539867452137,0.0,0.0,220.09070651189637,354.65801246170355,220.09070651189637,18,194
0.16,0.04,0.7999999999999999,1820.751832,1.3087819770646698,2476.5152280744583,0.0,0.0,220.11540906909502,336.8792796835318,220.11540906909502,18,194
0.16,0.18,0.6599999999999999,1820.751832,1.3015573743618671,2491.3943784058065,0.0,0.0,220.1231001697544,341.55158297597,220.1231001697544,18,194
0.24,0.54,0.21999999999999997,1820.751832,1.28221299668359,2559.08965232615,0.0,0.0,220.12591271734541,353.6005552798598,220.12591271734541,18,194
0.18,0.38,0.44000000000000006,1820.751832,1.2923044609064454,2516.896145470065,0.0,0.0,220.14311452266116,347.0809206739558,220.14311452266116,18,194
0.28,0.58,0.14,1820.751832,1.2785860982438035,2580.101007988645,0.0,0.0,220.144738948518,355.8989186440334,220.144738948518,18,194
0.88,0.12,0.0,1820.751832,1.2781673871004628,2763.6301919947464,0.0,0.0,220.157303176192,353.9458604941007,220.157303176192,18,194
0.34,0.62,0.039999999999999925,1820.751832,1.273628218490953,2611.002934248197,0.0,0.0,220.20122280130462,359.3084787147504,220.20122280130462,18,194
0.16,0.02,0.82,1820.751832,1.309742990921468,2474.6486710926756,0.0,0.0,220.23511090062217,336.33417058965864,220.23511090062217,18,194
0.16,0.2,0.6399999999999999,1820.751832,1.3005315180598964,2493.487339506156,0.0,0.0,220.23557004723966,342.28785094607514,220.23557004723966,18,194
0.16,0.22,0.62,1820.751832,1.2996921253368392,2495.2066845019344,0.0,0.0,220.23988869094327,342.78544018026145,220.23988869094327,18,194
0.18,0.4,0.42000000000000004,1820.751832,1.2913570678488522,2519.068139156394,0.0,0.0,220.25289447943882,347.7974051050852,220.25289447943882,18,194
0.22,0.52,0.26,1820.751832,1.2838265258509696,2549.299711963978,0.0,0.0,220.26605625141252,352.7232636421898,220.26605625141252,18,194
0.3,0.6,0.09999999999999998,1820.751832,1.2765673746546033,2591.3391767455564,0.0,0.0,220.282923909193,357.32654550616127,220.282923909193,18,194
0.16,0.24,0.6,1820.751832,1.2988349162438009,2497.001556349532,0.0,0.0,220.28414051040787,343.3078179996175,220.28414051040787,18,194
0.2,0.48,0.32000000000000006,1820.751832,1.286647075774192,2536.3579408031474,0.0,0.0,220.3029636222025,350.9170235848151,220.3029636222025,18,194
0.16,0.26,0.58,1820.751832,1.2979516183339839,2498.9060150603636,0.0,0.0,220.37039744937906,343.86184670500205,220.37039744937906,18,194
0.18,0.42,0.4000000000000001,1820.751832,1.290386549710927,2521.338002125667,0.0,0.0,220.3875465408604,348.54043996512814,220.3875465408604,18,194
0.16,0.0,0.84,1820.751832,1.3106752880452412,2472.887075099327,0.0,0.0,220.3951887581399,335.8265867906715,220.3951887581399,18,194
0.92,0.02,0.059999999999999956,1820.751832,1.2810072280107447,2770.3853151506532,0.0,0.0,220.4433468947987,352.0393384314997,220.4433468947987,18,194
0.16,0.28,0.5599999999999999,1820.751832,1.2971428667722449,2500.548825202648,0.0,0.0,220.44499766197916,344.37578459698415,220.44499766197916,18,194
0.32,0.62,0.05999999999999994,1820.751832,1.2744080980651238,2603.0770924291623,0.0,0.0,220.45033123417244,358.9441442973133,220.45033123417244,18,194
0.9,0.08,0.019999999999999976,1820.751832,1.2788941832515013,2768.765522544375,0.0,0.0,220.47471108380802,353.54317934337774,220.47471108380802,18,194
0.36,0.64,0.0,1820.751832,1.271229513818379,2623.580438924776,0.0,0.0,220.50188307093484,361.24608590575343,220.50188307093484,18,194
0.16,0.3,0.54,1820.751832,1.296323812504914,2502.23352813696,0.0,0.0,220.52288413370312,344.9115683247402,220.52288413370312,18,194
0.26,0.58,0.16000000000000003,1820.751832,1.279115568137227,2573.0451253810547,0.0,0.0,220.5304075039444,355.8724416087262,220.5304075039444,18,194
0.18,0.44,0.38000000000000006,1820.751832,1.2893943553662905,2523.693294045472,0.0,0.0,220.53309926093576,349.3141543891076,220.53309926093576,18,194
0.24,0.56,0.19999999999999996,1820.751832,1.2809084178551415,2562.606752256798,0.0,0.0,220.55191539660086,354.7503958758739,220.55191539660086,18,194
0.2,0.5,0.30000000000000004,1820.751832,1.2855707714354263,2539.0348969772635,0.0,0.0,220.55593817617503,351.81465905097974,220.55593817617503,18,194
0.28,0.6,0.12,1820.751832,1.2771870175314555,2583.9686167158025,0.0,0.0,220.59801988318733,357.17900646894395,220.59801988318733,18,194
0.16,0.32,0.52,1820.751832,1.2954832240626026,2504.000742065344,0.0,0.0,220.60629989916737,345.4776113287895,220.60629989916737,18,194
0.22,0.54,0.24,1820.751832,1.2825682514294285,2552.6450546578008,0.0,0.0,220.61678523649698,353.8095700564723,220.61678523649698,18,194
0.18,0.46,0.36000000000000004,1820.751832,1.2883819829192862,2526.1280351301994,0.0,0.0,220.694108608647,350.1190921052072,220.694108608647,18,194
0.16,0.34,0.49999999999999994,1820.751832,1.2946211520418962,2505.8504076415115,0.0,0.0,220.69523748414733,346.07409261333447,220.69523748414733,18,194
0.34,0.64,0.019999999999999907,1820.751832,1.272105403542029,2615.3234474310266,0.0,0.0,220.70486775095893,360.7549337841009,220.70486775095893,18,194
0.3,0.62,0.07999999999999996,1820.751832,1.275119997635427,2595.3858317034997,0.0,0.0,220.74657863180232,358.67337852287903,220.74657863180232,18,194
0.16,0.36,0.48,1820.751832,1.2937376426122287,2507.782486208353,0.0,0.0,220.78968930939413,346.70118794108794,220.78968930939413,18,194
0.2,0.52,0.28,1820.751832,1.2844729439136933,2541.795851735937,0.0,0.0,220.81429696281455,352.74474029774404,220.81429696281455,18,194
0.92,0.04,0.03999999999999996,1820.751832,1.2794660350511426,2774.4445757667017,0.0,0.0,220.8747073642383,353.29956906760157,220.8747073642383,18,194
0.16,0.38,0.45999999999999996,1820.751832,1.2928327370539046,2509.7969614398744,0.0,0.0,220.8896478389111,347.3590702457716,220.8896478389111,18,194
0.18,0.48,0.3400000000000001,1820.751832,1.2873488157159014,2528.6442141382777,0.0,0.0,220.8900325997063,350.9556768757463,220.8900325997063,18,194
0.14,0.14,0.72,1820.751832,1.303412922084648,2483.045596285881,0.0,0.0,220.91792122367642,340.9607739720227,220.91792122367642,18,194
0.32,0.64,0.039999999999999925,1820.751832,1.272911663938781,2607.3055022617064,0.0,0.0,220.93857264508742,360.3588247312418,220.93857264508742,18,194
0.14,0.12,0.74,1820.751832,1.3043478299547009,2481.295609308841,0.0,0.0,220.9444044148155,340.34553710826594,220.9444044148155,18,194
0.14,0.16,0.7,1820.751832,1.3024540682372583,2484.8857787756574,0.0,0.0,220.95553046147532,341.6097085565203,220.95553046147532,18,194
0.9,0.1,0.0,1820.751832,1.277281583841969,2773.0949159784004,0.0,0.0,220.9705867937878,354.89469105939304,220.9705867937878,18,194
0.26,0.6,0.14,1820.751832,1.2777417456702187,2576.824135223671,0.0,0.0,220.9787512176271,357.1222369038557,220.9787512176271,18,194
0.24,0.58,0.18000000000000005,1820.751832,1.2795817559853724,2566.2106753051867,0.0,0.0,220.98346972892884,355.93513443872087,220.98346972892884,18,194
0.14,0.1,0.76,1820.751832,1.3052974879035169,2479.485333066933,0.0,0.0,220.98925212368349,339.7381020501412,220.98925212368349,18,194
0.16,0.4,0.43999999999999995,1820.751832,1.2919056975505157,2511.9006688511936,0.0,0.0,220.98972324801937,348.0457882973947,220.98972324801937,18,194
0.14,0.08,0.78,1820.751832,1.306322229183634,2477.3806836840718,0.0,0.0,221.0178147620833,339.0991222271966,221.0178147620833,18,194
0.22,0.56,0.21999999999999997,1820.751832,1.281342805559512,2555.8787384653438,0.0,0.0,221.0238667406092,354.88562305981395,221.0238667406092,18,194
0.14,0.18,0.6799999999999999,1820.751832,1.3015463253847244,2486.546104213273,0.0,0.0,221.0483314311594,342.2394696386254,221.0483314311594,18,194
0.28,0.62,0.09999999999999998,1820.751832,1.2757653379147513,2587.925253479232,0.0,0.0,221.05680934713777,358.49494542921394,221.05680934713777,18,194
0.14,0.06,0.8,1820.751832,1.3073193332239834,2475.3787433028815,0.0,0.0,221.0732528647546,338.49747622085897,221.0732528647546,18,194
0.16,0.42,0.42,1820.751832,1.2909560993064588,2514.097699680728,0.0,0.0,221.08670340900156,348.7602553109957,221.08670340900156,18,194
0.2,0.54,0.26,1820.751832,1.2833535640817861,2544.6410782361654,0.0,0.0,221.1078728878469,353.70744512001374,221.1078728878469,18,194
0.18,0.5,0.32000000000000006,1820.751832,1.286294249607,2531.243765623472,0.0,0.0,221.13840344542098,351.8243126572034,221.13840344542098,18,194
0.14,0.2,0.6599999999999999,1820.751832,1.3006468981627248,2488.1811585063124,0.0,0.0,221.14127043396053,342.8793160953353,221.14127043396053,18,194
0.14,0.04,0.82,1820.751832,1.3082884147414637,2473.480261766203,0.0,0.0,221.19247697688212,337.9332358333862,221.19247697688212,18,194
0.14,0.24,0.62,1820.751832,1.2990088257253234,2491.2066273321425,0.0,0.0,221.2121778551658,343.95562094779007,221.2121778551658,18,194
0.34,0.66,0.0,1820.751832,1.2705591080928489,2619.7364329419606,0.0,0.0,221.21427718179964,362.23857720797685,221.21427718179964,18,194
0.14,0.26,0.6,1820.751832,1.2982587167676576,2492.6211260944638,0.0,0.0,221.2158697730291,344.40525849185076,221.2158697730291,18,194
0.16,0.44,0.39999999999999997,1820.751832,1.2899851993520888,2516.3772528793074,0.0,0.0,221.21902825669997,349.5060174871331,221.21902825669997,18,194
0.3,0.64,0.05999999999999994,1820.751832,1.2736497153934692,2599.522775458798,0.0,0.0,221.22328365875214,360.0565656111688,221.22328365875214,18,194
0.14,0.22,0.64,1820.751832,1.2997370483890938,2489.8758229856444,0.0,0.0,221.23219232686307,343.5351795119058,221.23219232686307,18,194
0.14,0.28,0.58,1820.751832,1.2974867894128623,2494.1191728938243,0.0,0.0,221.2485944220344,344.88428628681373,221.2485944220344,18,194
0.14,0.3,0.56,1820.751832,1.296693109403321,2495.70063344851,0.0,0.0,221.31016966370555,345.39289390449585,221.31016966370555,18,194
0.14,0.02,0.84,1820.751832,1.309229080513495,2471.6859974493523,0.0,0.0,221.3285852856249,337.40646745645034,221.3285852856249,18,194
0.16,0.46,0.37999999999999995,1820.751832,1.2889930153653137,2518.73941509421,0.0,0.0,221.36535200048723,350.28324324130915,221.36535200048723,18,194
0.9400000000000001,0.0,0.05999999999999994,1820.751832,1.2798815911865633,2780.6685671624255,0.0,0.0,221.37462121184086,353.2123942544049,221.37462121184086,18,194
0.92,0.06,0.019999999999999962,1820.751832,1.2778939633875992,2778.6172512160974,0.0,0.0,221.3823626182485,354.6002228463944,221.3823626182485,18,194
0.14,0.32,0.54,1820.751832,1.2958743420573897,2497.3873130335014,0.0,0.0,221.38613969470845,345.93226174844006,221.38613969470845,18,194
0.18,0.52,0.30000000000000004,1820.751832,1.2852182720070702,2533.9268990649084,0.0,0.0,221.39217044906744,352.7251719040604,221.39217044906744,18,194
0.24,0.6,0.16000000000000003,1820.751832,1.2782329578682314,2569.90178628849,0.0,0.0,221.42057103663532,357.1549482090872,221.42057103663532,18,194
0.22,0.58,0.20000000000000007,1820.751832,1.2801578251869508,2558.9731557754226,0.0,0.0,221.42368986595642,355.9443786970923,221.42368986595642,18,194
0.26,0.62,0.12,1820.751832,1.2763455278310656,2580.691443137218,0.0,0.0,221.4384957286582,358.4075851255645,221.4384957286582,18,194
0.32,0.66,0.019999999999999907,1820.751832,1.2713919875403072,2611.625557022436,0.0,0.0,221.44290865135576,361.8103805202759,221.44290865135576,18,194
0.2,0.56,0.24,1820.751832,1.2822125945060698,2547.5708820390323,0.0,0.0,221.44900182662323,354.7029537244058,221.44900182662323,18,194
0.14,0.34,0.52,1820.751832,1.295033094797117,2499.1629697990215,0.0,0.0,221.4703187610192,346.5021207101814,221.4703187610192,18,194
0.14,0.0,0.86,1820.751832,1.3101409298684337,2469.9967156602947,0.0,0.0,221.47754380968263,336.91723152612497,221.47754380968263,18,194
0.28,0.64,0.07999999999999996,1820.751832,1.2743209714854173,2591.971404488735,0.0,0.0,221.52841336987996,359.8469328724275,221.52841336987996,18,194
0.16,0.48,0.36,1820.751832,1.2879795581791589,2521.1843017717956,0.0,0.0,221.54517211420867,351.0921004996338,221.54517211420867,18,194
0.14,0.36,0.5,1820.751832,1.2941704632942115,2501.0208424324946,0.0,0.0,221.56003318030986,347.10238003241625,221.56003318030986,18,194
0.18,0.54,0.28,1820.751832,1.2841208624106024,2536.693855600702,0.0,0.0,221.6513258924936,353.65842854472834,221.6513258924936,18,194
0.14,0.38,0.48,1820.751832,1.2932864935934412,2502.9608949732924,0.0,0.0,221.6552745718944,347.73321298115275,221.6552745718944,18,194
0.3,0.66,0.039999999999999925,1820.751832,1.2721564234593785,2603.7505490779686,0.0,0.0,221.71020575324437,361.4763153751695,221.71020575324437,18,194
0.14,0.4,0.45999999999999996,1820.751832,1.2923794030668114,2504.99929624865,0.0,0.0,221.74324843188225,348.38984321791776,221.74324843188225,18,194
0.16,0.5,0.33999999999999997,1820.751832,1.2869448314767349,2523.712058039839,0.0,0.0,221.76394194101357,351.93275719613666,221.76394194101357,18,194
0.22,0.6,0.18000000000000005,1820.751832,1.2789510030999467,2562.153415619747,0.0,0.0,221.82902008258273,357.0365465237043,221.82902008258273,18,194
0.2,0.58,0.22000000000000008,1820.751832,1.2810499893526714,2550.585601029057,0.0,0.0,221.83038681486917,355.7314492014128,221.83038681486917,18,194
0.14,0.42,0.44,1820.751832,1.2914508948792631,2507.121321833745,0.0,0.0,221.83558165209243,349.0769491628833,221.83558165209243,18,194
0.12,0.14,0.74,1820.751832,1.3036020348896822,2477.483575692034,0.0,0.0,221.85600556745305,341.5577916996189,221.85600556745305,18,194
0.24,0.62,0.14,1820.751832,1.2768619613258518,2573.680482564215,0.0,0.0,221.8632173787105,358.4100183235256,221.8632173787105,18,194
0.9400000000000001,0.02,0.03999999999999994,1820.751832,1.2783503051906788,2784.6845071857274,0.0,0.0,221.86388235842125,354.46320793564075,221.86388235842125,18,194
0.12,0.16,0.72,1820.751832,1.3027679657417677,2478.8718291880086,0.0,0.0,221.87072453324498,342.1114189566118,221.87072453324498,18,194
0.26,0.64,0.09999999999999998,1820.751832,1.2749268351475052,2584.6475068417,0.0,0.0,221.90663283456146,359.728677610513,221.90663283456146,18,194
0.12,0.12,0.76,1820.751832,1.3044124068481924,2476.1841233100404,0.0,0.0,221.91164104143007,341.0364136506014,221.91164104143007,18,194
0.92,0.08,0.0,1820.751832,1.2762909607970208,2782.9037210213396,0.0,0.0,221.92289399821817,355.94156036629664,221.92289399821817,18,194
0.14,0.44,0.42,1820.751832,1.290501159691181,2509.3255855487932,0.0,0.0,221.93338799448256,349.79513395396634,221.93338799448256,18,194
0.12,0.18,0.7,1820.751832,1.3019105919300522,2480.3480260884717,0.0,0.0,221.94383341410222,342.69711054297966,221.94383341410222,18,194
0.18,0.56,0.26,1820.751832,1.2830019922227633,2539.544908284863,0.0,0.0,221.94848330954315,354.6242584753527,221.94848330954315,18,194
0.32,0.68,0.0,1820.751832,1.2698489490069305,2616.037846197246,0.0,0.0,221.953000411364,363.29903177938127,221.953000411364,18,194
0.12,0.1,0.78,1820.751832,1.3051986772292992,2474.9743529000866,0.0,0.0,221.98639065356792,340.5474694232866,221.98639065356792,18,194
0.16,0.52,0.31999999999999995,1820.751832,1.285888831519441,2526.322859433902,0.0,0.0,222.01045256639873,352.80538177431225,222.01045256639873,18,194
0.28,0.66,0.05999999999999994,1820.751832,1.2728538219210408,2596.107584251773,0.0,0.0,222.0165269517015,361.2351712015384,222.0165269517015,18,194
0.12,0.2,0.6799999999999999,1820.751832,1.3010302935549294,2481.911334163962,0.0,0.0,222.02827094660333,343.3146820527719,222.02827094660333,18,194
0.14,0.46,0.39999999999999997,1820.751832,1.2895302215881002,2511.612148947427,0.0,0.0,222.06562112121944,350.5445646697924,222.06562112121944,18,194
0.12,0.08,0.8,1820.751832,1.305960430392634,2473.855166036071,0.0,0.0,222.09130270555355,340.0911426176826,222.09130270555355,18,194
0.12,0.22,0.66,1820.751832,1.3001274377740242,2483.5609488938817,0.0,0.0,222.12517635780446,343.96395027853464,222.12517635780446,18,194
0.12,0.28,0.6,1820.751832,1.2977509680657224,2487.9958513263437,0.0,0.0,222.1907119581663,345.4856222432553,222.1907119581663,18,194
0.12,0.3,0.5800000000000001,1820.751832,1.296978218700838,2489.502531356164,0.0,0.0,222.19768481494978,345.9689736877084,222.19768481494978,18,194
0.12,0.26,0.62,1820.751832,1.2985020017970117,2486.572464710584,0.0,0.0,222.20117306363517,345.031628470293,222.20117306363517,18,194
0.3,0.68,0.019999999999999907,1820.751832,1.2706400095672405,2608.069718433221,0.0,0.0,222.20265771507817,362.9328417648958,222.20265771507817,18,194
0.12,0.24,0.64,1820.751832,1.299231252269236,2485.2325146878466,0.0,0.0,222.21768528086287,344.60680100024064,222.21768528086287,18,194
0.2,0.6,0.20000000000000007,1820.751832,1.279865694337656,2553.6856051362597,0.0,0.0,222.22010416905823,356.79311798035104,222.22010416905823,18,194
0.12,0.06,0.8200000000000001,1820.751832,1.3068040425958916,2472.4273548511064,0.0,0.0,222.2217431760207,339.5968107463967,222.2217431760207,18,194
0.14,0.48,0.38,1820.751832,1.2885380981803336,2513.9811012119753,0.0,0.0,222.22615524976842,351.3254074630712,222.22615524976842,18,194
0.12,0.32,0.56,1820.751832,1.2961838191094515,2491.092374051557,0.0,0.0,222.22725844783022,346.4818696421906,222.22725844783022,18,194
0.22,0.62,0.16000000000000003,1820.751832,1.277722267004858,2565.419953283118,0.0,0.0,222.23985877578517,358.16232261539574,222.23985877578517,18,194
0.16,0.54,0.29999999999999993,1820.751832,1.2848115469102186,2529.0169124604613,0.0,0.0,222.26220903259912,353.71014368954826,222.26220903259912,18,194
0.12,0.34,0.54,1820.751832,1.2953678319740203,2492.765262977462,0.0,0.0,222.2927214002032,347.0244927197495,222.2927214002032,18,194
0.18,0.58,0.2400000000000001,1820.751832,1.2818616246305095,2542.4803621599385,0.0,0.0,222.3052986953364,355.6228400440423,222.3052986953364,18,194
0.24,0.64,0.12,1820.751832,1.2754686953428744,2577.5471929607465,0.0,0.0,222.31212216124624,359.7005302062897,222.31212216124624,18,194
0.12,0.04,0.84,1820.751832,1.3077527779926683,2470.6012134236476,0.0,0.0,222.34918013155297,339.05094959815386,222.34918013155297,18,194
0.12,0.36,0.52,1820.751832,1.2945303167573985,2494.521097831715,0.0,0.0,222.36379881153607,347.59702163980893,222.36379881153607,18,194
0.26,0.66,0.07999999999999996,1820.751832,1.2734855795864388,2588.6928134077334,0.0,0.0,222.3896855305586,361.0857105647953,222.3896855305586,18,194
0.9400000000000001,0.04,0.01999999999999994,1820.751832,1.2767880993112513,2788.8137714141094,0.0,0.0,222.3902410359241,355.7541870303565,222.3902410359241,18,194
0.14,0.5,0.36,1820.751832,1.287524800276896,2516.4325601328424,0.0,0.0,222.4334632153505,352.1378280509978,222.4334632153505,18,194
0.12,0.38,0.5,1820.751832,1.2936674387768137,2496.3874209814826,0.0,0.0,222.4424245471388,348.1984072158797,222.4424245471388,18,194
0.12,0.02,0.86,1820.751832,1.3086729968472939,2468.879309423642,0.0,0.0,222.48739365864353,338.5425697295996,222.48739365864353,18,194
0.28,0.68,0.039999999999999925,1820.751832,1.2713637848349262,2600.334333612334,0.0,0.0,222.51022594332795,362.6598680860241,222.51022594332795,18,194
0.12,0.4,0.48,1820.751832,1.292781068426807,2498.3530038479216,0.0,0.0,222.52220033177932,348.8278448133602,222.52220033177932,18,194
0.16,0.56,0.2799999999999999,1820.751832,1.28371354269789,2531.7927935084354,0.0,0.0,222.5232015714309,354.64702018139195,222.5232015714309,18,194
0.12,0.42,0.46,1820.751832,1.2918735094384064,2500.4005253289147,0.0,0.0,222.60756026331214,349.4879738576425,222.60756026331214,18,194
0.2,0.62,0.18000000000000005,1820.751832,1.2786596467224494,2556.8712958568653,0.0,0.0,222.61495228652254,357.8881502630375,222.61495228652254,18,194
0.12,0.0,0.88,1820.751832,1.3095642910120302,2467.262415244631,0.0,0.0,222.63626061456733,338.0717398097067,222.63626061456733,18,194
0.22,0.64,0.14,1820.751832,1.2764715361754972,2568.773234578033,0.0,0.0,222.6562099914174,359.32190757754626,222.6562099914174,18,194
0.14,0.52,0.33999999999999997,1820.751832,1.2864903315904843,2518.966672940944,0.0,0.0,222.6571692544362,352.98199221260643,222.6571692544362,18,194
0.18,0.6,0.22000000000000008,1820.751832,1.2806997145155783,2545.500554140288,0.0,0.0,222.67912235360754,356.65435452167463,222.67912235360754,18,194
0.12,0.44,0.44,1820.751832,1.290944797526623,2502.5299984369244,0.0,0.0,222.69849359410284,350.1789621870331,222.69849359410284,18,194
0.3,0.7000000000000001,0.0,1820.751832,1.269100354122457,2612.4808717702117,0.0,0.0,222.70195097166174,364.42636416718483,222.70195097166174,18,194
0.24,0.66,0.09999999999999998,1820.751832,1.2741318083607829,2581.2179426139496,0.0,0.0,222.75990326337742,360.9600768057507,222.75990326337742,18,194
0.12,0.46,0.42,1820.751832,1.289994962683891,2504.7414613915835,0.0,0.0,222.79498994009404,350.90097582256334,222.79498994009404,18,194
0.16,0.58,0.26,1820.751832,1.282595266344948,2534.649453524386,0.0,0.0,222.8339928290815,355.6160424446131,222.8339928290815,18,194
0.1,0.16,0.74,1820.751832,1.3030482028091417,2472.981078268533,0.0,0.0,222.8349556418136,342.67159042669203,222.8349556418136,18,194
0.1,0.14,0.76,1820.751832,1.3038629064994947,2471.6647507110706,0.0,0.0,222.85611750146262,342.1400677218871,222.85611750146262,18,194
0.1,0.18,0.72,1820.751832,1.3022100492016635,2474.385628341578,0.0,0.0,222.87707120156765,343.23520721288065,222.87707120156765,18,194
0.26,0.68,0.05999999999999994,1820.751832,1.2720216648463492,2592.827877525402,0.0,0.0,222.87830098190838,362.47888532628093,222.87830098190838,18,194
0.14,0.54,0.31999999999999995,1820.751832,1.2854346884753054,2521.583616985868,0.0,0.0,222.90441369181713,353.8580662899479,222.90441369181713,18,194
0.1,0.12,0.78,1820.751832,1.3046537568027339,2470.437525065229,0.0,0.0,222.90837617373154,341.6408318213425,222.90837617373154,18,194
0.9400000000000001,0.06,0.0,1820.751832,1.2751949208282907,2793.0567420388975,0.0,0.0,222.92545151480064,357.0855923374815,222.92545151480064,18,194
0.12,0.48,0.4,1820.751832,1.2890240288084267,2507.0349788159056,0.0,0.0,222.93039745780547,351.6541794369522,222.93039745780547,18,194
0.96,0.0,0.040000000000000036,1820.751832,1.2771285597701967,2795.268404254987,0.0,0.0,222.95054173984772,355.7223188249709,222.95054173984772,18,194
0.1,0.2,0.7,1820.751832,1.3013488368523607,2475.877546005469,0.0,0.0,222.9529363271431,343.83072567707984,222.9529363271431,18,194
0.1,0.1,0.8,1820.751832,1.3054203385298029,2469.3003028567546,0.0,0.0,223.00073385380526,341.1740750245059,223.00073385380526,18,194
0.28,0.7000000000000001,0.019999999999999907,1820.751832,1.2698507481818708,2604.652217561663,0.0,0.0,223.0095255416704,364.12123661465705,223.0095255416704,18,194
0.2,0.64,0.16000000000000003,1820.751832,1.2774317753556048,2560.143105569514,0.0,0.0,223.014928633181,359.0167404321013,223.014928633181,18,194
0.1,0.22,0.68,1820.751832,1.3004649441133902,2477.456003045271,0.0,0.0,223.0351376927748,344.45795446508555,223.0351376927748,18,194
0.18,0.62,0.20000000000000007,1820.751832,1.2795162084106722,2548.605852701564,0.0,0.0,223.0632695054636,357.7189865553399,223.0632695054636,18,194
0.22,0.66,0.12,1820.751832,1.2751987215881975,2572.2137547616476,0.0,0.0,223.0876156399286,360.5155068912416,223.0876156399286,18,194
0.1,0.08,0.8200000000000001,1820.751832,1.306162225397601,2468.254005297031,0.0,0.0,223.11327198913568,340.73998845144524,223.11327198913568,18,194
0.12,0.5,0.38,1820.751832,1.2880320133595566,2509.410642802509,0.0,0.0,223.120525533969,352.43873683592915,223.120525533969,18,194
0.1,0.24,0.66,1820.751832,1.2995587360303809,2479.1202000903763,0.0,0.0,223.1239778508347,345.11670398800396,223.1239778508347,18,194
0.14,0.56,0.29999999999999993,1820.751832,1.2843578596995076,2524.2836002527865,0.0,0.0,223.156907126025,354.7662176897472,223.156907126025,18,194
0.1,0.32,0.5800000000000001,1820.751832,1.2964207482990846,2485.065193532453,0.0,0.0,223.19340758025882,347.12158404549757,223.19340758025882,18,194
0.1,0.3,0.6000000000000001,1820.751832,1.2971943234858283,2483.5497426128777,0.0,0.0,223.1949025430041,346.63376410811554,223.1949025430041,18,194
0.16,0.6,0.24,1820.751832,1.2814555902536988,2537.5903153739982,0.0,0.0,223.19910260423305,356.61775611047455,223.19910260423305,18,194
0.1,0.28,0.62,1820.751832,1.2979462913531477,2482.1173052691056,0.0,0.0,223.20458957724003,346.17526389943396,223.20458957724003,18,194
0.1,0.34,0.56,1820.751832,1.2956256307813265,2486.6635312602257,0.0,0.0,223.21124682936943,347.6389076796738,223.21124682936943,18,194
0.24,0.68,0.07999999999999996,1820.751832,1.27281342814552,2584.829498828388,0.0,0.0,223.21438273802906,362.2197492078334,223.21438273802906,18,194
0.1,0.26,0.64,1820.751832,1.2986765846321888,2480.768021017764,0.0,0.0,223.22034107619635,345.74589496720307,223.22034107619635,18,194
0.1,0.36,0.54,1820.751832,1.294809033144788,2488.344643607675,0.0,0.0,223.2451937694707,348.1859148045809,223.2451937694707,18,194
0.1,0.06,0.8400000000000001,1820.751832,1.3068789807057142,2467.2995707368923,0.0,0.0,223.28953620670774,340.33876127426026,223.28953620670774,18,194
0.1,0.38,0.52,1820.751832,1.2939690977479057,2490.1256006701133,0.0,0.0,223.29051138359674,348.7577138375966,223.29051138359674,18,194
0.12,0.52,0.36,1820.751832,1.2870189270419545,2511.868573841871,0.0,0.0,223.33583455341818,353.2548114490065,223.33583455341818,18,194
0.1,0.4,0.5,1820.751832,1.2931077728414266,2491.9894302584844,0.0,0.0,223.3540413115107,349.3594663010187,223.3540413115107,18,194
0.26,0.7000000000000001,0.039999999999999925,1820.751832,1.2705349867040123,2597.053239548823,0.0,0.0,223.37249109803201,363.908408573474,223.37249109803201,18,194
0.14,0.58,0.28,1820.751832,1.2832598262538109,2527.0668617118627,0.0,0.0,223.42227886702784,355.7066153821407,223.42227886702784,18,194
0.1,0.42,0.48000000000000004,1820.751832,1.2922251369542024,2493.9358289666943,0.0,0.0,223.42314833601455,349.9914159523509,223.42314833601455,18,194
0.2,0.66,0.14,1820.751832,1.2761820007619122,2563.5014966446493,0.0,0.0,223.43337785236037,360.17908742969826,223.43337785236037,18,194
0.96,0.02,0.020000000000000035,1820.751832,1.2755763739937873,2799.3539309616253,0.0,0.0,223.4506856526956,357.0039160352856,223.4506856526956,18,194
0.18,0.64,0.18000000000000005,1820.751832,1.2783110444999872,2551.7966573727895,0.0,0.0,223.45714226391576,358.8169246004689,223.45714226391576,18,194
0.1,0.04,0.86,1820.751832,1.307570158067222,2466.4379520185653,0.0,0.0,223.47281782496316,339.97057993630335,223.47281782496316,18,194
0.1,0.44,0.46,1820.751832,1.2913186001303227,2495.9823908661674,0.0,0.0,223.50555030165458,350.6550166518829,223.50555030165458,18,194
0.28,0.72,0.0,1820.751832,1.2683145927198756,2609.061822824349,0.0,0.0,223.5144445335148,365.61949538543575,223.5144445335148,18,194
0.22,0.68,0.09999999999999998,1820.751832,1.2739037261068493,2575.742037238702,0.0,0.0,223.52686191574912,361.7433312212087,223.52686191574912,18,194
0.12,0.54,0.33999999999999997,1820.751832,1.2859847735205938,2514.4089216051184,0.0,0.0,223.56173243952085,354.10256682676174,223.56173243952085,18,194
0.16,0.62,0.21999999999999997,1820.751832,1.280294469925245,2540.615715370773,0.0,0.0,223.57080459935713,357.6523405930147,223.57080459935713,18,194
0.1,0.46,0.44,1820.751832,1.2903897140857525,2498.119301645097,0.0,0.0,223.59726862672852,351.34999708480325,223.59726862672852,18,194
0.1,0.02,0.88,1820.751832,1.3083092118487964,2465.3837846369433,0.0,0.0,223.64711380998028,339.58792896994396,223.64711380998028,18,194
0.24,0.7000000000000001,0.05999999999999994,1820.751832,1.2714725575543129,2588.5300990021824,0.0,0.0,223.67576819366752,363.5141333673254,223.67576819366752,18,194
0.1,0.48,0.42000000000000004,1820.751832,1.2894398138881695,2500.3379329172726,0.0,0.0,223.69455673125515,352.0759430426376,223.69455673125515,18,194
0.14,0.6,0.26,1820.751832,1.2821405611978616,2529.933671494369,0.0,0.0,223.75314129039015,356.6794303929441,223.75314129039015,18,194
0.12,0.56,0.31999999999999995,1820.751832,1.2849295491681705,2517.031865574277,0.0,0.0,223.80969949294698,354.98216714146855,223.80969949294698,18,194
0.1,0.0,0.9,1820.751832,1.3090790453085317,2464.2027073713402,0.0,0.0,223.81632778302836,339.20272547737346,223.81632778302836,18,194
0.08,0.18,0.74,1820.751832,1.30244703908925,2468.6509433781525,0.0,0.0,223.85521927140107,343.85161691788426,223.85521927140107,18,194
0.1,0.5,0.4,1820.751832,1.2884689231774133,2502.638352711296,0.0,0.0,223.85696201365,352.8330167038219,223.85696201365,18,194
0.18,0.66,0.16000000000000003,1820.751832,1.2770841526651433,2555.073398028236,0.0,0.0,223.8616827335382,359.9483613275359,223.8616827335382,18,194
0.2,0.68,0.12,1820.751832,1.2749102352796107,2566.9469603456673,0.0,0.0,223.8679463731599,361.3753951025419,223.8679463731599,18,194
0.26,0.72,0.020000000000000018,1820.751832,1.26902543341564,2601.3694633190944,0.0,0.0,223.87227131138712,365.37449247644554,223.87227131138712,18,194
0.08,0.16,0.76,1820.751832,1.3032660146084232,2467.3176373402243,0.0,0.0,223.8830752172356,343.3098731446771,223.8830752172356,18,194
0.08,0.2,0.72,1820.751832,1.3016048665331414,2470.071866153542,0.0,0.0,223.91422485848847,344.4252906036795,223.91422485848847,18,194
0.08,0.14,0.78,1820.751832,1.3040613908874377,2466.072824903488,0.0,0.0,223.93800987550256,342.80025988073817,223.93800987550256,18,194
0.16,0.64,0.19999999999999996,1820.751832,1.2791118526166567,2543.7260208852094,0.0,0.0,223.95423247677004,358.71997872365256,223.95423247677004,18,194
0.96,0.04,3.469446951953614e-17,1820.751832,1.2739931984239319,2803.552992574325,0.0,0.0,223.95946247603445,358.3256605458221,223.95946247603445,18,194
0.22,0.7000000000000001,0.07999999999999996,1820.751832,1.2725864447184605,2579.3586320506265,0.0,0.0,223.97162316506132,363.00559668133775,223.97162316506132,18,194
0.08,0.22,0.7000000000000001,1820.751832,1.3007398864320745,2471.579554559724,0.0,0.0,223.98852646352032,345.0306945129076,223.98852646352032,18,194
0.08,0.12,0.8,1820.751832,1.3048327535526016,2464.9174064404956,0.0,0.0,223.99975665646357,342.32297789467844,223.99975665646357,18,194
0.12,0.58,0.30000000000000004,1820.751832,1.2838532428466476,2519.7376155134457,0.0,0.0,224.06291785167357,355.89377768779684,224.06291785167357,18,194
0.1,0.52,0.38,1820.751832,1.2874770591934028,2505.0206563481465,0.0,0.0,224.06404404967645,353.62137944421596,224.06404404967645,18,194
0.08,0.24,0.68,1820.751832,1.299852475072992,2473.173185390801,0.0,0.0,224.06877476372418,345.6676305843793,224.06877476372418,18,194
0.08,0.1,0.8200000000000001,1820.751832,1.3055796766499177,2463.8523034799778,0.0,0.0,224.07481923773338,341.8782273764176,224.07481923773338,18,194
0.14,0.62,0.24,1820.751832,1.2810000295457185,2532.88433089041,0.0,0.0,224.1167887832856,357.68483628578616,224.1167887832856,18,194
0.24,0.72,0.040000000000000036,1820.751832,1.2701090748192494,2592.3203477023776,0.0,0.0,224.1427169418158,364.8434584305974,224.1427169418158,18,194
0.08,0.26,0.66,1820.751832,1.2989429950887803,2474.851965380346,0.0,0.0,224.17027986702448,346.33590309004694,224.17027986702448,18,194
0.08,0.08,0.8400000000000001,1820.751832,1.3063017232871088,2462.8784562497804,0.0,0.0,224.19652385275268,341.466207171721,224.19652385275268,18,194
0.08,0.34,0.5800000000000001,1820.751832,1.2958165623763063,2480.8002122442917,0.0,0.0,224.20689553760226,348.34042317357773,224.20689553760226,18,194
0.08,0.32,0.6000000000000001,1820.751832,1.2965909674984613,2479.2758604909027,0.0,0.0,224.20972367033536,347.8479989132181,224.20972367033536,18,194
0.08,0.36,0.56,1820.751832,1.2950197281679754,2482.4161401637066,0.0,0.0,224.21110110027143,348.8597013826889,224.21110110027143,18,194
0.08,0.3,0.6200000000000001,1820.751832,1.2973438786788565,2477.8342192156847,0.0,0.0,224.21862304241736,347.38485136920764,224.21862304241736,18,194
0.08,0.38,0.54,1820.751832,1.2942006036168154,2484.1228893990574,0.0,0.0,224.22194878152214,349.40619679159346,224.22194878152214,18,194
0.08,0.28,0.64,1820.751832,1.2980752290769244,2476.4754238589467,0.0,0.0,224.24098742281177,346.9507951449433,224.24098742281177,18,194
0.08,0.4,0.52,1820.751832,1.2933601734314166,2485.9120549407303,0.0,0.0,224.250859121243,349.9824921813033,224.250859121243,18,194
0.1,0.54,0.36,1820.751832,1.2864642324706503,2507.4849673185404,0.0,0.0,224.278115223853,354.4411923281524,224.278115223853,18,194
0.18,0.68,0.14,1820.751832,1.2758354545774,2558.4365339770475,0.0,0.0,224.27934966315823,361.1134939992764,224.27934966315823,18,194
0.08,0.42,0.5,1820.751832,1.292498492350122,2487.7835634198336,0.0,0.0,224.3004610836035,350.58875929488227,224.3004610836035,18,194
0.2,0.7000000000000001,0.09999999999999998,1820.751832,1.273616383246411,2570.4800155213106,0.0,0.0,224.30801808790233,362.6058725089497,224.30801808790233,18,194
0.12,0.6,0.28,1820.751832,1.282755835724465,2522.526411774849,0.0,0.0,224.33357212701912,356.8375653802177,224.33357212701912,18,194
0.16,0.66,0.17999999999999994,1820.751832,1.2779076773464948,2546.9216298091205,0.0,0.0,224.34405510747277,359.8208571814425,224.34405510747277,18,194
0.08,0.44,0.48000000000000004,1820.751832,1.2916156109089658,2489.737361196965,0.0,0.0,224.35572382991325,351.2251668759725,224.35572382991325,18,194
0.08,0.06,0.8600000000000001,1820.751832,1.3069984463300657,2461.996821115015,0.0,0.0,224.35828860464196,341.0871140022497,224.35828860464196,18,194
0.26,0.74,0.0,1820.751832,1.2674928861723918,2605.7771337694594,0.0,0.0,224.37766067498708,366.8773547855063,224.37766067498708,18,194
0.22,0.72,0.06000000000000005,1820.751832,1.2712467648196477,2583.0641141518618,0.0,0.0,224.42191411515756,364.3025250535544,224.42191411515756,18,194
0.08,0.46,0.46,1820.751832,1.290711575016847,2491.773415821704,0.0,0.0,224.42970966041014,351.8918810769513,224.42970966041014,18,194
0.14,0.64,0.21999999999999997,1820.751832,1.2798381881917402,2535.9191721638626,0.0,0.0,224.4857404020269,358.723009630384,224.4857404020269,18,194
0.1,0.56,0.33999999999999997,1820.751832,1.2854304465631667,2510.03143801637,0.0,0.0,224.50457338473666,355.29261660546086,224.50457338473666,18,194
0.08,0.48,0.44000000000000006,1820.751832,1.289786425551007,2493.891717390578,0.0,0.0,224.5107588621436,352.5890658859123,224.5107588621436,18,194
0.08,0.04,0.88,1820.751832,1.3076693891563287,2461.2083679109924,0.0,0.0,224.5430557422401,340.7411416715282,224.5430557422401,18,194
0.98,0.0,0.020000000000000018,1820.751832,1.2742589224864096,2810.2353997914533,0.0,0.0,224.57263658206085,358.3479975025719,224.57263658206085,18,194
0.24,0.74,0.020000000000000018,1820.751832,1.268722851210763,2596.200870859923,0.0,0.0,224.61525047076665,366.2079594656422,224.61525047076665,18,194
0.08,0.5,0.42000000000000004,1820.751832,1.2888378957120594,2496.107980292329,0.0,0.0,224.62086646590274,353.31826641533337,224.62086646590274,18,194
0.12,0.62,0.26,1820.751832,1.281637301130862,2525.398525434398,0.0,0.0,224.6865312717321,357.8136992435847,224.6865312717321,18,194
0.18,0.7000000000000001,0.12,1820.751832,1.2745648638368854,2561.8865528496417,0.0,0.0,224.70212041772362,362.3125248142845,224.70212041772362,18,194
0.08,0.02,0.9,1820.751832,1.3083140864682457,2460.5140771702736,0.0,0.0,224.73801283745743,340.42848025738084,224.73801283745743,18,194
0.16,0.68,0.15999999999999992,1820.751832,1.2766818749447648,2550.202969824042,0.0,0.0,224.74958485245733,360.95516689789446,224.74958485245733,18,194
0.1,0.58,0.32000000000000006,1820.751832,1.2843756978014207,2512.660250321482,0.0,0.0,224.7514708903797,356.17581421137953,224.7514708903797,18,194
0.2,0.72,0.08000000000000007,1820.751832,1.2723003412347818,2574.10120708978,0.0,0.0,224.75360414488742,363.8707341837879,224.75360414488742,18,194
0.08,0.52,0.4,1820.751832,1.287867083318731,2498.415257152347,0.0,0.0,224.808719070167,354.07930090534427,224.808719070167,18,194
0.14,0.66,0.19999999999999996,1820.751832,1.278655040333772,2539.0384080234357,0.0,0.0,224.86777325586635,359.7941156473428,224.86777325586635,18,194
0.22,0.74,0.040000000000000036,1820.751832,1.2698845665542533,2586.8590814756094,0.0,0.0,224.88550501030116,365.6343439558856,224.88550501030116,18,194
0.06,0.2,0.74,1820.751832,1.3018006043445292,2464.4866898625046,0.0,0.0,224.90583504117077,345.0963289918065,224.90583504117077,18,194
0.06,0.18,0.76,1820.751832,1.3026237857886018,2463.136329219575,0.0,0.0,224.92976904403238,344.54430639079675,224.92976904403238,18,194
0.08,0.0,0.92,1820.751832,1.308932065168373,2459.914937243305,0.0,0.0,224.94058384782977,340.1493152915676,224.94058384782977,18,194
0.06,0.22,0.72,1820.751832,1.3009544836229352,2465.924036730417,0.0,0.0,224.9639390778211,345.68010883890787,224.9639390778211,18,194
0.06,0.16,0.7799999999999999,1820.751832,1.303423627351207,2461.8738281041615,0.0,0.0,224.9819444459519,344.0242492565883,224.9819444459519,18,194
0.1,0.6,0.30000000000000004,1820.751832,1.2832999750829377,2515.3716160255826,0.0,0.0,225.00369644614528,357.09094826609595,225.00369644614528,18,194
0.08,0.54,0.38,1820.751832,1.2868754101637718,2500.804136185134,0.0,0.0,225.0181918558828,354.8715536785913,225.0181918558828,18,194
0.06,0.24,0.7,1820.751832,1.300085811116343,2467.4475235239456,0.0,0.0,225.04086755167148,346.2954392090671,225.04086755167148,18,194
0.06,0.14,0.7999999999999999,1820.751832,1.3041997158225933,2460.700084668937,0.0,0.0,225.04087002944672,343.53636658072463,225.04087002944672,18,194
0.12,0.64,0.24,1820.751832,1.2804976044486205,2528.3542582520336,0.0,0.0,225.050805658243,358.8223508933199,225.050805658243,18,194
0.24,0.76,0.0,1820.751832,1.2673137514832384,2600.1723134056792,0.0,0.0,225.09339381295084,367.60787751453404,225.09339381295084,18,194
0.98,0.02,1.734723475976807e-17,1820.751832,1.2726858764785214,2814.390319172614,0.0,0.0,225.10271825871212,359.66038190619594,225.10271825871212,18,194
0.06,0.12,0.82,1820.751832,1.3049516259420513,2459.616019657782,0.0,0.0,225.1067579290987,343.0808673817666,225.1067579290987,18,194
0.18,0.72,0.10000000000000009,1820.751832,1.2732722861594319,2565.423969280624,0.0,0.0,225.12999894158978,363.545661212875,225.12999894158978,18,194
0.06,0.26,0.6799999999999999,1820.751832,1.2991949607469542,2469.05633299426,0.0,0.0,225.13060456113217,346.94211558678035,225.13060456113217,18,194
0.16,0.7000000000000001,0.1399999999999999,1820.751832,1.2754343681480995,2553.570497472158,0.0,0.0,225.1602294227462,362.1231034323546,225.1602294227462,18,194
0.06,0.1,0.84,1820.751832,1.3056789210046325,2458.6225740404507,0.0,0.0,225.1798273074874,342.6579599445523,225.1798273074874,18,194
0.2,0.74,0.06000000000000005,1820.751832,1.2709619983368403,2577.811104315985,0.0,0.0,225.2047189735882,365.1702003571331,225.2047189735882,18,194
0.06,0.38,0.5599999999999999,1820.751832,1.294367260228343,2478.3520521620117,0.0,0.0,225.20909915610258,350.14037857127664,225.20909915610258,18,194
0.06,0.4,0.5399999999999999,1820.751832,1.2935475605176687,2480.0671372901047,0.0,0.0,225.21888196114693,350.6916109705671,225.21888196114693,18,194
0.06,0.36,0.58,1820.751832,1.2951657127762595,2476.719159332105,0.0,0.0,225.22217932584513,349.61871771548033,225.22217932584513,18,194
0.08,0.56,0.36,1820.751832,1.2858628865567132,2503.2747441376314,0.0,0.0,225.23291665575107,355.69518335974107,225.23291665575107,18,194
0.06,0.42,0.52,1820.751832,1.2927066715062716,2481.8643283325628,0.0,0.0,225.2364032569887,351.2725870192593,225.2364032569887,18,194
0.06,0.28,0.6599999999999999,1820.751832,1.2982822924520736,2470.7496788847116,0.0,0.0,225.24268730851483,347.61993635706176,225.24268730851483,18,194
0.06,0.34,0.5999999999999999,1820.751832,1.2959428569626084,2475.1685619041555,0.0,0.0,225.24447887070028,349.12645261221627,225.24447887070028,18,194
0.14,0.68,0.17999999999999994,1820.751832,1.2774519523385803,2542.2385266601113,0.0,0.0,225.26764208746033,360.8979644651223,225.26764208746033,18,194
0.06,0.32,0.6199999999999999,1820.751832,1.2966968213301564,2473.7166648210596,0.0,0.0,225.26931928890502,348.65878237477386,225.26931928890502,18,194
0.06,0.44,0.49999999999999994,1820.751832,1.2918446472713394,2483.743557206248,0.0,0.0,225.2735981611378,351.8834755070118,225.2735981611378,18,194
0.1,0.62,0.28,1820.751832,1.2822032596980089,2518.165777095572,0.0,0.0,225.29325889374178,358.03818357058805,225.29325889374178,18,194
0.06,0.08,0.86,1820.751832,1.3063811535224914,2457.72070654,0.0,0.0,225.30307960817055,342.26785104269584,225.30307960817055,18,194
0.06,0.3,0.6399999999999999,1820.751832,1.297429243066283,2472.3481905805265,0.0,0.0,225.3032117768443,348.2199015728498,225.3032117768443,18,194
0.06,0.46,0.4799999999999999,1820.751832,1.2909615376734351,2485.7047756251263,0.0,0.0,225.32967688052648,352.52444229821805,225.32967688052648,18,194
0.22,0.76,0.020000000000000018,1820.751832,1.2684997232021464,2590.744152792111,0.0,0.0,225.35502268013641,367.0012869555942,225.35502268013641,18,194
0.06,0.48,0.45999999999999996,1820.751832,1.2900573879430188,2487.74795650379,0.0,0.0,225.39141164189311,353.1956507432767,225.39141164189311,18,194
0.12,0.66,0.21999999999999997,1820.751832,1.2793367030464733,2531.39394245263,0.0,0.0,225.42006911316665,359.86369500148675,225.42006911316665,18,194
0.08,0.58,0.3400000000000001,1820.751832,1.284829515888028,2505.8272363658734,0.0,0.0,225.46197344490466,356.55034882848497,225.46197344490466,18,194
0.06,0.5,0.43999999999999995,1820.751832,1.2891322382872763,2489.8730952596684,0.0,0.0,225.46199170081553,353.89726210799046,225.46199170081553,18,194
0.06,0.06,0.8799999999999999,1820.751832,1.3070578659436318,2456.9113910520564,0.0,0.0,225.46931096341257,341.9107451446454,225.46931096341257,18,194
0.18,0.74,0.08000000000000007,1820.751832,1.271957619611437,2569.0493233890406,0.0,0.0,225.56468542076843,364.81311614109137,225.56468542076843,18,194
0.16,0.72,0.12,1820.751832,1.2741650717408652,2557.0246970289095,0.0,0.0,225.57598978028608,363.324867313861,225.57598978028608,18,194
0.06,0.52,0.41999999999999993,1820.751832,1.288186123519161,2492.0802110057643,0.0,0.0,225.59378695878374,354.62943601888736,225.59378695878374,18,194
0.06,0.04,0.8999999999999999,1820.751832,1.307708591430935,2456.1956139547215,0.0,0.0,225.6431973411401,341.58684360366385,225.6431973411401,18,194
0.1,0.64,0.26,1820.751832,1.2810855251918793,2521.043005769245,0.0,0.0,225.65158392440702,359.0176870953005,225.65158392440702,18,194
0.2,0.76,0.040000000000000036,1820.751832,1.2696012364989873,2581.6102988844054,0.0,0.0,225.66138040661846,366.50449712256597,225.66138040661846,18,194
0.14,0.7000000000000001,0.15999999999999992,1820.751832,1.2762273425086987,2545.5241513896476,0.0,0.0,225.67377681640116,362.03516940714223,225.67377681640116,18,194
0.08,0.6,0.32000000000000006,1820.751832,1.2837752943955625,2508.4617973708346,0.0,0.0,225.70953525957142,357.43720971852673,225.70953525957142,18,194
0.06,0.54,0.3999999999999999,1820.751832,1.2872190727105433,2494.369347626071,0.0,0.0,225.7770182533689,355.39233092196764,225.7770182533689,18,194
0.12,0.68,0.19999999999999996,1820.751832,1.2781545462522215,2534.51794032426,0.0,0.0,225.81030180190893,360.93790974501644,225.81030180190893,18,194
0.06,0.02,0.9199999999999999,1820.751832,1.308332854704271,2455.5743713079446,0.0,0.0,225.82497183957048,341.296343832362,225.82497183957048,18,194
0.22,0.78,0.0,1820.751832,1.2670921016190533,2594.719965363735,0.0,0.0,225.8299333742961,368.40359362338756,225.8299333742961,18,194
0.08,0.62,0.30000000000000004,1820.751832,1.2827002109641215,2511.1786411796193,0.0,0.0,225.9624243937014,358.3559269157435,225.9624243937014,18,194
0.06,0.56,0.3799999999999999,1820.751832,1.2862291118565077,2496.75447904909,0.0,0.0,225.98249991721707,356.1875544166002,225.98249991721707,18,194
0.04,0.2,0.76,1820.751832,1.3019381467049767,2459.114770684265,0.0,0.0,225.9856675496653,345.8419076683167,225.9856675496653,18,194
0.04,0.22,0.74,1820.751832,1.3011108305859198,2460.482237264812,0.0,0.0,225.98888142903078,346.40424940475674,225.98888142903078,18,194
0.16,0.74,0.09999999999999998,1820.751832,1.2728738927426646,2560.5660791775267,0.0,0.0,226.0014852337502,364.56066434548814,226.0014852337502,18,194
0.18,0.76,0.06000000000000005,1820.751832,1.2706207548929986,2572.763179057696,0.0,0.0,226.01111954447435,366.11510826880647,226.01111954447435,18,194
0.1,0.66,0.24,1820.751832,1.2799467372646718,2524.003604478927,0.0,0.0,226.01498233170116,360.02962845810725,226.01498233170116,18,194
0.06,0.0,0.94,1820.751832,1.308930172948485,2455.04866594119,0.0,0.0,226.03059912086502,341.03943846247705,226.03059912086502,18,194
0.04,0.24,0.72,1820.751832,1.3002608371765207,2461.9360370171016,0.0,0.0,226.03253439978278,346.9981677327291,226.03253439978278,18,194
0.04,0.18,0.78,1820.751832,1.302742386847584,2457.834506021799,0.0,0.0,226.03511798615625,345.3113581045461,226.03511798615625,18,194
0.14,0.72,0.14,1820.751832,1.2749811345821476,2548.8957362168767,0.0,0.0,226.08502223301116,363.20592430084,226.08502223301116,18,194
0.04,0.16,0.7999999999999999,1820.751832,1.3035231393033353,2456.6423381743266,0.0,0.0,226.09125557842697,344.8128176663054,226.09125557842697,18,194
0.04,0.26,0.7,1820.751832,1.2993885516683525,2463.4753294015927,0.0,0.0,226.10266668115113,347.62344915951365,226.10266668115113,18,194
0.2,0.78,0.020000000000000018,1820.751832,1.268217930906279,2585.4994027709236,0.0,0.0,226.1236097915774,367.873856551071,226.1236097915774,18,194
0.04,0.14,0.82,1820.751832,1.3042799798567173,2455.5391860260033,0.0,0.0,226.1542932631149,344.34650394265077,226.1542932631149,18,194
0.06,0.58,0.36,1820.751832,1.2852169306651129,2499.231309875769,0.0,0.0,226.19787467366066,357.0150740949741,226.19787467366066,18,194
0.12,0.7000000000000001,0.17999999999999994,1820.751832,1.2769510753675395,2537.726643631087,0.0,0.0,226.20981960034064,362.0451772322532,226.20981960034064,18,194
0.04,0.28,0.6799999999999999,1820.751832,1.2984943453345312,2465.0993040353574,0.0,0.0,226.2099935993325,348.2798829788014,226.2099935993325,18,194
0.04,0.12,0.84,1820.751832,1.3050124723580474,2454.5259901769455,0.0,0.0,226.2244512333621,343.91263440436086,226.2244512333621,18,194
0.04,0.42,0.54,1820.751832,1.292851853132915,2476.170995445944,0.0,0.0,226.2356937292973,352.0406642601612,226.2356937292973,18,194
0.04,0.4,0.5599999999999999,1820.751832,1.2936721252190766,2474.4474947889403,0.0,0.0,226.24260066197468,351.4845847412463,226.24260066197468,18,194
0.04,0.44,0.52,1820.751832,1.29201051223746,2477.9762724747834,0.0,0.0,226.24629027605673,352.62642608320937,226.24629027605673,18,194
0.04,0.38,0.58,1820.751832,1.2944712713180753,2472.805851427784,0.0,0.0,226.25836130703266,350.9580185573604,226.25836130703266,18,194
0.04,0.46,0.49999999999999994,1820.751832,1.2911481559020332,2479.863263358663,0.0,0.0,226.26816393859104,353.2420359392243,226.26816393859104,18,194
0.08,0.64,0.28,1820.751832,1.281604246959581,2513.978011566764,0.0,0.0,226.27889174216952,359.3066630522425,226.27889174216952,18,194
0.04,0.36,0.6,1820.751832,1.2952492308803158,2471.246163168714,0.0,0.0,226.2921442555053,350.4607931259404,226.2921442555053,18,194
0.04,0.1,0.86,1820.751832,1.3057201693490688,2453.603710562651,0.0,0.0,226.30388445247294,343.5114256305537,226.30388445247294,18,194
0.04,0.48,0.48,1820.751832,1.2902648332669557,2481.8319254285216,0.0,0.0,226.31329815421194,353.8876567114607,226.31329815421194,18,194
0.04,0.3,0.6599999999999999,1820.751832,1.297578575149596,2466.8071825357756,0.0,0.0,226.3244735057634,348.9672619502507,226.3244735057634,18,194
1.0,0.0,0.0,1820.751832,1.271273399756659,2825.565367135517,0.0,0.0,226.32586978201357,361.08811262840317,226.32586978201357,18,194
0.04,0.34,0.6199999999999999,1820.751832,1.2960059404356674,2469.7685430992115,0.0,0.0,226.33335023767307,349.99273190106857,226.33335023767307,18,194
0.04,0.32,0.6399999999999999,1820.751832,1.2967405527318985,2468.380198836525,0.0,0.0,226.3745386915764,349.5516866151089,226.3745386915764,18,194
0.04,0.5,0.45999999999999996,1820.751832,1.2893605888414512,2483.8822372106097,0.0,0.0,226.3758619933087,354.56344885187207,226.3758619933087,18,194
0.1,0.68,0.21999999999999997,1820.751832,1.2787868537101803,2527.0479055992846,0.0,0.0,226.38959329767772,361.0741803879279,226.38959329767772,18,194
0.16,0.76,0.07999999999999996,1820.751832,1.2715564804844632,2564.2170413876,0.0,0.0,226.42866349954397,365.8318367744843,226.42866349954397,18,194
0.06,0.6,0.33999999999999997,1820.751832,1.2841840183511444,2501.7897322796157,0.0,0.0,226.42974237001977,357.8740480076802,226.42974237001977,18,194
0.04,0.08,0.88,1820.751832,1.3064026127462014,2452.7733239627137,0.0,0.0,226.43981283600667,343.1430925164964,226.43981283600667,18,194
0.18,0.78,0.040000000000000036,1820.751832,1.2692556116070843,2576.596663726481,0.0,0.0,226.45771822665193,367.4535580131306,226.45771822665193,18,194
0.04,0.52,0.43999999999999995,1820.751832,1.2884354621218062,2486.014199673102,0.0,0.0,226.47879901458847,355.2695708128543,226.47879901458847,18,194
0.14,0.74,0.12,1820.751832,1.273710597499702,2552.3674406110085,0.0,0.0,226.4988117445558,364.4110843334028,226.4988117445558,18,194
0.2,0.8,0.0,1820.751832,1.2668041613613,2589.51876241551,0.0,0.0,226.59083452385676,369.28087459044457,226.59083452385676,18,194
0.04,0.06,0.8999999999999999,1820.751832,1.3070593345844732,2452.035821397159,0.0,0.0,226.59096653324835,342.8078474629356,226.59096653324835,18,194
0.04,0.54,0.41999999999999993,1820.751832,1.2874894872316542,2488.227837363819,0.0,0.0,226.61272851645091,356.0061794942177,226.61272851645091,18,194
0.12,0.72,0.16000000000000003,1820.751832,1.2757250700774225,2541.0264629407648,0.0,0.0,226.61328161977096,363.18594922313025,226.61328161977096,18,194
0.08,0.66,0.26,1820.751832,1.2804873760988524,2516.8601821108123,0.0,0.0,226.6377689912405,360.2895829928725,226.6377689912405,18,194
0.06,0.62,0.31999999999999995,1820.751832,1.283130371017404,2504.4299335717224,0.0,0.0,226.67796271181263,358.7646334263976,226.67796271181263,18,194
0.04,0.04,0.9199999999999999,1820.751832,1.3076898578252147,2451.392205408621,0.0,0.0,226.76964613479484,342.50589954732993,226.76964613479484,18,194
0.1,0.7000000000000001,0.19999999999999996,1820.751832,1.277605824394555,2530.1762710162443,0.0,0.0,226.78177731585183,362.1515191702935,226.78177731585183,18,194
0.04,0.56,0.3999999999999999,1820.751832,1.2865226925861928,2490.5231994315513,0.0,0.0,226.78242884036277,356.7734307029314,226.78242884036277,18,194
0.16,0.78,0.05999999999999994,1820.751832,1.2702059135709156,2568.013124993135,0.0,0.0,226.8508327574086,367.1406100060166,226.8508327574086,18,194
0.18,0.8,0.020000000000000018,1820.751832,1.267858114219235,2580.5705578504794,0.0,0.0,226.9027696352651,368.8300364863656,226.9027696352651,18,194
0.14,0.76,0.09999999999999998,1820.751832,1.2724061840432193,2555.9885691650875,0.0,0.0,226.90633778275975,365.65337292601777,226.90633778275975,18,194
0.06,0.64,0.29999999999999993,1820.751832,1.2820559774953841,2507.152130189039,0.0,0.0,226.93150882594168,359.68698894670626,226.93150882594168,18,194
0.04,0.02,0.94,1820.751832,1.3082936972305175,2450.843487228619,0.0,0.0,226.95640378003728,342.23745367762456,226.95640378003728,18,194
0.04,0.58,0.38,1820.751832,1.2855351005820412,2492.900360523754,0.0,0.0,226.97283066318826,357.57147962313365,226.97283066318826,18,194
0.08,0.68,0.24,1820.751832,1.2793495643568682,2519.825456082103,0.0,0.0,227.00584612995547,361.30485431070895,227.00584612995547,18,194
0.12,0.74,0.14,1820.751832,1.2744645748395094,2544.4794742940576,0.0,0.0,227.01051462278815,364.36330428828325,227.01051462278815,18,194
0.02,0.22,0.76,1820.751832,1.3012108942513472,2455.2473166169757,0.0,0.0,227.07957152126738,347.20128443543206,227.07957152126738,18,194
0.02,0.24,0.74,1820.751832,1.3003795198411479,2456.6319164598594,0.0,0.0,227.10938706896434,347.7739690759283,227.10938706896434,18,194
0.02,0.2,0.78,1820.751832,1.3020194605272906,2453.9492395968155,0.0,0.0,227.12681502224126,346.6602108937596,227.12681502224126,18,194
0.04,0.0,0.96,1820.751832,1.3088703603073986,2450.390683826186,0.0,0.0,227.15148579099872,342.00270972935465,227.15148579099872,18,194
0.02,0.26,0.72,1820.751832,1.2995257337589525,2458.1021759007467,0.0,0.0,227.1542999448396,348.3780421502052,227.1542999448396,18,194
0.1,0.72,0.18000000000000005,1820.751832,1.276390190570929,2533.4589588470662,0.0,0.0,227.16921988729456,363.2648039685458,227.16921988729456,18,194
0.04,0.6,0.36,1820.751832,1.2845267273143954,2495.3594215538806,0.0,0.0,227.17782260705528,358.4004812936814,227.17782260705528,18,194
0.02,0.18,0.8,1820.751832,1.3028048087815391,2452.7385760310626,0.0,0.0,227.18025687233265,346.15097308901625,227.18025687233265,18,194
0.02,0.28,0.7,1820.751832,1.2986499186070968,2459.6572610800827,0.0,0.0,227.2184726193079,349.0132836714706,227.2184726193079,18,194
0.02,0.16,0.82,1820.751832,1.3035665161847803,2451.616241892285,0.0,0.0,227.2401096388649,345.67379690657276,227.2401096388649,18,194
0.06,0.66,0.2799999999999999,1820.751832,1.2809608191877044,2509.9565678743375,0.0,0.0,227.27496817176092,360.6412749800917,227.27496817176092,18,194
0.02,0.44,0.54,1820.751832,1.2921152744210402,2472.428726339281,0.0,0.0,227.2794860369125,353.45186675131856,227.2794860369125,18,194
0.02,0.46,0.52,1820.751832,1.2912734873991978,2474.2421473754926,0.0,0.0,227.28371341395666,354.04251278131903,227.28371341395666,18,194
0.02,0.42,0.56,1820.751832,1.2929361169931501,2470.696734251006,0.0,0.0,227.2917943461012,352.89083684336634,227.2917943461012,18,194
0.16,0.8,0.039999999999999925,1820.751832,1.268832837410773,2571.899528070243,0.0,0.0,227.29255325066765,368.48445973540095,227.29255325066765,18,194
0.02,0.48,0.5,1820.751832,1.290410808548163,2476.136940663304,0.0,0.0,227.30066596341285,354.66293750113476,227.30066596341285,18,194
0.02,0.14,0.84,1820.751832,1.304304147500628,2450.5831763186106,0.0,0.0,227.306593376856,345.2289087324053,227.306593376856,18,194
0.02,0.3,0.6799999999999999,1820.751832,1.2977524427390388,2461.296369354845,0.0,0.0,227.3214291634981,349.67947701605505,227.3214291634981,18,194
0.02,0.5,0.48,1820.751832,1.2895272862490434,2478.113069387433,0.0,0.0,227.32316442294584,355.31330071812,227.32316442294584,18,194
0.02,0.4,0.58,1820.751832,1.2937359586646562,2469.046246303437,0.0,0.0,227.32519226307588,352.35925733096815,227.32519226307588,18,194
0.14,0.78,0.07999999999999996,1820.751832,1.2710795906707844,2559.69865640828,0.0,0.0,227.33265824517628,366.93020193592986,227.33265824517628,18,194
0.02,0.38,0.6,1820.751832,1.2945147395799017,2467.4773547165432,0.0,0.0,227.36382335080484,351.8569589514012,227.36382335080484,18,194
0.18,0.8200000000000001,0.0,1820.751832,1.26643775058916,2584.636208733748,0.0,0.0,227.36732476140185,370.2421492278305,227.36732476140185,18,194
0.08,0.7000000000000001,0.21999999999999997,1820.751832,1.2781791978488013,2522.9348067495052,0.0,0.0,227.37697613826177,362.3550168427014,227.37697613826177,18,194
0.02,0.12,0.86,1820.751832,1.3050172556749804,2449.6403393275154,0.0,0.0,227.37993547587737,344.81653468542635,227.37993547587737,18,194
0.02,0.52,0.45999999999999996,1820.751832,1.2886229642527733,2480.1705179055375,0.0,0.0,227.388471984903,355.9937598963974,227.388471984903,18,194
0.04,0.62,0.33999999999999997,1820.751832,1.2834958631209734,2497.9127462550623,0.0,0.0,227.40752970089375,359.26207753618246,227.40752970089375,18,194
0.02,0.36,0.62,1820.751832,1.2952723969185143,2465.990167191825,0.0,0.0,227.4076973687101,351.383768550788,227.4076973687101,18,194
0.12,0.76,0.12,1820.751832,1.273182233043069,2548.020026042166,0.0,0.0,227.4253716115552,365.57464930672273,227.4253716115552,18,194
0.02,0.32,0.6599999999999999,1820.751832,1.2968334370161847,2463.0207627086215,0.0,0.0,227.4340206710625,350.37585675968535,227.4340206710625,18,194
0.02,0.34,0.6399999999999999,1820.751832,1.2960088653479702,2464.5848052987863,0.0,0.0,227.4568233403925,350.9395087533896,227.4568233403925,18,194
0.02,0.1,0.88,1820.751832,1.305705382483096,2448.78870941677,0.0,0.0,227.47940031663683,344.43689982879533,227.47940031663683,18,194
0.02,0.54,0.43999999999999995,1820.751832,1.287697881309593,2482.3092929394693,0.0,0.0,227.51281373360845,356.70447059080254,227.51281373360845,18,194
0.1,0.74,0.16000000000000003,1820.751832,1.2751527457632237,2536.8292256936425,0.0,0.0,227.57340920501778,364.41163781331875,227.57340920501778,18,194
0.02,0.08,0.9,1820.751832,1.3063680592376365,2448.029281050382,0.0,0.0,227.61794209388353,344.0902273603258,227.61794209388353,18,194
0.06,0.68,0.2599999999999999,1820.751832,1.2798350149372952,2512.895437914297,0.0,0.0,227.6286501941773,361.62950119133643,227.6286501941773,18,194
0.02,0.56,0.41999999999999993,1820.751832,1.2867520708205302,2484.5294246583753,0.0,0.0,227.6500507972434,357.4455868953583,227.6500507972434,18,194
0.04,0.64,0.31999999999999995,1820.751832,1.282442832646702,2500.558489005476,0.0,0.0,227.65640437973852,360.1564440944415,227.65640437973852,18,194
0.16,0.8200000000000001,0.019999999999999907,1820.751832,1.2674371351346507,2575.8768305200997,0.0,0.0,227.74263261900327,369.86362182742994,227.74263261900327,18,194
0.14,0.8,0.05999999999999994,1820.751832,1.2697307148290788,2563.4982397984986,0.0,0.0,227.76392638813147,368.241794154338,227.76392638813147,18,194
0.02,0.06,0.9199999999999999,1820.751832,1.3070048075609335,2447.3630620272884,0.0,0.0,227.7640638822399,343.77673778228217,227.7640638822399,18,194
0.08,0.72,0.20000000000000007,1820.751832,1.276985979621883,2526.137372065159,0.0,0.0,227.7698713704908,363.4385021067718,227.7698713704908,18,194
0.02,0.58,0.4,1820.751832,1.2857855605126227,2486.830967646398,0.0,0.0,227.8207746218886,358.2172619038547,227.8207746218886,18,194
0.12,0.78,0.09999999999999998,1820.751832,1.2718789834657696,2551.645897923125,0.0,0.0,227.84667190708697,366.8199967789615,227.84667190708697,18,194
0.04,0.66,0.29999999999999993,1820.751832,1.2813609270931277,2503.3296143807456,0.0,0.0,227.92117120652924,361.0838941493713,227.92117120652924,18,194
0.02,0.04,0.94,1820.751832,1.3076151402247398,2446.7910707303877,0.0,0.0,227.92583729621964,343.4966480510386,227.92583729621964,18,194
0.1,0.76,0.14,1820.751832,1.273893649902505,2540.2863012094454,0.0,0.0,227.98258414289072,365.59216914249737,227.98258414289072,18,194
0.06,0.7000000000000001,0.23999999999999988,1820.751832,1.278685394293639,2515.93277202584,0.0,0.0,228.00537025020714,362.65077823979647,228.00537025020714,18,194
0.02,0.6,0.38,1820.751832,1.284798372139542,2489.2140017479924,0.0,0.0,228.0069806747183,359.0196481800251,228.0069806747183,18,194
0.02,0.02,0.96,1820.751832,1.308198562060669,2446.3143332536247,0.0,0.0,228.12380958553797,343.2501707072312,228.12380958553797,18,194
0.08,0.74,0.18000000000000005,1820.751832,1.2757713629883776,2529.4256201385206,0.0,0.0,228.1695291932985,364.5552033264748,228.1695291932985,18,194
0.02,0.62,0.36,1820.751832,1.2837905212091907,2491.6786327844925,0.0,0.0,228.1984888248182,359.8528982346215,228.1984888248182,18,194
0.14,0.8200000000000001,0.039999999999999925,1820.751832,1.2683594475233895,2567.387875741678,0.0,0.0,228.20015282415508,369.58837801557655,228.20015282415508,18,194
0.16,0.84,0.0,1820.751832,1.2660186841139618,2579.9456274069234,0.0,0.0,228.2056271241332,371.2783379010261,228.2056271241332,18,194
0.0,0.24,0.76,1820.751832,1.3004436985517152,2451.5287268582524,0.0,0.0,228.21549002234534,348.6211115261978,228.21549002234534,18,194
0.0,0.22,0.78,1820.751832,1.3012565127712545,2450.212814746214,0.0,0.0,228.2448186446581,348.06949872558863,228.2448186446581,18,194
0.0,0.26,0.74,1820.751832,1.2996083474087083,2452.930463138896,0.0,0.0,228.25650841636016,349.2041470273415,228.25650841636016,18,194
0.12,0.8,0.07999999999999996,1820.751832,1.27055407734738,2555.359378177317,0.0,0.0,228.2734984524259,368.0997138535638,228.2734984524259,18,194
0.04,0.68,0.2799999999999999,1820.751832,1.2802543154733825,2506.204073188639,0.0,0.0,228.27569652654572,362.04408232774506,228.27569652654572,18,194
0.0,0.2,0.8,1820.751832,1.3020463823154278,2448.9836121842263,0.0,0.0,228.29629625418212,347.54954065946964,228.29629625418212,18,194
0.0,0.28,0.72,1820.751832,1.2987508532864203,2454.417166822992,0.0,0.0,228.30870376748408,349.8183757683911,228.30870376748408,18,194
0.02,0.0,0.98,1820.751832,1.3087545709443682,2445.933880404955,0.0,0.0,228.32990672048453,343.0375129873192,228.32990672048453,18,194
0.0,0.18,0.8200000000000001,1820.751832,1.302812886071928,2447.8420312024314,0.0,0.0,228.35415522129773,347.0614712204725,228.35415522129773,18,194
0.0,0.3,0.7,1820.751832,1.2978715959220595,2455.988011620995,0.0,0.0,228.384570352388,350.4635715544155,228.384570352388,18,194
0.06,0.72,0.21999999999999997,1820.751832,1.2775145987499013,2519.0547571012403,0.0,0.0,228.38694495709186,363.70480826317873,228.38694495709186,18,194
0.0,0.48,0.52,1820.751832,1.2904972655098277,2470.6566076121385,0.0,0.0,228.38957944381778,355.5194243684841,228.38957944381778,18,194
0.0,0.46,0.54,1820.751832,1.2913394935003824,2468.8349886855362,0.0,0.0,228.39585346527568,354.9238022460572,228.39585346527568,18,194
0.1,0.78,0.12,1820.751832,1.2726128246157262,2543.830645038305,0.0,0.0,228.39674053231283,366.8066002452729,228.39674053231283,18,194
0.0,0.5,0.5,1820.751832,1.2896342728671322,2472.559240722885,0.0,0.0,228.40234612979765,356.1447510617108,228.40234612979765,18,194
0.02,0.64,0.33999999999999997,1820.751832,1.282755255194289,2494.261011292294,0.0,0.0,228.4062742101009,360.7182069810077,228.4062742101009,18,194
0.0,0.16,0.84,1820.751832,1.3035555900664608,2446.7890084019646,0.0,0.0,228.41861103715763,346.6055254225523,228.41861103715763,18,194
0.0,0.44,0.56,1820.751832,1.2921609050032958,2467.0944345881553,0.0,0.0,228.42006641759824,354.35772538012293,228.42006641759824,18,194
0.0,0.52,0.48,1820.751832,1.288750563159873,2474.5428572695537,0.0,0.0,228.42599770008337,356.799938970209,228.42599770008337,18,194
0.0,0.42,0.5800000000000001,1820.751832,1.292961444332899,2465.435014532976,0.0,0.0,228.44956390148818,353.8210313847436,228.44956390148818,18,194
0.0,0.32,0.6799999999999999,1820.751832,1.2969697349128884,2457.6532556659135,0.0,0.0,228.45705371857204,351.1365668825078,228.45705371857204,18,194
0.0,0.4,0.6,1820.751832,1.2937410523676216,2463.856814887305,0.0,0.0,228.48435675732722,353.31355442061687,228.48435675732722,18,194
0.0,0.14,0.86,1820.751832,1.3042740480154904,2445.8255027650653,0.0,0.0,228.48988655641145,346.1819386406385,228.48988655641145,18,194
0.0,0.54,0.45999999999999996,1820.751832,1.2878461793483011,2476.6074476371914,0.0,0.0,228.50225025177272,357.48514248856833,228.50225025177272,18,194
0.0,0.38,0.62,1820.751832,1.2944996669788933,2462.3599376824873,0.0,0.0,228.52445530109102,352.8351248352151,228.52445530109102,18,194
0.0,0.34,0.6599999999999999,1820.751832,1.296046187469806,2459.4069893164956,0.0,0.0,228.55638810541274,351.8385220621983,228.55638810541274,18,194
0.0,0.36,0.64,1820.751832,1.2952372234727387,2460.944499055191,0.0,0.0,228.56986918245977,352.3855688264048,228.56986918245977,18,194
0.0,0.12,0.88,1820.751832,1.304967801936619,2444.95249335069,0.0,0.0,228.57409209245677,345.79094582711906,228.57409209245677,18,194
0.08,0.76,0.16000000000000003,1820.751832,1.2745352850756408,2532.799958796224,0.0,0.0,228.57417148327883,365.7053114598679,228.57417148327883,18,194
0.0,0.56,0.43999999999999995,1820.751832,1.2869211594060919,2478.7530244804534,0.0,0.0,228.61259665986023,358.2005141974775,228.61259665986023,18,194
0.14,0.84,0.020000000000000018,1820.751832,1.2669656736843176,2571.368137527904,0.0,0.0,228.64146831840563,370.97018769743147,228.64146831840563,18,194
0.02,0.66,0.31999999999999995,1820.751832,1.2816943221232382,2496.951890738372,0.0,0.0,228.64632868742368,361.61564379700025,228.64632868742368,18,194
0.04,0.7000000000000001,0.2599999999999999,1820.751832,1.2791267242990465,2509.1622445860253,0.0,0.0,228.6479840074177,363.0365770618766,228.6479840074177,18,194
0.0,0.1,0.9,1820.751832,1.3056363828200443,2444.1709768729115,0.0,0.0,228.70504675163104,345.43278070511445,228.70504675163104,18,194
0.12,0.8200000000000001,0.05999999999999994,1820.751832,1.269207008687867,2559.1620760297274,0.0,0.0,228.7052649762819,369.41410356227476,228.7052649762819,18,194
0.0,0.58,0.42000000000000004,1820.751832,1.285975535982964,2480.9796237525647,0.0,0.0,228.7387562631471,358.94620531352433,228.7387562631471,18,194
0.06,0.74,0.19999999999999996,1820.751832,1.2763225808508607,2522.2617476504097,0.0,0.0,228.78049968175412,364.7917720623216,228.78049968175412,18,194
0.1,0.8,0.09999999999999998,1820.751832,1.2713101844741328,2547.4627397669865,0.0,0.0,228.81587742838192,368.0551385275599,228.81587742838192,18,194
0.0,0.08,0.92,1820.751832,1.306279311364552,2443.4819651593916,0.0,0.0,228.85827613620486,345.1076749386615,228.85827613620486,18,194
0.0,0.6,0.4,1820.751832,1.2850093360908403,2483.287305619946,0.0,0.0,228.91147817312887,359.72236615041504,228.91147817312887,18,194
0.02,0.68,0.29999999999999993,1820.751832,1.280610969731719,2499.7369734025883,0.0,0.0,228.93819574102326,362.54618934156446,228.93819574102326,18,194
0.08,0.78,0.14,1820.751832,1.2732776757413455,2536.2608207108647,0.0,0.0,228.9837905988622,366.8890220226751,228.9837905988622,18,194
0.0,0.06,0.94,1820.751832,1.3068960987815168,2442.8864824869634,0.0,0.0,229.0199696714017,344.815857280171,229.0199696714017,18,194
0.04,0.72,0.24,1820.751832,1.2779781211679195,2512.2044294713664,0.0,0.0,229.02513869729341,364.0615503389031,229.02513869729341,18,194
0.14,0.86,0.0,1820.751832,1.2655492725790112,2575.439613093606,0.0,0.0,229.0918438959848,372.38746316519826,229.0918438959848,18,194
0.0,0.62,0.38,1820.751832,1.2840335075304703,2485.656267723887,0.0,0.0,229.09386871703336,360.51837521747706,229.09386871703336,18,194
0.12,0.84,0.040000000000000036,1820.751832,1.2678376701423406,2563.054541975196,0.0,0.0,229.14198186842987,370.76339259944797,229.14198186842987,18,194
0.06,0.76,0.17999999999999994,1820.751832,1.2751092858155915,2525.5541242666663,0.0,0.0,229.18060104257344,365.91185431874726,229.18060104257344,18,194
0.0,0.04,0.96,1820.751832,1.3074862476703732,2442.3855627914554,0.0,0.0,229.19051346588972,344.5575526956025,229.19051346588972,18,194
0.1,0.8200000000000001,0.07999999999999996,1820.751832,1.2699856372227276,2551.1830894119103,0.0,0.0,229.2399972789934,369.3379967558805,229.2399972789934,18,194
0.0,0.64,0.36,1820.751832,1.2830369917223832,2488.120847616164,0.0,0.0,229.2885213752873,361.34183931620674,229.2885213752873,18,194
0.02,0.7000000000000001,0.2799999999999999,1820.751832,1.2795051773289885,2502.6167787358113,0.0,0.0,229.30451705749064,363.51030232833307,229.30451705749064,18,194
0.0,0.02,0.98,1820.751832,1.3080492529688725,2441.980246748932,0.0,0.0,229.3748083560404,344.3329814681562,229.3748083560404,18,194
0.08,0.8,0.12,1820.751832,1.2719952707889102,2539.8293217932887,0.0,0.0,229.39391258317306,368.10563305554143,229.39391258317306,18,194
0.04,0.74,0.21999999999999997,1820.751832,1.2768084664385921,2515.3309554491047,0.0,0.0,229.40713989560078,365.1191772629303,229.40713989560078,18,194
0.0,0.66,0.33999999999999997,1820.751832,1.2820197026134819,2490.6680749943994,0.0,0.0,229.5085173338853,362.1962034624362,229.5085173338853,18,194
0.12,0.86,0.020000000000000018,1820.751832,1.2664375296952741,2567.0910646452967,0.0,0.0,229.57244426208874,372.1460410942392,229.57244426208874,18,194
0.06,0.78,0.15999999999999992,1820.751832,1.273866102502747,2528.9881139288336,0.0,0.0,229.57351659397742,367.06257524335246,229.57351659397742,18,194
0.0,0.0,1.0,1820.751832,1.3085846029813089,2441.6715787257917,0.0,0.0,229.58853565359163,344.142358281407,229.58853565359163,18,194
0.1,0.84,0.06000000000000005,1820.751832,1.2686252040074464,2555.0814189898115,0.0,0.0,229.6500040960254,370.6520530226209,229.6500040960254,18,194
0.02,0.72,0.26,1820.751832,1.278374947666016,2505.603751079373,0.0,0.0,229.67184729306655,364.5052574771219,229.67184729306655,18,194
0.0,0.68,0.31999999999999995,1820.751832,1.280981642967677,2493.298110484294,0.0,0.0,229.7360980412871,363.0816278403203,229.7360980412871,18,194
0.04,0.76,0.19999999999999996,1820.751832,1.2756039522960905,2518.632682267636,0.0,0.0,229.7816895970683,366.2049486535664,229.7816895970683,18,194
0.08,0.8200000000000001,0.09999999999999998,1820.751832,1.2706783750429005,2543.568053070755,0.0,0.0,229.79116847655115,369.3528734997514,229.79116847655115,18,194
0.06,0.8,0.1399999999999999,1820.751832,1.2725942993458503,2532.5551647160437,0.0,0.0,229.96127782783722,368.2448511327173,229.96127782783722,18,194
0.12,0.88,0.0,1820.751832,1.2650066727101303,2571.270684213364,0.0,0.0,229.9970964610096,373.56266252556503,229.9970964610096,18,194
0.02,0.74,0.24,1820.751832,1.277232903248497,2508.689826231828,0.0,0.0,230.02571099700455,365.51300326393806,230.02571099700455,18,194
0.0,0.7000000000000001,0.29999999999999993,1820.751832,1.2799140927354702,2496.069409060226,0.0,0.0,230.02880263672304,363.9947151752507,230.02880263672304,18,194
0.1,0.86,0.040000000000000036,1820.751832,1.2672401695215085,2559.0847797208066,0.0,0.0,230.0617659052491,372.000668309499,230.0617659052491,18,194
0.04,0.78,0.17999999999999994,1820.751832,1.27437649967743,2522.030924095541,0.0,0.0,230.15995331971214,367.32348823514207,230.15995331971214,18,194
0.08,0.84,0.08000000000000007,1820.751832,1.2693395600719923,2547.395300895297,0.0,0.0,230.1933975349875,370.63471107165844,230.1933975349875,18,194
0.06,0.8200000000000001,0.11999999999999988,1820.751832,1.2713008898167228,2536.2093654301734,0.0,0.0,230.35401029058733,369.4611926511016,230.35401029058733,18,194
0.0,0.72,0.28,1820.751832,1.2788194083384388,2498.9661008056114,0.0,0.0,230.3575943312285,364.93687277785,230.3575943312285,18,194
0.02,0.76,0.21999999999999997,1820.751832,1.276071372375199,2511.8556276982144,0.0,0.0,230.38700069510867,366.5522457774331,230.38700069510867,18,194
0.1,0.88,0.020000000000000018,1820.751832,1.265833283239306,2563.1774021801543,0.0,0.0,230.4793773414115,373.3846171452224,230.4793773414115,18,194
0.04,0.8,0.15999999999999992,1820.751832,1.2731277238377317,2525.5150415606654,0.0,0.0,230.54319975040423,368.4755849099687,230.54319975040423,18,194
0.08,0.86,0.06000000000000005,1820.751832,1.2679787171806343,2551.3116574379574,0.0,0.0,230.60059727815792,371.95137120246216,230.60059727815792,18,194
0.0,0.74,0.26,1820.751832,1.2777025621040707,2501.955903754753,0.0,0.0,230.70253793141936,365.91238987847225,230.70253793141936,18,194
0.06,0.84,0.09999999999999998,1820.751832,1.269985780705726,2539.9512577165897,0.0,0.0,230.7517046684835,370.7118117531226,230.7517046684835,18,194
0.02,0.78,0.19999999999999996,1820.751832,1.2748888117009103,2515.1059960508564,0.0,0.0,230.7617724885293,367.62426545177675,230.7617724885293,18,194
0.1,0.9,0.0,1820.751832,1.2644046455004376,2567.3594069303035,0.0,0.0,230.90326388424847,374.80414478575636,230.90326388424847,18,194
0.04,0.8200000000000001,0.1399999999999999,1820.751832,1.2718575474820442,2529.0855220084077,0.0,0.0,230.93141329769455,369.66143801077214,230.93141329769455,18,194
0.08,0.88,0.040000000000000036,1820.751832,1.2665957306256626,2555.317737812298,0.0,0.0,231.0127685142382,373.30308546864444,231.0127685142382,18,194
0.0,0.76,0.24,1820.751832,1.2765632315043398,2505.0415061685835,0.0,0.0,231.06499965548147,366.92205728771927,231.06499965548147,18,194
0.02,0.8,0.17999999999999994,1820.751832,1.2736851600646715,2518.441361515173,0.0,0.0,231.14158800382188,368.7292514588952,231.14158800382188,18,194
0.06,0.86,0.07999999999999996,1820.751832,1.2686488712579969,2543.781409356137,0.0,0.0,231.15435462776415,371.99692615830054,231.15435462776415,18,194
0.04,0.84,0.12,1820.751832,1.270568705867625,2532.7344989907588,0.0,0.0,231.32864805473707,370.87908037781665,231.32864805473707,18,194
0.0,0.78,0.21999999999999997,1820.751832,1.275403048774509,2508.2109702445564,0.0,0.0,231.43680152408737,367.9642164593582,231.43680152408737,18,194
0.08,0.9,0.020000000000000018,1820.751832,1.2651904780073826,2559.414177804081,0.0,0.0,231.444153425379,374.69009173991714,231.444153425379,18,194
0.02,0.8200000000000001,0.15999999999999992,1820.751832,1.2724603483025332,2521.862184523893,0.0,0.0,231.54091828709173,369.8673976371923,231.54091828709173,18,194
0.06,0.88,0.05999999999999994,1820.751832,1.2672900534646194,2547.7004124221203,0.0,0.0,231.5811551269356,373.31675959934176,231.5811551269356,18,194
0.04,0.86,0.09999999999999998,1820.751832,1.2692778827353242,2536.412648510935,0.0,0.0,231.74217142613918,372.11565831136295,231.74217142613918,18,194
0.0,0.8,0.19999999999999996,1820.751832,1.2742219605706764,2511.4646996835863,0.0,0.0,231.8336630722439,369.03905025842886,231.8336630722439,18,194
0.08,0.92,0.0,1820.751832,1.2637628307124975,2563.601631376719,0.0,0.0,231.88692424925358,376.1126342692429,231.88692424925358,18,194
0.02,0.84,0.14,1820.751832,1.2712142993563393,2525.368954682484,0.0,0.0,231.9564036785578,371.03890288263597,231.9564036785578,18,194
0.06,0.9,0.039999999999999925,1820.751832,1.2659092124043212,2551.7088812128936,0.0,0.0,232.01412572404078,374.6715420213085,232.01412572404078,18,194
0.04,0.88,0.07999999999999996,1820.751832,1.2679654228393664,2540.1786518210083,0.0,0.0,232.16076686432928,373.38633313868644,232.16076686432928,18,194
0.0,0.8200000000000001,0.17999999999999994,1820.751832,1.2730199055905667,2514.803128684598,0.0,0.0,232.2400432828864,370.14674588077247,232.2400432828864,18,194
0.02,0.86,0.12,1820.751832,1.2699469284288247,2528.9621895203572,0.0,0.0,232.37660744961,372.24397150787877,232.37660744961,18,194
0.06,0.92,0.019999999999999907,1820.751832,1.2645062266358593,2555.8074499621052,0.0,0.0,232.4522027617825,376.0615097273232,232.4522027617825,18,194
0.04,0.9,0.05999999999999994,1820.751832,1.266631218922239,2544.033100590977,0.0,0.0,232.58608858690093,374.69132871743176,232.58608858690093,18,194
0.0,0.84,0.16000000000000003,1820.751832,1.2717968146444008,2518.2267210775317,0.0,0.0,232.6511618810515,371.2874952692566,232.6511618810515,18,194
0.02,0.88,0.09999999999999998,1820.751832,1.2686581431858497,2532.642433025777,0.0,0.0,232.8015167059509,373.4828135651724,232.8015167059509,18,194
0.06,0.9400000000000001,0.0,1820.751832,1.2630809686410587,2559.996770329928,0.0,0.0,232.89681805893855,377.48690546650954,232.89681805893855,18,194
0.04,0.92,0.039999999999999925,1820.751832,1.2652751569431813,2547.976608008154,0.0,0.0,233.01884624796318,376.0308752935314,233.01884624796318,18,194
0.0,0.86,0.14,1820.751832,1.2705526107704843,2521.735969247616,0.0,0.0,233.06699955745282,372.46149550190535,233.06699955745282,18,194
0.02,0.9,0.07999999999999996,1820.751832,1.267347844006373,2536.4102539636024,0.0,0.0,233.23112162852033,374.75564512886973,233.23112162852033,18,194
0.04,0.9400000000000001,0.019999999999999907,1820.751832,1.2638971164719524,2552.009806468218,0.0,0.0,233.45622318261218,377.4052096398211,233.45622318261218,18,194
0.0,0.88,0.12,1820.751832,1.26928720939633,2525.3313928484454,0.0,0.0,233.48753973009295,373.6689491479154,233.48753973009295,18,194
0.02,0.92,0.05999999999999994,1820.751832,1.2660159242806,2540.2662439761275,0.0,0.0,233.66541567032158,376.0626885332537,233.66541567032158,18,194
0.04,0.96,0.0,1820.751832,1.2624969711320166,2556.133345052622,0.0,0.0,233.91066682279165,378.8145751372343,233.91066682279165,18,194
0.0,0.9,0.09999999999999998,1820.751832,1.2680005185461192,2529.013537302013,0.0,0.0,233.9127687463772,374.91006458730885,233.9127687463772,18,194
0.02,0.9400000000000001,0.039999999999999925,1820.751832,1.2646622707565287,2544.21101546858,0.0,0.0,234.10439575027695,377.4041725614527,234.10439575027695,18,194
0.0,0.92,0.07999999999999996,1820.751832,1.2666924390949745,2532.782972085377,0.0,0.0,234.34267608414697,376.18505629012674,234.34267608414697,18,194
0.02,0.96,0.020000000000000018,1820.751832,1.2632867639348861,2548.2451992821548,0.0,0.0,234.54806244299948,378.7803325812947,234.54806244299948,18,194
0.0,0.9400000000000001,0.05999999999999994,1820.751832,1.2653628650704274,2536.6402888045936,0.0,0.0,234.7772545506814,377.4941450509338,234.7772545506814,18,194
0.02,0.98,0.0,1820.751832,1.2618892785122389,2552.369442158857,0.0,0.0,235.01976844647146,380.191410623967,235.01976844647146,18,194
0.0,0.96,0.040000000000000036,1820.751832,1.264011684001206,2540.586099057909,0.0,0.0,235.21650047863815,378.8375581744927,235.21650047863815,18,194
0.0,0.98,0.020000000000000018,1820.751832,1.2626387773132444,2544.621032091607,0.0,0.0,235.66176386859763,380.21552960852085,235.66176386859763,18,194
0.0,1.0,0.0,1820.751832,1.2612440207726334,2548.7457322531536,0.0,0.0,236.14322615140532,381.62830001947344,236.14322615140532,18,194
