w_wti,w_brent,w_basket,beta,alpha,pi0,lambda,lambda_factor,price_mae,price_rmse,change_mae,segments_used,rows_used
0.8200000000000001,0.1,0.07999999999999993,1820.7518322521003,1.337214424347881,2533.0747240000005,0.0,0.0,207.28026573031948,316.1120133737206,207.28026573031948,18,194
0.8200000000000001,0.08,0.09999999999999994,1816.5924033026959,1.3387688081365234,2533.0747240000005,0.0,0.0,207.31383386803128,315.66032446140576,207.31383386803128,18,194
0.8200000000000001,0.12,0.05999999999999994,1825.0591417373234,1.3356203743978043,2533.0747240000005,0.0,0.0,207.34815586610296,316.58824296171906,207.34815586610296,18,194
0.8,0.14,0.05999999999999994,1811.6319514068664,1.3374076302180526,2533.0747240000005,0.0,0.0,207.35547320937104,316.7221383389817,207.35547320937104,18,194
0.8,0.16,0.03999999999999995,1816.1670545302231,1.3357551069441571,2533.0747240000005,0.0,0.0,207.35585165599497,317.22001200376945,207.35585165599497,18,194
0.84,0.04,0.12000000000000002,1826.553688970685,1.338343897382341,2533.0747240000005,0.0,0.0,207.37341584962905,315.165886344684,207.37341584962905,18,194
0.84,0.06,0.10000000000000003,1830.4869536134372,1.336848067053448,2533.0747240000005,0.0,0.0,207.37680915627837,315.5966549693895,207.37680915627837,18,194
0.84,0.08,0.08000000000000003,1834.567315403568,1.335312619905112,2533.0747240000005,0.0,0.0,207.38206259881295,316.05161740939457,207.38206259881295,18,194
0.8,0.12,0.07999999999999996,1807.2455074345226,1.3390204431297494,2533.0747240000005,0.0,0.0,207.39911431701918,316.24915099995036,207.39911431701918,18,194
0.8200000000000001,0.14,0.039999999999999925,1829.5145542201244,1.3339866675493843,2533.0747240000005,0.0,0.0,207.42443310882413,317.08932336306793,207.42443310882413,18,194
0.8200000000000001,0.06,0.11999999999999994,1812.5806533520986,1.340283512739307,2533.0747240000005,0.0,0.0,207.42727338538307,315.23286185901276,207.42727338538307,18,194
0.8,0.18,0.019999999999999962,1820.844896659573,1.334065827152606,2533.0747240000005,0.0,0.0,207.44108946064716,317.7394965343277,207.44108946064716,18,194
0.84,0.1,0.060000000000000026,1838.7949703126624,1.3337375701002576,2533.0747240000005,0.0,0.0,207.4502809251514,316.5310827628135,207.4502809251514,18,194
0.8,0.1,0.09999999999999995,1803.0074929443683,1.3405935380134026,2533.0747240000005,0.0,0.0,207.45806979861192,315.8007347333635,207.45806979861192,18,194
0.84,0.02,0.14000000000000004,1822.767346318278,1.3398000930269633,2533.0747240000005,0.0,0.0,207.46408004003166,314.7589982491358,207.46408004003166,18,194
0.8200000000000001,0.16,0.019999999999999934,1834.1056113702734,1.3323188024656107,2533.0747240000005,0.0,0.0,207.50527881352855,317.609510581626,207.50527881352855,18,194
0.86,0.06,0.08000000000000002,1848.6930618843708,1.3333141083571969,2533.0747240000005,0.0,0.0,207.51568773240433,316.0687081426935,207.51568773240433,18,194
0.78,0.2,0.019999999999999962,1807.8875063234743,1.3357195163094575,2533.0747240000005,0.0,0.0,207.5157390758579,317.9452772313903,207.5157390758579,18,194
0.84,0.12,0.040000000000000036,1843.1691528896567,1.332123306715464,2533.0747240000005,0.0,0.0,207.51713819928995,317.0349905978684,207.51713819928995,18,194
0.78,0.18,0.03999999999999998,1803.125521525329,1.337429454430774,2533.0747240000005,0.0,0.0,207.52723936811702,317.4265843123238,207.52723936811702,18,194
0.8,0.2,0.0,1825.6675971945572,1.3323396891481825,2533.0747240000005,0.0,0.0,207.53840194657943,318.2803030490352,207.53840194657943,18,194
0.78,0.22,0.0,1812.7929257670487,1.3339741159263432,2533.0747240000005,0.0,0.0,207.53967143439317,318.4830000165731,207.53967143439317,18,194
0.86,0.04,0.1,1844.6921131714057,1.3348304314156862,2533.0747240000005,0.0,0.0,207.5404567916708,315.610473139699,207.5404567916708,18,194
0.86,0.08,0.06000000000000001,1852.8406730654829,1.3317582593111823,2533.0747240000005,0.0,0.0,207.55739106565326,316.5514008236314,207.55739106565326,18,194
0.78,0.16,0.05999999999999997,1798.5113953523194,1.3391005155977234,2533.0747240000005,0.0,0.0,207.56386914054147,316.9319289564015,207.56386914054147,18,194
0.8200000000000001,0.04,0.13999999999999993,1808.7164021904741,1.3417585212969017,2533.0747240000005,0.0,0.0,207.56853015353926,314.8293070212091,207.56853015353926,18,194
0.84,0.14,0.020000000000000018,1847.671887421038,1.3304772030676184,2533.0747240000005,0.0,0.0,207.5702343128015,317.55614821007566,207.5702343128015,18,194
0.86,0.02,0.12000000000000001,1840.8376352358368,1.336307213549917,2533.0747240000005,0.0,0.0,207.5762668168116,315.17639216835147,207.5762668168116,18,194
0.8200000000000001,0.18,0.0,1838.8448807383738,1.3306122214203286,2533.0747240000005,0.0,0.0,207.5808536247706,318.15336744645316,207.5808536247706,18,194
0.84,0.0,0.16000000000000003,1819.1277713035156,1.3412166324412607,2533.0747240000005,0.0,0.0,207.58150330276496,314.37567328961967,207.58150330276496,18,194
0.8,0.08,0.11999999999999995,1798.9176995711305,1.3421269033389098,2533.0747240000005,0.0,0.0,207.58704976033283,315.3765700884381,207.58704976033283,18,194
0.78,0.14,0.07999999999999996,1794.0464518783392,1.340731822754874,2533.0747240000005,0.0,0.0,207.59809670237317,316.46218803152027,207.59809670237317,18,194
0.86,0.0,0.14,1837.1294566673541,1.3377444362583455,2533.0747240000005,0.0,0.0,207.63320459995208,314.7661573984678,207.63320459995208,18,194
0.78,0.12,0.09999999999999998,1789.7304530438862,1.3423233701661728,2533.0747240000005,0.0,0.0,207.67995954295648,316.0170413353941,207.67995954295648,18,194
0.86,0.1,0.04000000000000001,1857.1263759004664,1.3301661236887916,2533.0747240000005,0.0,0.0,207.6888191533192,317.0559489876673,207.6888191533192,18,194
0.8200000000000001,0.02,0.15999999999999995,1804.999491015882,1.3431938131151977,2533.0747240000005,0.0,0.0,207.73883502123735,314.4493372959736,207.73883502123735,18,194
0.76,0.24,0.0,1800.217880880094,1.3355169493504249,2533.0747240000005,0.0,0.0,207.73929950548185,318.76054632717586,207.73929950548185,18,194
0.84,0.16,2.7755575615628914e-17,1852.3271148119045,1.3287904463153815,2533.0747240000005,0.0,0.0,207.7509781272476,318.10301940350047,207.7509781272476,18,194
0.76,0.22,0.01999999999999999,1795.2294958701252,1.3372820240978684,2533.0747240000005,0.0,0.0,207.7665148232214,318.2248007724939,207.7665148232214,18,194
0.76,0.2,0.03999999999999998,1790.3871621688386,1.3390111090450136,2533.0747240000005,0.0,0.0,207.77645345901786,317.7081163491906,207.77645345901786,18,194
0.8,0.06,0.13999999999999996,1794.97594076,1.3436205236146437,2533.0747240000005,0.0,0.0,207.78036931886422,314.9763334561878,207.78036931886422,18,194
0.76,0.18,0.06,1785.6947750002382,1.3407004044212019,2533.0747240000005,0.0,0.0,207.8045641335851,317.21668809573316,207.8045641335851,18,194
0.88,0.02,0.09999999999999999,1859.2079816578334,1.3327152713713941,2533.0747240000005,0.0,0.0,207.819694974728,315.70241801087246,207.819694974728,18,194
0.78,0.1,0.11999999999999997,1785.5631824305744,1.3438751481379707,2533.0747240000005,0.0,0.0,207.82949845120217,315.5961645126927,207.82949845120217,18,194
0.88,0.04,0.07999999999999999,1863.1293229133646,1.3312182167236135,2533.0747240000005,0.0,0.0,207.8321841809398,316.1639231572295,207.8321841809398,18,194
0.86,0.12,0.020000000000000018,1861.5452260776535,1.3285399997066094,2533.0747240000005,0.0,0.0,207.84784557363017,317.58014209092,207.84784557363017,18,194
0.88,0.0,0.12,1855.4324355124772,1.3341728760629052,2533.0747240000005,0.0,0.0,207.85727310556894,315.26501973471744,207.85727310556894,18,194
0.76,0.16,0.07999999999999999,1781.152065953641,1.3423499105408963,2533.0747240000005,0.0,0.0,207.8930425213902,316.75019511572634,207.8930425213902,18,194
0.88,0.06,0.06,1867.1966479769376,1.3296817274620942,2533.0747240000005,0.0,0.0,207.90901639746625,316.6498331832596,207.90901639746625,18,194
0.8200000000000001,0.0,0.17999999999999994,1801.429782214473,1.3445893637341921,2533.0747240000005,0.0,0.0,207.97564028433106,314.0926260232769,207.97564028433106,18,194
0.8,0.04,0.15999999999999995,1791.1820519433556,1.3450743793657836,2533.0747240000005,0.0,0.0,207.9824077680435,314.5996971333302,207.9824077680435,18,194
0.76,0.14,0.09999999999999998,1776.758787453315,1.3439596239108507,2533.0747240000005,0.0,0.0,207.98524383124555,316.30831242187975,207.98524383124555,18,194
0.74,0.26,0.0,1787.6536486300367,1.3370469201932815,2533.0747240000005,0.0,0.0,207.99565392749977,319.1019097175471,207.99565392749977,18,194
0.78,0.08,0.13999999999999996,1781.5444458772604,1.3453871428969097,2533.0747240000005,0.0,0.0,208.01840238478079,315.199229084394,208.01840238478079,18,194
0.74,0.24,0.020000000000000018,1782.6747544339005,1.3388071004801887,2533.0747240000005,0.0,0.0,208.0192572003033,318.57044484833284,208.0192572003033,18,194
0.86,0.14,0.0,1866.1159178254898,1.3268733024343708,2533.0747240000005,0.0,0.0,208.03233398736452,318.129989378531,208.03233398736452,18,194
0.88,0.08,0.039999999999999994,1871.3916732266148,1.3281123563670139,2533.0747240000005,0.0,0.0,208.0390262242695,317.1549222485523,208.0390262242695,18,194
0.76,0.12,0.12,1772.514713854784,1.3455295369982072,2533.0747240000005,0.0,0.0,208.07827523302274,315.89071093218354,208.07827523302274,18,194
0.74,0.22,0.04000000000000001,1777.8448638718291,1.3405297007366708,2533.0747240000005,0.0,0.0,208.0869552767921,318.0601676195853,208.0869552767921,18,194
0.74,0.2,0.06,1773.1645439120225,1.3422126936171601,2533.0747240000005,0.0,0.0,208.15945564602745,317.5749543671271,208.15945564602745,18,194
0.88,0.1,0.01999999999999999,1875.7263227469093,1.326506396463127,2533.0747240000005,0.0,0.0,208.17943194485787,317.6821186582932,208.17943194485787,18,194
0.78,0.06,0.15999999999999998,1777.6740717575444,1.346859336545321,2533.0747240000005,0.0,0.0,208.22242692015035,314.8259025019512,208.22242692015035,18,194
0.8,0.02,0.17999999999999997,1787.5358904083066,1.346488447183375,2533.0747240000005,0.0,0.0,208.225604445749,314.2463294123898,208.225604445749,18,194
0.74,0.18,0.08000000000000002,1768.5591152413558,1.343876230008593,2533.0747240000005,0.0,0.0,208.2259733911481,317.11216569379644,208.2259733911481,18,194
0.76,0.1,0.13999999999999999,1768.419642174518,1.3470596380825248,2533.0747240000005,0.0,0.0,208.26037834712508,315.4970574887132,208.26037834712508,18,194
0.9,0.0,0.09999999999999998,1874.033725544709,1.3305022324688984,2533.0747240000005,0.0,0.0,208.2628903377895,315.873010550976,208.2628903377895,18,194
0.72,0.28,0.0,1775.1827674216743,1.3385420168008646,2533.0747240000005,0.0,0.0,208.27457104001755,319.51017023290933,208.27457104001755,18,194
0.74,0.16,0.1,1764.0893494450613,1.345503799651019,2533.0747240000005,0.0,0.0,208.30389241982473,316.6735386885033,208.30389241982473,18,194
0.9,0.02,0.07999999999999997,1877.8754317108244,1.3290245425356195,2533.0747240000005,0.0,0.0,208.3274428541773,316.3377823985898,208.3274428541773,18,194
0.72,0.26,0.020000000000000018,1770.1280293148338,1.3403204104658264,2533.0747240000005,0.0,0.0,208.34564260424938,318.98012906611604,208.34564260424938,18,194
0.88,0.12,0.0,1880.2121180080414,1.324859956770444,2533.0747240000005,0.0,0.0,208.3514199108499,318.2349020707102,208.3514199108499,18,194
0.9,0.04,0.05999999999999998,1881.8623903065854,1.3275075255988336,2533.0747240000005,0.0,0.0,208.39515035756173,316.8268986939783,208.39515035756173,18,194
0.74,0.14,0.12,1759.769239215064,1.3470915458198753,2533.0747240000005,0.0,0.0,208.39602186506292,316.2591974511209,208.39602186506292,18,194
0.72,0.24,0.040000000000000036,1765.224129464454,1.3420598941293431,2533.0747240000005,0.0,0.0,208.43456804651035,318.47353912400666,208.43456804651035,18,194
0.76,0.08,0.15999999999999998,1764.4733924728635,1.348549911187127,2533.0747240000005,0.0,0.0,208.46641286485297,315.12701490137437,208.46641286485297,18,194
0.78,0.04,0.17999999999999997,1773.9519109396301,1.3482917070892475,2533.0747240000005,0.0,0.0,208.47095209514134,314.4758482279974,208.47095209514134,18,194
0.9,0.06,0.03999999999999998,1885.9647158813007,1.3259615080061444,2533.0747240000005,0.0,0.0,208.49679757324142,317.332421675012,208.49679757324142,18,194
0.8,0.0,0.19999999999999996,1784.0373348766711,1.34786269983909,2533.0747240000005,0.0,0.0,208.50725617442694,313.91589469914095,208.50725617442694,18,194
0.72,0.22,0.060000000000000026,1760.4702895622272,1.3437597381749586,2533.0747240000005,0.0,0.0,208.51995730420032,317.99200968843536,208.51995730420032,18,194
0.74,0.12,0.14,1755.59857158692,1.3486394591628,2533.0747240000005,0.0,0.0,208.53065251136755,315.8688043330508,208.53065251136755,18,194
0.72,0.2,0.08000000000000002,1755.8662096274425,1.3454199507509186,2533.0747240000005,0.0,0.0,208.60184768797416,317.5352169175799,208.60184768797416,18,194
0.9,0.08,0.019999999999999976,1890.2150013219625,1.324375853093236,2533.0747240000005,0.0,0.0,208.64315066236892,317.8625880711799,208.64315066236892,18,194
0.72,0.18,0.10000000000000003,1751.4116107211635,1.3470405361212316,2533.0747240000005,0.0,0.0,208.6802742226532,317.1028331391985,208.6802742226532,18,194
0.7000000000000001,0.3,0.0,1762.9929924533646,1.3399583103602866,2533.0747240000005,0.0,0.0,208.6919038559773,319.96222789337105,208.6919038559773,18,194
0.76,0.06,0.18,1760.6758079108972,1.3500003360849844,2533.0747240000005,0.0,0.0,208.71758260641556,314.7802420184159,208.71758260641556,18,194
0.7000000000000001,0.28,0.019999999999999907,1757.8672305760012,1.341750653580613,2533.0747240000005,0.0,0.0,208.74090697816698,319.4473312414357,208.74090697816698,18,194
0.74,0.1,0.16,1751.5771571046746,1.3501475259501798,2533.0747240000005,0.0,0.0,208.74449000307456,315.50201770356017,208.74449000307456,18,194
0.78,0.02,0.19999999999999998,1770.3778364500477,1.349684228534119,2533.0747240000005,0.0,0.0,208.75470508457792,314.14872584481367,208.75470508457792,18,194
0.72,0.16,0.12000000000000002,1747.1062362993869,1.3486214943752899,2533.0747240000005,0.0,0.0,208.76009027120026,316.6945268187917,208.76009027120026,18,194
0.9,0.1,0.0,1894.6156874263486,1.3227498271043943,2533.0747240000005,0.0,0.0,208.79008039361915,318.41826642596664,208.79008039361915,18,194
0.7000000000000001,0.26,0.039999999999999925,1752.8879108754027,1.3435043634716546,2533.0747240000005,0.0,0.0,208.82046316165463,318.95795882746813,208.82046316165463,18,194
0.92,0.0,0.07999999999999996,1892.9297464567987,1.326732973992406,2533.0747240000005,0.0,0.0,208.84019132852538,316.5906782089273,208.84019132852538,18,194
0.72,0.14,0.14,1742.9498531843665,1.350162821224783,2533.0747240000005,0.0,0.0,208.86899242480683,316.3099625501305,208.86899242480683,18,194
0.7000000000000001,0.24,0.05999999999999994,1748.0607903551117,1.3452204924818887,2533.0747240000005,0.0,0.0,208.90544056034415,318.4819666582792,208.90544056034415,18,194
0.92,0.02,0.059999999999999956,1896.8276715285583,1.325238367373696,2533.0747240000005,0.0,0.0,208.90827399187813,317.08086919838877,208.90827399187813,18,194
0.7000000000000001,0.22,0.07999999999999993,1743.3845445246675,1.3468971977803412,2533.0747240000005,0.0,0.0,208.9895597988101,318.0288604293567,208.9895597988101,18,194
0.92,0.04,0.03999999999999996,1900.8442292422455,1.3237133630263986,2533.0747240000005,0.0,0.0,208.99446965006283,317.58883191092843,208.99446965006283,18,194
0.76,0.04,0.19999999999999998,1757.0267545026818,1.3514108883741478,2533.0747240000005,0.0,0.0,209.0018436268896,314.4563938250955,209.0018436268896,18,194
0.74,0.08,0.18,1747.7048299792214,1.3516157280578305,2533.0747240000005,0.0,0.0,209.00573742591703,315.1584920093898,209.00573742591703,18,194
0.78,0.0,0.21999999999999997,1766.9517428631016,1.3510368710430045,2533.0747240000005,0.0,0.0,209.0360157791254,313.84419119140864,209.0360157791254,18,194
0.72,0.12,0.16000000000000003,1738.942252173242,1.351664507883482,2533.0747240000005,0.0,0.0,209.0676726208923,315.9488010707271,209.0676726208923,18,194
0.7000000000000001,0.2,0.09999999999999992,1738.8582289190683,1.3485342541471053,2533.0747240000005,0.0,0.0,209.07019067984348,317.6001438090704,209.07019067984348,18,194
0.68,0.32,0.0,1751.475788399743,1.3412102542638231,2533.0747240000005,0.0,0.0,209.12158669619,320.4556617304966,209.12158669619,18,194
0.92,0.06,0.019999999999999962,1905.0101546648812,1.322148105799796,2533.0747240000005,0.0,0.0,209.13985110429235,318.1219343759878,209.13985110429235,18,194
0.7000000000000001,0.18,0.11999999999999994,1734.4815745683359,1.3501316646881876,2533.0747240000005,0.0,0.0,209.15748661437277,317.1954810436085,209.15748661437277,18,194
0.68,0.3,0.019999999999999962,1746.134351135779,1.3430488875475526,2533.0747240000005,0.0,0.0,209.16867406958536,319.9518573513945,209.16867406958536,18,194
0.68,0.28,0.039999999999999925,1740.9408607805503,1.3448486154335064,2533.0747240000005,0.0,0.0,209.2144287683102,319.4739395478564,209.2144287683102,18,194
0.7000000000000001,0.16,0.13999999999999993,1730.254336106516,1.3516894280649325,2533.0747240000005,0.0,0.0,209.24361014358573,316.8145326028076,209.24361014358573,18,194
0.76,0.02,0.22,1753.5261205847835,1.3527815396176759,2533.0747240000005,0.0,0.0,209.28353585817638,314.15512157144127,209.28353585817638,18,194
0.74,0.06,0.2,1743.9814479336858,1.3530440430211075,2533.0747240000005,0.0,0.0,209.29476879829832,314.8378778628216,209.29476879829832,18,194
0.92,0.08,0.0,1909.325681808707,1.3205426029302467,2533.0747240000005,0.0,0.0,209.29778643711455,318.6804658361711,209.29778643711455,18,194
0.68,0.26,0.05999999999999994,1735.9413584871272,1.3465996649292191,2533.0747240000005,0.0,0.0,209.3085883164658,319.0189325772377,209.3085883164658,18,194
0.72,0.1,0.18000000000000002,1735.0355891911713,1.3531394527134284,2533.0747240000005,0.0,0.0,209.3199109031905,315.6095108722027,209.3199109031905,18,194
0.68,0.24,0.07999999999999996,1731.1902185960278,1.348290523010082,2533.0747240000005,0.0,0.0,209.41593706417132,318.58311790418094,209.41593706417132,18,194
0.7000000000000001,0.14,0.15999999999999992,1726.176292497935,1.3532075383469864,2533.0747240000005,0.0,0.0,209.4337067675265,316.4569551833232,209.4337067675265,18,194
0.9400000000000001,0.0,0.05999999999999994,1912.0947022609744,1.3228727161419997,2533.0747240000005,0.0,0.0,209.4601139801409,317.41345223964805,209.4601139801409,18,194
0.68,0.22,0.09999999999999995,1726.5868910364466,1.3499428714293034,2533.0747240000005,0.0,0.0,209.52097547764706,318.16917261848886,209.52097547764706,18,194
0.9400000000000001,0.02,0.03999999999999994,1916.0279424226105,1.321368005394902,2533.0747240000005,0.0,0.0,209.55005728877688,317.9244014749496,209.55005728877688,18,194
0.76,0.0,0.24,1750.1738160251382,1.3541122575429396,2533.0747240000005,0.0,0.0,209.5624613295039,313.87607292963537,209.5624613295039,18,194
0.66,0.34,0.0,1740.37350796773,1.3423510893707813,2533.0747240000005,0.0,0.0,209.56748887034968,321.0099442579855,209.56748887034968,18,194
0.74,0.04,0.22,1740.4068917576637,1.3544324441554065,2533.0747240000005,0.0,0.0,209.58556190946254,314.53982215926493,209.58556190946254,18,194
0.72,0.08,0.2,1731.2386227589798,1.3545852369999587,2533.0747240000005,0.0,0.0,209.61782798273552,315.29208848556203,209.61782798273552,18,194
0.68,0.2,0.11999999999999994,1722.1398462672257,1.3515564041470431,2533.0747240000005,0.0,0.0,209.62573281632078,317.7681475394923,209.62573281632078,18,194
0.66,0.32,0.019999999999999962,1734.9657242484166,1.3442043000490833,2533.0747240000005,0.0,0.0,209.64567158244424,320.5092589446264,209.64567158244424,18,194
0.9400000000000001,0.04,0.01999999999999994,1920.109692881876,1.319823185904775,2533.0747240000005,0.0,0.0,209.67937816365622,318.46040605741763,209.67937816365622,18,194
0.7000000000000001,0.12,0.17999999999999994,1722.2472474131398,1.354685984945189,2533.0747240000005,0.0,0.0,209.6983841846907,316.1224017389033,209.6983841846907,18,194
0.66,0.3,0.03999999999999998,1729.7062369409812,1.3460186050980725,2533.0747240000005,0.0,0.0,209.7202323212067,320.03446387263193,209.7202323212067,18,194
0.68,0.18,0.13999999999999996,1717.842626907177,1.3531302781704175,2533.0747240000005,0.0,0.0,209.72648623833388,317.39080274443705,209.72648623833388,18,194
0.66,0.28,0.05999999999999994,1724.5947649088585,1.3477940088897402,2533.0747240000005,0.0,0.0,209.80058650722196,319.5852166825811,209.80058650722196,18,194
0.9400000000000001,0.06,0.0,1924.340187809813,1.318238264390593,2533.0747240000005,0.0,0.0,209.86003832838549,319.02174871645053,209.86003832838549,18,194
0.74,0.02,0.24000000000000002,1736.9810645924415,1.355780900737926,2533.0747240000005,0.0,0.0,209.87309485763467,314.2639682250068,209.87309485763467,18,194
0.68,0.16,0.15999999999999995,1713.6949991030356,1.3546644906798575,2533.0747240000005,0.0,0.0,209.87964799605237,317.0367910716759,209.87964799605237,18,194
0.66,0.26,0.07999999999999996,1719.6310409776293,1.34953051343906,2533.0747240000005,0.0,0.0,209.89055668633677,319.1611710331914,209.89055668633677,18,194
0.72,0.06,0.22000000000000003,1727.5908608282753,1.355991102597836,2533.0747240000005,0.0,0.0,209.92239451056156,314.9972014916568,209.92239451056156,18,194
0.7000000000000001,0.1,0.19999999999999993,1718.4670292755973,1.356124752619523,2533.0747240000005,0.0,0.0,209.9874604371685,315.81052153952413,209.9874604371685,18,194
0.66,0.24,0.09999999999999998,1714.8148142070434,1.3512281179034693,2533.0747240000005,0.0,0.0,210.01689065333562,318.7619765643349,210.01689065333562,18,194
0.68,0.14,0.17999999999999994,1709.6967541181127,1.3561590340919651,2533.0747240000005,0.0,0.0,210.14547084606588,316.70576169948833,210.14547084606588,18,194
0.66,0.22,0.11999999999999997,1710.1458517640256,1.352886818173567,2533.0747240000005,0.0,0.0,210.14941759733753,318.3872788740013,210.14941759733753,18,194
0.64,0.36,0.0,1729.5325159093413,1.343414227932709,2533.0747240000005,0.0,0.0,210.1519997034402,321.631503163809,210.1519997034402,18,194
0.74,0.0,0.26,1733.7038909693367,1.3570893782455768,2533.0747240000005,0.0,0.0,210.1577925318725,314.0099559953528,210.1577925318725,18,194
0.96,0.0,0.040000000000000036,1931.5125474290244,1.3189258342656631,2533.0747240000005,0.0,0.0,210.18709696349842,318.33923389295825,210.18709696349842,18,194
0.72,0.04,0.24000000000000002,1724.0921985167204,1.3573570206787633,2533.0747240000005,0.0,0.0,210.2247976750394,314.72448911212354,210.2247976750394,18,194
0.64,0.34,0.019999999999999962,1724.0594493937972,1.3452816501801161,2533.0747240000005,0.0,0.0,210.24023522629102,321.1339149712029,210.24023522629102,18,194
0.66,0.2,0.13999999999999996,1705.7161381879678,1.3544872055690875,2533.0747240000005,0.0,0.0,210.27540299315427,318.03079966720117,210.27540299315427,18,194
0.7000000000000001,0.08,0.21999999999999992,1714.8354910007508,1.357523821557136,2533.0747240000005,0.0,0.0,210.31308996983773,315.5209602606741,210.31308996983773,18,194
0.96,0.02,0.020000000000000035,1935.5105010211932,1.3174014358932942,2533.0747240000005,0.0,0.0,210.3292848881842,318.8781071832344,210.3292848881842,18,194
0.64,0.32,0.03999999999999998,1718.735020972104,1.3471101684873201,2533.0747240000005,0.0,0.0,210.33042868922774,320.6622139391287,210.33042868922774,18,194
0.66,0.18,0.15999999999999998,1701.493691631125,1.3560372688500417,2533.0747240000005,0.0,0.0,210.42084931836413,317.6870564044936,210.42084931836413,18,194
0.64,0.3,0.06,1713.5589408910705,1.348899789525258,2533.0747240000005,0.0,0.0,210.43003038948697,320.2160539479337,210.43003038948697,18,194
0.68,0.12,0.19999999999999996,1705.8477084844874,1.3576138960433388,2533.0747240000005,0.0,0.0,210.43903885414645,316.3973601925202,210.43903885414645,18,194
0.72,0.02,0.26,1720.742553192791,1.35868295840317,2533.0747240000005,0.0,0.0,210.53258913770966,314.4735871860535,210.53258913770966,18,194
0.96,0.04,3.469446951953614e-17,1939.6562793377693,1.315837098696674,2533.0747240000005,0.0,0.0,210.54354439195603,319.4422196632028,210.54354439195603,18,194
0.64,0.28,0.07999999999999996,1708.5309329091274,1.3506505177001467,2533.0747240000005,0.0,0.0,210.5440214331321,319.7950850250173,210.5440214331321,18,194
0.7000000000000001,0.06,0.23999999999999994,1711.3525094495888,1.3588831675153237,2533.0747240000005,0.0,0.0,210.6440120734635,315.2533601036167,210.6440120734635,18,194
0.66,0.16,0.17999999999999997,1697.4271333424526,1.3575475820508909,2533.0747240000005,0.0,0.0,210.6567853936085,317.35952429232117,210.6567853936085,18,194
0.64,0.26,0.09999999999999998,1703.650736697156,1.352362354623935,2533.0747240000005,0.0,0.0,210.65727945865387,319.3989532992428,210.65727945865387,18,194
0.68,0.1,0.21999999999999995,1702.1477038395647,1.3590290594462537,2533.0747240000005,0.0,0.0,210.7510534238651,316.11122857862506,210.7510534238651,18,194
0.64,0.24,0.12,1698.918109836054,1.3540352986768518,2533.0747240000005,0.0,0.0,210.76750190321155,319.027300968559,210.76750190321155,18,194
0.62,0.38,0.0,1718.9473985650852,1.3444017168099562,2533.0747240000005,0.0,0.0,210.7867862044808,322.3192005668906,210.7867862044808,18,194
0.72,0.0,0.28,1717.5418633539005,1.3599688791942333,2533.0747240000005,0.0,0.0,210.83655090079955,314.2441283691237,210.83655090079955,18,194
0.62,0.36,0.020000000000000018,1713.4101132634717,1.346282988031088,2533.0747240000005,0.0,0.0,210.88664618103556,321.8246847783085,210.88664618103556,18,194
0.64,0.22,0.13999999999999999,1694.3328294244648,1.3556693446589478,2533.0747240000005,0.0,0.0,210.89626081376764,318.679766284594,210.89626081376764,18,194
0.66,0.14,0.19999999999999996,1693.5101322548903,1.3590182151729946,2533.0747240000005,0.0,0.0,210.9207506928664,317.05456915140843,210.9207506928664,18,194
0.7000000000000001,0.04,0.25999999999999995,1708.0179846189405,1.3602027620243466,2533.0747240000005,0.0,0.0,210.97057357523008,315.007359947059,210.97057357523008,18,194
0.62,0.34,0.03999999999999998,1708.0218022606932,1.3481253582133563,2533.0747240000005,0.0,0.0,210.99435308295025,321.3560465515631,210.99435308295025,18,194
0.98,0.0,0.020000000000000018,1951.208407744272,1.3148835223144217,2533.0747240000005,0.0,0.0,211.04039658115133,319.3749893622776,211.04039658115133,18,194
0.64,0.2,0.15999999999999998,1689.894693311919,1.3572644835270977,2533.0747240000005,0.0,0.0,211.0512852738722,318.35598355750835,211.0512852738722,18,194
0.68,0.08,0.23999999999999994,1698.5966064689844,1.3604045026111078,2533.0747240000005,0.0,0.0,211.08486691763295,315.8470054570943,211.08486691763295,18,194
0.62,0.32,0.06,1702.7821668201864,1.3499288364161466,2533.0747240000005,0.0,0.0,211.09688187668064,320.9129361254844,211.09688187668064,18,194
0.62,0.3,0.08000000000000002,1697.6909211990705,1.3516934295427632,2533.0747240000005,0.0,0.0,211.19918446017007,320.49500002635426,211.19918446017007,18,194
0.98,0.02,1.734723475976807e-17,1955.2699844951726,1.3133397135193152,2533.0747240000005,0.0,0.0,211.2300084075206,319.94183140929,211.2300084075206,18,194
0.66,0.12,0.21999999999999997,1689.7425176586667,1.3604491541249226,2533.0747240000005,0.0,0.0,211.2364286477073,316.77182957528237,211.2364286477073,18,194
0.64,0.18,0.18,1685.6035209743172,1.3588207022135501,2533.0747240000005,0.0,0.0,211.25561526008315,318.05558318390206,211.25561526008315,18,194
0.7000000000000001,0.02,0.2799999999999999,1704.810067936854,1.3614884734682122,2533.0747240000005,0.0,0.0,211.29212870512458,314.7821826951793,211.29212870512458,18,194
0.62,0.28,0.09999999999999998,1692.747795178953,1.3534191417816792,2533.0747240000005,0.0,0.0,211.3152718242823,320.10188101366964,211.3152718242823,18,194
0.68,0.06,0.25999999999999995,1695.1943065782357,1.361740199430503,2533.0747240000005,0.0,0.0,211.4143063782643,315.6043261387637,211.4143063782643,18,194
0.62,0.26,0.12,1687.9525361895874,1.3551059741406914,2533.0747240000005,0.0,0.0,211.42634616429214,319.73321803827776,211.42634616429214,18,194
0.64,0.16,0.19999999999999998,1681.4591540498354,1.3603379835218599,2533.0747240000005,0.0,0.0,211.5159557311241,317.7781917000585,211.5159557311241,18,194
0.6,0.4,0.0,1708.612633361355,1.3453156167379032,2533.0747240000005,0.0,0.0,211.52440995226257,323.0718733798829,211.52440995226257,18,194
0.62,0.24,0.14,1683.3049110381835,1.3567539240709992,2533.0747240000005,0.0,0.0,211.53244871307598,319.38864621685224,211.53244871307598,18,194
0.66,0.1,0.23999999999999996,1686.124144148026,1.3618403800535699,2533.0747240000005,0.0,0.0,211.54715396879624,316.5109407844287,211.54715396879624,18,194
0.6,0.38,0.020000000000000018,1703.012185775856,1.3472103798180868,2533.0747240000005,0.0,0.0,211.5824434161591,322.58040243941633,211.5824434161591,18,194
0.7000000000000001,0.0,0.29999999999999993,1701.6872215355156,1.362751521769854,2533.0747240000005,0.0,0.0,211.6074188866689,314.5767631750664,211.6074188866689,18,194
0.6,0.36,0.040000000000000036,1697.5610452689043,1.3490662453587006,2533.0747240000005,0.0,0.0,211.66169194607667,322.1147931783166,211.66169194607667,18,194
0.62,0.22,0.16,1678.8047072591448,1.3583629851778087,2533.0747240000005,0.0,0.0,211.6745247628781,319.0677968261042,211.6745247628781,18,194
0.68,0.04,0.27999999999999997,1691.9407173153083,1.363036119619794,2533.0747240000005,0.0,0.0,211.73936278037925,315.3828228181441,211.73936278037925,18,194
0.6,0.34,0.06,1692.2589038385543,1.3508832248714662,2533.0747240000005,0.0,0.0,211.7587197782776,321.67469231074176,211.7587197782776,18,194
0.64,0.14,0.21999999999999997,1677.6150454456913,1.361786062107746,2533.0747240000005,0.0,0.0,211.79033209868405,317.50146605796425,211.79033209868405,18,194
0.6,0.32,0.08000000000000002,1687.1054658904432,1.3526613278370676,2533.0747240000005,0.0,0.0,211.8589831912749,321.2597429897988,211.8589831912749,18,194
0.62,0.2,0.18,1674.4517341006401,1.3599331470136702,2533.0747240000005,0.0,0.0,211.86161275947785,318.7702973196832,211.86161275947785,18,194
0.66,0.08,0.25999999999999995,1682.6548909781545,1.363191869508601,2533.0747240000005,0.0,0.0,211.8778312617143,316.2715347540622,211.8778312617143,18,194
1.0,0.0,0.0,1971.1762645620145,1.3107470468651965,2533.0747240000005,0.0,0.0,211.9282398667726,320.520377801382,211.9282398667726,18,194
0.6,0.3,0.10000000000000003,1682.1004508994981,1.3544005611171033,2533.0747240000005,0.0,0.0,211.96795096901403,320.8695847446325,211.96795096901403,18,194
0.68,0.02,0.29999999999999993,1688.8357735665816,1.3642922290089963,2533.0747240000005,0.0,0.0,212.06002446751862,315.1821247772951,212.06002446751862,18,194
0.6,0.28,0.12,1677.2435956609772,1.3561009284596521,2533.0747240000005,0.0,0.0,212.08178949353882,320.50385342899824,212.08178949353882,18,194
0.64,0.12,0.24,1673.93027833906,1.3631927466399933,2533.0747240000005,0.0,0.0,212.08316814181816,317.2438668927993,212.08316814181816,18,194
0.62,0.18,0.2,1670.2458231658766,1.361464394950414,2533.0747240000005,0.0,0.0,212.10357176298695,318.49577137021737,212.10357176298695,18,194
0.6,0.26,0.14,1672.534656142945,1.357762430095642,2533.0747240000005,0.0,0.0,212.1906248372224,320.16218118542787,212.1906248372224,18,194
0.66,0.06,0.27999999999999997,1679.334661165253,1.364503594665133,2533.0747240000005,0.0,0.0,212.20744409701504,316.0532403744359,212.20744409701504,18,194
0.58,0.42,5.551115123125783e-17,1698.5226388071137,1.3461579875469059,2533.0747240000005,0.0,0.0,212.29484537696916,323.8883389161082,212.29484537696916,18,194
0.6,0.24,0.16000000000000003,1667.97340895443,1.3593850624227282,2533.0747240000005,0.0,0.0,212.33402329124567,319.8441964285845,212.33402329124567,18,194
0.58,0.4,0.020000000000000018,1692.860071202223,1.3480658927491769,2533.0747240000005,0.0,0.0,212.3448910517288,323.3998823817772,212.3448910517288,18,194
0.68,0.0,0.31999999999999995,1685.8794305479023,1.3655084898809764,2533.0747240000005,0.0,0.0,212.3762772316504,315.0018586208606,212.3762772316504,18,194
0.64,0.1,0.26,1670.3949400636548,1.3645597082542462,2533.0747240000005,0.0,0.0,212.38303212288696,317.00768481376946,212.38303212288696,18,194
0.58,0.38,0.040000000000000036,1687.3471418033291,1.3499349039840955,2533.0747240000005,0.0,0.0,212.38980967676758,322.93726559792714,212.38980967676758,18,194
0.62,0.16,0.22,1666.1868287279249,1.3629567101253688,2533.0747240000005,0.0,0.0,212.39248043369463,318.24383893840877,212.39248043369463,18,194
0.58,0.36,0.06000000000000005,1681.9835331422598,1.351765035255351,2533.0747240000005,0.0,0.0,212.45147755387825,322.50013186920665,212.45147755387825,18,194
0.6,0.22,0.18000000000000002,1663.5596524452308,1.3609688177730102,2533.0747240000005,0.0,0.0,212.49019662993797,319.5495238508664,212.49019662993797,18,194
0.58,0.34,0.08000000000000002,1676.7689395037441,1.3535562986770113,2533.0747240000005,0.0,0.0,212.5234494983104,322.0881211014169,212.5234494983104,18,194
0.66,0.04,0.3,1676.1633803520078,1.3657755235995244,2533.0747240000005,0.0,0.0,212.53233108736893,315.8556836435361,212.53233108736893,18,194
0.58,0.32,0.10000000000000003,1671.7030697187295,1.355308703856139,2533.0747240000005,0.0,0.0,212.61653127914974,321.7008697299338,212.61653127914974,18,194
0.62,0.14,0.24,1662.274627737866,1.364410069457286,2533.0747240000005,0.0,0.0,212.6781810317019,318.014116370702,212.6781810317019,18,194
0.6,0.2,0.2,1659.2932074548387,1.3625136842605503,2533.0747240000005,0.0,0.0,212.68737550636425,319.27778445285537,212.68737550636425,18,194
0.64,0.08,0.27999999999999997,1667.008922366043,1.3658869218700491,2533.0747240000005,0.0,0.0,212.69686122541728,316.79254564420194,212.69686122541728,18,194
0.58,0.3,0.12000000000000005,1666.7856495438414,1.3570222573696487,2533.0747240000005,0.0,0.0,212.73184700867418,321.338010658651,212.73184700867418,18,194
0.58,0.28,0.14,1662.0164236383816,1.3586969623327594,2533.0747240000005,0.0,0.0,212.8433817714234,320.999173213726,212.8433817714234,18,194
0.66,0.02,0.31999999999999995,1673.1409954606233,1.3670076206131645,2533.0747240000005,0.0,0.0,212.85247960978043,315.6784878916218,212.85247960978043,18,194
0.62,0.12,0.26,1658.5132193070176,1.3658239836377504,2533.0747240000005,0.0,0.0,212.95884640850775,317.8036225368851,212.95884640850775,18,194
0.6,0.18,0.22000000000000003,1655.1739177290694,1.3640196457044245,2533.0747240000005,0.0,0.0,212.9739225635356,319.02859560068487,212.9739225635356,18,194
0.58,0.26,0.16000000000000003,1657.3951571525154,1.3603328180558958,2533.0747240000005,0.0,0.0,212.9927343395988,320.6839831158634,212.9927343395988,18,194
0.64,0.06,0.3,1663.772140468504,1.3671743581053255,2533.0747240000005,0.0,0.0,213.0143546891579,316.5980723428211,213.0143546891579,18,194
0.56,0.44,0.0,1688.6718195392104,1.346930875007402,2533.0747240000005,0.0,0.0,213.06141357371573,324.7674000110573,213.06141357371573,18,194
0.56,0.42,0.019999999999999962,1682.948154298871,1.3488515815320685,2533.0747240000005,0.0,0.0,213.11440035267302,324.28192452667355,213.11440035267302,18,194
0.58,0.24,0.18000000000000005,1652.921636942221,1.3619298197864453,2533.0747240000005,0.0,0.0,213.1431601518559,320.3920624743618,213.1431601518559,18,194
0.56,0.4,0.039999999999999925,1677.3744582507913,1.350733397292967,2533.0747240000005,0.0,0.0,213.16221761040921,323.82226105614507,213.16221761040921,18,194
0.66,0.0,0.33999999999999997,1670.2674731550496,1.3681998465992737,2533.0747240000005,0.0,0.0,213.16787442864734,315.5212740367608,213.16787442864734,18,194
0.56,0.38,0.05999999999999994,1671.9504043367901,1.352576338802646,2533.0747240000005,0.0,0.0,213.20740399361367,323.3880496082405,213.20740399361367,18,194
0.56,0.36,0.07999999999999996,1666.6756765281768,1.3543804208417136,2533.0747240000005,0.0,0.0,213.24989849066924,322.978926965396,213.24989849066924,18,194
0.62,0.1,0.28,1654.958433874972,1.3671881017582015,2533.0747240000005,0.0,0.0,213.25297042342856,317.59940559493583,213.25297042342856,18,194
0.6,0.16,0.24000000000000002,1651.2016500239124,1.36548668162281,2533.0747240000005,0.0,0.0,213.26238565092518,318.80157111194285,213.26238565092518,18,194
0.56,0.34,0.09999999999999992,1661.5499727511765,1.356145655812126,2533.0747240000005,0.0,0.0,213.3189288461115,322.5945266035145,213.3189288461115,18,194
0.58,0.22,0.20000000000000004,1648.595672427991,1.3634879585314628,2533.0747240000005,0.0,0.0,213.31894730663234,320.123029805657,213.31894730663234,18,194
0.64,0.04,0.32,1660.6845317880552,1.3684219835848566,2533.0747240000005,0.0,0.0,213.33725700470947,316.4238852169107,213.33725700470947,18,194
0.56,0.32,0.11999999999999994,1656.573007395593,1.3578720531852833,2533.0747240000005,0.0,0.0,213.39512514002834,322.2344786212551,213.39512514002834,18,194
0.56,0.3,0.13999999999999996,1651.7445134174486,1.3595596190424315,2533.0747240000005,0.0,0.0,213.51089038845421,321.8984096832586,213.51089038845421,18,194
0.6,0.14,0.26,1647.3762939167918,1.3669147672934743,2533.0747240000005,0.0,0.0,213.54580553469833,318.5963213712431,213.54580553469833,18,194
0.62,0.08,0.3,1651.6570272631122,1.3684907240250062,2533.0747240000005,0.0,0.0,213.55934453559615,317.4079564332697,213.55934453559615,18,194
0.58,0.2,0.22000000000000003,1644.4170961155937,1.3650072209571151,2533.0747240000005,0.0,0.0,213.56620003554474,319.8765000785672,213.56620003554474,18,194
0.64,0.02,0.33999999999999997,1657.7460544571936,1.369629761293442,2533.0747240000005,0.0,0.0,213.65555855431273,316.26960216721056,213.65555855431273,18,194
0.56,0.28,0.15999999999999992,1647.0642440486804,1.3612083557043593,2533.0747240000005,0.0,0.0,213.6694938942582,321.58594298119834,213.6694938942582,18,194
0.6,0.12,0.28,1643.697761345731,1.3683038738759348,2533.0747240000005,0.0,0.0,213.82418523544368,318.4124534762176,213.82418523544368,18,194
0.56,0.26,0.17999999999999994,1642.5319741288672,1.3628182614469349,2533.0747240000005,0.0,0.0,213.82611699083105,321.2966982160492,213.82611699083105,18,194
0.58,0.18,0.24000000000000005,1640.385763798181,1.3664875893604325,2533.0747240000005,0.0,0.0,213.8393883707558,319.6520847879791,213.8393883707558,18,194
0.62,0.06,0.32,1648.5050566765674,1.369753560223148,2533.0747240000005,0.0,0.0,213.87456563390023,317.23671495489197,213.87456563390023,18,194
0.54,0.46,0.0,1678.9223972413413,1.3476735701416658,2533.0747240000005,0.0,0.0,213.89971030367596,325.70680340808906,213.89971030367596,18,194
0.54,0.44,0.019999999999999962,1673.1573159065667,1.349601476360137,2533.0747240000005,0.0,0.0,213.94470013216193,325.22454844222807,213.94470013216193,18,194
0.54,0.42,0.03999999999999998,1667.5426222107703,1.351490471314326,2533.0747240000005,0.0,0.0,213.98449706483933,324.7680295400586,213.98449706483933,18,194
0.56,0.24,0.19999999999999996,1638.1475010756337,1.3643893302986605,2533.0747240000005,0.0,0.0,213.9988299803064,321.0302916044294,213.9988299803064,18,194
0.64,0.0,0.36,1654.9566856678616,1.37079765096879,2533.0747240000005,0.0,0.0,214.02146584873012,316.13483896344866,214.02146584873012,18,194
0.54,0.4,0.05999999999999994,1662.0779786844414,1.3533405742074107,2533.0747240000005,0.0,0.0,214.02487961973597,324.3368838273374,214.02487961973597,18,194
0.54,0.38,0.07999999999999996,1656.76305808035,1.3551518026882927,2533.0747240000005,0.0,0.0,214.06779421716482,323.93074541790116,214.06779421716482,18,194
0.54,0.36,0.09999999999999998,1651.597546431376,1.3569241721756378,2533.0747240000005,0.0,0.0,214.10542080062726,323.5492453246151,214.10542080062726,18,194
0.6,0.1,0.30000000000000004,1640.1659858972478,1.3696539685905105,2533.0747240000005,0.0,0.0,214.11513483188256,318.24957141421737,214.11513483188256,18,194
0.58,0.16,0.26,1636.5015544597316,1.3679290417087693,2533.0747240000005,0.0,0.0,214.1268086111016,319.4493920582548,214.1268086111016,18,194
0.54,0.34,0.11999999999999994,1646.581145689006,1.3586576952771838,2533.0747240000005,0.0,0.0,214.14181903566245,323.19201137878923,214.14181903566245,18,194
0.62,0.04,0.34,1645.5024705258784,1.3709765757242214,2533.0747240000005,0.0,0.0,214.18433271986038,317.08529629742276,214.18433271986038,18,194
0.56,0.22,0.21999999999999995,1633.910645511711,1.365921551916115,2533.0747240000005,0.0,0.0,214.21673475323905,320.78633591137213,214.21673475323905,18,194
0.54,0.32,0.13999999999999996,1641.7132140399895,1.360352483245764,2533.0747240000005,0.0,0.0,214.2269647387775,322.8586680656789,214.2269647387775,18,194
0.54,0.3,0.15999999999999998,1636.9749441055458,1.3620137655698323,2533.0747240000005,0.0,0.0,214.3753814791604,322.5488521957915,214.3753814791604,18,194
0.58,0.14,0.28,1632.7643699002713,1.3693315517422837,2533.0747240000005,0.0,0.0,214.41002633632172,319.26802677716796,214.41002633632172,18,194
0.6,0.08,0.32,1636.7952807496454,1.370963073078599,2533.0747240000005,0.0,0.0,214.4138277027145,318.09968492829074,214.4138277027145,18,194
0.56,0.2,0.23999999999999994,1629.821251567645,1.3674149115329186,2533.0747240000005,0.0,0.0,214.48931526478623,320.56444051140187,214.48931526478623,18,194
0.62,0.02,0.36,1642.649237275307,1.3721597324177481,2533.0747240000005,0.0,0.0,214.5206029610514,316.95331346820535,214.5206029610514,18,194
0.54,0.28,0.17999999999999994,1632.3849261410437,1.3636362396226747,2533.0747240000005,0.0,0.0,214.549264467204,322.26220616785355,214.549264467204,18,194
0.58,0.12,0.30000000000000004,1629.1741341035918,1.3706950891346645,2533.0747240000005,0.0,0.0,214.68794403988642,319.1075907608109,214.68794403988642,18,194
0.6,0.06,0.34,1633.588798873351,1.3722303730716772,2533.0747240000005,0.0,0.0,214.72434529625468,317.9623253154125,214.72434529625468,18,194
0.54,0.26,0.19999999999999996,1627.9429450461196,1.3652199025614675,2533.0747240000005,0.0,0.0,214.73803347545868,321.9983440795566,214.73803347545868,18,194
0.56,0.18,0.25999999999999995,1625.8791868799458,1.3688693899776836,2533.0747240000005,0.0,0.0,214.75689124423874,320.3642114792929,214.75689124423874,18,194
0.52,0.48,0.0,1669.2918189333664,1.3483813187230778,2533.0747240000005,0.0,0.0,214.7711432669652,326.70590888355605,214.7711432669652,18,194
0.52,0.46,0.019999999999999962,1663.4673131274835,1.35032146414817,2533.0747240000005,0.0,0.0,214.81915856696054,326.22681490092003,214.81915856696054,18,194
0.52,0.44,0.03999999999999998,1657.7935340288523,1.3522226985957175,2533.0747240000005,0.0,0.0,214.86634615029098,325.7734157572249,214.86634615029098,18,194
0.62,0.0,0.38,1639.9453436790272,1.3733029891276824,2533.0747240000005,0.0,0.0,214.91932371547298,316.84037763914904,214.91932371547298,18,194
0.52,0.42,0.06,1652.270134595847,1.354085043736063,2533.0747240000005,0.0,0.0,214.92344947041562,325.34534541375325,214.92344947041562,18,194
0.54,0.24,0.21999999999999997,1623.6488089848608,1.3667647471554916,2533.0747240000005,0.0,0.0,214.95077481482934,321.75687668210395,214.95077481482934,18,194
0.58,0.1,0.32000000000000006,1625.7307923682795,1.3720196197073262,2533.0747240000005,0.0,0.0,214.96253146576444,318.96768294947384,214.96253146576444,18,194
0.52,0.4,0.07999999999999996,1646.8967771484736,1.3559085198749443,2533.0747240000005,0.0,0.0,214.9878034069162,324.94223501307147,214.9878034069162,18,194
0.56,0.16,0.2799999999999999,1622.0843423050223,1.3702849637562777,2533.0747240000005,0.0,0.0,215.03028571596403,320.1852517114548,215.03028571596403,18,194
0.52,0.38,0.09999999999999998,1641.6731365585788,1.357693145248404,2533.0747240000005,0.0,0.0,215.04561080025377,324.5637127814333,215.04561080025377,18,194
0.6,0.04,0.36000000000000004,1630.6152702756006,1.3734404316860653,2533.0747240000005,0.0,0.0,215.0554226421647,317.8377233184264,215.0554226421647,18,194
0.52,0.36,0.12,1636.598903018532,1.3594389354133773,2533.0747240000005,0.0,0.0,215.09693851461935,324.20940393848156,215.09693851461935,18,194
0.52,0.34,0.13999999999999996,1631.6737843977573,1.3611459027317863,2533.0747240000005,0.0,0.0,215.15514001335393,323.87893061897034,215.15514001335393,18,194
0.54,0.22,0.23999999999999996,1619.502349791287,1.3682707617119156,2533.0747240000005,0.0,0.0,215.2393046502185,321.5374114282993,215.2393046502185,18,194
0.58,0.08,0.34,1622.4343102227058,1.3733051056923138,2533.0747240000005,0.0,0.0,215.26585734784442,318.8478996341865,215.26585734784442,18,194
0.52,0.32,0.15999999999999998,1626.8975081988183,1.362814055945423,2533.0747240000005,0.0,0.0,215.29113192825625,323.5719118107673,215.29113192825625,18,194
0.56,0.14,0.29999999999999993,1618.4366313695614,1.3716616051936519,2533.0747240000005,0.0,0.0,215.32070662641664,320.02716107847453,215.32070662641664,18,194
0.52,0.3,0.18,1622.2698231270933,1.3644433998384062,2533.0747240000005,0.0,0.0,215.4446079848882,323.2879633127707,215.4446079848882,18,194
0.6,0.02,0.38,1627.8486011608106,1.3745986718639398,2533.0747240000005,0.0,0.0,215.4468930918112,317.72740796925115,215.4468930918112,18,194
0.54,0.2,0.25999999999999995,1615.5034230645683,1.3697379300717933,2533.0747240000005,0.0,0.0,215.52762588650654,321.3395525502335,215.52762588650654,18,194
0.52,0.28,0.19999999999999996,1617.7905002896298,1.366033934983627,2533.0747240000005,0.0,0.0,215.59446448800287,323.0266977159237,215.59446448800287,18,194
0.56,0.12,0.31999999999999995,1614.935989478123,1.372999282630475,2533.0747240000005,0.0,0.0,215.6050810709968,319.8895366089062,215.6050810709968,18,194
0.58,0.06,0.36000000000000004,1619.2846721444675,1.3745515060392088,2533.0747240000005,0.0,0.0,215.6087661190172,318.74783471324304,215.6087661190172,18,194
0.5,0.5,0.0,1659.8777663415622,1.3490269206228587,2533.0747240000005,0.0,0.0,215.7063810794519,327.76442485583294,215.7063810794519,18,194
0.5,0.48,0.020000000000000018,1653.994752335641,1.35097900320008,2533.0747240000005,0.0,0.0,215.7944899320723,327.28846384330427,215.7944899320723,18,194
0.52,0.26,0.21999999999999997,1613.4593340405272,1.3675856575692005,2533.0747240000005,0.0,0.0,215.80115876438535,322.78772440995243,215.80115876438535,18,194
0.54,0.18,0.27999999999999997,1611.6550651193966,1.3711657267886823,2533.0747240000005,0.0,0.0,215.807863222785,321.16215778398396,215.807863222785,18,194
0.6,0.0,0.4,1625.2314888054475,1.3757170047784488,2533.0747240000005,0.0,0.0,215.84319262752044,317.6356572567401,215.84319262752044,18,194
0.5,0.46,0.03999999999999998,1648.2628070731241,1.3528921738446436,2533.0747240000005,0.0,0.0,215.8757866716929,326.83815128552226,215.8757866716929,18,194
0.56,0.1,0.33999999999999997,1611.5920965043947,1.3742964737059062,2533.0747240000005,0.0,0.0,215.87814569771663,319.76937696673906,215.87814569771663,18,194
0.5,0.44,0.06,1642.6815740217767,1.354766456652254,2533.0747240000005,0.0,0.0,215.9503454367461,326.4131180860392,215.9503454367461,18,194
0.58,0.04,0.38000000000000006,1616.309967223644,1.375754543752474,2533.0747240000005,0.0,0.0,215.97298475789788,318.65423107562776,215.97298475789788,18,194
0.5,0.42,0.08000000000000002,1637.2507050823965,1.3566018745592638,2533.0747240000005,0.0,0.0,216.01823853373486,326.01299253224164,216.01823853373486,18,194
0.52,0.24,0.24,1609.3011415141336,1.369094467165597,2533.0747240000005,0.0,0.0,216.04846975169858,322.56521620538547,216.04846975169858,18,194
0.54,0.16,0.29999999999999993,1607.9779078825995,1.3725508853685908,2533.0747240000005,0.0,0.0,216.06902233934437,320.9996266951921,216.06902233934437,18,194
0.5,0.4,0.09999999999999998,1631.9698639112326,1.3583984486086387,2533.0747240000005,0.0,0.0,216.07953608629722,325.63740018931014,216.07953608629722,18,194
0.5,0.38,0.12,1626.8387288190697,1.3601561973119036,2533.0747240000005,0.0,0.0,216.13430572387168,325.28596380026687,216.13430572387168,18,194
0.56,0.08,0.35999999999999993,1608.4098443315752,1.3755524879480312,2533.0747240000005,0.0,0.0,216.1816647317546,319.664540988984,216.1816647317546,18,194
0.5,0.36,0.14,1621.8569952555376,1.3618751361050847,2533.0747240000005,0.0,0.0,216.18940586351894,324.9583031970061,216.18940586351894,18,194
0.5,0.34,0.15999999999999998,1617.0243778897425,1.3635552768960741,2533.0747240000005,0.0,0.0,216.29783442579156,324.6540352267021,216.29783442579156,18,194
0.54,0.14,0.31999999999999995,1604.44622856776,1.3738975371167583,2533.0747240000005,0.0,0.0,216.3238738725965,320.8573467629251,216.3238738725965,18,194
0.52,0.22,0.26,1605.2937285817507,1.370564073007008,2533.0747240000005,0.0,0.0,216.32503922209918,322.36305907022154,216.32503922209918,18,194
0.58,0.02,0.4,1613.5069585361935,1.3769144037617018,2533.0747240000005,0.0,0.0,216.36054151003876,318.57212039239374,216.36054151003876,18,194
0.5,0.32,0.18,1612.359098525232,1.3651935055499387,2533.0747240000005,0.0,0.0,216.40643856270887,324.369218611228,216.40643856270887,18,194
0.5,0.3,0.2,1607.8545672517469,1.3667909881622302,2533.0747240000005,0.0,0.0,216.52454110592421,324.1042726914433,216.52454110592421,18,194
0.56,0.06,0.37999999999999995,1605.3728195143594,1.3767698377036328,2533.0747240000005,0.0,0.0,216.53279315325702,319.578816651238,216.53279315325702,18,194
0.54,0.12,0.33999999999999997,1601.059967620643,1.375205650437931,2533.0747240000005,0.0,0.0,216.59477470817566,320.7349211705656,216.59477470817566,18,194
0.52,0.2,0.27999999999999997,1601.4322411943185,1.3719952404597902,2533.0747240000005,0.0,0.0,216.59833159749587,322.181845264239,216.59833159749587,18,194
0.5,0.28,0.21999999999999997,1603.4966819092908,1.368350093466401,2533.0747240000005,0.0,0.0,216.68599990753677,323.8613728568241,216.68599990753677,18,194
0.48,0.52,0.0,1650.66877093042,1.3496148639461831,2533.0747240000005,0.0,0.0,216.72181739922806,328.87896376851694,216.72181739922806,18,194
0.58,0.0,0.42000000000000004,1610.862129741222,1.3780331274296505,2533.0747240000005,0.0,0.0,216.7472055532881,318.5056189655836,216.7472055532881,18,194
0.48,0.5,0.020000000000000018,1644.7344327708893,1.3515759575903978,2533.0747240000005,0.0,0.0,216.80838642620816,328.40827474629646,216.80838642620816,18,194
0.52,0.18,0.3,1597.7165622005339,1.373387949315829,2533.0747240000005,0.0,0.0,216.8646192723056,322.02118269236774,216.8646192723056,18,194
0.5,0.26,0.24,1599.2852392626523,1.3698708182198855,2533.0747240000005,0.0,0.0,216.88237609977287,323.64013474191927,216.88237609977287,18,194
0.54,0.1,0.36,1597.81908643291,1.3764751899883931,2533.0747240000005,0.0,0.0,216.88779249648945,320.63195056385365,216.88779249648945,18,194
0.48,0.48,0.040000000000000036,1638.9452085162952,1.3535007731481121,2533.0747240000005,0.0,0.0,216.89329249623307,327.9610126030272,216.89329249623307,18,194
0.56,0.04,0.39999999999999997,1602.4810287503963,1.377948479145474,2533.0747240000005,0.0,0.0,216.93621265791182,319.51180203757264,216.93621265791182,18,194
0.48,0.46,0.06,1633.307032783649,1.355386700866588,2533.0747240000005,0.0,0.0,216.97467878109748,327.538975552122,216.97467878109748,18,194
0.48,0.44,0.08000000000000002,1627.8195471272709,1.3572337662701317,2533.0747240000005,0.0,0.0,217.05888343525473,327.1417891403573,217.05888343525473,18,194
0.52,0.16,0.31999999999999995,1594.1465979291283,1.3747421750111726,2533.0747240000005,0.0,0.0,217.123910597604,321.88067637952037,217.123910597604,18,194
0.48,0.42,0.10000000000000003,1622.4824039927646,1.3590419931814843,2533.0747240000005,0.0,0.0,217.1357453453526,326.7690763955408,217.1357453453526,18,194
0.5,0.24,0.26,1595.2200607942095,1.371353154492788,2533.0747240000005,0.0,0.0,217.16542669925008,323.4401708504037,217.16542669925008,18,194
0.54,0.08,0.37999999999999995,1594.7235660106749,1.3777061169934333,2533.0747240000005,0.0,0.0,217.18910387454042,320.54803330126,217.18910387454042,18,194
0.48,0.4,0.12,1617.305943290985,1.360809553382402,2533.0747240000005,0.0,0.0,217.20632899185918,326.4186430293625,217.20632899185918,18,194
0.48,0.38,0.14,1612.3017667365277,1.3625344689908123,2533.0747240000005,0.0,0.0,217.2720166662364,326.08775192120106,217.2720166662364,18,194
0.56,0.02,0.41999999999999993,1599.7403925268472,1.3790874375788704,2533.0747240000005,0.0,0.0,217.33169511437725,319.46057400570686,217.33169511437725,18,194
0.48,0.36,0.16000000000000003,1607.4452546980074,1.3642210066016156,2533.0747240000005,0.0,0.0,217.34196142843595,325.77998758752807,217.34196142843595,18,194
0.52,0.14,0.33999999999999997,1590.722277329286,1.3760578888373112,2533.0747240000005,0.0,0.0,217.37621032805623,321.7599286464522,217.37621032805623,18,194
0.48,0.34,0.18,1602.7361199002369,1.365869179610424,2533.0747240000005,0.0,0.0,217.44003047052107,325.49497332138833,217.44003047052107,18,194
0.5,0.22,0.28,1591.3024118646822,1.3727968454000323,2533.0747240000005,0.0,0.0,217.44180695090202,323.2607371765778,217.44180695090202,18,194
0.48,0.32,0.2,1598.1740976571243,1.3674789971535568,2533.0747240000005,0.0,0.0,217.5391212674141,325.23232939959223,217.5391212674141,18,194
0.54,0.06,0.39999999999999997,1591.773405475045,1.3788983896023572,2533.0747240000005,0.0,0.0,217.5684157764243,320.4827657336901,217.5684157764243,18,194
0.48,0.3,0.22000000000000003,1593.765233404614,1.3690493609986456,2533.0747240000005,0.0,0.0,217.64341023502337,324.9902450807578,217.64341023502337,18,194
0.52,0.12,0.36,1587.461986794287,1.3773319755692437,2533.0747240000005,0.0,0.0,217.64345854882967,321.65337324275396,217.64345854882967,18,194
0.5,0.2,0.3,1587.5519779718372,1.3741984871152477,2533.0747240000005,0.0,0.0,217.70155425476602,323.0963439275743,217.70155425476602,18,194
0.56,0.0,0.43999999999999995,1597.1785538505167,1.3801821135850534,2533.0747240000005,0.0,0.0,217.70509690334694,319.4138954858939,217.70509690334694,18,194
0.46,0.54,0.0,1641.6092746951654,1.3501680596675119,2533.0747240000005,0.0,0.0,217.77460044562983,330.0305929493291,217.77460044562983,18,194
0.48,0.28,0.24,1589.520685958144,1.3705783022236702,2533.0747240000005,0.0,0.0,217.81702247583502,324.7655629079387,217.81702247583502,18,194
0.46,0.52,0.020000000000000018,1635.6311286854195,1.352135112928564,2533.0747240000005,0.0,0.0,217.82306633010975,329.56758415457244,217.82306633010975,18,194
0.52,0.1,0.38,1584.3494403675338,1.3785671637519994,2533.0747240000005,0.0,0.0,217.9292849281537,321.5648710723819,217.9292849281537,18,194
0.46,0.5,0.040000000000000036,1629.8049577205818,1.3540631534970067,2533.0747240000005,0.0,0.0,217.9311898960812,329.1301455905814,217.9311898960812,18,194
0.5,0.18,0.32,1583.9466923053185,1.3755618598038641,2533.0747240000005,0.0,0.0,217.95910909237745,322.95192512756034,217.95910909237745,18,194
0.54,0.04,0.42,1588.9819540160006,1.3800497940496654,2533.0747240000005,0.0,0.0,217.96729555710087,320.4316447434679,217.96729555710087,18,194
0.46,0.48,0.06000000000000005,1624.131964266524,1.3559519306356314,2533.0747240000005,0.0,0.0,218.0319413676622,328.71766230851796,218.0319413676622,18,194
0.48,0.26,0.26,1585.4218823076328,1.3720690568763418,2533.0747240000005,0.0,0.0,218.03971007055563,324.5619623422452,218.03971007055563,18,194
0.46,0.46,0.08000000000000002,1618.6355988758055,1.35779945770942,2533.0747240000005,0.0,0.0,218.12586746151527,328.3215322884627,218.12586746151527,18,194
0.46,0.44,0.10000000000000003,1613.2771902019804,1.359613152312154,2533.0747240000005,0.0,0.0,218.2096522577478,327.9457943764917,218.2096522577478,18,194
0.5,0.16,0.33999999999999997,1580.4864684534177,1.376886938479983,2533.0747240000005,0.0,0.0,218.2165086817016,322.82708781246765,218.2165086817016,18,194
0.52,0.08,0.39999999999999997,1581.3711806457122,1.379766860438364,2533.0747240000005,0.0,0.0,218.2372328556852,321.4949594610842,218.2372328556852,18,194
0.48,0.24,0.28,1581.468650831803,1.3735216166205686,2533.0747240000005,0.0,0.0,218.2836527547147,324.37905772020116,218.2836527547147,18,194
0.46,0.42,0.12000000000000005,1608.0673768147303,1.3613884396619196,2533.0747240000005,0.0,0.0,218.28626819521088,327.59387447017855,218.28626819521088,18,194
0.46,0.4,0.14,1603.0058187089794,1.3631253436423358,2533.0747240000005,0.0,0.0,218.35578655863551,327.2653996843935,218.35578655863551,18,194
0.54,0.02,0.43999999999999995,1586.3418737179777,1.381161526992886,2533.0747240000005,0.0,0.0,218.36990174657163,320.3962581102755,218.36990174657163,18,194
0.46,0.38,0.16000000000000003,1598.1038755412203,1.3648218015079574,2533.0747240000005,0.0,0.0,218.4135321389588,326.95757797546264,218.4135321389588,18,194
0.46,0.36,0.18000000000000005,1593.3631172648113,1.3664775251910124,2533.0747240000005,0.0,0.0,218.47550472662445,326.6694299571977,218.47550472662445,18,194
0.5,0.14,0.36,1577.171242384423,1.3781736940820928,2533.0747240000005,0.0,0.0,218.5096210249382,322.721436489547,218.5096210249382,18,194
0.48,0.22,0.30000000000000004,1577.6608448821357,1.37493596840998,2533.0747240000005,0.0,0.0,218.55712075089113,324.2164604439617,218.55712075089113,18,194
0.46,0.34,0.2,1588.7690044875967,1.3680950815478976,2533.0747240000005,0.0,0.0,218.5767798052865,326.40344838043325,218.5767798052865,18,194
0.52,0.06,0.42,1578.528214722441,1.3809307418236105,2533.0747240000005,0.0,0.0,218.63081771891046,321.44325065884306,218.63081771891046,18,194
0.46,0.32,0.22000000000000003,1584.3212771468598,1.369674479744203,2533.0747240000005,0.0,0.0,218.6826077789235,326.15925533738687,218.6826077789235,18,194
0.54,0.0,0.45999999999999996,1583.846500508764,1.3822346399633392,2533.0747240000005,0.0,0.0,218.7654758548977,320.37821030474885,218.7654758548977,18,194
0.44,0.56,0.0,1632.8528124121779,1.3506533436450292,2533.0747240000005,0.0,0.0,218.79237508505477,331.18930163538545,218.79237508505477,18,194
0.5,0.12,0.38,1574.0009712500214,1.379422093759635,2533.0747240000005,0.0,0.0,218.8106118632899,322.63457335608194,218.8106118632899,18,194
0.48,0.2,0.32,1573.9983423321537,1.3763120946070837,2533.0747240000005,0.0,0.0,218.82926200842388,324.0737790904709,218.82926200842388,18,194
0.46,0.3,0.24000000000000005,1580.0196997494565,1.3712157242751197,2533.0747240000005,0.0,0.0,218.8323462753663,325.9364699607155,218.8323462753663,18,194
0.44,0.54,0.020000000000000018,1626.832955667145,1.3526253976193288,2533.0747240000005,0.0,0.0,218.86159739157165,330.74196890066423,218.86159739157165,18,194
0.44,0.52,0.040000000000000036,1620.9997230548238,1.3545528760417855,2533.0747240000005,0.0,0.0,218.93118340659117,330.3081284578614,218.93118340659117,18,194
0.46,0.28,0.26,1575.8640618865184,1.3727188148675808,2533.0747240000005,0.0,0.0,218.99390087543006,325.73470842329783,218.99390087543006,18,194
0.44,0.5,0.06000000000000005,1615.293676462043,1.3564488196666677,2533.0747240000005,0.0,0.0,219.0396808093942,329.89633541410217,219.0396808093942,18,194
0.52,0.04,0.44,1575.8300154137382,1.3820561106567415,2533.0747240000005,0.0,0.0,219.0422356483858,321.4092239460487,219.0422356483858,18,194
0.5,0.1,0.4,1570.9756320093709,1.3806321011995888,2533.0747240000005,0.0,0.0,219.10378857149487,322.5660985485625,219.10378857149487,18,194
0.48,0.18,0.34,1570.4810448808496,1.3776499731576244,2533.0747240000005,0.0,0.0,219.10870924891668,323.9506195531627,219.10870924891668,18,194
0.44,0.48,0.08000000000000007,1609.7360143582996,1.3583066255651228,2533.0747240000005,0.0,0.0,219.14542730290674,329.50903503547704,219.14542730290674,18,194
0.44,0.46,0.10000000000000003,1604.3449449957989,1.3601228351365704,2533.0747240000005,0.0,0.0,219.2369212668704,329.14267896165023,219.2369212668704,18,194
0.46,0.26,0.28,1571.8541784357744,1.374183746452718,2533.0747240000005,0.0,0.0,219.24041094303513,325.55358396878796,219.24041094303513,18,194
0.44,0.44,0.12000000000000005,1599.1114185809565,1.361899079116582,2533.0747240000005,0.0,0.0,219.33453737318268,328.7982828216961,219.33453737318268,18,194
0.48,0.16,0.36,1567.108877130919,1.3789495778154177,2533.0747240000005,0.0,0.0,219.42319447156572,323.84658521597385,219.42319447156572,18,194
0.44,0.42,0.14000000000000007,1594.0211730044966,1.363638930387208,2533.0747240000005,0.0,0.0,219.4256694764825,328.47574735287014,219.4256694764825,18,194
0.5,0.08,0.42,1568.095219893373,1.3818036769886013,2533.0747240000005,0.0,0.0,219.44507233644126,322.5156104211018,219.44507233644126,18,194
0.52,0.02,0.45999999999999996,1573.276617190979,1.3831429204796652,2533.0747240000005,0.0,0.0,219.44859197052998,321.3924757114436,219.44859197052998,18,194
0.46,0.24,0.30000000000000004,1567.9898894715705,1.3756105092040434,2533.0747240000005,0.0,0.0,219.4949063567845,325.39270697401406,219.4949063567845,18,194
0.44,0.4,0.16000000000000003,1589.0621729422994,1.3653473151668718,2533.0747240000005,0.0,0.0,219.50505456383993,328.1707089575728,219.50505456383993,18,194
0.44,0.38,0.18000000000000005,1584.2498855468102,1.3670176461940708,2533.0747240000005,0.0,0.0,219.57691238804225,327.8882508962253,219.57691238804225,18,194
0.44,0.36,0.20000000000000007,1579.5928271371292,1.3686483251342292,2533.0747240000005,0.0,0.0,219.65246201883804,327.6257990405512,219.65246201883804,18,194
0.48,0.14,0.38,1563.881785462213,1.3802108784129703,2533.0747240000005,0.0,0.0,219.74273578018287,323.76127715913094,219.74273578018287,18,194
0.44,0.34,0.22000000000000003,1575.0887124559779,1.3702397147794079,2533.0747240000005,0.0,0.0,219.7460184334401,327.3834938061068,219.7460184334401,18,194
0.46,0.22,0.32000000000000006,1564.2710599029913,1.376999088636704,2533.0747240000005,0.0,0.0,219.76318927237816,325.25168504385425,219.76318927237816,18,194
0.42,0.58,1.1102230246251565e-16,1624.3698465364043,1.3510750202392363,2533.0747240000005,0.0,0.0,219.79081679419062,332.37706307905853,219.79081679419062,18,194
0.5,0.06,0.44,1565.359746728038,1.3829367790063196,2533.0747240000005,0.0,0.0,219.8445991542271,322.48270585167234,219.8445991542271,18,194
0.52,0.0,0.48,1570.8680665351378,1.3841911231909463,2533.0747240000005,0.0,0.0,219.8469941311027,321.3926015825749,219.8469941311027,18,194
0.42,0.56,0.020000000000000018,1618.3019684693104,1.3530566376642799,2533.0747240000005,0.0,0.0,219.86350042625995,331.93157950698856,219.86350042625995,18,194
0.44,0.32,0.24000000000000005,1570.7309609553117,1.3717929783134493,2533.0747240000005,0.0,0.0,219.90210184373666,327.1625367148911,219.90210184373666,18,194
0.42,0.54,0.040000000000000036,1612.4074760964122,1.3549956280908337,2533.0747240000005,0.0,0.0,219.92532419053728,331.50734725493703,219.92532419053728,18,194
0.42,0.52,0.06000000000000005,1606.6829175069056,1.356892921349418,2533.0747240000005,0.0,0.0,220.0095945324541,331.1008202563096,220.0095945324541,18,194
0.48,0.12,0.4,1560.7997367205319,1.3814338411732958,2533.0747240000005,0.0,0.0,220.05389252821945,323.69429439581114,220.05389252821945,18,194
0.46,0.2,0.34,1560.69757886075,1.378349465763077,2533.0747240000005,0.0,0.0,220.0561091502568,325.130123138839,220.0561091502568,18,194
0.44,0.3,0.26000000000000006,1566.5193481873237,1.3733081188219636,2533.0747240000005,0.0,0.0,220.0846395117356,326.96254294254663,220.0846395117356,18,194
0.42,0.5,0.08000000000000007,1601.1206475148888,1.358749813374524,2533.0747240000005,0.0,0.0,220.11983250944542,330.71342813624426,220.11983250944542,18,194
0.42,0.48,0.10000000000000009,1595.7061101478134,1.3605686785062068,2533.0747240000005,0.0,0.0,220.23876585527313,330.35003823785564,220.23876585527313,18,194
0.5,0.04,0.46,1562.7692391351563,1.3840313628457221,2533.0747240000005,0.0,0.0,220.25377303092262,322.4669805745539,220.25377303092262,18,194
0.44,0.28,0.28,1562.4536750607767,1.3747851345829316,2533.0747240000005,0.0,0.0,220.33484685259756,326.7831248253377,220.33484685259756,18,194
0.42,0.46,0.12000000000000005,1590.4337368200017,1.3623511850456622,2533.0747240000005,0.0,0.0,220.36559520107565,330.0095415013836,220.36559520107565,18,194
0.48,0.1,0.42000000000000004,1557.8627167412685,1.3826184290584222,2533.0747240000005,0.0,0.0,220.3688643081677,323.64523413860235,220.3688643081677,18,194
0.46,0.18,0.36000000000000004,1557.2693588534712,1.3796616172999943,2533.0747240000005,0.0,0.0,220.38369152356213,325.0276237353333,220.38369152356213,18,194
0.42,0.44,0.14000000000000007,1585.2934369806162,1.3641004676699287,2533.0747240000005,0.0,0.0,220.48355770405828,329.69011027238423,220.48355770405828,18,194
0.42,0.42,0.1600000000000001,1580.300649413671,1.3658115949227585,2533.0747240000005,0.0,0.0,220.5963055603828,329.3935927300213,220.5963055603828,18,194
0.44,0.26,0.30000000000000004,1558.5337678471842,1.376224019083512,2533.0747240000005,0.0,0.0,220.60134777632973,326.6238919078528,220.60134777632973,18,194
0.5,0.02,0.48,1560.3237366277676,1.3850873822564371,2533.0747240000005,0.0,0.0,220.66420432830742,322.46802953716724,220.66420432830742,18,194
0.42,0.4,0.18000000000000005,1575.4550416673,1.3674845907839195,2533.0747240000005,0.0,0.0,220.70063408422934,329.11961049176995,220.70063408422934,18,194
0.46,0.16,0.38,1553.9863347138526,1.3809355159229164,2533.0747240000005,0.0,0.0,220.70732091804732,324.9437870178065,220.70732091804732,18,194
0.48,0.08,0.44,1555.070728727073,1.3837646021502215,2533.0747240000005,0.0,0.0,220.7228331383531,323.6136920943267,220.7228331383531,18,194
0.42,0.38,0.20000000000000007,1570.7563031743707,1.3691194751394253,2533.0747240000005,0.0,0.0,220.79661404756507,328.86778253909665,220.79661404756507,18,194
0.4,0.6,0.0,1615.9540361436796,1.3514807382097558,2533.0747240000005,0.0,0.0,220.8353109830712,333.60301619284996,220.8353109830712,18,194
0.4,0.58,0.020000000000000018,1610.051782399597,1.3534179596679783,2533.0747240000005,0.0,0.0,220.86821393110924,333.15981534655623,220.86821393110924,18,194
0.44,0.24,0.32000000000000006,1554.759477909873,1.3776247610990051,2533.0747240000005,0.0,0.0,220.89043858855408,326.4844510232418,220.89043858855408,18,194
0.42,0.36,0.22000000000000008,1566.1840697183443,1.3707246754750062,2533.0747240000005,0.0,0.0,220.8996074376617,328.6308484633835,220.8996074376617,18,194
0.4,0.56,0.039999999999999925,1604.1077481929478,1.3553668099626774,2533.0747240000005,0.0,0.0,220.95684573499406,332.7365318881918,220.95684573499406,18,194
0.46,0.14,0.4,1550.8484623548566,1.382171130562434,2533.0747240000005,0.0,0.0,221.03280441750394,324.8782111024192,221.03280441750394,18,194
0.42,0.34,0.24000000000000005,1561.7575431238586,1.372292053334223,2533.0747240000005,0.0,0.0,221.05527332974714,328.41515663988054,221.05527332974714,18,194
0.4,0.54,0.05999999999999994,1598.3123433893425,1.3572776231690986,2533.0747240000005,0.0,0.0,221.0682689962509,332.33799248668527,221.0682689962509,18,194
0.5,0.0,0.5,1558.0232896170842,1.3861047896071916,2533.0747240000005,0.0,0.0,221.0938223046768,322.4854472793822,221.0938223046768,18,194
0.48,0.06,0.46,1552.4237914977718,1.3848723180593405,2533.0747240000005,0.0,0.0,221.0968945169489,323.59926278571265,221.0968945169489,18,194
0.44,0.22,0.3400000000000001,1551.1306811765871,1.3789873448292818,2533.0747240000005,0.0,0.0,221.17070267518727,326.3644064062655,221.17070267518727,18,194
0.4,0.52,0.07999999999999996,1592.66560138313,1.3591503646493008,2533.0747240000005,0.0,0.0,221.20058568023254,331.9636609019495,221.20058568023254,18,194
0.42,0.32,0.26000000000000006,1557.4768871839701,1.3738214466816319,2533.0747240000005,0.0,0.0,221.26520259362084,328.220459474248,221.26520259362084,18,194
0.4,0.5,0.09999999999999998,1587.197848551658,1.3609799661908781,2533.0747240000005,0.0,0.0,221.32363172169246,331.60195312905915,221.32363172169246,18,194
0.46,0.12,0.42000000000000004,1547.8557173555907,1.3833684267385888,2533.0747240000005,0.0,0.0,221.35169828255502,324.8304922908689,221.35169828255502,18,194
0.4,0.48,0.12,1581.8777481155298,1.3627715789555002,2533.0747240000005,0.0,0.0,221.46340127206875,331.2638234379772,221.46340127206875,18,194
0.44,0.2,0.36000000000000004,1547.6472773762118,1.3803117500879554,2533.0747240000005,0.0,0.0,221.48066669155006,326.2633598391604,221.48066669155006,18,194
0.48,0.04,0.48000000000000004,1549.9219376303222,1.3859415323581652,2533.0747240000005,0.0,0.0,221.48422610139147,323.6015398981147,221.48422610139147,18,194
0.42,0.3,0.2800000000000001,1553.341889327914,1.3753128569685933,2533.0747240000005,0.0,0.0,221.49794690319558,328.0463682249456,221.49794690319558,18,194
0.4,0.46,0.13999999999999996,1576.704911180583,1.3645252383651727,2533.0747240000005,0.0,0.0,221.5946120977405,330.948900883535,221.5946120977405,18,194
0.46,0.1,0.44000000000000006,1545.008093396173,1.3845273669286062,2533.0747240000005,0.0,0.0,221.70627018734947,324.8002253531413,221.70627018734947,18,194
0.4,0.44,0.15999999999999998,1571.6789660560908,1.366240976763095,2533.0747240000005,0.0,0.0,221.7173441308741,330.6568122658076,221.7173441308741,18,194
0.42,0.28,0.30000000000000004,1549.3523626313913,1.376766280795619,2533.0747240000005,0.0,0.0,221.77038207118608,327.892491348117,221.77038207118608,18,194
0.44,0.18,0.38000000000000006,1544.3091890601195,1.3815979525396265,2533.0747240000005,0.0,0.0,221.80616018443226,326.1809108298908,221.80616018443226,18,194
0.4,0.42,0.18,1566.7995605747828,1.36791882291169,2533.0747240000005,0.0,0.0,221.8316738664371,330.3871819897128,221.8316738664371,18,194
0.48,0.02,0.5,1547.5652115055375,1.3869721990339527,2533.0747240000005,0.0,0.0,221.9023975540082,323.620116649398,221.9023975540082,18,194
0.4,0.4,0.19999999999999996,1562.0564861583316,1.3695620045342756,2533.0747240000005,0.0,0.0,221.95428486927756,330.1380614127551,221.95428486927756,18,194
0.42,0.26,0.32000000000000006,1545.5081456384405,1.3781817099707643,2533.0747240000005,0.0,0.0,222.0340998541036,327.75843456275845,222.0340998541036,18,194
0.46,0.08,0.46,1542.3056005599342,1.3856479109638042,2533.0747240000005,0.0,0.0,222.06621916299036,324.7870038376999,222.06621916299036,18,194
0.4,0.38,0.21999999999999997,1557.4517701134127,1.3711698383265423,2533.0747240000005,0.0,0.0,222.08431131246704,329.90933759226687,222.08431131246704,18,194
0.38,0.62,0.0,1606.9149638487363,1.3520477930088166,2533.0747240000005,0.0,0.0,222.0996283303559,334.85436407311346,222.0996283303559,18,194
0.44,0.16,0.4,1541.1163604283795,1.3828459239805675,2533.0747240000005,0.0,0.0,222.12997118940953,326.1166568220807,222.12997118940953,18,194
0.38,0.6,0.020000000000000018,1601.1281924148138,1.353951542053759,2533.0747240000005,0.0,0.0,222.15966124602463,334.4185119433645,222.15966124602463,18,194
0.38,0.58,0.040000000000000036,1595.4920562873133,1.3558168671042725,2533.0747240000005,0.0,0.0,222.21058591401507,334.00667603116153,222.21058591401507,18,194
0.4,0.36,0.24,1552.993590742648,1.3727396123764144,2533.0747240000005,0.0,0.0,222.2418369215162,329.7019382026699,222.2418369215162,18,194
0.38,0.56,0.05999999999999994,1590.0059803144807,1.357643846855628,2533.0747240000005,0.0,0.0,222.25404558838986,333.6184950459231,222.25404558838986,18,194
0.42,0.24,0.3400000000000001,1541.8091019215396,1.3795591316265894,2533.0747240000005,0.0,0.0,222.2991880687563,327.6438009489123,222.2991880687563,18,194
0.48,0.0,0.52,1545.353667277733,1.3879642709584081,2533.0747240000005,0.0,0.0,222.34314801655367,323.65458618095744,222.34314801655367,18,194
0.38,0.54,0.07999999999999996,1584.4480018094728,1.3594901904180823,2533.0747240000005,0.0,0.0,222.35549052893126,333.24900396671813,222.35549052893126,18,194
0.46,0.06,0.48000000000000004,1539.7482635208994,1.3867300164515752,2533.0747240000005,0.0,0.0,222.44358485853581,324.79042040735226,222.44358485853581,18,194
0.44,0.14,0.42000000000000004,1538.0687559806474,1.3840556326583082,2533.0747240000005,0.0,0.0,222.44476147935288,326.07019343563843,222.44476147935288,18,194
0.4,0.34,0.25999999999999995,1548.6816950691757,1.3742713363568653,2533.0747240000005,0.0,0.0,222.4459637694958,329.51547352846234,222.4459637694958,18,194
0.38,0.52,0.09999999999999998,1578.8963532779792,1.3613354812562042,2533.0747240000005,0.0,0.0,222.45852179508395,332.90030810175864,222.45852179508395,18,194
0.38,0.5,0.12,1573.507681819268,1.3631403151494703,2533.0747240000005,0.0,0.0,222.55859591830333,332.56967221657766,222.55859591830333,18,194
0.42,0.22,0.3600000000000001,1538.2551194005493,1.380898528391005,2533.0747240000005,0.0,0.0,222.6213226948399,327.5481910788879,222.6213226948399,18,194
0.4,0.32,0.27999999999999997,1544.5004007161751,1.3757714914425814,2533.0747240000005,0.0,0.0,222.6371269112913,329.34426657268205,222.6371269112913,18,194
0.38,0.48,0.14,1568.2829798670134,1.3649044790422373,2533.0747240000005,0.0,0.0,222.68995481030183,332.25625090378236,222.68995481030183,18,194
0.44,0.12,0.44000000000000006,1535.1663590109836,1.3852270436257221,2533.0747240000005,0.0,0.0,222.76836220940075,326.0411147368009,222.76836220940075,18,194
0.46,0.04,0.5,1537.336119633494,1.3877736392185267,2533.0747240000005,0.0,0.0,222.8147311523839,324.81006719896993,222.8147311523839,18,194
0.38,0.46,0.15999999999999998,1563.2054618727473,1.366630728693006,2533.0747240000005,0.0,0.0,222.8295423799924,331.9656008487019,222.8295423799924,18,194
0.4,0.3,0.3,1540.4595521469337,1.3772358731166494,2533.0747240000005,0.0,0.0,222.89895743621872,329.19142187924115,222.89895743621872,18,194
0.42,0.2,0.38000000000000006,1534.8461094410138,1.3821998786072949,2533.0747240000005,0.0,0.0,222.9359568109725,327.47120318126196,222.9359568109725,18,194
0.38,0.44,0.18,1558.274761684505,1.3683190960981713,2533.0747240000005,0.0,0.0,222.97136513827027,331.6973456380283,222.97136513827027,18,194
0.38,0.42,0.2,1553.4905340358052,1.3699696093895977,2533.0747240000005,0.0,0.0,223.12240302995872,331.4511065156465,223.12240302995872,18,194
0.44,0.1,0.4600000000000001,1532.4091699652936,1.3863601191253132,2533.0747240000005,0.0,0.0,223.12479254597235,326.0290135361592,223.12479254597235,18,194
0.4,0.28,0.31999999999999995,1536.5641724625657,1.378662298614048,2533.0747240000005,0.0,0.0,223.16686866369938,329.0583320398065,223.16686866369938,18,194
0.42,0.18,0.4000000000000001,1531.5981257265441,1.383460117287596,2533.0747240000005,0.0,0.0,223.23583980566357,327.4084454598857,223.23583980566357,18,194
0.46,0.02,0.52,1535.0692169407002,1.3887787337710582,2533.0747240000005,0.0,0.0,223.2359699416017,324.845536205036,223.2359699416017,18,194
0.38,0.4,0.21999999999999997,1548.8524562110704,1.3715822924807903,2533.0747240000005,0.0,0.0,223.26435503378454,331.2265022703422,223.26435503378454,18,194
0.38,0.38,0.24,1544.360229344442,1.373157164795336,2533.0747240000005,0.0,0.0,223.4095143515701,331.0231491485028,223.4095143515701,18,194
0.36,0.64,0.0,1598.0320841037915,1.3525736357813323,2533.0747240000005,0.0,0.0,223.41170359508692,336.1535983051969,223.41170359508692,18,194
0.4,0.26,0.33999999999999997,1532.8141103757896,1.3800507585772637,2533.0747240000005,0.0,0.0,223.42630431883606,328.9446000888589,223.42630431883606,18,194
0.44,0.08,0.48000000000000004,1529.7972046793102,1.3874548189996068,2533.0747240000005,0.0,0.0,223.47207824408486,326.0334817129709,223.47207824408486,18,194
0.36,0.62,0.020000000000000018,1592.197504549255,1.3544856204690714,2533.0747240000005,0.0,0.0,223.4741437225221,335.72209371910697,223.4741437225221,18,194
0.36,0.6,0.040000000000000036,1586.5138861990883,1.3563591790885294,2533.0747240000005,0.0,0.0,223.5274090438627,335.31454037293673,223.5274090438627,18,194
0.42,0.16,0.42000000000000004,1528.4965070355481,1.3846819515485633,2533.0747240000005,0.0,0.0,223.54347642859767,327.3631517416159,223.54347642859767,18,194
0.36,0.58,0.06000000000000005,1580.980645896597,1.358194392170072,2533.0747240000005,0.0,0.0,223.5716188455402,334.93057456900834,223.5716188455402,18,194
0.38,0.36,0.26,1540.0135793692716,1.3746942410736522,2533.0747240000005,0.0,0.0,223.61568893186046,330.84066079441004,223.61568893186046,18,194
0.36,0.56,0.07999999999999996,1575.5953624524261,1.35999210492857,2533.0747240000005,0.0,0.0,223.62496981875768,334.56932711900646,223.62496981875768,18,194
0.46,0.0,0.54,1532.947612116016,1.3897452537698265,2533.0747240000005,0.0,0.0,223.67877394042034,324.89641967494566,223.67877394042034,18,194
0.36,0.54,0.09999999999999998,1570.3561378802124,1.361752967423521,2533.0747240000005,0.0,0.0,223.689313782377,334.2300325744432,223.689313782377,18,194
0.4,0.24,0.36,1529.2092392650795,1.3814012390793982,2533.0747240000005,0.0,0.0,223.71803565064081,328.84982659845525,223.71803565064081,18,194
0.36,0.52,0.12,1565.2657325647785,1.36347568397603,2533.0747240000005,0.0,0.0,223.76461083018793,333.91322713396414,223.76461083018793,18,194
0.38,0.34,0.27999999999999997,1535.7991653994009,1.3761979303423597,2533.0747240000005,0.0,0.0,223.8160213340945,330.6762687886437,223.8160213340945,18,194
0.44,0.06,0.5,1527.3304925143273,1.3885111011236744,2533.0747240000005,0.0,0.0,223.83971367433165,326.0541105639637,223.83971367433165,18,194
0.42,0.14,0.44000000000000006,1525.5401807447147,1.3858655455441242,2533.0747240000005,0.0,0.0,223.85366758027484,327.33517481520516,223.85366758027484,18,194
0.36,0.5,0.14,1560.050072981802,1.3652314827110168,2533.0747240000005,0.0,0.0,223.88110313911704,333.61417411912606,223.88110313911704,18,194
0.36,0.48,0.16000000000000003,1554.9200353797887,1.3669682884073606,2533.0747240000005,0.0,0.0,223.99805202580964,333.3254859266545,223.99805202580964,18,194
0.4,0.22,0.38,1525.7494563531163,1.3827137218263317,2533.0747240000005,0.0,0.0,224.01566610458977,328.7736098270475,224.01566610458977,18,194
0.38,0.32,0.3,1531.72819504288,1.3776644713494943,2533.0747240000005,0.0,0.0,224.03336556670902,330.53150413416387,224.03336556670902,18,194
0.36,0.46,0.18,1549.9387627762994,1.368666942898648,2533.0747240000005,0.0,0.0,224.14160681962983,333.0585325078787,224.14160681962983,18,194
0.42,0.12,0.4600000000000001,1522.7291367930577,1.387010864106887,2533.0747240000005,0.0,0.0,224.20508128211867,327.3241069889287,224.20508128211867,18,194
0.44,0.04,0.52,1525.009074407067,1.3895289218560383,2533.0747240000005,0.0,0.0,224.23334562040853,326.0904911746545,224.23334562040853,18,194
0.36,0.44,0.2,1545.1042332133397,1.370327754274479,2533.0747240000005,0.0,0.0,224.28335843839184,332.81352802290616,224.28335843839184,18,194
0.38,0.3,0.32,1527.8030643245975,1.3790929998881851,2533.0747240000005,0.0,0.0,224.287128078544,330.4064261864848,224.287128078544,18,194
0.4,0.2,0.39999999999999997,1522.434681680002,1.3839881844044821,2533.0747240000005,0.0,0.0,224.3255802040489,328.71554590068484,224.3255802040489,18,194
0.36,0.42,0.22000000000000003,1540.416108870223,1.371950749904311,2533.0747240000005,0.0,0.0,224.4268148184832,332.59009092035853,224.4268148184832,18,194
0.38,0.28,0.33999999999999997,1524.0128697388752,1.380488009927128,2533.0747240000005,0.0,0.0,224.55453034250274,330.29697341882655,224.55453034250274,18,194
0.42,0.1,0.4800000000000001,1520.0633812720964,1.388117869503374,2533.0747240000005,0.0,0.0,224.5568513780271,327.32953959702775,224.5568513780271,18,194
0.36,0.4,0.24,1535.874075378768,1.373535952761708,2533.0747240000005,0.0,0.0,224.56388211498063,332.3878372603287,224.56388211498063,18,194
0.4,0.18,0.42,1519.2648568911495,1.3852246005696132,2533.0747240000005,0.0,0.0,224.62666110148885,328.6752290257485,224.62666110148885,18,194
0.44,0.02,0.54,1522.8330008491255,1.39050823650439,2533.0747240000005,0.0,0.0,224.63428605433091,326.14221481113896,224.63428605433091,18,194
0.36,0.38,0.26,1531.4778428840127,1.3750833812069407,2533.0747240000005,0.0,0.0,224.75417239153091,332.2063806396673,224.75417239153091,18,194
0.34,0.66,0.0,1589.293150621915,1.353062332248667,2533.0747240000005,0.0,0.0,224.75628102926152,337.49874349497685,224.75628102926152,18,194
0.34,0.64,0.019999999999999907,1583.4067327064706,1.3549843646391833,2533.0747240000005,0.0,0.0,224.80336847529958,337.07014454311746,224.80336847529958,18,194
0.38,0.26,0.36,1520.3579110023736,1.3818493106164893,2533.0747240000005,0.0,0.0,224.85035025223945,330.20295328848914,224.85035025223945,18,194
0.34,0.62,0.039999999999999925,1577.67179423495,1.3568679210396246,2533.0747240000005,0.0,0.0,224.85229236472358,336.66541917515497,224.85229236472358,18,194
0.42,0.08,0.5000000000000001,1517.5429346105889,1.3891865218553263,2533.0747240000005,0.0,0.0,224.89943739816613,327.35106333688634,224.89943739816613,18,194
0.34,0.6,0.05999999999999994,1572.0877459228445,1.3587130833093912,2533.0747240000005,0.0,0.0,224.90102705520772,336.28420095800243,224.90102705520772,18,194
0.4,0.16,0.43999999999999995,1516.2399438593407,1.3864229405722301,2533.0747240000005,0.0,0.0,224.9189040736162,328.65225173211036,224.9189040736162,18,194
0.34,0.58,0.07999999999999996,1566.6539951052894,1.360519934873004,2533.0747240000005,0.0,0.0,224.94074528505064,335.92612402059467,224.94074528505064,18,194
0.36,0.36,0.28,1527.2271467698474,1.3765930488445635,2533.0747240000005,0.0,0.0,224.96367360546637,332.0453321464455,224.96367360546637,18,194
0.34,0.56,0.09999999999999987,1561.3699502555353,1.3622885597241687,2533.0747240000005,0.0,0.0,225.02145741255407,335.59082285116233,225.02145741255407,18,194
0.44,0.0,0.56,1520.8023298107023,1.3914489998027375,2533.0747240000005,0.0,0.0,225.03846796980932,326.20887333019215,225.03846796980932,18,194
0.34,0.54,0.11999999999999988,1556.2350250867466,1.3640190415232254,2533.0747240000005,0.0,0.0,225.1013250176482,335.27793208778587,225.1013250176482,18,194
0.38,0.24,0.38,1516.8481591357763,1.3831726605197445,2533.0747240000005,0.0,0.0,225.13742152509755,330.12742308643647,225.13742152509755,18,194
0.36,0.34,0.3,1523.1217480685648,1.3780649644516265,2533.0747240000005,0.0,0.0,225.16426613841713,331.90430034530294,225.16426613841713,18,194
0.34,0.52,0.1399999999999999,1551.2486422385773,1.3657114627875826,2533.0747240000005,0.0,0.0,225.18874412650126,334.987086308242,225.18874412650126,18,194
0.4,0.14,0.45999999999999996,1513.3599231599346,1.3875831715152296,2533.0747240000005,0.0,0.0,225.23617782152874,328.6462051453415,225.23617782152874,18,194
0.42,0.06,0.52,1515.1678296691384,1.39021677958031,2533.0747240000005,0.0,0.0,225.27024694564125,327.3882686293812,225.27024694564125,18,194
0.34,0.5,0.15999999999999992,1546.4102365530653,1.3673659041740425,2533.0747240000005,0.0,0.0,225.2847970874509,334.71791982465425,225.2847970874509,18,194
0.34,0.48,0.17999999999999994,1541.7325393726112,1.3689802261325013,2533.0747240000005,0.0,0.0,225.387206030309,334.46538737884276,225.387206030309,18,194
0.38,0.22,0.4,1513.4835198325009,1.3844580406103577,2533.0747240000005,0.0,0.0,225.4157542709726,330.0699791994548,225.4157542709726,18,194
0.36,0.32,0.32,1519.1614335740112,1.3794991319720646,2533.0747240000005,0.0,0.0,225.42741782894447,331.78289129485273,225.42741782894447,18,194
0.34,0.46,0.1999999999999999,1536.8948799307582,1.3706382356994935,2533.0747240000005,0.0,0.0,225.51447629259908,334.2234673732269,225.51447629259908,18,194
0.4,0.12,0.48,1510.6247924173817,1.3887052577396393,2533.0747240000005,0.0,0.0,225.59864430698082,328.6566792864301,225.59864430698082,18,194
0.34,0.44,0.21999999999999992,1532.1624001085254,1.3722692229434237,2533.0747240000005,0.0,0.0,225.64128008974183,334.0025298358729,225.64128008974183,18,194
0.42,0.04,0.54,1512.938109760294,1.3912085998480332,2533.0747240000005,0.0,0.0,225.66848335533052,327.44074600038067,225.66848335533052,18,194
0.36,0.3,0.34,1515.3442159824006,1.3808961784587972,2533.0747240000005,0.0,0.0,225.68486281352926,331.6803346261845,225.68486281352926,18,194
0.38,0.2,0.42,1510.2639208869853,1.3857054279280527,2533.0747240000005,0.0,0.0,225.70362164267874,330.0302161011841,225.70362164267874,18,194
0.34,0.42,0.23999999999999994,1527.5745066450536,1.373863150185405,2533.0747240000005,0.0,0.0,225.77413359466945,333.8022440487353,225.77413359466945,18,194
0.34,0.4,0.2599999999999999,1523.1294111601962,1.3754206979038683,2533.0747240000005,0.0,0.0,225.93138547390072,333.6217345837607,225.93138547390072,18,194
0.4,0.1,0.5,1508.0345645405796,1.389789161234433,2533.0747240000005,0.0,0.0,225.95197034452983,328.68326339726724,225.95197034452983,18,194
0.36,0.28,0.36,1511.6605246693325,1.3822594338763605,2533.0747240000005,0.0,0.0,225.98223917537024,331.5941616901539,225.98223917537024,18,194
0.38,0.18,0.44,1507.1893108849326,1.386914795888957,2533.0747240000005,0.0,0.0,225.99985656678277,330.0077265805996,225.99985656678277,18,194
0.42,0.02,0.56,1510.8538266089954,1.3921619390489495,2533.0747240000005,0.0,0.0,226.0700070767572,327.50808648128424,226.0700070767572,18,194
0.34,0.38,0.2799999999999999,1518.8300666125608,1.376940507727092,2533.0747240000005,0.0,0.0,226.13934212671376,333.4615633199594,226.13934212671376,18,194
0.32,0.68,0.0,1580.7168859223698,1.3535058577914019,2533.0747240000005,0.0,0.0,226.17500090104198,338.8948991543086,226.17500090104198,18,194
0.32,0.66,0.019999999999999907,1574.779195833018,1.355437753003175,2533.0747240000005,0.0,0.0,226.20402226517058,338.46918997104405,226.20402226517058,18,194
0.32,0.64,0.039999999999999925,1568.9935106290127,1.3573311202384493,2533.0747240000005,0.0,0.0,226.22382483196355,338.06727304648985,226.22382483196355,18,194
0.32,0.62,0.05999999999999994,1563.3592354152552,1.3591860425362783,2533.0747240000005,0.0,0.0,226.2663969112278,337.6887792699381,226.2663969112278,18,194
0.36,0.26,0.38,1508.1223678452143,1.3835846915774168,2533.0747240000005,0.0,0.0,226.28365284326722,331.52640438054016,226.28365284326722,18,194
0.38,0.16,0.45999999999999996,1504.259657742085,1.3880861146289738,2533.0747240000005,0.0,0.0,226.28722702904784,330.0021020000137,226.28722702904784,18,194
0.4,0.08,0.52,1505.5892658637708,1.3908348420665848,2533.0747240000005,0.0,0.0,226.30569344831767,328.7255462900338,226.30569344831767,18,194
0.32,0.6,0.07999999999999996,1557.8757702946948,1.361002604860151,2533.0747240000005,0.0,0.0,226.3195779873329,337.33334036708294,226.3195779873329,18,194
0.34,0.36,0.29999999999999993,1514.6762176630382,1.3784225921598066,2533.0747240000005,0.0,0.0,226.34018984428138,333.32133918000756,226.34018984428138,18,194
0.32,0.58,0.09999999999999998,1552.5425150068697,1.3627808930770882,2533.0747240000005,0.0,0.0,226.37738703392674,337.0005886915799,226.37738703392674,18,194
0.42,0.0,0.5800000000000001,1508.9150382671978,1.3930767532719635,2533.0747240000005,0.0,0.0,226.466073081039,327.58988202641854,226.466073081039,18,194
0.32,0.56,0.11999999999999988,1547.3588731515786,1.364520993029633,2533.0747240000005,0.0,0.0,226.46975384220744,336.69015700821666,226.46975384220744,18,194
0.36,0.24,0.4,1504.7237093528315,1.3848744201511927,2533.0747240000005,0.0,0.0,226.57442554446317,331.4746426725119,226.57442554446317,18,194
0.32,0.54,0.1399999999999999,1542.3242559980386,1.3662229897005485,2533.0747240000005,0.0,0.0,226.57511215153147,336.4016782739352,226.57511215153147,18,194
0.34,0.34,0.3199999999999999,1510.6676346955912,1.3798669588903085,2533.0747240000005,0.0,0.0,226.58048713785962,333.20066868046456,226.58048713785962,18,194
0.38,0.14,0.48,1501.474947110039,1.3892193513761653,2533.0747240000005,0.0,0.0,226.62460412792663,330.01293258105824,226.62460412792663,18,194
0.32,0.52,0.15999999999999992,1537.4380858833529,1.3678869664693198,2533.0747240000005,0.0,0.0,226.6779282621824,336.13478542229757,226.6779282621824,18,194
0.4,0.06,0.54,1503.2889342087358,1.3918422588277468,2533.0747240000005,0.0,0.0,226.72308708415818,328.7831167184977,226.72308708415818,18,194
0.32,0.5,0.17999999999999994,1532.6997992070483,1.369513004458856,2533.0747240000005,0.0,0.0,226.77717628995336,335.88911115654383,226.77717628995336,18,194
0.34,0.32,0.3399999999999999,1506.8041137496084,1.3812736108255737,2533.0747240000005,0.0,0.0,226.84443624675083,333.0991559657622,226.84443624675083,18,194
0.36,0.22,0.42000000000000004,1501.4551187375139,1.3861325201096582,2533.0747240000005,0.0,0.0,226.8523290053141,331.43534706763495,226.8523290053141,18,194
0.32,0.48,0.19999999999999996,1528.108849031137,1.3711011819702335,2533.0747240000005,0.0,0.0,226.86695242444543,335.6642877557326,226.86695242444543,18,194
0.32,0.46,0.21999999999999992,1523.6931367260966,1.3726468115072827,2533.0747240000005,0.0,0.0,226.96281220731333,335.45006749908026,226.96281220731333,18,194
0.38,0.12,0.5,1498.8351806665764,1.3903144708481363,2533.0747240000005,0.0,0.0,226.97885450699096,330.0398077169892,226.97885450699096,18,194
0.32,0.44,0.23999999999999994,1519.4180413647919,1.3741565557754651,2533.0747240000005,0.0,0.0,227.0664630478806,335.25451714418756,227.0664630478806,18,194
0.36,0.2,0.44,1498.33159581637,1.3873526559429468,2533.0747240000005,0.0,0.0,227.12099563364302,331.4132582627179,227.12099563364302,18,194
0.34,0.3,0.35999999999999993,1503.0854761920525,1.3826425461842207,2533.0747240000005,0.0,0.0,227.13554858990273,333.01640287530734,227.13554858990273,18,194
0.4,0.04,0.5599999999999999,1501.133616883347,1.3928113690940807,2533.0747240000005,0.0,0.0,227.13953269669028,328.85556376914286,227.13953269669028,18,194
0.32,0.42,0.25999999999999995,1514.9304981833586,1.3757217266962518,2533.0747240000005,0.0,0.0,227.2033160727084,335.07624384519914,227.2033160727084,18,194
0.38,0.1,0.52,1496.3403743074841,1.3913714356705351,2533.0747240000005,0.0,0.0,227.34611609491623,330.0823163094695,227.34611609491623,18,194
0.32,0.4,0.2799999999999999,1510.5887438251257,1.377249225381841,2533.0747240000005,0.0,0.0,227.37745143134325,334.9182445181868,227.37745143134325,18,194
0.36,0.18,0.46,1495.3530950561485,1.3885348009696872,2533.0747240000005,0.0,0.0,227.4160870593825,331.40796808671365,227.4160870593825,18,194
0.34,0.28,0.3799999999999999,1499.5115681498999,1.3839737586426624,2533.0747240000005,0.0,0.0,227.41759406114215,332.95200904375264,227.41759406114215,18,194
0.4,0.02,0.58,1499.1289893036028,1.3937410503181304,2533.0747240000005,0.0,0.0,227.54462084726086,328.9410975911435,227.54462084726086,18,194
0.32,0.38,0.29999999999999993,1506.3925049127922,1.3787390684505396,2533.0747240000005,0.0,0.0,227.57790434516116,334.78012900973397,227.57790434516116,18,194
0.3,0.7000000000000001,0.0,1572.2997631119879,1.3539054569789177,2533.0747240000005,0.0,0.0,227.58721623039227,340.34100099819256,227.58721623039227,18,194
0.3,0.68,0.019999999999999907,1566.3113396296128,1.3558470395098359,2533.0747240000005,0.0,0.0,227.6209274039252,339.91816294152176,227.6209274039252,18,194
0.3,0.66,0.039999999999999925,1560.4754535111927,1.3577500400920828,2533.0747240000005,0.0,0.0,227.66137319504304,339.5190322964496,227.66137319504304,18,194
0.3,0.64,0.05999999999999994,1554.7915047979395,1.359614542789241,2533.0747240000005,0.0,0.0,227.7043848142585,339.1432373297245,227.7043848142585,18,194
0.34,0.26,0.3999999999999999,1496.0822597232975,1.3852672375298023,2533.0747240000005,0.0,0.0,227.71644982573395,332.90557203411976,227.71644982573395,18,194
0.38,0.08,0.54,1493.9905562557606,1.3923902068130198,2533.0747240000005,0.0,0.0,227.7277260563041,330.14004712788875,227.7277260563041,18,194
0.36,0.16,0.48,1492.5195893036307,1.3896789254655828,2533.0747240000005,0.0,0.0,227.7447981861489,331.4190671963126,227.7447981861489,18,194
0.3,0.62,0.07999999999999996,1549.2588868454268,1.3614406339614433,2533.0747240000005,0.0,0.0,227.747770050622,338.7904074256067,227.747770050622,18,194
0.32,0.36,0.31999999999999995,1502.341533703058,1.3801912677324413,2533.0747240000005,0.0,0.0,227.7794627446348,334.6615048571263,227.7794627446348,18,194
0.3,0.6,0.09999999999999998,1543.8769910802175,1.3632284012200542,2533.0747240000005,0.0,0.0,227.82844440131313,338.46017287215165,227.82844440131313,18,194
0.3,0.58,0.12,1538.6452113437012,1.3649779324746822,2533.0747240000005,0.0,0.0,227.9303589262608,338.15216463741484,227.9303589262608,18,194
0.4,0.0,0.6,1497.2829840627764,1.3946297361106956,2533.0747240000005,0.0,0.0,227.93563534710447,329.03739482469433,227.93563534710447,18,194
0.34,0.24,0.41999999999999993,1492.792750517469,1.3865247120628545,2533.0747240000005,0.0,0.0,228.01273013067336,332.875485984013,228.01273013067336,18,194
0.3,0.56,0.1399999999999999,1533.5629478225849,1.366689315072544,2533.0747240000005,0.0,0.0,228.0274703191627,337.86601414196247,228.0274703191627,18,194
0.32,0.34,0.3399999999999999,1498.4356081161015,1.381605830283396,2533.0747240000005,0.0,0.0,228.03345092215164,334.561977305655,228.03345092215164,18,194
0.36,0.14,0.5,1489.8310681337002,1.3907849970478254,2533.0747240000005,0.0,0.0,228.09837278156897,331.44614537442476,228.09837278156897,18,194
0.3,0.54,0.15999999999999992,1528.6296105689505,1.368362635029459,2533.0747240000005,0.0,0.0,228.11484645208265,337.601353033473,228.11484645208265,18,194
0.38,0.06,0.56,1491.7857651033505,1.3933707440392082,2533.0747240000005,0.0,0.0,228.14502784023983,330.2125891891823,228.14502784023983,18,194
0.3,0.52,0.17999999999999994,1523.8446226158974,1.3699979763510555,2533.0747240000005,0.0,0.0,228.19892189317574,337.35781296868737,228.19892189317574,18,194
0.3,0.5,0.19999999999999996,1519.2074226974682,1.3715954204421776,2533.0747240000005,0.0,0.0,228.28395570811122,337.1350254074031,228.28395570811122,18,194
0.34,0.22,0.43999999999999995,1489.6420242254253,1.3877465926245975,2533.0747240000005,0.0,0.0,228.30927865465318,332.86092026855204,228.30927865465318,18,194
0.32,0.32,0.35999999999999993,1494.674531500451,1.3829827584577343,2533.0747240000005,0.0,0.0,228.3130260331982,334.4811493589677,228.3130260331982,18,194
0.3,0.48,0.21999999999999997,1514.717467584073,1.3731550456019337,2533.0747240000005,0.0,0.0,228.36862639023397,336.9326214226181,228.36862639023397,18,194
0.36,0.12,0.52,1487.287536094842,1.3918529810814886,2533.0747240000005,0.0,0.0,228.44218499751236,331.4887918537125,228.44218499751236,18,194
0.3,0.46,0.23999999999999994,1510.385482594042,1.3746750408354123,2533.0747240000005,0.0,0.0,228.44649042393823,336.7463672645407,228.44649042393823,18,194
0.3,0.44,0.25999999999999995,1506.2210017548637,1.3761537768257381,2533.0747240000005,0.0,0.0,228.54032185964138,336.57248725298894,228.54032185964138,18,194
0.38,0.04,0.58,1489.7260477996183,1.394313006367358,2533.0747240000005,0.0,0.0,228.5564548318616,330.299532156003,228.5564548318616,18,194
0.32,0.3,0.37999999999999995,1491.0581321537238,1.3843220500350895,2533.0747240000005,0.0,0.0,228.58358796362657,334.4186218626129,228.58358796362657,18,194
0.34,0.2,0.4599999999999999,1486.6355624810565,1.388930878900801,2533.0747240000005,0.0,0.0,228.5960789941629,332.8627244361596,228.5960789941629,18,194
0.3,0.42,0.27999999999999997,1502.202531364948,1.3775948346393188,2533.0747240000005,0.0,0.0,228.66741166290117,336.41785320735846,228.66741166290117,18,194
0.36,0.1,0.54,1484.8890108682363,1.3928828411042062,2533.0747240000005,0.0,0.0,228.78470076795122,331.54659566323863,228.78470076795122,18,194
0.3,0.4,0.29999999999999993,1498.268475922031,1.3790141485490146,2533.0747240000005,0.0,0.0,228.83426463360308,336.2818648012199,228.83426463360308,18,194
0.32,0.28,0.3999999999999999,1487.5849520071924,1.3856242815995676,2533.0747240000005,0.0,0.0,228.864212754992,334.37355915810593,228.864212754992,18,194
0.34,0.18,0.4799999999999999,1483.7540225783537,1.3900856380767048,2533.0747240000005,0.0,0.0,228.86844816922581,332.87400494239154,228.86844816922581,18,194
0.38,0.02,0.6,1487.8114575997902,1.3952169525387084,2533.0747240000005,0.0,0.0,228.9579512710037,330.40046675113297,228.9579512710037,18,194
0.28,0.72,0.0,1564.0384513382392,1.354262307567095,2533.0747240000005,0.0,0.0,229.01357507432277,341.83599735563314,229.01357507432277,18,194
0.3,0.38,0.31999999999999995,1494.1717394877164,1.380475826037179,2533.0747240000005,0.0,0.0,229.01441477567704,336.1637422089545,229.01441477567704,18,194
0.28,0.7000000000000001,0.019999999999999907,1557.9998077511232,1.356213410621556,2533.0747240000005,0.0,0.0,229.07191831052876,341.4160091040074,229.07191831052876,18,194
0.28,0.68,0.039999999999999925,1552.114240850098,1.3581258758558883,2533.0747240000005,0.0,0.0,229.13966684485712,341.01964003555,229.13966684485712,18,194
0.32,0.26,0.41999999999999993,1484.2532686733862,1.3868901784367784,2533.0747240000005,0.0,0.0,229.15661574870123,334.34497987636587,229.15661574870123,18,194
0.36,0.08,0.56,1482.6355213556803,1.393874539265636,2533.0747240000005,0.0,0.0,229.17737012908225,331.619145996239,229.17737012908225,18,194
0.28,0.66,0.05999999999999994,1546.3811461874407,1.3599997881979922,2533.0747240000005,0.0,0.0,229.19919325006123,340.646515846501,229.19919325006123,18,194
0.34,0.16,0.4999999999999999,1481.0175073965477,1.391202407460692,2533.0747240000005,0.0,0.0,229.2107456611865,332.90119904172417,229.2107456611865,18,194
0.3,0.36,0.33999999999999997,1490.2202316390208,1.3818998947376953,2533.0747240000005,0.0,0.0,229.2539580707084,336.0646424465339,229.2539580707084,18,194
0.28,0.64,0.07999999999999996,1540.7999108851757,1.3618352352568646,2533.0747240000005,0.0,0.0,229.26823357606557,340.29626363816436,229.26823357606557,18,194
0.28,0.62,0.09999999999999998,1535.3699185075554,1.3636323062534803,2533.0747240000005,0.0,0.0,229.32691833828594,339.96851169836424,229.32691833828594,18,194
0.38,0.0,0.62,1486.0420519857983,1.3960825414906435,2533.0747240000005,0.0,0.0,229.34947198605775,330.51498518588414,229.34947198605775,18,194
0.28,0.6,0.12,1530.0905535232523,1.3653910910433236,2533.0747240000005,0.0,0.0,229.39021479267757,339.66288927114147,229.39021479267757,18,194
0.32,0.24,0.43999999999999995,1481.0660831856494,1.388118358617524,2533.0747240000005,0.0,0.0,229.4635603071539,334.3334812500528,229.4635603071539,18,194
0.28,0.58,0.14,1524.9612053557144,1.3671116792308535,2533.0747240000005,0.0,0.0,229.49194615288965,339.3790263211251,229.49194615288965,18,194
0.3,0.34,0.35999999999999993,1486.4137385578395,1.3832863608627681,2533.0747240000005,0.0,0.0,229.5385893228837,335.98416955531457,229.5385893228837,18,194
0.34,0.14,0.5199999999999999,1478.4260092465706,1.3922811553305532,2533.0747240000005,0.0,0.0,229.55876326001567,332.9438965391278,229.55876326001567,18,194
0.28,0.56,0.15999999999999992,1519.9812720237392,1.3687941593753388,2533.0747240000005,0.0,0.0,229.5838615077346,339.11655329858945,229.5838615077346,18,194
0.36,0.06,0.5800000000000001,1480.5271057107054,1.3948280367784096,2533.0747240000005,0.0,0.0,229.58970248637482,331.70603259692547,229.58970248637482,18,194
0.28,0.54,0.17999999999999994,1515.150163377405,1.3704386182868564,2533.0747240000005,0.0,0.0,229.66607620234862,338.8751009105724,229.66607620234862,18,194
0.28,0.52,0.19999999999999996,1510.4673039374436,1.3720451404105631,2533.0747240000005,0.0,0.0,229.7454549801965,338.6542999029306,229.7454549801965,18,194
0.32,0.22,0.45999999999999996,1478.0233159455013,1.3893088034777419,2533.0747240000005,0.0,0.0,229.76106932882894,334.3386566787553,229.76106932882894,18,194
0.28,0.5,0.21999999999999997,1505.9321353485388,1.3736138072968531,2533.0747240000005,0.0,0.0,229.82040293545484,338.4537808575666,229.82040293545484,18,194
0.3,0.32,0.37999999999999995,1482.75207149295,1.384635226034021,2533.0747240000005,0.0,0.0,229.83279948122004,335.92192548615486,229.83279948122004,18,194
0.28,0.48,0.24,1501.5441184592971,1.3751446971544845,2533.0747240000005,0.0,0.0,229.88763735085783,338.2731740085593,229.88763735085783,18,194
0.34,0.12,0.5399999999999999,1475.9795343411802,1.3933218479747416,2533.0747240000005,0.0,0.0,229.89698372914765,333.00168696773926,229.89698372914765,18,194
0.28,0.46,0.25999999999999995,1497.3027350434588,1.3766378844833753,2533.0747240000005,0.0,0.0,229.9624617975628,338.1121090803185,229.9624617975628,18,194
0.36,0.04,0.6,1478.5638093262783,1.3957432943774863,2533.0747240000005,0.0,0.0,229.9953951336789,331.80684616420604,229.9953951336789,18,194
0.32,0.2,0.4799999999999999,1475.124906935887,1.3904614910675346,2533.0747240000005,0.0,0.0,230.04914260306944,334.36009831408774,230.04914260306944,18,194
0.28,0.44,0.27999999999999997,1493.2340117994563,1.3780889794309017,2533.0747240000005,0.0,0.0,230.0632607828662,337.9612364865755,230.0632607828662,18,194
0.3,0.3,0.39999999999999997,1479.2350661424182,1.385946487440145,2533.0747240000005,0.0,0.0,230.11771637493007,335.87751019920825,230.11771637493007,18,194
0.28,0.42,0.3,1489.3172446500262,1.3795014267636025,2533.0747240000005,0.0,0.0,230.1960686704803,337.82709336065415,230.1960686704803,18,194
0.34,0.1,0.5599999999999999,1473.6781009319568,1.3943244501207743,2533.0747240000005,0.0,0.0,230.26160024388022,333.07415994387196,230.26160024388022,18,194
0.28,0.4,0.31999999999999995,1485.545964061293,1.380876298350694,2533.0747240000005,0.0,0.0,230.34429583260143,337.7113552098225,230.34429583260143,18,194
0.32,0.18,0.49999999999999994,1472.3647320257023,1.391578879736386,2533.0747240000005,0.0,0.0,230.35068143227147,334.3953502583552,230.35068143227147,18,194
0.36,0.02,0.62,1476.7456827916162,1.396620272785033,2533.0747240000005,0.0,0.0,230.39111066634783,331.92117877013345,230.39111066634783,18,194
0.3,0.28,0.41999999999999993,1475.8625818282862,1.3872201380402918,2533.0747240000005,0.0,0.0,230.39357480948482,335.8505217962614,230.39357480948482,18,194
0.26,0.74,0.0,1555.9298114616927,1.3545775224118222,2533.0747240000005,0.0,0.0,230.5339647779954,343.37884988750915,230.5339647779954,18,194
0.28,0.38,0.33999999999999997,1481.9197474484577,1.3822136512409862,2533.0747240000005,0.0,0.0,230.54038819967633,337.61365197088855,230.54038819967633,18,194
0.26,0.72,0.020000000000000018,1549.8414375406267,1.3565379872157375,2533.0747240000005,0.0,0.0,230.59031553331963,342.9616875469425,230.59031553331963,18,194
0.34,0.08,0.58,1471.521737386037,1.3952889253758485,2533.0747240000005,0.0,0.0,230.62385376822147,333.16090554173076,230.62385376822147,18,194
0.26,0.7000000000000001,0.039999999999999925,1543.9066862560016,1.3584597565204377,2533.0747240000005,0.0,0.0,230.64087298197597,342.56805291416674,230.64087298197597,18,194
0.3,0.26,0.43999999999999995,1472.6345004834088,1.3884561668087008,2533.0747240000005,0.0,0.0,230.66201803764667,335.84055668483376,230.66201803764667,18,194
0.32,0.16,0.5199999999999999,1469.7473166665184,1.3926592153611046,2533.0747240000005,0.0,0.0,230.67327696922897,334.44523340237953,230.67327696922897,18,194
0.26,0.68,0.05999999999999994,1538.12494927231,1.3603429159533689,2533.0747240000005,0.0,0.0,230.7087555365075,342.1975691636123,230.7087555365075,18,194
0.36,0.0,0.64,1474.7450590820295,1.3976078174688689,2533.0747240000005,0.0,0.0,230.70972182884634,331.91868897143985,230.70972182884634,18,194
0.26,0.66,0.07999999999999996,1532.4956080193797,1.3621875542197275,2533.0747240000005,0.0,0.0,230.78272560240467,341.8498611684082,230.78272560240467,18,194
0.28,0.36,0.36,1478.3256121757108,1.3835427472414763,2533.0747240000005,0.0,0.0,230.82082806303677,337.533655039013,230.82082806303677,18,194
0.26,0.64,0.09999999999999998,1527.018038678368,1.3639937620101399,2533.0747240000005,0.0,0.0,230.84625087662997,341.5245552775692,230.84625087662997,18,194
0.26,0.62,0.12,1521.6916167602951,1.3657616309992713,2533.0747240000005,0.0,0.0,230.89946505321828,341.22127907962914,230.89946505321828,18,194
0.3,0.24,0.45999999999999996,1469.5507254699532,1.3896545590161253,2533.0747240000005,0.0,0.0,230.93459522923325,335.84720977299526,230.93459522923325,18,194
0.26,0.6,0.14,1516.5157212746922,1.367491252935837,2533.0747240000005,0.0,0.0,230.97114302981606,340.9396611592991,230.97114302981606,18,194
0.32,0.14,0.5399999999999999,1467.257583761184,1.3937088352917881,2533.0747240000005,0.0,0.0,231.00564430777658,334.5042554445842,231.00564430777658,18,194
0.34,0.06,0.5999999999999999,1469.5104802161477,1.3962152366765814,2533.0747240000005,0.0,0.0,231.01999024403088,333.26151468566763,231.01999024403088,18,194
0.26,0.58,0.16000000000000003,1511.4897384893677,1.3691827188236754,2533.0747240000005,0.0,0.0,231.05554376034405,340.6793308533444,231.05554376034405,18,194
0.28,0.34,0.37999999999999995,1474.6193310823917,1.3849009751411168,2533.0747240000005,0.0,0.0,231.11269242319727,337.47160664480833,231.11269242319727,18,194
0.26,0.56,0.17999999999999994,1506.613065285779,1.3708361181928304,2533.0747240000005,0.0,0.0,231.1517244961641,340.4399180111749,231.1517244961641,18,194
0.3,0.22,0.48,1466.6111802483879,1.3908152965437663,2533.0747240000005,0.0,0.0,231.2122983144949,335.87007469364346,231.2122983144949,18,194
0.26,0.54,0.19999999999999996,1501.885112117176,1.3724515384589435,2533.0747240000005,0.0,0.0,231.23756518007846,340.2210527652097,231.23756518007846,18,194
0.26,0.52,0.21999999999999997,1497.305305579473,1.3740290643686914,2533.0747240000005,0.0,0.0,231.3202739851181,340.02236531539086,231.3202739851181,18,194
0.32,0.12,0.5599999999999999,1464.9089396188149,1.3947220935869669,2533.0747240000005,0.0,0.0,231.35814001305206,334.5765662800375,231.35814001305206,18,194
0.26,0.5,0.24,1492.8730906069895,1.3755687775284842,2533.0747240000005,0.0,0.0,231.39756229888468,339.84348573171496,231.39756229888468,18,194
0.28,0.32,0.39999999999999997,1471.0578485091512,1.3862216365876485,2533.0747240000005,0.0,0.0,231.40499082554322,337.42731550507943,231.40499082554322,18,194
0.34,0.04,0.6199999999999999,1467.6443720765624,1.397103346744959,2533.0747240000005,0.0,0.0,231.41984384451905,333.3755795578819,231.41984384451905,18,194
0.26,0.48,0.26,1488.5879323071376,1.3770707560132351,2533.0747240000005,0.0,0.0,231.47148870001502,339.6840437780561,231.47148870001502,18,194
0.3,0.2,0.49999999999999994,1463.815806915132,1.3919383582255827,2533.0747240000005,0.0,0.0,231.4847821469012,335.9087440567554,231.4847821469012,18,194
0.26,0.46,0.27999999999999997,1484.4493174497527,1.3785350740516482,2533.0747240000005,0.0,0.0,231.56425035245977,339.54366876001455,231.56425035245977,18,194
0.26,0.44,0.3,1480.465930048671,1.3799602578317949,2533.0747240000005,0.0,0.0,231.66918438251886,339.41892116184874,231.66918438251886,18,194
0.28,0.3,0.42,1467.6410066299145,1.387504728389599,2533.0747240000005,0.0,0.0,231.68734774424766,337.4003811178111,231.68734774424766,18,194
0.32,0.1,0.58,1462.7053579559513,1.3956972981161917,2533.0747240000005,0.0,0.0,231.72453001527558,334.6630871522954,231.72453001527558,18,194
0.34,0.02,0.6399999999999999,1465.6231812100007,1.3980896391576347,2533.0747240000005,0.0,0.0,231.74806154421884,333.3824493077671,231.74806154421884,18,194
0.26,0.42,0.32,1476.6517795238592,1.3813439202522408,2533.0747240000005,0.0,0.0,231.8102190863721,339.30463065344077,231.8102190863721,18,194
0.3,0.18,0.52,1461.1645646262616,1.3930237202150026,2533.0747240000005,0.0,0.0,231.81303757006776,335.96280972799343,231.81303757006776,18,194
0.28,0.28,0.43999999999999995,1464.3686705367732,1.3887502433140344,2533.0747240000005,0.0,0.0,231.95978169162575,337.3904013119003,231.95978169162575,18,194
0.26,0.4,0.33999999999999997,1472.9830423120263,1.3826900480215665,2533.0747240000005,0.0,0.0,231.9689376282082,339.20827089817413,231.9689376282082,18,194
0.34,0.0,0.6599999999999999,1463.630246202753,1.399091181675841,2533.0747240000005,0.0,0.0,232.0448726647695,333.3562443112935,232.0448726647695,18,194
0.32,0.08,0.6,1460.646865395408,1.3966344142203142,2533.0747240000005,0.0,0.0,232.08096121606968,334.7634094624703,232.08096121606968,18,194
0.3,0.16,0.5399999999999999,1458.6574279239371,1.3940713563722402,2533.0747240000005,0.0,0.0,232.13301937956604,336.0318631318748,232.13301937956604,18,194
0.24,0.76,0.0,1546.520130169687,1.3552555444246863,2533.0747240000005,0.0,0.0,232.17741944667898,344.9175883184814,232.17741944667898,18,194
0.24,0.74,0.020000000000000018,1540.633460099431,1.3571555077651727,2533.0747240000005,0.0,0.0,232.19926504974467,344.51370895953505,232.19926504974467,18,194
0.26,0.38,0.36,1469.4593017420061,1.3839986978263161,2533.0747240000005,0.0,0.0,232.20692930741467,339.1294716692743,232.20692930741467,18,194
0.28,0.26,0.45999999999999996,1461.2407271333589,1.3899581703515826,2533.0747240000005,0.0,0.0,232.2223065010531,337.39697242550204,232.2223065010531,18,194
0.24,0.72,0.040000000000000036,1534.9032865663157,1.3590160409880905,2533.0747240000005,0.0,0.0,232.24894353842015,344.1326288177659,232.24894353842015,18,194
0.24,0.7000000000000001,0.05999999999999994,1529.3290086212667,1.3608372267169584,2533.0747240000005,0.0,0.0,232.2919188286834,343.7739672516771,232.2919188286834,18,194
0.24,0.68,0.07999999999999996,1523.910012888577,1.3626191511465082,2533.0747240000005,0.0,0.0,232.33845052551507,343.4373460281986,232.33845052551507,18,194
0.24,0.66,0.09999999999999998,1518.6456786483648,1.3643619029318956,2533.0747240000005,0.0,0.0,232.38806537703593,343.1223890929526,232.38806537703593,18,194
0.24,0.64,0.12,1513.4453161760184,1.366090647847019,2533.0747240000005,0.0,0.0,232.4467974624319,342.8262967560415,232.4467974624319,18,194
0.3,0.14,0.5599999999999999,1456.2932143798596,1.3950817824546542,2533.0747240000005,0.0,0.0,232.4471404956456,336.11505537456316,232.4471404956456,18,194
0.32,0.06,0.6199999999999999,1458.7334956200639,1.3975334068312368,2533.0747240000005,0.0,0.0,232.4569051244817,334.8771257549877,232.4569051244817,18,194
0.26,0.36,0.38,1466.0801656975793,1.3852699219390554,2533.0747240000005,0.0,0.0,232.45702489488346,339.0678618996547,232.45702489488346,18,194
0.28,0.24,0.48,1458.257083874877,1.3911284950147706,2533.0747240000005,0.0,0.0,232.47493146142168,337.4196895141066,232.47493146142168,18,194
0.24,0.62,0.14,1508.2233881975005,1.3678291395281577,2533.0747240000005,0.0,0.0,232.51442655803731,342.54687960406045,232.51442655803731,18,194
0.24,0.6,0.16000000000000003,1503.1518800154997,1.3695294246169425,2533.0747240000005,0.0,0.0,232.59816709347635,342.2886450020394,232.59816709347635,18,194
0.24,0.58,0.18000000000000005,1498.230175787277,1.3711915952731517,2533.0747240000005,0.0,0.0,232.6714490086449,342.0512220286987,232.6714490086449,18,194
0.26,0.34,0.39999999999999997,1462.8452664189967,1.3865037682760106,2533.0747240000005,0.0,0.0,232.71391438074684,339.0230697030179,232.71391438074684,18,194
0.28,0.22,0.5,1455.417667373056,1.3922611996655132,2533.0747240000005,0.0,0.0,232.73969254272237,337.45814658696014,232.73969254272237,18,194
0.24,0.56,0.19999999999999996,1493.457672074773,1.3728157418071456,2533.0747240000005,0.0,0.0,232.7410116535283,341.8342402982842,232.7410116535283,18,194
0.32,0.04,0.6399999999999999,1456.6934928699588,1.3985177225078829,2533.0747240000005,0.0,0.0,232.77381289463912,334.89393030398696,232.77381289463912,18,194
0.3,0.12,0.58,1454.0645885706756,1.396058482978857,2533.0747240000005,0.0,0.0,232.81079271178038,336.2085085674057,232.81079271178038,18,194
0.24,0.54,0.21999999999999997,1488.8337805325893,1.3744019521007869,2533.0747240000005,0.0,0.0,232.82106887043784,341.637329732596,232.82106887043784,18,194
0.24,0.52,0.24,1484.3579302192697,1.375950311111861,2533.0747240000005,0.0,0.0,232.89828538710478,341.46012035011375,232.89828538710478,18,194
0.24,0.5,0.26,1480.029569545558,1.3774609004589007,2533.0747240000005,0.0,0.0,232.9712065715471,341.3022420756035,232.9712065715471,18,194
0.26,0.32,0.42,1459.590379403773,1.387742773813425,2533.0747240000005,0.0,0.0,232.97129943931589,338.9954357783079,232.97129943931589,18,194
0.28,0.2,0.52,1452.7224218836443,1.3933562638677521,2533.0747240000005,0.0,0.0,233.02976704069832,337.5119368702031,233.02976704069832,18,194
0.24,0.48,0.28,1475.8481678747894,1.3789337980829692,2533.0747240000005,0.0,0.0,233.07070434034196,341.1633245731148,233.07070434034196,18,194
0.32,0.02,0.6599999999999999,1454.6467568601133,1.399533239103545,2533.0747240000005,0.0,0.0,233.081267427614,334.8629735523711,233.081267427614,18,194
0.3,0.1,0.6,1451.9685882899928,1.3970023817479496,2533.0747240000005,0.0,0.0,233.1733830629074,336.3114779197796,233.1733830629074,18,194
0.24,0.46,0.3,1471.8132167922388,1.3803690779826185,2533.0747240000005,0.0,0.0,233.18275729772873,341.0429971046512,233.18275729772873,18,194
0.26,0.3,0.44,1456.274432992885,1.3889975666680219,2533.0747240000005,0.0,0.0,233.24631532256393,338.9853512390228,233.24631532256393,18,194
0.24,0.44,0.32,1467.924231061063,1.3817668100180267,2533.0747240000005,0.0,0.0,233.311836303054,340.94088841638404,233.311836303054,18,194
0.28,0.18,0.54,1450.171307693114,1.3944136647614387,2533.0747240000005,0.0,0.0,233.34151021705955,337.58065309502194,233.34151021705955,18,194
0.32,0.0,0.6799999999999999,1452.749719567247,1.4005089435484395,2533.0747240000005,0.0,0.0,233.43014026904697,334.8473186875506,233.43014026904697,18,194
0.24,0.42,0.34,1464.2053227595923,1.3831229117529982,2533.0747240000005,0.0,0.0,233.47368625884693,340.84853559718,233.47368625884693,18,194
0.26,0.28,0.45999999999999996,1453.102968991477,1.390214818452162,2533.0747240000005,0.0,0.0,233.51275512407622,338.99174994953347,233.51275512407622,18,194
0.3,0.08,0.62,1450.0086575191467,1.3979120164240484,2533.0747240000005,0.0,0.0,233.52416154798368,336.4247655353725,233.52416154798368,18,194
0.28,0.16,0.5599999999999999,1447.7642994204853,1.3954333774542227,2533.0747240000005,0.0,0.0,233.64312292605635,337.66388780897086,233.64312292605635,18,194
0.24,0.4,0.36,1460.6400125147097,1.3844401295140145,2533.0747240000005,0.0,0.0,233.68798649526096,340.7709095160553,233.68798649526096,18,194
0.26,0.26,0.48,1450.0758781275795,1.391394518434646,2533.0747240000005,0.0,0.0,233.76927422169533,339.01422861103265,233.76927422169533,18,194
0.22,0.78,0.0,1537.2428486335884,1.355896959121733,2533.0747240000005,0.0,0.0,233.83765247629412,346.5024540107993,233.83765247629412,18,194
0.3,0.06,0.6399999999999999,1447.9515536099534,1.3988936516082642,2533.0747240000005,0.0,0.0,233.84301836954313,336.45207790766165,233.84301836954313,18,194
0.22,0.76,0.020000000000000018,1531.2986286067762,1.357808591215694,2533.0747240000005,0.0,0.0,233.89065196279097,346.10302725230235,233.89065196279097,18,194
0.24,0.38,0.38,1457.2196265061882,1.3857199111976966,2533.0747240000005,0.0,0.0,233.9261381572267,340.71036917518074,233.9261381572267,18,194
0.22,0.74,0.040000000000000036,1525.5114126580136,1.3596807486661442,2533.0747240000005,0.0,0.0,233.93591972199985,345.72630731322937,233.93591972199985,18,194
0.28,0.14,0.58,1445.501384249149,1.396415375427458,2533.0747240000005,0.0,0.0,233.96616102928598,337.7612337085192,233.96616102928598,18,194
0.22,0.72,0.06000000000000005,1519.8805977877842,1.3615135143232675,2533.0747240000005,0.0,0.0,233.99061674073832,345.3719106292075,233.99061674073832,18,194
0.26,0.24,0.5,1447.1930707570957,1.3925366526419554,2533.0747240000005,0.0,0.0,234.01587977540603,339.0523828615285,234.01587977540603,18,194
0.22,0.7000000000000001,0.07999999999999996,1514.405566686697,1.363306975017893,2533.0747240000005,0.0,0.0,234.04014671557113,345.0394563469737,234.04014671557113,18,194
0.22,0.68,0.09999999999999998,1509.0856929272516,1.3650612204285342,2533.0747240000005,0.0,0.0,234.07880556349292,344.72856609012695,234.07880556349292,18,194
0.22,0.66,0.12,1503.920345754803,1.3667763420377412,2533.0747240000005,0.0,0.0,234.10673313818532,344.4388637084289,234.10673313818532,18,194
0.3,0.04,0.6599999999999999,1445.8518566938055,1.3999228295686705,2533.0747240000005,0.0,0.0,234.12997763056183,336.4163276866895,234.12997763056183,18,194
0.22,0.64,0.14,1498.908894473183,1.3684524321786626,2533.0747240000005,0.0,0.0,234.13664875414148,344.1699750175676,234.13664875414148,18,194
0.24,0.36,0.4,1453.9437774613493,1.3869623089872087,2533.0747240000005,0.0,0.0,234.1543699030998,340.6665438663645,234.1543699030998,18,194
0.22,0.62,0.16000000000000003,1494.050712424189,1.3700895831718922,2533.0747240000005,0.0,0.0,234.19528545340646,343.92152753576397,234.19528545340646,18,194
0.26,0.22,0.52,1444.454475417211,1.393641204196415,2533.0747240000005,0.0,0.0,234.25326275380704,339.1058075230543,234.25326275380704,18,194
0.22,0.6,0.18000000000000005,1489.3451805636746,1.3716878865519126,2533.0747240000005,0.0,0.0,234.25650888828764,343.6931502230034,234.25650888828764,18,194
0.28,0.12,0.6,1443.3825601026938,1.3973596309533094,2533.0747240000005,0.0,0.0,234.2939889559553,337.8722839908547,234.2939889559553,18,194
0.22,0.58,0.20000000000000007,1484.7916906398564,1.3732474323817792,2533.0747240000005,0.0,0.0,234.30724261036357,343.4844732281877,234.30724261036357,18,194
0.22,0.56,0.21999999999999997,1480.3896479825216,1.3747683086540727,2533.0747240000005,0.0,0.0,234.34760904334877,343.29512764876097,234.34760904334877,18,194
0.24,0.34,0.42,1450.8121020311955,1.388167370834978,2533.0747240000005,0.0,0.0,234.37272848525686,340.6390621984149,234.37272848525686,18,194
0.22,0.54,0.24,1475.9956200891222,1.376290373063592,2533.0747240000005,0.0,0.0,234.39399957246405,343.1220469736607,234.39399957246405,18,194
0.3,0.02,0.6799999999999999,1443.9015456636969,1.4009124059873082,2533.0747240000005,0.0,0.0,234.45637818297823,336.3957497064046,234.45637818297823,18,194
0.22,0.52,0.26,1471.6246089235012,1.3778094004842953,2533.0747240000005,0.0,0.0,234.47391706147442,342.9656719107803,234.47391706147442,18,194
0.26,0.2,0.54,1441.8600372757526,1.3947081536763755,2533.0747240000005,0.0,0.0,234.56734319976147,339.1740968742859,234.56734319976147,18,194
0.24,0.32,0.44,1447.824260269071,1.3893351405911154,2533.0747240000005,0.0,0.0,234.5853881817616,340.62755216183405,234.5853881817616,18,194
0.22,0.5,0.28,1467.400982087483,1.37929070208117,2533.0747240000005,0.0,0.0,234.5920949554738,342.8281494161413,234.5920949554738,18,194
0.28,0.1,0.62,1441.4078337777805,1.3982661155199732,2533.0747240000005,0.0,0.0,234.64369284796382,337.9966327229028,234.64369284796382,18,194
0.22,0.48,0.30000000000000004,1463.324213020724,1.3807343557032572,2533.0747240000005,0.0,0.0,234.70405702437805,342.7091094260026,234.70405702437805,18,194
0.3,0.0,0.7,1442.1012740435926,1.4018620570932534,2533.0747240000005,0.0,0.0,234.7980829352705,336.39017852888486,234.7980829352705,18,194
0.24,0.3,0.46,1444.9799349307905,1.390465658170643,2533.0747240000005,0.0,0.0,234.8091471411434,340.6316412225277,234.8091471411434,18,194
0.22,0.46,0.32,1459.3937977766896,1.3821404351993885,2533.0747240000005,0.0,0.0,234.82979129839472,342.60818153616816,234.82979129839472,18,194
0.26,0.18,0.56,1439.4097164924563,1.395737479494794,2533.0747240000005,0.0,0.0,234.87288029371564,339.25684494674823,234.87288029371564,18,194
0.28,0.08,0.64,1439.364245698095,1.3992317316778955,2533.0747240000005,0.0,0.0,234.94734586727637,338.0457068459092,234.94734586727637,18,194
0.22,0.44,0.34,1455.609255786601,1.383509010265435,2533.0747240000005,0.0,0.0,234.97102514622534,342.524994900903,234.97102514622534,18,194
0.24,0.28,0.48,1442.064029724861,1.3916146260984115,2533.0747240000005,0.0,0.0,235.05233898903077,340.652702681466,235.05233898903077,18,194
0.22,0.42,0.36000000000000004,1451.9771898982954,1.3848389539219015,2533.0747240000005,0.0,0.0,235.15853598198902,342.45688331241183,235.15853598198902,18,194
0.26,0.16,0.58,1437.1034865072522,1.3967291582927537,2533.0747240000005,0.0,0.0,235.18402090786395,339.35364584273293,235.18402090786395,18,194
0.28,0.06,0.6599999999999999,1437.2307832617746,1.4002664298206564,2533.0747240000005,0.0,0.0,235.24021678931746,338.01125598280544,235.24021678931746,18,194
0.24,0.26,0.5,1439.138464227706,1.3927659845821585,2533.0747240000005,0.0,0.0,235.3027693119968,340.69046374695654,235.3027693119968,18,194
0.22,0.4,0.38,1448.516162909998,1.3861271029865598,2533.0747240000005,0.0,0.0,235.4006862059985,342.3973431314798,235.4006862059985,18,194
0.26,0.14,0.6,1434.9413322696257,1.397683165344708,2533.0747240000005,0.0,0.0,235.51265314217835,339.4640940729746,235.51265314217835,18,194
0.24,0.24,0.52,1436.3571532337755,1.3938798167168198,2533.0747240000005,0.0,0.0,235.54327370265224,340.74343272697223,235.54327370265224,18,194
0.28,0.04,0.6799999999999999,1435.2320186626707,1.4012677258025057,2533.0747240000005,0.0,0.0,235.55549050137307,337.9871602820257,235.55549050137307,18,194
0.2,0.8,0.0,1528.177281603219,1.3564831743409782,2533.0747240000005,0.0,0.0,235.55917217743007,348.1271638872399,235.55917217743007,18,194
0.2,0.78,0.020000000000000018,1522.1336806327995,1.3584148497409956,2533.0747240000005,0.0,0.0,235.6295376478284,347.73875719323405,235.6295376478284,18,194
0.22,0.38,0.4,1445.199981038405,1.3873778593837505,2533.0747240000005,0.0,0.0,235.63286863828492,342.3544143976163,235.63286863828492,18,194
0.2,0.76,0.040000000000000036,1516.2900199710389,1.3602984372377218,2533.0747240000005,0.0,0.0,235.6743915800755,347.3663449199473,235.6743915800755,18,194
0.2,0.74,0.06000000000000005,1510.6032713036054,1.3621425871770132,2533.0747240000005,0.0,0.0,235.70723907345518,347.0161576376327,235.70723907345518,18,194
0.2,0.72,0.08000000000000007,1505.0728139073183,1.3639473868880354,2533.0747240000005,0.0,0.0,235.7467802747161,346.6878119370686,235.7467802747161,18,194
0.2,0.7000000000000001,0.09999999999999998,1499.698016105119,1.3657129269475272,2533.0747240000005,0.0,0.0,235.78339216254994,346.3809271910966,235.78339216254994,18,194
0.24,0.22,0.54,1433.7200259438325,1.3949561066729834,2533.0747240000005,0.0,0.0,235.80226286268697,340.81120568674964,235.80226286268697,18,194
0.2,0.68,0.12,1494.478240167542,1.367439300113716,2533.0747240000005,0.0,0.0,235.81599191628538,346.095125298113,235.81599191628538,18,194
0.26,0.12,0.62,1432.9232484223226,1.398599474972419,2533.0747240000005,0.0,0.0,235.8310151774979,339.5877849120816,235.8310151774979,18,194
0.2,0.66,0.14,1489.4128468117979,1.3691266003496954,2533.0747240000005,0.0,0.0,235.8382742441231,345.83003041430175,235.8382742441231,18,194
0.22,0.36,0.42000000000000004,1442.02826087082,1.3885912754333631,2533.0747240000005,0.0,0.0,235.85513285301957,342.32772716938433,235.85513285301957,18,194
0.2,0.64,0.16000000000000003,1484.5011992968593,1.3707749219365228,2533.0747240000005,0.0,0.0,235.85612939262757,345.5852686811195,235.85612939262757,18,194
0.28,0.02,0.7,1433.3827642472545,1.402229359784234,2533.0747240000005,0.0,0.0,235.86055521267895,337.9779597140721,235.86055521267895,18,194
0.2,0.62,0.18000000000000005,1479.7426671162252,1.3723843586755509,2533.0747240000005,0.0,0.0,235.90651478324503,345.360467954054,235.90651478324503,18,194
0.2,0.6,0.20000000000000007,1475.136629293359,1.3739550031788217,2533.0747240000005,0.0,0.0,235.95771681066347,345.1552575379784,235.95771681066347,18,194
0.2,0.58,0.22000000000000008,1470.6824772876528,1.37548694624568,2533.0747240000005,0.0,0.0,235.99872045858828,344.96926793394533,235.99872045858828,18,194
0.2,0.56,0.24,1466.3796175211737,1.3769802763232497,2533.0747240000005,0.0,0.0,236.04513808244096,344.80213060163544,236.04513808244096,18,194
0.22,0.34,0.44,1439.0006423995444,1.389767399369654,2533.0747240000005,0.0,0.0,236.0675233860482,342.31691096361226,236.0675233860482,18,194
0.2,0.54,0.26,1462.227473538759,1.378435079047933,2533.0747240000005,0.0,0.0,236.08718538431984,344.65347774103395,236.08718538431984,18,194
0.24,0.2,0.56,1431.2270271654456,1.3959948363333994,2533.0747240000005,0.0,0.0,236.09068971503498,340.8933783863401,236.09068971503498,18,194
0.26,0.1,0.64,1430.8688763227142,1.3995600005340612,2533.0747240000005,0.0,0.0,236.0955986704726,339.64933447808886,236.0955986704726,18,194
0.2,0.52,0.28,1458.2254878158933,1.3798514368646377,2533.0747240000005,0.0,0.0,236.16349850878393,344.52294209644145,236.16349850878393,18,194
0.28,0.0,0.72,1431.6828247530448,1.4031514226806314,2533.0747240000005,0.0,0.0,236.17144086253256,337.9831373544701,236.17144086253256,18,194
0.2,0.5,0.30000000000000004,1454.373123230175,1.3812294287201825,2533.0747240000005,0.0,0.0,236.26148556828622,344.41015678528385,236.26148556828622,18,194
0.22,0.32,0.46,1436.1167884047218,1.3909062754905426,2533.0747240000005,0.0,0.0,236.27007978956632,342.321594832512,236.27007978956632,18,194
0.26,0.08,0.66,1428.6967688119896,1.4006020557122771,2533.0747240000005,0.0,0.0,236.3573933120317,339.61544039751664,236.3573933120317,18,194
0.2,0.48,0.32000000000000006,1450.6698642137485,1.382569129826947,2533.0747240000005,0.0,0.0,236.36132738573727,344.3147551537225,236.36132738573727,18,194
0.24,0.18,0.5800000000000001,1428.8781156600621,1.396995985673561,2533.0747240000005,0.0,0.0,236.3899357062457,340.9895465833409,236.3899357062457,18,194
0.22,0.3,0.48000000000000004,1433.376383673787,1.3920079443422209,2533.0747240000005,0.0,0.0,236.4628367117655,342.3414074689664,236.4628367117655,18,194
0.2,0.46,0.34,1447.1152176046496,1.3838706114927344,2533.0747240000005,0.0,0.0,236.48691167611307,344.23637066055755,236.48691167611307,18,194
0.22,0.28,0.5,1430.7791340753756,1.3930724429350416,2533.0747240000005,0.0,0.0,236.64903340072726,342.37597733885997,236.64903340072726,18,194
0.2,0.44,0.36000000000000004,1443.511298597572,1.3851889047851393,2533.0747240000005,0.0,0.0,236.6503602979624,344.1723974158201,236.6503602979624,18,194
0.26,0.06,0.6799999999999999,1426.6724255006222,1.4016051346828229,2533.0747240000005,0.0,0.0,236.6715175576237,339.5964712114838,236.6715175576237,18,194
0.24,0.16,0.6,1426.6732624284887,1.3979595331545789,2533.0747240000005,0.0,0.0,236.72220717985246,341.0993063558385,236.72220717985246,18,194
0.22,0.26,0.52,1428.3247655048751,1.3940998049868116,2533.0747240000005,0.0,0.0,236.84753899767384,342.42493283913007,236.84753899767384,18,194
0.2,0.42,0.38000000000000006,1439.9773658278943,1.3864907741863457,2533.0747240000005,0.0,0.0,236.86623746903138,344.1243746013858,236.86623746903138,18,194
0.26,0.04,0.7,1424.796479801461,1.402568919668991,2533.0747240000005,0.0,0.0,236.98718046175503,339.5922713247239,236.98718046175503,18,194
0.24,0.14,0.62,1424.6124489479585,1.3988854561253308,2533.0747240000005,0.0,0.0,237.04443685442044,341.22225444361834,237.04443685442044,18,194
0.22,0.24,0.54,1425.7479088674518,1.3951587308158986,2533.0747240000005,0.0,0.0,237.06632091318608,342.49100466610867,237.06632091318608,18,194
0.2,0.4,0.4,1436.610909120834,1.3877514850251336,2533.0747240000005,0.0,0.0,237.10727506279184,344.0856532549318,237.10727506279184,18,194
0.18,0.8200000000000001,0.0,1519.4051371236299,1.3569981172190946,2533.0747240000005,0.0,0.0,237.26579938286312,349.7776855884983,237.26579938286312,18,194
0.26,0.02,0.72,1423.0662312776728,1.4034952134764909,2533.0747240000005,0.0,0.0,237.29639943765454,339.59996982490935,237.29639943765454,18,194
0.24,0.12,0.64,1422.5484391343145,1.3998410565802424,2533.0747240000005,0.0,0.0,237.32124427454963,341.2955759415593,237.32124427454963,18,194
0.18,0.8,0.020000000000000018,1513.261721001446,1.358949763583427,2533.0747240000005,0.0,0.0,237.33008425018932,349.40046885155203,237.33008425018932,18,194
0.2,0.38,0.42000000000000004,1433.399751245854,1.3889730668704576,2533.0747240000005,0.0,0.0,237.33797590931755,344.05968827562975,237.33797590931755,18,194
0.22,0.22,0.56,1423.2162733948928,1.3962063284754174,2533.0747240000005,0.0,0.0,237.35313429303864,342.57185067146713,237.35313429303864,18,194
0.18,0.78,0.040000000000000036,1507.2722482690444,1.3608627812476644,2533.0747240000005,0.0,0.0,237.40043963970567,349.04625666073485,237.40043963970567,18,194
0.18,0.76,0.06000000000000005,1501.4948517001633,1.362725292736988,2533.0747240000005,0.0,0.0,237.44964656782327,348.7056589912553,237.44964656782327,18,194
0.18,0.74,0.08000000000000007,1495.9095713131578,1.3645412372054542,2533.0747240000005,0.0,0.0,237.47609307301278,348.3813598033023,237.47609307301278,18,194
0.18,0.72,0.10000000000000009,1490.4804593459899,1.3663178759145753,2533.0747240000005,0.0,0.0,237.5072225283244,348.0784157641238,237.5072225283244,18,194
0.18,0.7000000000000001,0.12,1485.206871523605,1.3680553027795237,2533.0747240000005,0.0,0.0,237.53775602094964,347.7964468932444,237.53775602094964,18,194
0.18,0.68,0.14,1480.0881603405458,1.3697536132880819,2533.0747240000005,0.0,0.0,237.55711644595874,347.5350757676116,237.55711644595874,18,194
0.2,0.36,0.44000000000000006,1430.332970230565,1.3901573540907353,2533.0747240000005,0.0,0.0,237.5586003720912,344.0494930537888,237.5586003720912,18,194
0.24,0.1,0.66,1420.3290009114735,1.4008959112283577,2533.0747240000005,0.0,0.0,237.55929600560495,341.25584557301755,237.55929600560495,18,194
0.18,0.66,0.16000000000000003,1475.12367926964,1.3714129035905138,2533.0747240000005,0.0,0.0,237.56544757989622,347.293927240458,237.56544757989622,18,194
0.18,0.64,0.18000000000000005,1470.3127865699234,1.3730332696782308,2533.0747240000005,0.0,0.0,237.58876050095404,347.07262815995625,237.58876050095404,18,194
0.18,0.62,0.20000000000000007,1465.654848697911,1.3746148066502513,2533.0747240000005,0.0,0.0,237.62108761491157,346.87080709319923,237.62108761491157,18,194
0.26,0.0,0.74,1421.465005349493,1.4043912570562516,2533.0747240000005,0.0,0.0,237.62222058362843,339.61382979871115,237.62222058362843,18,194
0.22,0.2,0.5800000000000001,1420.8293620328395,1.3972164713309663,2533.0747240000005,0.0,0.0,237.63279039221868,342.6663625412357,237.63279039221868,18,194
0.18,0.6,0.22000000000000008,1461.1492433293588,1.3761576080657874,2533.0747240000005,0.0,0.0,237.67706100805628,346.6880940604509,237.67706100805628,18,194
0.18,0.58,0.2400000000000001,1456.7953620011542,1.3776617653807341,2533.0747240000005,0.0,0.0,237.7339731439549,346.52412028404143,237.7339731439549,18,194
0.2,0.34,0.46,1427.4103518633078,1.3913043727622163,2533.0747240000005,0.0,0.0,237.76920774791813,344.05468143268155,237.76920774791813,18,194
0.18,0.56,0.26,1452.5926123853064,1.3791273674653386,2533.0747240000005,0.0,0.0,237.7805537183239,346.3785179556557,237.7805537183239,18,194
0.24,0.08,0.68,1418.256018409239,1.40191224404667,2533.0747240000005,0.0,0.0,237.82382948727337,341.2309264597091,237.82382948727337,18,194
0.18,0.54,0.28,1448.5404202089717,1.380554500199883,2533.0747240000005,0.0,0.0,237.84119041697247,346.2509200252126,237.84119041697247,18,194
0.18,0.52,0.30000000000000004,1444.6382308360462,1.381943246144884,2533.0747240000005,0.0,0.0,237.91727693748365,346.1409600139461,237.91727693748365,18,194
0.22,0.18,0.6000000000000001,1418.5855294083897,1.3981893195639137,2533.0747240000005,0.0,0.0,237.94342137679055,342.7744245673323,237.94342137679055,18,194
0.2,0.32,0.48000000000000004,1424.6389835135997,1.392413036725184,2533.0747240000005,0.0,0.0,237.97076150342045,344.0739474792514,237.97076150342045,18,194
0.18,0.5,0.32000000000000006,1440.8855105271373,1.383293684282001,2533.0747240000005,0.0,0.0,237.99678636155085,346.0482718538288,237.99678636155085,18,194
0.18,0.48,0.3400000000000001,1437.2817473959071,1.3846058898216216,2533.0747240000005,0.0,0.0,238.1330931574346,345.9724897548893,238.1330931574346,18,194
0.24,0.06,0.7,1416.3301113878288,1.4028897412768584,2533.0747240000005,0.0,0.0,238.1370343538653,341.2206716352395,238.1370343538653,18,194
0.2,0.3,0.5,1422.0100462780986,1.3934847733596971,2533.0747240000005,0.0,0.0,238.16244462330462,344.10787412364755,238.16244462330462,18,194
0.18,0.46,0.36000000000000004,1433.8264520803814,1.3858799340729315,2533.0747240000005,0.0,0.0,238.279365425409,345.91324810159585,238.279365425409,18,194
0.22,0.16,0.62,1416.484738663229,1.3991248548558384,2533.0747240000005,0.0,0.0,238.28330574573815,342.89563883573976,238.28330574573815,18,194
0.2,0.28,0.52,1419.5232414627112,1.3945196220049998,2533.0747240000005,0.0,0.0,238.34428631856798,344.1560955223759,238.34428631856798,18,194
0.24,0.04,0.72,1414.551922665968,1.4038280784708528,2533.0747240000005,0.0,0.0,238.4427150823707,341.2249385899113,238.4427150823707,18,194
0.18,0.44,0.38000000000000006,1430.522809695458,1.387115225444427,2533.0747240000005,0.0,0.0,238.4503926892658,345.8698596097548,238.4503926892658,18,194
0.2,0.26,0.54,1417.178289639266,1.3955176189027172,2533.0747240000005,0.0,0.0,238.51631110567462,344.21824585422195,238.51631110567462,18,194
0.22,0.14,0.64,1414.412233027795,1.4000751770618594,2533.0747240000005,0.0,0.0,238.58522323467588,342.9810738497745,238.58522323467588,18,194
0.18,0.42,0.4000000000000001,1427.3734185934738,1.3883113188606342,2533.0747240000005,0.0,0.0,238.66642913331629,345.84162734422176,238.66642913331629,18,194
0.2,0.24,0.56,1414.974929453941,1.3964787974683963,2533.0747240000005,0.0,0.0,238.71269722558458,344.2939595068281,238.71269722558458,18,194
0.24,0.02,0.74,1412.9221159162707,1.4047269209966673,2533.0747240000005,0.0,0.0,238.7712470051613,341.24358929583957,238.7712470051613,18,194
0.22,0.12,0.66,1412.1438383852544,1.4011424033020676,2533.0747240000005,0.0,0.0,238.8416451161826,342.93637904539685,238.8416451161826,18,194
0.18,0.4,0.42000000000000004,1424.3751511287169,1.3894688364521999,2533.0747240000005,0.0,0.0,238.876904739529,345.827279804897,238.876904739529,18,194
0.2,0.22,0.5800000000000001,1412.9129163513494,1.397403188580464,2533.0747240000005,0.0,0.0,238.9662155284646,344.3828712846791,238.9662155284646,18,194
0.16,0.84,0.0,1510.7991927136452,1.3574678846546462,2533.0747240000005,0.0,0.0,239.04705513252043,351.47257825156794,239.04705513252043,18,194
0.18,0.38,0.44000000000000006,1421.5511972565198,1.3905838209714845,2533.0747240000005,0.0,0.0,239.0808860707101,345.81905403892705,239.0808860707101,18,194
0.24,0.0,0.76,1411.441373372673,1.4055859245884794,2533.0747240000005,0.0,0.0,239.09307205633843,341.2764902128057,239.09307205633843,18,194
0.22,0.1,0.68,1410.0215609561797,1.4021713193438101,2533.0747240000005,0.0,0.0,239.09896880471115,342.90636202237334,239.09896880471115,18,194
0.16,0.8200000000000001,0.019999999999999907,1504.6035776616525,1.3594297881303368,2533.0747240000005,0.0,0.0,239.11200220605886,351.0991857751117,239.11200220605886,18,194
0.16,0.8,0.039999999999999925,1498.56242608505,1.3613530140728058,2533.0747240000005,0.0,0.0,239.16549297977687,350.7486960188863,239.16549297977687,18,194
0.16,0.78,0.05999999999999994,1492.6751274274823,1.3632376460127829,2533.0747240000005,0.0,0.0,239.2076801734492,350.42072615764573,239.2076801734492,18,194
0.16,0.76,0.07999999999999996,1486.9410522982998,1.3650837724207228,2533.0747240000005,0.0,0.0,239.24194572480494,350.11489639393545,239.24194572480494,18,194
0.2,0.2,0.6000000000000001,1410.6774328529575,1.3983722655615902,2533.0747240000005,0.0,0.0,239.24510788146134,344.4893521747211,239.24510788146134,18,194
0.16,0.74,0.09999999999999998,1481.4309040926594,1.3668768919584862,2533.0747240000005,0.0,0.0,239.26133985240605,349.8199909069234,239.26133985240605,18,194
0.18,0.36,0.4600000000000001,1418.8729500409545,1.3916610989790894,2533.0747240000005,0.0,0.0,239.2749828060032,345.82553367489896,239.2749828060032,18,194
0.16,0.72,0.12,1476.1041158716814,1.368625177519942,2533.0747240000005,0.0,0.0,239.27579756177218,349.5417843287077,239.27579756177218,18,194
0.16,0.7000000000000001,0.1399999999999999,1470.9327059150874,1.3703343013183702,2533.0747240000005,0.0,0.0,239.29181586396774,349.28406370789224,239.29181586396774,18,194
0.16,0.68,0.15999999999999992,1465.9160182429664,1.372004361274855,2533.0747240000005,0.0,0.0,239.29684879530666,349.0464526907259,239.29684879530666,18,194
0.16,0.66,0.17999999999999994,1461.0534001453957,1.373635455486617,2533.0747240000005,0.0,0.0,239.3069030200987,348.8285772077514,239.3069030200987,18,194
0.16,0.64,0.19999999999999996,1456.3442057081809,1.3752276814699402,2533.0747240000005,0.0,0.0,239.3594576205099,348.6300651867896,239.3594576205099,18,194
0.22,0.08,0.7000000000000001,1408.0460090335328,1.4031616148759165,2533.0747240000005,0.0,0.0,239.3639905443571,342.8908811122713,239.3639905443571,18,194
0.16,0.62,0.21999999999999997,1451.7877989492758,1.3767811354890616,2533.0747240000005,0.0,0.0,239.4048544069205,348.4505462750259,239.4048544069205,18,194
0.16,0.6,0.24,1447.383556575027,1.378295911968937,2533.0747240000005,0.0,0.0,239.4413069139758,348.28965157464523,239.4413069139758,18,194
0.18,0.34,0.48000000000000004,1416.0863848462186,1.392771348049052,2533.0747240000005,0.0,0.0,239.47756478771643,345.8452496570449,239.47756478771643,18,194
0.16,0.58,0.26,1443.1308703674767,1.3797721029892998,2533.0747240000005,0.0,0.0,239.48554074342672,348.14701339597116,239.48554074342672,18,194
0.2,0.18,0.6200000000000001,1408.5340369050614,1.3993172809681753,2533.0747240000005,0.0,0.0,239.54967510847433,344.60965648491987,239.54967510847433,18,194
0.16,0.56,0.2799999999999999,1439.0291492162842,1.3812097978569369,2533.0747240000005,0.0,0.0,239.55087625152518,348.02226503141657,239.55087625152518,18,194
0.16,0.54,0.29999999999999993,1435.0866874098535,1.3826073681855189,2533.0747240000005,0.0,0.0,239.62249754102817,347.914431928271,239.62249754102817,18,194
0.22,0.06,0.72,1406.222659304215,1.4041119806285969,2533.0747240000005,0.0,0.0,239.63668868559634,342.8890472600877,239.63668868559634,18,194
0.18,0.32,0.5,1413.4185369391591,1.3938513404992403,2533.0747240000005,0.0,0.0,239.67579756226755,345.87940394273454,239.67579756226755,18,194
0.16,0.52,0.31999999999999995,1431.298121786957,1.3839658660306686,2533.0747240000005,0.0,0.0,239.69404481427887,347.82340552720854,239.69404481427887,18,194
0.16,0.5,0.33999999999999997,1427.6579673351273,1.3852863371315625,2533.0747240000005,0.0,0.0,239.80123432184044,347.74914898354155,239.80123432184044,18,194
0.2,0.16,0.64,1406.4529913992199,1.4002616583176972,2533.0747240000005,0.0,0.0,239.8470354405892,344.7082792908577,239.8470354405892,18,194
0.18,0.3,0.52,1410.8930202448055,1.3948944579443772,2533.0747240000005,0.0,0.0,239.87160827597063,345.92776323469747,239.87160827597063,18,194
0.22,0.04,0.74,1404.6563145103235,1.405000908202177,2533.0747240000005,0.0,0.0,239.92696974301396,342.88416621517734,239.92696974301396,18,194
0.16,0.48,0.36,1424.1657101049097,1.3865688581845494,2533.0747240000005,0.0,0.0,239.9377658372376,347.69130211513215,239.9377658372376,18,194
0.18,0.28,0.54,1408.509534790529,1.395900741133406,2533.0747240000005,0.0,0.0,240.0576469626605,345.9899637713383,240.0576469626605,18,194
0.16,0.46,0.37999999999999995,1420.8208587148654,1.387813502004687,2533.0747240000005,0.0,0.0,240.08388690176872,347.6495049045395,240.08388690176872,18,194
0.2,0.14,0.66,1404.1364410211538,1.4013409628445448,2533.0747240000005,0.0,0.0,240.1137151210004,344.6585959067464,240.1137151210004,18,194
0.22,0.02,0.76,1403.2342309590786,1.4058512417511664,2533.0747240000005,0.0,0.0,240.21917831092478,342.89337461275505,240.21917831092478,18,194
0.18,0.26,0.56,1406.2677990261377,1.3968702279318468,2533.0747240000005,0.0,0.0,240.23393548062975,346.06564199311504,240.23393548062975,18,194
0.16,0.44,0.39999999999999997,1417.6229446088305,1.389020337486779,2533.0747240000005,0.0,0.0,240.29228659498804,347.6233974351674,240.29228659498804,18,194
0.2,0.12,0.68,1401.9763378362113,1.4023799855490788,2533.0747240000005,0.0,0.0,240.37040724891904,344.62185914148625,240.37040724891904,18,194
0.18,0.24,0.5800000000000001,1404.1675486175445,1.397802953595542,2533.0747240000005,0.0,0.0,240.4587633636642,346.15443473457896,240.4587633636642,18,194
0.16,0.42,0.42,1414.571522083362,1.390189429616408,2533.0747240000005,0.0,0.0,240.50290614674657,347.6126198574226,240.50290614674657,18,194
0.22,0.0,0.78,1401.9570943521665,1.4066626308524106,2533.0747240000005,0.0,0.0,240.50475466977127,342.91657049846395,240.50475466977127,18,194
0.2,0.1,0.7000000000000001,1400.069342948554,1.4033588335916292,2533.0747240000005,0.0,0.0,240.58592286668957,344.58316353763564,240.58592286668957,18,194
0.18,0.22,0.6000000000000001,1402.2085351675707,1.3986989510591608,2533.0747240000005,0.0,0.0,240.67520704677017,346.2559794364876,240.67520704677017,18,194
0.16,0.4,0.43999999999999995,1411.6661681047551,1.3913208395265981,2533.0747240000005,0.0,0.0,240.70406477474455,347.6168123845915,240.70406477474455,18,194
0.2,0.08,0.7200000000000001,1398.3049186915273,1.4042999782006356,2533.0747240000005,0.0,0.0,240.8162036455689,344.55866728169104,240.8162036455689,18,194
0.14,0.86,0.0,1502.357403778558,1.3578932655763076,2533.0747240000005,0.0,0.0,240.8191502623063,353.2108544683676,240.8191502623063,18,194
0.14,0.84,0.020000000000000018,1496.1101782916123,1.359865240616736,2533.0747240000005,0.0,0.0,240.88931492407735,352.84121303725897,240.88931492407735,18,194
0.16,0.38,0.45999999999999996,1408.9270320860712,1.392411131167445,2533.0747240000005,0.0,0.0,240.9149249377846,347.62923551022214,240.9149249377846,18,194
0.18,0.2,0.6200000000000001,1400.3905248769183,1.399558251236527,2533.0747240000005,0.0,0.0,240.93210782321844,346.3699143762867,240.93210782321844,18,194
0.14,0.8200000000000001,0.039999999999999925,1490.017941677282,1.3617984879368825,2533.0747240000005,0.0,0.0,240.94791911311114,352.494369446075,240.94791911311114,18,194
0.14,0.8,0.05999999999999994,1484.0800830422386,1.363693090842283,2533.0747240000005,0.0,0.0,240.99511594638957,352.16993853221396,240.99511594638957,18,194
0.14,0.78,0.07999999999999996,1478.2959705454493,1.365549138033945,2533.0747240000005,0.0,0.0,241.03106007861592,351.8675384884123,241.03106007861592,18,194
0.14,0.76,0.09999999999999998,1472.664957009741,1.3673667223913883,2533.0747240000005,0.0,0.0,241.05590686048117,351.58679060779207,241.05590686048117,18,194
0.2,0.06,0.74,1396.6836999648485,1.4052030922796428,2533.0747240000005,0.0,0.0,241.06527199975193,344.5482656172923,241.06527199975193,18,194
0.14,0.74,0.12,1467.1863851498963,1.36914593984086,2533.0747240000005,0.0,0.0,241.07003349800237,351.3273190051933,241.07003349800237,18,194
0.14,0.72,0.14,1461.9444250429328,1.3708694661544973,2533.0747240000005,0.0,0.0,241.08198622818645,351.0759637179622,241.08198622818645,18,194
0.14,0.7000000000000001,0.15999999999999992,1456.8761527741085,1.3725500994164297,2533.0747240000005,0.0,0.0,241.10971301706599,350.8418116661624,241.10971301706599,18,194
0.16,0.36,0.48,1406.34631315241,1.3934615991191623,2533.0747240000005,0.0,0.0,241.11445921021217,347.65189867175224,241.11445921021217,18,194
0.14,0.68,0.17999999999999994,1451.9624396865825,1.374191723219406,2533.0747240000005,0.0,0.0,241.13833105564203,350.62727892495354,241.13833105564203,18,194
0.14,0.66,0.19999999999999996,1447.2026277293699,1.375794437419899,2533.0747240000005,0.0,0.0,241.17633952157306,350.43199287330384,241.17633952157306,18,194
0.18,0.18,0.6400000000000001,1398.6844309177186,1.4003981870935616,2533.0747240000005,0.0,0.0,241.18472295497838,346.4738056594893,241.18472295497838,18,194
0.14,0.64,0.21999999999999997,1442.61179347688,1.377355168746014,2533.0747240000005,0.0,0.0,241.21871655599531,350.25473415506275,241.21871655599531,18,194
0.14,0.62,0.24,1438.1732874937622,1.378877281942943,2533.0747240000005,0.0,0.0,241.25039602832226,350.09591076441234,241.25039602832226,18,194
0.14,0.6,0.26,1433.8858932957594,1.3803609927425367,2533.0747240000005,0.0,0.0,241.27150918582058,349.95518998635634,241.27150918582058,18,194
0.14,0.58,0.28,1429.7489976408779,1.381806395227764,2533.0747240000005,0.0,0.0,241.29677898033577,349.8322101814153,241.29677898033577,18,194
0.16,0.34,0.49999999999999994,1403.910795684699,1.394474474294646,2533.0747240000005,0.0,0.0,241.30400450296915,347.6884525047561,241.30400450296915,18,194
0.2,0.04,0.76,1395.206345564145,1.406067837563181,2533.0747240000005,0.0,0.0,241.3355264555357,344.5518581248826,241.3355264555357,18,194
0.14,0.56,0.29999999999999993,1425.7620052308453,1.3832135805524353,2533.0747240000005,0.0,0.0,241.3432654355753,349.72661064090676,241.3432654355753,18,194
0.18,0.16,0.66,1396.4415023062384,1.4014645298873818,2533.0747240000005,0.0,0.0,241.37887476950837,346.4012890309631,241.37887476950837,18,194
0.14,0.54,0.31999999999999995,1421.92434018802,1.3845826366364211,2533.0747240000005,0.0,0.0,241.40211938118853,349.6380313912251,241.40211938118853,18,194
0.16,0.32,0.52,1401.6201432098992,1.3954498033592715,2533.0747240000005,0.0,0.0,241.48359491495657,347.7385407751352,241.48359491495657,18,194
0.14,0.52,0.33999999999999997,1418.2354472238362,1.3859136479284162,2533.0747240000005,0.0,0.0,241.4974410928021,349.56611302521674,241.4974410928021,18,194
0.18,0.14,0.68,1394.3395905059813,1.4024940015927485,2533.0747240000005,0.0,0.0,241.59392317561594,346.34307614900524,241.59392317561594,18,194
0.14,0.5,0.36,1414.694792517005,1.3872066952321283,2533.0747240000005,0.0,0.0,241.6247259310739,349.51049656204293,241.6247259310739,18,194
0.2,0.02,0.78,1393.8735359820996,1.4068938651434124,2533.0747240000005,0.0,0.0,241.62515263857074,344.569348681839,241.62515263857074,18,194
0.16,0.3,0.54,1399.4740385049004,1.3963876299472089,2533.0747240000005,0.0,0.0,241.65325978042884,347.8018076647407,241.65325978042884,18,194
0.14,0.48,0.38,1411.3018643203359,1.388461855591687,2533.0747240000005,0.0,0.0,241.74407923180257,349.47082333635007,241.74407923180257,18,194
0.18,0.12,0.7000000000000001,1392.3792624737407,1.4034863030176472,2533.0747240000005,0.0,0.0,241.79931623176745,346.29905849213606,241.79931623176745,18,194
0.16,0.28,0.5599999999999999,1397.4721825338809,1.397287994906023,2533.0747240000005,0.0,0.0,241.81302379554882,347.87789792554094,241.81302379554882,18,194
0.14,0.46,0.39999999999999997,1408.0561733154689,1.3896792022319282,2533.0747240000005,0.0,0.0,241.91239144094382,349.4467349172569,241.91239144094382,18,194
0.2,0.0,0.8,1392.6859711143127,1.4076808160462484,2533.0747240000005,0.0,0.0,241.92002898437167,344.6006453998857,241.92002898437167,18,194
0.16,0.26,0.58,1395.5850752948731,1.3981590703791489,2533.0747240000005,0.0,0.0,241.9936340627222,347.9664865426319,241.9936340627222,18,194
0.18,0.1,0.7200000000000001,1390.5611147483291,1.4044411224106814,2533.0747240000005,0.0,0.0,242.01281244521067,346.2691321235423,242.01281244521067,18,194
0.14,0.44,0.42,1404.9572527349242,1.3908588045492212,2533.0747240000005,0.0,0.0,242.13890297032933,349.4378730572163,242.13890297032933,18,194
0.16,0.24,0.6,1393.6119605591766,1.399058426480725,2533.0747240000005,0.0,0.0,242.21229663157317,348.06450748247113,242.21229663157317,18,194
0.18,0.08,0.7400000000000001,1388.8857715364309,1.4053581358601537,2533.0747240000005,0.0,0.0,242.27162261348795,346.2531976887249,242.27162261348795,18,194
0.14,0.42,0.44,1402.004658270872,1.3920007281484816,2533.0747240000005,0.0,0.0,242.3556022469132,349.44387967053893,242.3556022469132,18,194
0.16,0.22,0.62,1391.881097081518,1.399900385820674,2533.0747240000005,0.0,0.0,242.43748244768503,348.1603820804379,242.43748244768503,18,194
0.12,0.88,0.0,1494.5880024797716,1.3581691991271865,2533.0747240000005,0.0,0.0,242.50925679455088,354.9296702370556,242.50925679455088,18,194
0.18,0.06,0.76,1387.3538827055377,1.4062370077373922,2533.0747240000005,0.0,0.0,242.550222946773,346.25116039308926,242.550222946773,18,194
0.14,0.4,0.45999999999999996,1399.1979677897998,1.3931050349220788,2533.0747240000005,0.0,0.0,242.5625432920316,349.46439684103296,242.5625432920316,18,194
0.12,0.86,0.020000000000000018,1487.9514598587416,1.3602212385667731,2533.0747240000005,0.0,0.0,242.65562869763977,354.60444229575756,242.65562869763977,18,194
0.16,0.2,0.6399999999999999,1390.2767332592207,1.4007112579289385,2533.0747240000005,0.0,0.0,242.67113459714233,348.2637892959534,242.67113459714233,18,194
0.12,0.84,0.040000000000000036,1481.6368069767188,1.362199970192122,2533.0747240000005,0.0,0.0,242.75541048158726,354.2822993480868,242.75541048158726,18,194
0.14,0.38,0.48,1396.5394905895162,1.3941713222721714,2533.0747240000005,0.0,0.0,242.76425664688134,349.49823656874077,242.76425664688134,18,194
0.16,0.18,0.6599999999999999,1388.349251714024,1.4016954479152555,2533.0747240000005,0.0,0.0,242.78544382300967,348.1802648259208,242.78544382300967,18,194
0.12,0.8200000000000001,0.05999999999999994,1475.6489821240232,1.3641043583595154,2533.0747240000005,0.0,0.0,242.8077293933859,353.9613259424596,242.8077293933859,18,194
0.18,0.04,0.78,1385.966121682547,1.407077391186807,2533.0747240000005,0.0,0.0,242.81971181906204,346.2629299576757,242.81971181906204,18,194
0.12,0.8,0.07999999999999996,1469.8154326480678,1.3659701389743584,2533.0747240000005,0.0,0.0,242.85650595974795,353.6622712964769,242.85650595974795,18,194
0.12,0.78,0.09999999999999998,1464.1355074927785,1.3677974054342312,2533.0747240000005,0.0,0.0,242.89371166256035,353.3847550622975,242.89371166256035,18,194
0.12,0.76,0.12,1458.6139587882308,1.369585126562347,2533.0747240000005,0.0,0.0,242.91939805396703,353.1281869509805,242.91939805396703,18,194
0.16,0.16,0.6799999999999999,1386.560099167254,1.4026435434759936,2533.0747240000005,0.0,0.0,242.92517176647442,348.1103263973539,242.92517176647442,18,194
0.12,0.74,0.14,1453.2580354204295,1.371331771905763,2533.0747240000005,0.0,0.0,242.94746283763686,352.8918211220164,242.94746283763686,18,194
0.14,0.36,0.5,1394.0571131130741,1.3951948234174392,2533.0747240000005,0.0,0.0,242.95801577915205,349.5364240830552,242.95801577915205,18,194
0.12,0.72,0.16000000000000003,1448.0528791897855,1.3730404084963141,2533.0747240000005,0.0,0.0,242.98649424212402,352.6758138978562,242.98649424212402,18,194
0.12,0.7000000000000001,0.17999999999999994,1443.097013671672,1.3746906932125262,2533.0747240000005,0.0,0.0,243.0017863436001,352.4649452969486,243.0017863436001,18,194
0.12,0.68,0.19999999999999996,1438.3033994321108,1.3763004414200182,2533.0747240000005,0.0,0.0,243.0241860558851,352.2718487254475,243.0241860558851,18,194
0.12,0.66,0.21999999999999997,1433.6626427250194,1.3778715506086603,2533.0747240000005,0.0,0.0,243.06949088896167,352.0974676293913,243.06949088896167,18,194
0.18,0.02,0.8,1384.7231832557113,1.4078789286654307,2533.0747240000005,0.0,0.0,243.09550365361275,346.28842055139495,243.09550365361275,18,194
0.16,0.14,0.7,1384.8593766611202,1.4035682965066545,2533.0747240000005,0.0,0.0,243.10354408879695,348.05492060020765,243.10354408879695,18,194
0.12,0.64,0.24,1429.1740855853284,1.3794041223761757,2533.0747240000005,0.0,0.0,243.103841999878,351.9414378749962,243.103841999878,18,194
0.12,0.62,0.26,1424.8370828421016,1.3808982564892847,2533.0747240000005,0.0,0.0,243.12737428010513,351.8033969804044,243.12737428010513,18,194
0.14,0.34,0.52,1391.719770901396,1.3961808006555658,2533.0747240000005,0.0,0.0,243.1417910657768,349.58805009131106,243.1417910657768,18,194
0.12,0.6,0.28,1420.6510043741412,1.3823540504094027,2533.0747240000005,0.0,0.0,243.15073356985883,351.68298385733317,243.15073356985883,18,194
0.12,0.58,0.30000000000000004,1416.6152370221255,1.3837715988936248,2533.0747240000005,0.0,0.0,243.1881140661008,351.5798385749907,243.1881140661008,18,194
0.12,0.56,0.31999999999999995,1412.7291861731692,1.3851509936674309,2533.0747240000005,0.0,0.0,243.21508902140835,351.49360214865857,243.21508902140835,18,194
0.12,0.54,0.33999999999999997,1408.9922770347341,1.3864923231652915,2533.0747240000005,0.0,0.0,243.26537727822443,351.42391635490617,243.26537727822443,18,194
0.14,0.32,0.54,1389.527125679884,1.3971293021246667,2533.0747240000005,0.0,0.0,243.3156150270595,349.65276068612746,243.3156150270595,18,194
0.16,0.12,0.72,1382.9882673937182,1.4045365035885942,2533.0747240000005,0.0,0.0,243.31660610058594,348.01955869272814,243.31660610058594,18,194
0.18,0.0,0.8200000000000001,1383.625781277045,1.4086412525348204,2533.0747240000005,0.0,0.0,243.38413095882353,346.32755069843836,243.38413095882353,18,194
0.12,0.52,0.36,1405.4039556159748,1.3877956723351252,2533.0747240000005,0.0,0.0,243.39352701912117,351.3704235748355,243.39352701912117,18,194
0.14,0.3,0.56,1387.5090884549088,1.3980341431816392,2533.0747240000005,0.0,0.0,243.47761635326023,349.7261480101753,243.47761635326023,18,194
0.12,0.5,0.38,1401.9636894351934,1.3890611225024174,2533.0747240000005,0.0,0.0,243.51923980792216,351.3327666663361,243.51923980792216,18,194
0.16,0.1,0.74,1381.2595513802453,1.4054671304908186,2533.0747240000005,0.0,0.0,243.52741652796826,347.9980844150414,243.52741652796826,18,194
0.14,0.28,0.58,1385.732929719634,1.3988815058168087,2533.0747240000005,0.0,0.0,243.6237253182997,349.79836148668636,243.6237253182997,18,194
0.12,0.48,0.4,1398.6709679725527,1.390288751289719,2533.0747240000005,0.0,0.0,243.63480135025418,351.3105888658884,243.63480135025418,18,194
0.16,0.08,0.76,1379.6738677403746,1.4063598447381904,2533.0747240000005,0.0,0.0,243.79260345478392,347.99040859616616,243.79260345478392,18,194
0.14,0.26,0.6,1384.0961973823285,1.3996925252479209,2533.0747240000005,0.0,0.0,243.82614405217672,349.88249601462394,243.82614405217672,18,194
0.12,0.46,0.42,1395.5253028874245,1.3914786325871722,2533.0747240000005,0.0,0.0,243.83147168278398,351.3035337201175,243.83147168278398,18,194
0.12,0.44,0.44,1392.5262280197428,1.392630836569754,2533.0747240000005,0.0,0.0,244.03187265365196,351.31124504686653,244.03187265365196,18,194
0.14,0.24,0.62,1382.5986019808317,1.4004672437759964,2533.0747240000005,0.0,0.0,244.0360462158828,349.9782245478578,244.0360462158828,18,194
0.16,0.06,0.78,1378.2318809659182,1.407214302063323,2533.0747240000005,0.0,0.0,244.04893081889148,347.9964468055638,244.04893081889148,18,194
0.1,0.9,0.0,1487.2637589492588,1.3583434810097341,2533.0747240000005,0.0,0.0,244.1371543271341,356.6546201412481,244.1371543271341,18,194
0.12,0.42,0.46,1389.673299194576,1.3937454297569085,2533.0747240000005,0.0,0.0,244.23659513090433,351.33336692538836,244.23659513090433,18,194
0.14,0.22,0.64,1381.2398694488602,1.4012057015605586,2533.0747240000005,0.0,0.0,244.27060567752423,350.0852207261601,244.27060567752423,18,194
0.1,0.88,0.020000000000000018,1480.574239133817,1.3604057166600154,2533.0747240000005,0.0,0.0,244.2910967307112,356.33218230860274,244.2910967307112,18,194
0.16,0.04,0.7999999999999999,1376.9342788233578,1.4080301469084076,2533.0747240000005,0.0,0.0,244.3121521219539,348.0161192807547,244.3121521219539,18,194
0.14,0.2,0.6599999999999999,1379.5720287753807,1.4021115198402034,2533.0747240000005,0.0,0.0,244.3665567046048,350.0082099342829,244.3665567046048,18,194
0.12,0.4,0.48,1386.9660938487277,1.3948224751103941,2533.0747240000005,0.0,0.0,244.43168485027553,351.36954371484023,244.43168485027553,18,194
0.1,0.86,0.040000000000000036,1474.0551694477203,1.3624260306586993,2533.0747240000005,0.0,0.0,244.440351129325,356.03292156311437,244.440351129325,18,194
0.14,0.18,0.6799999999999999,1378.018138493727,1.402992756331799,2533.0747240000005,0.0,0.0,244.44583038760123,349.93251164144567,244.44583038760123,18,194
0.14,0.16,0.7,1376.5209991562108,1.4038605406031508,2533.0747240000005,0.0,0.0,244.54842848673422,349.8702022125009,244.54842848673422,18,194
0.16,0.02,0.82,1375.7817701554536,1.4088070129794301,2533.0747240000005,0.0,0.0,244.5664832812562,348.0493508292662,244.5664832812562,18,194
0.1,0.84,0.06000000000000005,1467.701342154649,1.364405502462675,2533.0747240000005,0.0,0.0,244.57726193098821,355.75644283924413,244.57726193098821,18,194
0.12,0.38,0.5,1384.4042104977952,1.3958620321661852,2533.0747240000005,0.0,0.0,244.6171885330482,351.4194201001918,244.6171885330482,18,194
0.14,0.14,0.72,1374.9622516265724,1.4047476992818655,2533.0747240000005,0.0,0.0,244.68633303072946,349.82238913051964,244.68633303072946,18,194
0.1,0.8200000000000001,0.07999999999999996,1461.5519188938606,1.3663360391252628,2533.0747240000005,0.0,0.0,244.69185839443037,355.4963116292442,244.69185839443037,18,194
0.1,0.8,0.09999999999999998,1455.8431447506975,1.368168744603861,2533.0747240000005,0.0,0.0,244.7335973923455,355.2211146488631,244.7335973923455,18,194
0.1,0.78,0.12,1450.287019067171,1.369963186044496,2533.0747240000005,0.0,0.0,244.7791620526428,354.9668999827104,244.7791620526428,18,194
0.12,0.36,0.52,1382.0431651683596,1.396853278327691,2533.0747240000005,0.0,0.0,244.79715791354056,351.47222751092824,244.79715791354056,18,194
0.1,0.76,0.14,1444.8828588050546,1.3717194653827391,2533.0747240000005,0.0,0.0,244.82208297310126,354.73329727419764,244.82208297310126,18,194
0.16,0.0,0.84,1374.7750825780236,1.4095445238559763,2533.0747240000005,0.0,0.0,244.8319054130892,348.0960707037361,244.8319054130892,18,194
0.14,0.12,0.74,1373.5428147678829,1.4055981548068384,2533.0747240000005,0.0,0.0,244.8456944609175,349.7878226286071,244.8456944609175,18,194
0.1,0.74,0.16000000000000003,1439.6299765510535,1.3734376863728022,2533.0747240000005,0.0,0.0,244.85360052906393,354.51993898512535,244.85360052906393,18,194
0.1,0.72,0.18000000000000005,1434.5276847768532,1.3751179536742237,2533.0747240000005,0.0,0.0,244.8861043710903,354.3264600685158,244.8861043710903,18,194
0.1,0.7000000000000001,0.19999999999999996,1429.5771933678152,1.3767599812432867,2533.0747240000005,0.0,0.0,244.92286358903866,354.15221511342236,244.92286358903866,18,194
0.1,0.68,0.21999999999999997,1424.886591129999,1.3783413824554818,2533.0747240000005,0.0,0.0,244.9374703521272,353.9806436968322,244.9374703521272,18,194
0.12,0.34,0.54,1379.9362806871509,1.3977851183670549,2533.0747240000005,0.0,0.0,244.96308013816886,351.52077675783187,244.96308013816886,18,194
0.1,0.66,0.24,1420.3486562875253,1.37988420544036,2533.0747240000005,0.0,0.0,244.96356949623598,353.8273076418785,244.96356949623598,18,194
0.1,0.64,0.26,1415.9627279804972,1.3813885530480234,2533.0747240000005,0.0,0.0,244.99183338632648,353.6918448765677,244.99183338632648,18,194
0.1,0.62,0.28,1411.7281592367767,1.38285452608583,2533.0747240000005,0.0,0.0,245.01570193128717,353.57389497384156,245.01570193128717,18,194
0.1,0.6,0.30000000000000004,1407.6443189930842,1.3842822228967473,2533.0747240000005,0.0,0.0,245.059854228335,353.47309890073706,245.059854228335,18,194
0.14,0.1,0.76,1372.1635372100895,1.4064373709340292,2533.0747240000005,0.0,0.0,245.06583143560113,349.76874126853954,245.06583143560113,18,194
0.1,0.58,0.32000000000000006,1403.7105937868823,1.3856717390096707,2533.0747240000005,0.0,0.0,245.1040141557681,353.3890987915574,245.1040141557681,18,194
0.12,0.32,0.56,1377.969566571795,1.398680555461704,2533.0747240000005,0.0,0.0,245.13301544710214,351.58183302166424,245.13301544710214,18,194
0.1,0.56,0.33999999999999997,1399.926389135747,1.3870231668579605,2533.0747240000005,0.0,0.0,245.17173235776374,353.32153774706717,245.17173235776374,18,194
0.1,0.54,0.36,1396.291130621949,1.388336595562204,2533.0747240000005,0.0,0.0,245.25160965359325,353.270059661289,245.25160965359325,18,194
0.12,0.3,0.5800000000000001,1376.1426782491549,1.3995396414295251,2533.0747240000005,0.0,0.0,245.29666779257167,351.65507029583443,245.29666779257167,18,194
0.14,0.08,0.78,1370.6680563438063,1.4073056202600034,2533.0747240000005,0.0,0.0,245.3246664537654,349.7690427063437,245.3246664537654,18,194
0.1,0.52,0.38,1392.8042647008235,1.3896121107730584,2533.0747240000005,0.0,0.0,245.34799195799621,353.23430907691875,245.34799195799621,18,194
0.1,0.5,0.4,1389.4652592518753,1.3908497945699252,2533.0747240000005,0.0,0.0,245.4567749512181,353.2139310700258,245.4567749512181,18,194
0.12,0.28,0.6,1374.4552893875164,1.4003624253258766,2533.0747240000005,0.0,0.0,245.48145060189856,351.7401628422107,245.48145060189856,18,194
0.14,0.06,0.8,1369.316507290871,1.4081354930704442,2533.0747240000005,0.0,0.0,245.57454567155315,349.7828901099863,245.57454567155315,18,194
0.1,0.48,0.42000000000000004,1386.2736038919925,1.3920497254111275,2533.0747240000005,0.0,0.0,245.6134499746671,353.20857116427027,245.6134499746671,18,194
0.12,0.26,0.62,1372.9070907604155,1.4011489537007193,2533.0747240000005,0.0,0.0,245.6874391310468,351.83678535678416,245.6874391310468,18,194
0.08,0.92,0.0,1480.1693104971366,1.3584607103042006,2533.0747240000005,0.0,0.0,245.79649117546046,358.4172540811413,245.79649117546046,18,194
0.1,0.46,0.44,1383.2288100700744,1.393211978131274,2533.0747240000005,0.0,0.0,245.80256235090823,353.2178752745356,245.80256235090823,18,194
0.14,0.04,0.82,1368.109591910316,1.4089266249876844,2533.0747240000005,0.0,0.0,245.8156119847361,349.81021458151264,245.8156119847361,18,194
0.12,0.24,0.64,1371.497789055632,1.401899270866347,2533.0747240000005,0.0,0.0,245.9242689514514,351.9446131534177,245.9242689514514,18,194
0.08,0.9,0.020000000000000018,1473.4493263184906,1.3605283077058872,2533.0747240000005,0.0,0.0,245.9544474892464,358.0967850867941,245.9544474892464,18,194
0.1,0.44,0.46,1380.3304109622661,1.3943366239815247,2533.0747240000005,0.0,0.0,245.98192649224248,353.2414896795607,245.98192649224248,18,194
0.12,0.22,0.66,1369.8118996033575,1.4028022067934802,2533.0747240000005,0.0,0.0,246.0354558194183,351.88123104043865,246.0354558194183,18,194
0.14,0.02,0.84,1367.0480329028937,1.4096786408466027,2533.0747240000005,0.0,0.0,246.05300921021646,349.850951883929,246.05300921021646,18,194
0.08,0.88,0.040000000000000036,1466.8862686776688,1.362556941763784,2533.0747240000005,0.0,0.0,246.10033307793043,357.7997308034668,246.10033307793043,18,194
0.12,0.2,0.6799999999999999,1368.2025618312184,1.4036976079058658,2533.0747240000005,0.0,0.0,246.1177936635051,351.80258136812495,246.1177936635051,18,194
0.1,0.42,0.48000000000000004,1377.6228966418962,1.3954144340047123,2533.0747240000005,0.0,0.0,246.15954126034472,353.2734398546229,246.15954126034472,18,194
0.12,0.18,0.7,1366.7337095417968,1.4045563569620994,2533.0747240000005,0.0,0.0,246.19055271624987,351.73658122647754,246.19055271624987,18,194
0.08,0.86,0.06000000000000005,1460.4797971066057,1.3645466374437165,2533.0747240000005,0.0,0.0,246.234261015573,357.52564113706023,246.234261015573,18,194
0.12,0.16,0.72,1365.4057318176249,1.405378196264519,2533.0747240000005,0.0,0.0,246.26077135783365,351.68317957076556,246.26077135783365,18,194
0.14,0.0,0.86,1366.1325714993154,1.4103911553247226,2533.0747240000005,0.0,0.0,246.2890789566303,349.90504228173376,246.2890789566303,18,194
0.1,0.4,0.5,1375.1509385531942,1.3964362080681372,2533.0747240000005,0.0,0.0,246.34598850512694,353.3072555377489,246.34598850512694,18,194
0.08,0.84,0.08000000000000007,1454.2295309554647,1.3664974292726295,2533.0747240000005,0.0,0.0,246.3583487208259,357.2740699287585,246.3583487208259,18,194
0.12,0.14,0.74,1364.2190525352144,1.4061628539519742,2533.0747240000005,0.0,0.0,246.37806800377427,351.64233157956437,246.37806800377427,18,194
0.08,0.8200000000000001,0.09999999999999998,1448.1350550713387,1.368409360109398,2533.0747240000005,0.0,0.0,246.4911326580025,357.0445749266551,246.4911326580025,18,194
0.12,0.12,0.76,1363.1741288735666,1.4069100442787617,2533.0747240000005,0.0,0.0,246.52756866862828,351.6139985822538,246.52756866862828,18,194
0.1,0.38,0.52,1372.8197930572874,1.3974215586917154,2533.0747240000005,0.0,0.0,246.52883163642719,353.35416128100496,246.52883163642719,18,194
0.08,0.8,0.12,1442.1959251804533,1.3702824799818314,2533.0747240000005,0.0,0.0,246.6234494612256,356.8367177141348,246.6234494612256,18,194
0.08,0.78,0.14,1436.6773586400227,1.3720619952049538,2533.0747240000005,0.0,0.0,246.6858340554238,356.6145920860618,246.6858340554238,18,194
0.1,0.36,0.54,1370.6295285934941,1.3983704677510271,2533.0747240000005,0.0,0.0,246.70369718100844,353.41368909304515,246.70369718100844,18,194
0.12,0.1,0.78,1362.2714497178167,1.407619467941497,2533.0747240000005,0.0,0.0,246.71640885689484,351.5981479619725,246.71640885689484,18,194
0.08,0.76,0.16000000000000003,1431.3773966056142,1.3737896035247865,2533.0747240000005,0.0,0.0,246.72215502847126,356.4037761918927,246.72215502847126,18,194
0.08,0.74,0.18000000000000005,1426.2285343960393,1.375479208279383,2533.0747240000005,0.0,0.0,246.74713110464714,356.21272270335027,246.74713110464714,18,194
0.08,0.72,0.20000000000000007,1421.2300762309076,1.3771309164540597,2533.0747240000005,0.0,0.0,246.77335960653613,356.04106876939693,246.77335960653613,18,194
0.08,0.7000000000000001,0.21999999999999997,1416.3813320007444,1.3787448347162725,2533.0747240000005,0.0,0.0,246.8055888909795,355.888453682697,246.8055888909795,18,194
0.08,0.68,0.24,1411.69501259258,1.3803182968535261,2533.0747240000005,0.0,0.0,246.85837347831102,355.75253000726246,246.85837347831102,18,194
0.1,0.34,0.56,1368.6127727765818,1.399277348205643,2533.0747240000005,0.0,0.0,246.87336107103232,353.4757461405092,246.87336107103232,18,194
0.08,0.66,0.26,1407.2608382922235,1.3818326503947302,2533.0747240000005,0.0,0.0,246.87718026461914,355.619541814486,246.87718026461914,18,194
0.08,0.64,0.28,1402.9784687357171,1.3833085924541895,2533.0747240000005,0.0,0.0,246.89631348287585,355.5039498566156,246.89631348287585,18,194
0.12,0.08,0.8,1361.5115339545196,1.4082908124571114,2533.0747240000005,0.0,0.0,246.91242478400463,351.59475303220347,246.91242478400463,18,194
0.08,0.62,0.30000000000000004,1398.8472549526819,1.3847462249355278,2533.0747240000005,0.0,0.0,246.94646270401543,355.4053961084129,246.94646270401543,18,194
0.08,0.6,0.32000000000000006,1394.8665645567444,1.386145647160887,2533.0747240000005,0.0,0.0,246.99514726406557,355.32352394316166,246.99514726406557,18,194
0.1,0.32,0.5800000000000001,1366.7359378857732,1.400147913096142,2533.0747240000005,0.0,0.0,247.03350623352657,353.54991776565,247.03350623352657,18,194
0.08,0.58,0.3400000000000001,1391.0357832301456,1.3875069555674981,2533.0747240000005,0.0,0.0,247.07044500087434,355.25797791611114,247.07044500087434,18,194
0.12,0.06,0.8200000000000001,1360.6067103561938,1.4090010422250867,2533.0747240000005,0.0,0.0,247.14012064975057,351.60930662082336,247.14012064975057,18,194
0.08,0.56,0.36,1387.3543159116011,1.3888302434688122,2533.0747240000005,0.0,0.0,247.14119146463116,355.2084035749847,247.14119146463116,18,194
0.1,0.3,0.6000000000000001,1364.9986763208417,1.4009822160123993,2533.0747240000005,0.0,0.0,247.18644735355034,353.6358802888067,247.18644735355034,18,194
0.08,0.54,0.38,1383.8215877057025,1.390115600876101,2533.0747240000005,0.0,0.0,247.23227609033512,355.1744472987109,247.23227609033512,18,194
0.08,0.52,0.4,1380.4370445327436,1.3913631143762997,2533.0747240000005,0.0,0.0,247.32266125705604,355.1557561651098,247.32266125705604,18,194
0.12,0.04,0.84,1359.4909719336738,1.4097672890030881,2533.0747240000005,0.0,0.0,247.3854167472184,351.6440562152466,247.3854167472184,18,194
0.1,0.28,0.62,1363.4006579763304,1.4017803079713305,2533.0747240000005,0.0,0.0,247.40199804019306,353.73331042095595,247.40199804019306,18,194
0.08,0.5,0.42000000000000004,1377.2001535382199,1.3925728670617945,2533.0747240000005,0.0,0.0,247.4149294669682,355.1519778478456,247.4149294669682,18,194
0.06,0.9400000000000001,0.0,1473.273184828167,1.358527802702564,2533.0747240000005,0.0,0.0,247.4504115321202,360.21756086551795,247.4504115321202,18,194
0.08,0.48,0.44000000000000006,1374.1631734735568,1.3937340023849645,2533.0747240000005,0.0,0.0,247.57705492833068,355.1563957384429,247.57705492833068,18,194
0.06,0.92,0.019999999999999907,1466.5006898462966,1.360605415131124,2533.0747240000005,0.0,0.0,247.61395185697904,359.89946154675124,247.61395185697904,18,194
0.12,0.02,0.86,1358.520843746431,1.4104942780141547,2533.0747240000005,0.0,0.0,247.62216643677291,351.69208871558146,247.62216643677291,18,194
0.1,0.26,0.64,1361.9415691222666,1.4025422376689565,2533.0747240000005,0.0,0.0,247.6428477275771,353.84188543151606,247.6428477275771,18,194
0.06,0.9,0.039999999999999925,1459.885408573701,1.3626440641924824,2533.0747240000005,0.0,0.0,247.76535376018262,359.6047244451914,247.76535376018262,18,194
0.08,0.46,0.46,1371.3584525598694,1.3948398566675317,2533.0747240000005,0.0,0.0,247.76683746624937,355.16419959673317,247.76683746624937,18,194
0.1,0.24,0.66,1360.2392710908925,1.4034416534924943,2533.0747240000005,0.0,0.0,247.77807290991342,353.7926524031365,247.77807290991342,18,194
0.12,0.0,0.88,1357.6970805327996,1.411181614913227,2533.0747240000005,0.0,0.0,247.8505419242709,351.7533556469108,247.8505419242709,18,194
0.1,0.22,0.68,1358.5754806200864,1.4043508691567035,2533.0747240000005,0.0,0.0,247.8721971622472,353.71106092058665,247.8721971622472,18,194
0.06,0.88,0.05999999999999994,1453.4270129539243,1.364643771863837,2533.0747240000005,0.0,0.0,247.90472899186173,359.33289716710533,247.90472899186173,18,194
0.08,0.44,0.48000000000000004,1368.6956370138078,1.3959091605737803,2533.0747240000005,0.0,0.0,247.94731816199047,355.1856711703949,247.94731816199047,18,194
0.1,0.2,0.7,1357.0518758332594,1.4052236270047034,2533.0747240000005,0.0,0.0,247.9566855759859,353.6419590104153,247.9566855759859,18,194
0.1,0.18,0.72,1355.6688246732297,1.406059675338959,2533.0747240000005,0.0,0.0,248.0317246400657,353.58529957971,248.0317246400657,18,194
0.06,0.86,0.07999999999999996,1447.1251326184747,1.3666045701370726,2533.0747240000005,0.0,0.0,248.04184307287244,359.0835314601679,248.04184307287244,18,194
0.1,0.16,0.74,1354.4267312567915,1.406858747885022,2533.0747240000005,0.0,0.0,248.09750688806278,353.5410419996342,248.09750688806278,18,194
0.08,0.42,0.5,1366.1742533924298,1.396941988982728,2533.0747240000005,0.0,0.0,248.1185605881855,355.2204862411164,248.1185605881855,18,194
0.06,0.84,0.09999999999999998,1440.9793606044386,1.3685264997831357,2533.0747240000005,0.0,0.0,248.18353758091047,358.8561831943812,248.18353758091047,18,194
0.1,0.14,0.76,1353.3260345015533,1.4076205640295723,2533.0747240000005,0.0,0.0,248.19959354141258,353.5091520319756,248.19959354141258,18,194
0.08,0.4,0.52,1363.793850172719,1.397938413194028,2533.0747240000005,0.0,0.0,248.29236961439443,355.26832053682784,248.29236961439443,18,194
0.06,0.8200000000000001,0.11999999999999988,1434.9892587841114,1.3704096091806786,2533.0747240000005,0.0,0.0,248.31326331952624,358.6504122977967,248.31326331952624,18,194
0.1,0.12,0.78,1352.3672066485224,1.40834482910569,2533.0747240000005,0.0,0.0,248.3399804274424,353.48960173064484,248.3399804274424,18,194
0.06,0.8,0.1399999999999999,1429.1543629899516,1.372253953212497,2533.0747240000005,0.0,0.0,248.43114681635956,358.46578265448875,248.43114681635956,18,194
0.08,0.38,0.54,1361.5539971308203,1.3988985010776094,2533.0747240000005,0.0,0.0,248.48256590802833,355.3288497754825,248.48256590802833,18,194
0.1,0.1,0.8,1351.5507516764364,1.4090312347286986,2533.0747240000005,0.0,0.0,248.52672546605973,353.48236931627844,248.52672546605973,18,194
0.06,0.78,0.15999999999999992,1423.4741878222417,1.3740595922323893,2533.0747240000005,0.0,0.0,248.54022662039432,358.3018619719211,248.54022662039432,18,194
0.06,0.76,0.17999999999999994,1418.098421146471,1.3757956436808574,2533.0747240000005,0.0,0.0,248.60939821983104,358.1376489838769,248.60939821983104,18,194
0.06,0.74,0.19999999999999996,1413.0545501427773,1.3774564423265232,2533.0747240000005,0.0,0.0,248.62774039239684,357.9681914113285,248.62774039239684,18,194
0.06,0.72,0.21999999999999997,1408.1608868692206,1.3790794035618463,2533.0747240000005,0.0,0.0,248.6522690817748,357.81765379285434,248.6522690817748,18,194
0.08,0.36,0.56,1359.4542846070965,1.39982231724712,2533.0747240000005,0.0,0.0,248.66344330333007,355.40174973338674,248.66344330333007,18,194
0.06,0.7000000000000001,0.23999999999999988,1403.4167353199623,1.3806646358954227,2533.0747240000005,0.0,0.0,248.7101272273084,357.6856779325363,248.7101272273084,18,194
0.1,0.08,0.8200000000000001,1350.877203603315,1.4096794591861344,2533.0747240000005,0.0,0.0,248.7159630067595,353.48743902220747,248.7159630067595,18,194
0.06,0.68,0.2599999999999999,1398.821409796959,1.3822122465531037,2533.0747240000005,0.0,0.0,248.77421002654276,357.5719074341209,248.77421002654276,18,194
0.06,0.66,0.2799999999999999,1394.4000054705816,1.3837169933906273,2533.0747240000005,0.0,0.0,248.8209810128541,357.472175860065,248.8209810128541,18,194
0.08,0.34,0.5800000000000001,1357.510686249991,1.400707123318075,2533.0747240000005,0.0,0.0,248.83625359837586,355.48192158354846,248.83625359837586,18,194
0.06,0.64,0.29999999999999993,1390.2221147524385,1.3851643509726932,2533.0747240000005,0.0,0.0,248.8648308324199,357.37575602901194,248.8648308324199,18,194
0.1,0.06,0.8400000000000001,1350.3471246696067,1.4102891678856573,2533.0747240000005,0.0,0.0,248.8968174599564,353.5048009104099,248.8968174599564,18,194
0.06,0.62,0.31999999999999995,1386.19516597337,1.3865734661245863,2533.0747240000005,0.0,0.0,248.90017044873684,357.29590187851596,248.90017044873684,18,194
0.06,0.6,0.33999999999999997,1382.3185248754867,1.3879444392843732,2533.0747240000005,0.0,0.0,248.96529427191135,357.23225953797464,248.96529427191135,18,194
0.08,0.32,0.6000000000000001,1355.7243443622017,1.4015527001244568,2533.0747240000005,0.0,0.0,249.00909428157328,355.56866212872916,249.00909428157328,18,194
0.06,0.58,0.36,1378.5915755781823,1.3892773679704071,2533.0747240000005,0.0,0.0,249.0301344859256,357.18447633892845,249.0301344859256,18,194
0.1,0.04,0.86,1349.9611033968322,1.410860013864867,2533.0747240000005,0.0,0.0,249.07133483957708,353.53445065630865,249.07133483957708,18,194
0.04,0.96,0.0,1466.1045795819603,1.3586995404414854,2533.0747240000005,0.0,0.0,249.09950515093678,362.02021506987546,249.09950515093678,18,194
0.06,0.56,0.3799999999999999,1375.0137215886161,1.3905723465817297,2533.0747240000005,0.0,0.0,249.11358789428755,357.1522006373052,249.11358789428755,18,194
0.08,0.3,0.6200000000000001,1354.0772993553514,1.402362109542537,2533.0747240000005,0.0,0.0,249.2009809456773,355.66680942457833,249.2009809456773,18,194
0.06,0.54,0.3999999999999999,1371.6453035508312,1.391816822458093,2533.0747240000005,0.0,0.0,249.20194801764572,357.1280066888236,249.20194801764572,18,194
0.04,0.9400000000000001,0.019999999999999907,1459.351534349849,1.3607629613937942,2533.0747240000005,0.0,0.0,249.26526831434276,361.71075386331745,249.26526831434276,18,194
0.1,0.02,0.88,1349.5250824598859,1.4114419248182841,2533.0747240000005,0.0,0.0,249.26740991174194,353.5818326862558,249.26740991174194,18,194
0.06,0.52,0.41999999999999993,1368.505681680075,1.3930068155404283,2533.0747240000005,0.0,0.0,249.29124449264347,357.1087100961519,249.29124449264347,18,194
0.04,0.92,0.039999999999999925,1452.756036875262,1.3627873999594764,2533.0747240000005,0.0,0.0,249.42152633294512,361.42435245395757,249.42152633294512,18,194
0.06,0.5,0.43999999999999995,1365.5092468555715,1.3941600952005002,2533.0747240000005,0.0,0.0,249.42581234606723,357.1036490325489,249.42581234606723,18,194
0.08,0.28,0.64,1352.5692159386786,1.4031354048756846,2533.0747240000005,0.0,0.0,249.43176081334803,355.77604297320727,249.43176081334803,18,194
0.1,0.0,0.9,1349.0819714241636,1.412023642737088,2533.0747240000005,0.0,0.0,249.46576164298676,353.646084296782,249.46576164298676,18,194
0.04,0.9,0.05999999999999994,1446.3177714712176,1.3647728751895316,2533.0747240000005,0.0,0.0,249.569841474224,361.1605560754362,249.569841474224,18,194
0.08,0.26,0.66,1350.8521188066743,1.4040306823637303,2533.0747240000005,0.0,0.0,249.57450040119988,355.7414587633243,249.57450040119988,18,194
0.06,0.48,0.45999999999999996,1362.6554575487344,1.3952767485314426,2533.0747240000005,0.0,0.0,249.59825788391612,357.11250169826343,249.59825788391612,18,194
0.08,0.24,0.68,1349.134888522698,1.4049533596575554,2533.0747240000005,0.0,0.0,249.6631308244972,355.65693533628615,249.6631308244972,18,194
0.04,0.88,0.07999999999999996,1440.036377977442,1.3667194166094814,2533.0747240000005,0.0,0.0,249.72867151221112,360.91891446790885,249.72867151221112,18,194
0.08,0.22,0.7000000000000001,1347.5575406890748,1.4058397726483758,2533.0747240000005,0.0,0.0,249.74190784855733,355.5847414663795,249.74190784855733,18,194
0.06,0.46,0.4799999999999999,1359.9437946827088,1.3963568589160373,2533.0747240000005,0.0,0.0,249.76475987452832,357.13494632620046,249.76475987452832,18,194
0.08,0.2,0.72,1346.120420258554,1.4066896761355108,2533.0747240000005,0.0,0.0,249.81602034318644,355.52483403079026,249.81602034318644,18,194
0.04,0.86,0.09999999999999998,1433.9114575124795,1.3686270629782953,2533.0747240000005,0.0,0.0,249.87532976890878,360.6989818650678,249.87532976890878,18,194
0.08,0.18,0.74,1344.8239096578463,1.4075028099547513,2533.0747240000005,0.0,0.0,249.88466572634076,355.47717661442846,249.88466572634076,18,194
0.06,0.44,0.49999999999999994,1357.373761377013,1.397400506098971,2533.0747240000005,0.0,0.0,249.95284461477343,357.1706611555043,249.95284461477343,18,194
0.08,0.16,0.76,1343.6684275352554,1.4082788991751078,2533.0747240000005,0.0,0.0,249.95592294031223,355.44173943581524,249.95592294031223,18,194
0.04,0.84,0.12,1427.9425779464812,1.370495861109645,2533.0747240000005,0.0,0.0,250.00993995829813,360.500316934024,250.00993995829813,18,194
0.08,0.14,0.78,1342.6544274047976,1.409017654341999,2533.0747240000005,0.0,0.0,250.0568525880231,355.4184992475216,250.0568525880231,18,194
0.06,0.42,0.52,1354.9448825421625,1.398407766290812,2533.0747240000005,0.0,0.0,250.1316189920428,357.21932443232237,250.1316189920428,18,194
0.04,0.8200000000000001,0.1399999999999999,1422.0667717092988,1.3723469353861582,2533.0747240000005,0.0,0.0,250.13301216543255,360.31820790514877,250.13301216543255,18,194
0.08,0.12,0.8,1341.782396182792,1.4097187717702864,2533.0747240000005,0.0,0.0,250.17745855326913,355.40743920914156,250.17745855326913,18,194
0.04,0.8,0.15999999999999992,1416.337016583163,1.3741623271819767,2533.0747240000005,0.0,0.0,250.24435255914796,360.1561114089636,250.24435255914796,18,194
0.06,0.4,0.5399999999999999,1352.656704341664,1.3993787122998458,2533.0747240000005,0.0,0.0,250.3042279811834,357.2806144365127,250.3042279811834,18,194
0.04,0.78,0.17999999999999994,1410.7618155115579,1.3759390657950719,2533.0747240000005,0.0,0.0,250.34485879729962,360.0142294199569,250.34485879729962,18,194
0.08,0.1,0.8200000000000001,1341.0528526119601,1.4103819338908492,2533.0747240000005,0.0,0.0,250.3494998010891,355.4085487310012,250.3494998010891,18,194
0.04,0.76,0.19999999999999996,1405.340652734118,1.3776772195981537,2533.0747240000005,0.0,0.0,250.44830293285682,359.8921361468712,250.44830293285682,18,194
0.06,0.38,0.5599999999999999,1350.5087935378292,1.400313413688091,2533.0747240000005,0.0,0.0,250.4791640294121,357.35420953296494,250.4791640294121,18,194
0.04,0.74,0.21999999999999997,1400.1089227246393,1.3793694726576062,2533.0747240000005,0.0,0.0,250.53229418818182,359.7843692171731,250.53229418818182,18,194
0.08,0.08,0.8400000000000001,1340.4663455672353,1.4110068096546253,2533.0747240000005,0.0,0.0,250.53315881598172,355.4218232870846,250.53315881598172,18,194
0.04,0.72,0.24,1395.321007417099,1.3809635011757957,2533.0747240000005,0.0,0.0,250.5561759584919,359.6542355621197,250.5561759584919,18,194
0.04,0.7000000000000001,0.2599999999999999,1390.6823916505164,1.3825198638960545,2533.0747240000005,0.0,0.0,250.62435605254285,359.5421879037148,250.62435605254285,18,194
0.06,0.36,0.58,1348.5007367371938,1.4012119369479847,2533.0747240000005,0.0,0.0,250.66145850975622,357.4397882460895,250.66145850975622,18,194
0.04,0.68,0.2799999999999999,1386.1923852765744,1.3840386696100473,2533.0747240000005,0.0,0.0,250.68219073290254,359.44787266504,250.68219073290254,18,194
0.08,0.06,0.8600000000000001,1340.0234522366254,1.4115930549982831,2533.0747240000005,0.0,0.0,250.70857056142935,355.44726419593303,250.70857056142935,18,194
0.04,0.66,0.29999999999999993,1381.8503120174573,1.3855200251018913,2533.0747240000005,0.0,0.0,250.75864716603485,359.3709377507433,250.75864716603485,18,194
0.02,0.98,0.0,1459.0500556528477,1.3588449270059777,2533.0747240000005,0.0,0.0,250.80627558570964,363.85522903468336,250.80627558570964,18,194
0.04,0.64,0.31999999999999995,1377.6945295078347,1.386955918418892,2533.0747240000005,0.0,0.0,250.82312016888397,359.3052784610048,250.82312016888397,18,194
0.06,0.34,0.5999999999999999,1346.6321395502894,1.4020743456964444,2533.0747240000005,0.0,0.0,250.83451157634715,357.537029355942,250.83451157634715,18,194
0.08,0.04,0.88,1339.724776170206,1.4121403133757415,2533.0747240000005,0.0,0.0,250.8759289925836,355.48487836857936,250.8759289925836,18,194
0.04,0.62,0.33999999999999997,1373.772743524285,1.3883363424323238,2533.0747240000005,0.0,0.0,250.89297899820866,359.24342718608,250.89297899820866,18,194
0.04,0.6,0.36,1370.0704054422183,1.389664277613535,2533.0747240000005,0.0,0.0,250.95970432088612,359.1895748589949,250.95970432088612,18,194
0.02,0.96,0.020000000000000018,1452.2457849326806,1.3609180675268147,2533.0747240000005,0.0,0.0,250.96247048080738,363.54876862724024,250.96247048080738,18,194
0.06,0.32,0.6199999999999999,1344.9350734871014,1.4028951341585967,2533.0747240000005,0.0,0.0,251.00110454288384,357.6363163767899,251.00110454288384,18,194
0.04,0.58,0.38,1366.5932384154494,1.390938570736966,2533.0747240000005,0.0,0.0,251.03049082454933,359.1421182345071,251.03049082454933,18,194
0.08,0.02,0.9,1339.57094518954,1.4126482163599507,2533.0747240000005,0.0,0.0,251.03543422112713,355.53467802287327,251.03543422112713,18,194
0.02,0.9400000000000001,0.039999999999999925,1445.5993518179635,1.3629522245227237,2533.0747240000005,0.0,0.0,251.1139590472348,363.26531221122247,251.1139590472348,18,194
0.04,0.56,0.3999999999999999,1363.2607309615482,1.3921759511259377,2533.0747240000005,0.0,0.0,251.11860954924896,359.1094553382828,251.11860954924896,18,194
0.08,0.0,0.92,1339.5626091498798,1.4131163843192671,2533.0747240000005,0.0,0.0,251.18883827398005,355.5966803639038,251.18883827398005,18,194
0.04,0.54,0.41999999999999993,1360.0722741765126,1.3933765179116027,2533.0747240000005,0.0,0.0,251.2099842229971,359.0912662963256,251.2099842229971,18,194
0.06,0.3,0.6399999999999999,1343.3787982206084,1.4036795482108442,2533.0747240000005,0.0,0.0,251.22211573875077,357.7461157260353,251.22211573875077,18,194
0.02,0.92,0.05999999999999994,1439.1104543882013,1.3649474137445443,2533.0747240000005,0.0,0.0,251.2847122271116,363.00440256713375,251.2847122271116,18,194
0.04,0.52,0.43999999999999995,1357.0272810447445,1.394540366617123,2533.0747240000005,0.0,0.0,251.33360819246272,359.0872315459482,251.33360819246272,18,194
0.06,0.28,0.6599999999999999,1341.6484785341443,1.4045700894826614,2533.0747240000005,0.0,0.0,251.37816560737195,357.7266581170269,251.37816560737195,18,194
0.02,0.9,0.07999999999999996,1432.7787440724924,1.3669036618790609,2533.0747240000005,0.0,0.0,251.44567028629604,362.7655871904433,251.44567028629604,18,194
0.06,0.26,0.6799999999999999,1339.878838590688,1.405505872846455,2533.0747240000005,0.0,0.0,251.46994049227604,357.63921288659645,251.46994049227604,18,194
0.04,0.5,0.45999999999999996,1354.1251866302287,1.3956675891348176,2533.0747240000005,0.0,0.0,251.49920342672118,359.09703173522314,251.49920342672118,18,194
0.06,0.24,0.7,1338.2487760047072,1.406405584261783,2533.0747240000005,0.0,0.0,251.5517778551881,357.5639371952412,251.5517778551881,18,194
0.02,0.88,0.09999999999999998,1426.6038314316388,1.3688210053034853,2533.0747240000005,0.0,0.0,251.59422527067986,362.54841828929966,251.59422527067986,18,194
0.06,0.22,0.72,1336.7586109255124,1.4072689855075047,2533.0747240000005,0.0,0.0,251.62387258479887,357.50079190444234,251.62387258479887,18,194
0.04,0.48,0.48,1351.3654480788837,1.3967582737435933,2533.0747240000005,0.0,0.0,251.66688593579002,359.1203476513719,251.66688593579002,18,194
0.06,0.2,0.74,1335.4087021927296,1.4080958230399812,2533.0747240000005,0.0,0.0,251.68642584159733,357.44974482978745,251.68642584159733,18,194
0.02,0.86,0.12,1420.58529166991,1.3706994889002566,2533.0747240000005,0.0,0.0,251.73050271443685,362.352452733166,251.73050271443685,18,194
0.06,0.18,0.76,1334.1994462066564,1.4088858281482861,2533.0747240000005,0.0,0.0,251.74496068114814,357.4107706665243,251.74496068114814,18,194
0.06,0.16,0.7799999999999999,1333.1312756962911,1.4096387171549267,2533.0747240000005,0.0,0.0,251.8256987620191,357.38385088928385,251.8256987620191,18,194
0.04,0.46,0.49999999999999994,1348.7475444507522,1.3978125051625057,2533.0747240000005,0.0,0.0,251.8306858758035,359.1568601772927,251.8306858758035,18,194
0.02,0.84,0.14,1414.722669858138,1.3725391649360135,2533.0747240000005,0.0,0.0,251.8546310925475,362.17725195989146,251.8546310925475,18,194
0.06,0.14,0.7999999999999999,1332.2046583808296,1.4103541916655733,2533.0747240000005,0.0,0.0,251.90071651046367,357.3689736238335,251.90071651046367,18,194
0.02,0.8200000000000001,0.15999999999999992,1409.0154858536239,1.374340092007762,2533.0747240000005,0.0,0.0,251.97551357134134,362.02238184850415,251.97551357134134,18,194
0.04,0.44,0.52,1346.270976400061,1.3988303646364437,2533.0747240000005,0.0,0.0,251.98831996546184,359.20625027520623,251.98831996546184,18,194
0.06,0.12,0.82,1331.4200955194467,1.411031938871589,2533.0747240000005,0.0,0.0,252.0109356359005,357.36613348894446,252.0109356359005,18,194
0.02,0.8,0.17999999999999994,1403.4632389063413,1.376102334058397,2533.0747240000005,0.0,0.0,252.09141381519234,361.887412564619,252.09141381519234,18,194
0.06,0.1,0.84,1330.7781203432019,1.4116716319094245,2533.0747240000005,0.0,0.0,252.1577944227712,357.37533140675737,252.1577944227712,18,194
0.04,0.42,0.54,1343.9352657206982,1.399811930050029,2533.0747240000005,0.0,0.0,252.16072855520792,359.2681989962459,252.16072855520792,18,194
0.02,0.78,0.19999999999999996,1398.0654119443943,1.3778259594629665,2533.0747240000005,0.0,0.0,252.19539179864879,361.7719183850097,252.19539179864879,18,194
0.02,0.76,0.21999999999999997,1392.8214755352114,1.3795110401863153,2533.0747240000005,0.0,0.0,252.28758148543432,361.675477507389,252.28758148543432,18,194
0.04,0.4,0.5599999999999999,1341.7399547736804,1.4007572760660472,2533.0747240000005,0.0,0.0,252.33167536205968,359.3423875146666,252.33167536205968,18,194
0.06,0.08,0.86,1330.2792963622085,1.4122729302811545,2533.0747240000005,0.0,0.0,252.33406609008776,357.3965743802691,252.33406609008776,18,194
0.02,0.74,0.24,1387.7308915219692,1.3811576510120822,2533.0747240000005,0.0,0.0,252.368116296648,361.5976718510111,252.368116296648,18,194
0.02,0.72,0.26,1382.788309365504,1.382767485621755,2533.0747240000005,0.0,0.0,252.47258635585612,361.53780475235277,252.47258635585612,18,194
0.04,0.38,0.58,1339.684605812529,1.4016664742848706,2533.0747240000005,0.0,0.0,252.49346428606228,359.42849718525105,252.49346428606228,18,194
0.0,1.0,0.0,1452.1563907930276,1.3589482273536853,2533.0747240000005,0.0,0.0,252.50392380790635,365.7257299590665,252.50392380790635,18,194
0.06,0.06,0.8799999999999999,1329.924215540495,1.4128354803406187,2533.0747240000005,0.0,0.0,252.50412132584214,357.42987523688834,252.50412132584214,18,194
0.02,0.7000000000000001,0.2799999999999999,1378.1792376556245,1.3843105872953898,2533.0747240000005,0.0,0.0,252.54240280560032,361.4560126699293,252.54240280560032,18,194
0.02,0.68,0.29999999999999993,1373.7954731059488,1.385800408985308,2533.0747240000005,0.0,0.0,252.61467070149513,361.3804427377621,252.61467070149513,18,194
0.04,0.36,0.6,1337.7688002214995,1.4025395934215437,2533.0747240000005,0.0,0.0,252.6527802446793,359.52620962240906,252.6527802446793,18,194
0.0,0.98,0.020000000000000018,1445.3016066891391,1.3610308801425706,2533.0747240000005,0.0,0.0,252.66569784005853,365.4221380801643,252.66569784005853,18,194
0.06,0.04,0.8999999999999999,1329.7134963305054,1.4133589158497215,2533.0747240000005,0.0,0.0,252.67619459462392,357.4752523373352,252.67619459462392,18,194
0.02,0.66,0.31999999999999995,1369.6375248209974,1.387236593135195,2533.0747240000005,0.0,0.0,252.71577357336378,361.3134148549286,252.71577357336378,18,194
0.04,0.34,0.6199999999999999,1335.9921376804962,1.4033766994974477,2533.0747240000005,0.0,0.0,252.82770642382962,359.63520679945265,252.82770642382962,18,194
0.0,0.96,0.040000000000000036,1438.604950574303,1.3630745479417568,2533.0747240000005,0.0,0.0,252.83182634953988,365.14149227323094,252.83182634953988,18,194
0.02,0.64,0.33999999999999997,1365.6968578571227,1.3886209496075579,2533.0747240000005,0.0,0.0,252.8362670533108,361.2548492889031,252.8362670533108,18,194
0.06,0.02,0.9199999999999999,1329.6477815590001,1.4138428586094969,2533.0747240000005,0.0,0.0,252.85045656857451,357.5327292494284,252.85045656857451,18,194
0.02,0.62,0.36,1361.951559043402,1.3899580102606437,2533.0747240000005,0.0,0.0,252.93624200671462,361.20439601556757,252.93624200671462,18,194
0.0,0.9400000000000001,0.05999999999999994,1432.0661349837353,1.3650792430469687,2533.0747240000005,0.0,0.0,252.99546594637417,364.88333291991415,252.99546594637417,18,194
0.02,0.6,0.38,1358.4256602236305,1.3912426823477662,2533.0747240000005,0.0,0.0,253.00815660483931,361.1581171147419,253.00815660483931,18,194
0.04,0.32,0.6399999999999999,1334.368445700289,1.4041754170380152,2533.0747240000005,0.0,0.0,253.01049491790553,359.751158243554,253.01049491790553,18,194
0.06,0.0,0.94,1329.7277361557099,1.4142869191705392,2533.0747240000005,0.0,0.0,253.017284179705,357.60233438673924,253.017284179705,18,194
0.02,0.58,0.4,1355.0447535793407,1.3924904250653773,2533.0747240000005,0.0,0.0,253.09557610172803,361.12654499003577,253.09557610172803,18,194
0.0,0.92,0.07999999999999996,1425.684823604929,1.367044989154528,2533.0747240000005,0.0,0.0,253.1617687019707,364.64720532365504,253.1617687019707,18,194
0.04,0.3,0.6599999999999999,1332.6264450189005,1.4050606453247005,2533.0747240000005,0.0,0.0,253.16846057665026,359.7472818701018,253.16846057665026,18,194
0.02,0.56,0.41999999999999993,1351.8082075077366,1.3937013421328832,2533.0747240000005,0.0,0.0,253.17875118175158,361.10936208060383,253.17875118175158,18,194
0.02,0.54,0.43999999999999995,1348.715411673012,1.3948755338121281,2533.0747240000005,0.0,0.0,253.26079913267162,361.1062512887116,253.26079913267162,18,194
0.04,0.28,0.6799999999999999,1330.8054420462154,1.4060091767629723,2533.0747240000005,0.0,0.0,253.26336596437733,359.6569252441515,253.26336596437733,18,194
0.0,0.9,0.09999999999999998,1419.4606370852298,1.3689718201124053,2533.0747240000005,0.0,0.0,253.31566831320183,364.4326597188135,253.31566831320183,18,194
0.04,0.26,0.7,1329.1237110505415,1.4069218270230934,2533.0747240000005,0.0,0.0,253.34825144990285,359.57857818228905,253.34825144990285,18,194
0.02,0.52,0.45999999999999996,1345.7657772897276,1.3960130968650348,2533.0747240000005,0.0,0.0,253.40943153439744,361.11689586246683,253.40943153439744,18,194
0.04,0.24,0.72,1327.5815456059681,1.4077983653310564,2533.0747240000005,0.0,0.0,253.42331390616332,359.51220554017766,253.42331390616332,18,194
0.0,0.88,0.12,1413.3931585783123,1.370859778729515,2533.0747240000005,0.0,0.0,253.45721553020755,364.23925122879393,253.45721553020755,18,194
0.04,0.22,0.74,1326.1792791062264,1.4086385452598003,2533.0747240000005,0.0,0.0,253.48875651760684,359.4577793765519,253.48875651760684,18,194
0.04,0.2,0.76,1324.917283759376,1.4094421048427361,2533.0747240000005,0.0,0.0,253.5447890840761,359.4152788787731,253.5447890840761,18,194
0.02,0.5,0.48,1342.958737215256,1.3971141245518925,2533.0747240000005,0.0,0.0,253.57474470704923,361.1409793073519,253.57474470704923,18,194
0.0,0.86,0.14,1407.48193901025,1.372708915647326,2533.0747240000005,0.0,0.0,253.6023666684654,364.06653978070466,253.6023666684654,18,194
0.04,0.18,0.78,1323.795969481645,1.4102087667317653,2533.0747240000005,0.0,0.0,253.62714075071068,359.3846902621941,253.62714075071068,18,194
0.04,0.16,0.7999999999999999,1322.8157826861275,1.4109382384033333,2533.0747240000005,0.0,0.0,253.7016717639781,359.3660066410848,253.7016717639781,18,194
0.0,0.84,0.16000000000000003,1401.726502049974,1.3745192882769526,2533.0747240000005,0.0,0.0,253.73554703706887,363.91408998385043,253.73554703706887,18,194
0.02,0.48,0.5,1340.2937458699812,1.398178706666173,2533.0747240000005,0.0,0.0,253.74365851464643,361.1781853257255,253.74365851464643,18,194
0.04,0.14,0.82,1321.9772049608418,1.411630212416419,2533.0747240000005,0.0,0.0,253.7674291173386,359.35922786912175,253.7674291173386,18,194
0.0,0.8200000000000001,0.17999999999999994,1396.126348772573,1.3762909598040893,2533.0747240000005,0.0,0.0,253.85659501851947,363.781470979062,253.85659501851947,18,194
0.04,0.12,0.84,1321.2807516298874,1.4122843667266223,2533.0747240000005,0.0,0.0,253.86227490782605,359.3643603476413,253.86227490782605,18,194
0.02,0.46,0.52,1337.770279003391,1.3992069296018148,2533.0747240000005,0.0,0.0,253.90316055772226,361.22819778339874,253.90316055772226,18,194
0.0,0.8,0.19999999999999996,1390.6809620076756,1.3780239982633484,2533.0747240000005,0.0,0.0,253.96564512334075,363.6682562654214,253.96564512334075,18,194
0.04,0.1,0.86,1320.7269701903756,1.4129003650607748,2533.0747240000005,0.0,0.0,253.98363787482373,359.3814168002245,253.98363787482373,18,194
0.02,0.44,0.54,1335.3878333236391,1.400198876449096,2533.0747240000005,0.0,0.0,254.05331988232524,361.29070070208115,254.05331988232524,18,194
0.0,0.78,0.21999999999999997,1385.389810368545,1.3797184756827992,2533.0747240000005,0.0,0.0,254.06283221473558,363.57402351055975,254.06283221473558,18,194
0.04,0.08,0.88,1320.3164386171807,1.4134778573567044,2533.0747240000005,0.0,0.0,254.14518489073046,359.4104160124187,254.14518489073046,18,194
0.0,0.76,0.24,1380.2523519606636,1.3813744672988453,2533.0747240000005,0.0,0.0,254.14829088371948,363.4983543501923,254.14829088371948,18,194
0.02,0.42,0.56,1333.1459260074212,1.4011546271153454,2533.0747240000005,0.0,0.0,254.1993946772221,361.3653782764301,254.1993946772221,18,194
0.0,0.74,0.26,1375.2680377716065,1.382992050840912,2533.0747240000005,0.0,0.0,254.24323770788456,363.44083418206435,254.24323770788456,18,194
0.04,0.06,0.8999999999999999,1320.0497635271001,1.4140164802728883,2533.0747240000005,0.0,0.0,254.32571881183037,359.4513825357326,254.32571881183037,18,194
0.02,0.4,0.58,1331.0440941061042,1.4020742584669552,2533.0747240000005,0.0,0.0,254.34681714431116,361.4519149142935,254.34681714431116,18,194
0.0,0.72,0.28,1370.5234623505241,1.3845531501513735,2533.0747240000005,0.0,0.0,254.3847761800784,363.39211302729154,254.3847761800784,18,194
0.04,0.04,0.9199999999999999,1319.9275781934216,1.4145158577728516,2533.0747240000005,0.0,0.0,254.50261088801847,359.50434635538323,254.50261088801847,18,194
0.02,0.38,0.6,1329.0818938631921,1.4029578444893436,2533.0747240000005,0.0,0.0,254.50688427231165,361.5499952986832,254.50688427231165,18,194
0.0,0.7000000000000001,0.29999999999999993,1365.9953642093371,1.386062642832881,2533.0747240000005,0.0,0.0,254.54258028350338,363.35349884633814,254.54258028350338,18,194
0.02,0.36,0.62,1327.2588999572497,1.403805456461734,2533.0747240000005,0.0,0.0,254.66148691226138,361.65930446993224,254.66148691226138,18,194
0.04,0.02,0.94,1319.9505404018696,1.414975601789136,2533.0747240000005,0.0,0.0,254.6720343123755,359.56934252161034,254.6720343123755,18,194
0.0,0.68,0.31999999999999995,1361.7496696821481,1.3875072591066757,2533.0747240000005,0.0,0.0,254.68157188483792,363.31150778639534,254.68157188483792,18,194
0.0,0.66,0.33999999999999997,1357.835493647096,1.3888769490745887,2533.0747240000005,0.0,0.0,254.79934315913172,363.257857676011,254.79934315913172,18,194
0.02,0.34,0.6399999999999999,1325.5747046833048,1.404617163143857,2533.0747240000005,0.0,0.0,254.81046910429097,361.7795279264948,254.81046910429097,18,194
0.04,0.0,0.96,1320.1193301387575,1.415395312971623,2533.0747240000005,0.0,0.0,254.83420502104255,359.6464107447142,254.83420502104255,18,194
0.0,0.64,0.36,1354.0639605292572,1.3902103776155643,2533.0747240000005,0.0,0.0,254.90746812840356,363.21981467821587,254.90746812840356,18,194
0.02,0.32,0.6599999999999999,1323.788276991283,1.4055023905014261,2533.0747240000005,0.0,0.0,254.95841944905214,361.80124144888924,254.95841944905214,18,194
0.0,0.62,0.38,1350.4343887281825,1.3915076563598674,2533.0747240000005,0.0,0.0,255.00607693460918,363.197064999556,255.00607693460918,18,194
0.02,0.3,0.6799999999999999,1321.9128663701622,1.4064640149729593,2533.0747240000005,0.0,0.0,255.04339871341125,361.7091275607322,255.04339871341125,18,194
0.0,0.6,0.4,1346.995565017938,1.3927609349066905,2533.0747240000005,0.0,0.0,255.09372260369184,363.17840744848564,255.09372260369184,18,194
0.02,0.28,0.7,1320.1805305695132,1.4073892418375844,2533.0747240000005,0.0,0.0,255.13131844967197,361.62771988793133,255.13131844967197,18,194
0.0,0.58,0.42000000000000004,1343.7116757411009,1.3939819801648272,2533.0747240000005,0.0,0.0,255.17672238753065,363.16212794160396,255.17672238753065,18,194
0.02,0.26,0.72,1318.5874279177688,1.4082785534155533,2533.0747240000005,0.0,0.0,255.2093365011503,361.5581307406402,255.2093365011503,18,194
0.0,0.56,0.43999999999999995,1340.5718338272497,1.3951662899967816,2533.0747240000005,0.0,0.0,255.25401795431233,363.15983732564973,255.25401795431233,18,194
0.02,0.24,0.74,1317.133864547046,1.409131710876932,2533.0747240000005,0.0,0.0,255.27765816124298,361.50033642850696,255.27765816124298,18,194
0.02,0.22,0.76,1315.8201865685996,1.40994845950907,2533.0747240000005,0.0,0.0,255.33649538367135,361.454320641516,255.33649538367135,18,194
0.0,0.54,0.45999999999999996,1337.575426242534,1.3963139660958848,2533.0747240000005,0.0,0.0,255.37436276437015,363.1712215895714,255.37436276437015,18,194
0.02,0.2,0.78,1314.6467790939864,1.4107285288317946,2533.0747240000005,0.0,0.0,255.41508124712806,361.4200743493671,255.41508124712806,18,194
0.02,0.18,0.8,1313.614065152747,1.4114716327595647,2533.0747240000005,0.0,0.0,255.49232484049713,361.39759567200116,255.49232484049713,18,194
0.0,0.52,0.48,1334.7218610874625,1.3974251067803916,2533.0747240000005,0.0,0.0,255.5210903052539,363.195967109682,255.5210903052539,18,194
0.02,0.16,0.82,1312.722504501035,1.4121774698145573,2533.0747240000005,0.0,0.0,255.56073036999163,361.3868897191199,255.56073036999163,18,194
0.02,0.14,0.84,1311.9725923145995,1.412845723394944,2533.0747240000005,0.0,0.0,255.63600229201916,361.3879683968443,255.63600229201916,18,194
0.0,0.5,0.5,1332.0105676055055,1.3984998070094772,2533.0747240000005,0.0,0.0,255.67539525079079,363.23376057229177,255.67539525079079,18,194
0.02,0.12,0.86,1311.3648577585082,1.4134760621029308,2533.0747240000005,0.0,0.0,255.74129695488864,361.4008501799101,255.74129695488864,18,194
0.0,0.48,0.52,1329.4409960356365,1.3995381584320783,2533.0747240000005,0.0,0.0,255.82367178638117,363.2842889232494,255.82367178638117,18,194
0.02,0.1,0.88,1310.8998624253704,1.4140681401373145,2533.0747240000005,0.0,0.0,255.8741364789482,361.4255598480943,255.8741364789482,18,194
0.0,0.46,0.54,1327.012617326554,1.400540249464635,2533.0747240000005,0.0,0.0,255.96337444967534,363.34723934329793,255.96337444967534,18,194
0.02,0.08,0.9,1310.5781986331274,1.4146215977554941,2533.0747240000005,0.0,0.0,256.0019223703467,361.46212818589413,256.0019223703467,18,194
0.0,0.44,0.56,1324.724922729505,1.401506165393992,2533.0747240000005,0.0,0.0,256.1087275524407,363.4222992479648,256.1087275524407,18,194
0.02,0.06,0.9199999999999999,1310.4004875729136,1.4151360618099924,2533.0747240000005,0.0,0.0,256.1675768859045,361.5105916448284,256.1675768859045,18,194
0.0,0.42,0.5800000000000001,1322.5774232858093,1.4024359885018851,2533.0747240000005,0.0,0.0,256.2448363857991,363.5091563106215,256.2448363857991,18,194
0.02,0.04,0.94,1310.367377297401,1.4156111463645613,2533.0747240000005,0.0,0.0,256.3297053211659,361.57099196802375,256.3297053211659,18,194
0.0,0.4,0.6,1320.5696492243264,1.4033297982076436,2533.0747240000005,0.0,0.0,256.38615237564983,363.60749850724443,256.38615237564983,18,194
0.02,0.02,0.96,1310.479540539784,1.4160464533949166,2533.0747240000005,0.0,0.0,256.48448385889185,361.6433757771627,256.48448385889185,18,194
0.0,0.38,0.62,1318.7011492831048,1.4041876712259411,2533.0747240000005,0.0,0.0,256.5280053354,363.71701418138025,256.5280053354,18,194
0.02,0.0,0.98,1310.7376723536574,1.4164415735790508,2533.0747240000005,0.0,0.0,256.663844727508,361.72779412220837,256.663844727508,18,194
0.0,0.36,0.64,1316.9714899684311,1.4050096817366802,2533.0747240000005,0.0,0.0,256.66996300525415,363.8373921277581,256.66996300525415,18,194
0.0,0.34,0.6599999999999999,1315.1766164513683,1.4058884339920024,2533.0747240000005,0.0,0.0,256.7650331462845,363.8754077601703,256.7650331462845,18,194
0.0,0.32,0.6799999999999999,1313.221836121547,1.4068672420490151,2533.0747240000005,0.0,0.0,256.8342249342552,363.78872016556016,256.8342249342552,18,194
0.0,0.3,0.7,1311.4174722992339,1.407808546408678,2533.0747240000005,0.0,0.0,256.90976695768285,363.71044125645676,256.90976695768285,18,194
0.0,0.28,0.72,1309.7745136738279,1.4087102645740104,2533.0747240000005,0.0,0.0,256.99088010571523,363.6376467934288,256.99088010571523,18,194
0.0,0.26,0.74,1308.2707340619402,1.409576031367687,2533.0747240000005,0.0,0.0,257.0623405254687,363.5764956378631,257.0623405254687,18,194
0.0,0.24,0.76,1306.906451618298,1.4104055998247191,2533.0747240000005,0.0,0.0,257.12436795860856,363.52697598773165,257.12436795860856,18,194
0.0,0.22,0.78,1305.682024699222,1.4111987068563114,2533.0747240000005,0.0,0.0,257.19965161305,363.48908357539585,257.19965161305,18,194
0.0,0.2,0.8,1304.597850910743,1.4119550733680235,2533.0747240000005,0.0,0.0,257.28909436386033,363.4628215381225,257.28909436386033,18,194
0.0,0.18,0.8200000000000001,1303.654366049546,1.4126744044277304,2533.0747240000005,0.0,0.0,257.38049058446626,363.4482002571105,257.38049058446626,18,194
0.0,0.16,0.84,1302.8520429298956,1.4133563894877528,2533.0747240000005,0.0,0.0,257.46344694661235,363.44523716303786,257.46344694661235,18,194
0.0,0.14,0.86,1302.1913900887878,1.4140007026658081,2533.0747240000005,0.0,0.0,257.5382054039204,363.4539565064032,257.5382054039204,18,194
0.0,0.12,0.88,1301.672950360636,1.4146070030897118,2533.0747240000005,0.0,0.0,257.6358861970582,363.4743890912263,257.6358861970582,18,194
0.0,0.1,0.9,1301.2972993122085,1.4151749353108982,2533.0747240000005,0.0,0.0,257.7667037230667,363.5065719710332,257.7667037230667,18,194
0.0,0.08,0.92,1301.065043527871,1.4157041297920452,2533.0747240000005,0.0,0.0,257.8907281248136,363.5505481063063,257.8907281248136,18,194
0.0,0.06,0.94,1300.9768187349491,1.4161942034740735,2533.0747240000005,0.0,0.0,258.0260161953551,363.6063659830075,258.0260161953551,18,194
0.0,0.04,0.96,1301.0332877587225,1.4166447604278516,2533.0747240000005,0.0,0.0,258.1953601187689,363.6740791920983,258.1953601187689,18,194
0.0,0.02,0.98,1301.2351382967072,1.4170553925958151,2533.0747240000005,0.0,0.0,258.404048328663,363.75374597034835,258.404048328663,18,194
0.0,0.0,1.0,1301.5830805019623,1.4174256806285663,2533.0747240000005,0.0,0.0,258.60774541537546,363.84542870314124,258.60774541537546,18,194
