date,month,notice_date,effective_date,special_type,gasoline_price_before,diesel_price_before,gasoline_price_after,diesel_price_after,f_gasoline,f_diesel,u_hist_gasoline,u_hist_diesel,alpha_hist_gasoline,alpha_hist_diesel,gasoline_theoretical_price_after,diesel_theoretical_price_after,omega_gasoline,omega_diesel,cpi_yoy,cpi_mom,ppi_yoy,cpi_target,brent_month_avg_usd_per_barrel,crude_production_ton,crude_import_ton,crude_processing_ton,crude_import_avg_usd_per_ton,oil_import_dependency,brent_pressure_h,processing_shortage_b,energy_dependency_pressure,energy_security_A_raw,energy_imputation_flag,energy_imputation_note,aggregate_actual_price_after,aggregate_theoretical_price_after,price_gap_g,notice_title,source_url
2016-01-14,2016-01-01,2016-01-13,2016-01-14,mechanism_reform,7065.0,6105.0,6925,5970,,,-140,-135,,,,,0.42639736088634383,0.5736026391136562,0.018,0.005,-0.053,0.03,31.353548387096776,17373400.0,26690000.0,44905700.0,281.986099662795,0.6057181243390206,0.0,0.0,0.0,0.0,1.0,crude_production_ton: Jan-Feb filled with same-year March; crude_processing_ton: Jan-Feb filled with same-year March; gasoline_consumption_ton: Jan-Feb filled with same-year March; diesel_consumption_ton: Jan-Feb filled with same-year March,6377.209479646459,,,完善成品油价格机制 同步下调成品油价格,https://www.ndrc.gov.cn/xwdt/ztzl/gncpyjg/201601/t20160113_1292913.html
2016-01-27,2016-01-01,2016-01-27,2016-01-27,threshold_no_adjust,6925.0,5970.0,6925,5970,-325.7853861508645,-312.9340832286773,0,0,-0.0,-0.0,6599.214613849135,5657.065916771323,0.42639736088634383,0.5736026391136562,0.018,0.005,-0.053,0.03,31.353548387096776,17373400.0,26690000.0,44905700.0,281.986099662795,0.6057181243390206,0.0,0.0,0.0,0.0,1.0,crude_production_ton: Jan-Feb filled with same-year March; crude_processing_ton: Jan-Feb filled with same-year March; gasoline_consumption_ton: Jan-Feb filled with same-year March; diesel_consumption_ton: Jan-Feb filled with same-year March,6377.209479646459,6058.79563476781,0.0,1月27日国内成品油价格不作调整,https://www.ndrc.gov.cn/xwdt/ztzl/gncpyjg/201601/t20160127_1292914.html
2016-02-15,2016-02-01,2016-02-15,2016-02-15,threshold_no_adjust,6925.0,5970.0,6925,5970,110.79707848275888,106.28145414750564,0,0,0.0,0.0,7035.7970784827585,6076.281454147505,0.42639736088634383,0.5736026391136562,0.023,0.016,-0.049,0.03,32.36448275862069,17373400.0,31800000.0,44905700.0,231.8636163522013,0.6466910972192282,0.0,0.0,0.0,0.0,1.0,crude_production_ton: Jan-Feb filled with same-year March; crude_processing_ton: Jan-Feb filled with same-year March; gasoline_consumption_ton: Jan-Feb filled with same-year March; diesel_consumption_ton: Jan-Feb filled with same-year March,6377.209479646459,6485.41638409327,0.01668465030436735,2月15日国内成品油价格不作调整,https://www.ndrc.gov.cn/xwdt/ztzl/gncpyjg/201602/t20160215_1292915.html
2016-02-29,2016-02-01,2016-02-29,2016-02-29,threshold_no_adjust,6925.0,5970.0,6925,5970,56.10225768302926,54.00230941948396,0,0,0.0,0.0,6981.102257683029,6024.002309419484,0.42639736088634383,0.5736026391136562,0.023,0.016,-0.049,0.03,32.36448275862069,17373400.0,31800000.0,44905700.0,231.8636163522013,0.6466910972192282,0.0,0.0,0.0,0.0,1.0,crude_production_ton: Jan-Feb filled with same-year March; crude_processing_ton: Jan-Feb filled with same-year March; gasoline_consumption_ton: Jan-Feb filled with same-year March; diesel_consumption_ton: Jan-Feb filled with same-year March,6377.209479646459,6432.107201463516,0.008534951314954084,2月29日国内成品油价格不作调整,https://www.ndrc.gov.cn/xwdt/ztzl/gncpyjg/201602/t20160229_1292916.html
2016-03-14,2016-03-01,2016-03-14,2016-03-14,threshold_no_adjust,6925.0,5970.0,6925,5970,285.646073078346,274.69714840930345,0,0,0.0,0.0,7210.646073078346,6244.697148409304,0.42639736088634383,0.5736026391136562,0.023,-0.004,-0.043,0.03,38.32838709677419,17373400.0,32610000.0,44905700.0,236.48705918429928,0.6524166023119675,0.0,0.0,0.0,0.0,0.0,,6377.209479646459,6656.575220639184,0.041968389409396616,3月14日国内成品油价格不作调整,https://www.ndrc.gov.cn/xwdt/ztzl/gncpyjg/201603/t20160314_1292917.html
2016-03-28,2016-03-01,2016-03-28,2016-03-28,threshold_no_adjust,6925.0,5970.0,6925,5970,148.44173955854455,142.81271674163784,0,0,0.0,0.0,7073.441739558544,6112.812716741638,0.42639736088634383,0.5736026391136562,0.023,-0.004,-0.043,0.03,38.32838709677419,17373400.0,32610000.0,44905700.0,236.48705918429928,0.6524166023119675,0.0,0.0,0.0,0.0,0.0,,6377.209479646459,6522.422396861593,0.02226364813248017,3月28日国内成品油价格不作调整,https://www.ndrc.gov.cn/xwdt/ztzl/gncpyjg/201603/t20160328_1292918.html
2016-04-12,2016-04-01,2016-04-12,2016-04-12,threshold_no_adjust,6925.0,5970.0,6925,5970,-101.00293960633668,-97.019321558126,0,0,-0.0,-0.0,6823.997060393664,5872.980678441874,0.42723887909073094,0.572761120909269,0.023,-0.002,-0.034,0.03,41.45766666666667,16587000.0,32580000.0,44750000.0,267.2098526703499,0.662639575324913,0.0,0.0026027054540915806,0.0,0.0026027054540915806,0.0,,6378.013129531648,6279.291851463879,0.0,4月12日国内成品油价格不作调整,https://www.ndrc.gov.cn/xwdt/ztzl/gncpyjg/201604/t20160412_1292919.html
2016-04-27,2016-04-01,2016-04-26,2016-04-27,normal,6925.0,5970.0,7090,6130,286.3362733547871,275.2972993093121,165,160,0.576245538390295,0.5811898641992522,7211.336273354787,6245.297299309312,0.42723887909073094,0.572761120909269,0.023,-0.002,-0.034,0.03,41.45766666666667,16587000.0,32580000.0,44750000.0,267.2098526703499,0.662639575324913,0.0,0.0026027054540915806,0.0,0.0026027054540915806,0.0,,6540.149323927101,6658.02670773846,0.01770455256275143,国内成品油价格按机制上调,https://www.ndrc.gov.cn/xwdt/ztzl/gncpyjg/201604/t20160426_1292920.html
2016-05-12,2016-05-01,2016-05-11,2016-05-12,normal,7090.0,6130.0,7210,6245,175.09345093333127,168.4144579798299,120,115,0.6853483060636648,0.6828392370788792,7265.093450933331,6298.41445797983,0.4211575255102041,0.5788424744897959,0.02,-0.005,-0.0279999999999999,0.03,46.93161290322581,16871000.0,32240000.0,44229000.0,291.6075992555831,0.6564720734662296,0.0,0.011404311474361828,0.0,0.011404311474361828,0.0,,6651.4170121173465,6705.538590614822,0.00807117545684176,国内成品油价格按机制上调,https://www.ndrc.gov.cn/xwdt/ztzl/gncpyjg/201605/t20160511_1292921.html
2016-05-26,2016-05-01,2016-05-25,2016-05-26,normal,7210.0,6245.0,7420,6445,191.4261860474688,184.0720033336852,210,200,1.097028595387286,1.0865313376170551,7401.426186047469,6429.072003333686,0.4211575255102041,0.5788424744897959,0.02,-0.005,-0.0279999999999999,0.03,46.93161290322581,16871000.0,32240000.0,44229000.0,291.6075992555831,0.6564720734662296,0.0,0.011404311474361828,0.0,0.011404311474361828,0.0,,6855.628587372448,6838.58628484492,0.0,国内成品油价格按机制上调,https://www.ndrc.gov.cn/xwdt/ztzl/gncpyjg/201605/t20160525_1292922.html
2016-06-09,2016-06-01,2016-06-08,2016-06-09,normal,7420.0,6445.0,7530,6555,100.23322113792264,96.43735586995946,110,110,1.097440536692302,1.14063683110857,7520.233221137923,6541.43735586996,0.4302525607944327,0.5697474392055673,0.019,-0.001,-0.026,0.03,48.14533333333333,16579000.0,30620000.0,45075000.0,321.239745264533,0.6487425581050446,0.0,0.0,0.0,0.0,0.0,,6974.496246774572,6962.5667833965035,0.0,国内成品油价格按机制上调,https://www.ndrc.gov.cn/xwdt/ztzl/gncpyjg/201606/t20160608_1292923.html
2016-06-23,2016-06-01,2016-06-23,2016-06-23,threshold_no_adjust,7530.0,6555.0,7530,6555,0.0,0.0,0,0,,,7530.0,6555.0,0.4302525607944327,0.5697474392055673,0.019,-0.001,-0.026,0.03,48.14533333333333,16579000.0,30620000.0,45075000.0,321.239745264533,0.6487425581050446,0.0,0.0,0.0,0.0,0.0,,6974.496246774572,6974.496246774572,0.0,6月23日国内成品油价格不作调整,https://www.ndrc.gov.cn/xwdt/ztzl/gncpyjg/201606/t20160623_1292924.html
2016-07-07,2016-07-01,2016-07-07,2016-07-07,threshold_no_adjust,7530.0,6555.0,7530,6555,0.0,0.0,0,0,,,7530.0,6555.0,0.4170589864303517,0.5829410135696483,0.018,0.002,-0.017,0.03,44.86612903225806,16723000.0,31070000.0,45319000.0,341.5569037656904,0.6500952022262675,0.0,0.0,0.0,0.0,0.0,,6961.632511769593,6961.632511769593,0.0,7月7日国内成品油价格不作调整,https://www.ndrc.gov.cn/xwdt/ztzl/gncpyjg/201607/t20160707_1292925.html
2016-07-22,2016-07-01,2016-07-21,2016-07-22,normal,7530.0,6555.0,7375,6405,-157.87590708575073,-151.48740361888989,-155,-150,0.98178374940903,0.9901813379637037,7372.12409291425,6403.51259638111,0.4170589864303517,0.5829410135696483,0.018,0.002,-0.017,0.03,44.86612903225806,16723000.0,31070000.0,45319000.0,341.5569037656904,0.6500952022262675,0.0,0.0,0.0,0.0,0.0,,6809.547216837442,6807.480725370007,0.0,国内成品油价格按机制下调,https://www.ndrc.gov.cn/xwdt/ztzl/gncpyjg/201607/t20160721_1292926.html
2016-08-05,2016-08-01,2016-08-04,2016-08-05,normal,7375.0,6405.0,7155,6190,-222.03765488860589,-213.3250115912218,-220,-215,0.9908229309590386,1.0078518144510304,7152.962345111394,6191.6749884087785,0.4219782861263571,0.5780217138736429,0.013,0.001,-0.008,0.03,46.053870967741936,16449000.0,32850000.0,44276000.0,326.1563470319635,0.6663421164729507,0.0,0.011602939005670443,0.0,0.011602939005670443,0.0,,6597.209046111935,6597.317379665084,1.642084909894845e-05,国内成品油价格按机制下调,https://www.ndrc.gov.cn/xwdt/ztzl/gncpyjg/201608/t20160804_1292927.html
2016-08-19,2016-08-01,2016-08-18,2016-08-19,normal,7155.0,6190.0,7330,6360,127.19421024091638,122.35627221783258,175,170,1.3758487879954244,1.3893852511079008,7282.194210240917,6312.356272217832,0.4219782861263571,0.5780217138736429,0.013,0.001,-0.008,0.03,46.053870967741936,16449000.0,32850000.0,44276000.0,326.1563470319635,0.6663421164729507,0.0,0.011602939005670443,0.0,0.011602939005670443,0.0,,6769.318937542566,6721.606823125134,0.0,国内成品油价格按机制上调,https://www.ndrc.gov.cn/xwdt/ztzl/gncpyjg/201608/t20160818_1292928.html
2016-09-02,2016-09-01,2016-09-01,2016-09-02,normal,7330.0,6360.0,7535,6560,229.34423919437535,220.456264687565,205,200,0.8938528419990399,0.9072094198976108,7559.344239194375,6580.456264687565,0.4129458819688189,0.5870541180311811,0.019,0.0069999999999999,0.001,0.03,46.56966666666666,15975000.0,33060000.0,43799000.0,318.0040834845735,0.6742122973386356,0.0,0.019827926391424833,0.0,0.019827926391424833,0.0,,6962.622234919598,6984.68402266895,0.0031585949597362317,国内成品油价格按机制上调,https://www.ndrc.gov.cn/xwdt/ztzl/gncpyjg/201609/t20160901_1292929.html
2016-09-19,2016-09-01,2016-09-18,2016-09-19,normal,7535.0,6560.0,7380,6410,-146.9203130008538,-141.05545842572835,-155,-150,1.0549936685684793,1.0634115239076787,7388.079686999146,6418.944541574272,0.4129458819688189,0.5870541180311811,0.019,0.0069999999999999,0.001,0.03,46.56966666666666,15975000.0,33060000.0,43799000.0,318.0040834845735,0.6742122973386356,0.0,0.019827926391424833,0.0,0.019827926391424833,0.0,,6810.557505509754,6819.144908948727,0.0012593079562957243,国内成品油价格按机制下调,https://www.ndrc.gov.cn/xwdt/ztzl/gncpyjg/201609/t20160918_1292930.html
2016-09-30,2016-09-01,2016-09-30,2016-09-30,threshold_no_adjust,7380.0,6410.0,7380,6410,0.0,0.0,0,0,,,7380.0,6410.0,0.4129458819688189,0.5870541180311811,0.019,0.0069999999999999,0.001,0.03,46.56966666666666,15975000.0,33060000.0,43799000.0,318.0040834845735,0.6742122973386356,0.0,0.019827926391424833,0.0,0.019827926391424833,0.0,,6810.557505509754,6810.557505509754,0.0,9月30日国内成品油价格不作调整,https://www.ndrc.gov.cn/xwdt/ztzl/gncpyjg/201609/t20160930_1292931.html
2016-10-20,2016-10-01,2016-10-19,2016-10-20,normal,7380.0,6410.0,7735,6750,353.4320830964931,339.8876376195256,355,340,1.0044362608220794,1.000330586841173,7733.432083096493,6749.887637619526,0.41858638743455495,0.581413612565445,0.021,-0.001,0.012,0.03,49.39645161290323,16051000.0,28790000.0,47050000.0,326.5317818687044,0.6420463415178074,0.0,0.0,0.0,0.0,0.0,,7162.307591623036,7161.585953933052,0.0,国内成品油价格按机制上调,https://www.ndrc.gov.cn/xwdt/ztzl/gncpyjg/201610/t20161019_1292932.html
2016-11-02,2016-11-01,2016-11-02,2016-11-02,threshold_no_adjust,7735.0,6750.0,7735,6750,-55.79914273710302,-53.50471180026038,0,0,-0.0,-0.0,7679.2008572628965,6696.49528819974,0.4098867545317513,0.5901132454682487,0.023,0.001,0.033,0.03,44.498333333333335,16090000.0,32350000.0,45774000.0,346.6811746522411,0.6678364987613542,0.0,0.0,0.0,0.0,0.0,,7153.738453213775,7099.293284563315,0.0,11月2日国内成品油价格不作调整,https://www.ndrc.gov.cn/xwdt/ztzl/gncpyjg/201611/t20161102_1292933.html
2016-11-17,2016-11-01,2016-11-16,2016-11-17,normal,7735.0,6750.0,7370,6395,-284.2294865125539,-272.9682691056422,-365,-355,1.2841735897231712,1.3005174600078167,7450.770513487446,6477.031730894358,0.4098867545317513,0.5901132454682487,0.023,0.001,0.033,0.03,44.498333333333335,16090000.0,32350000.0,45774000.0,346.6811746522411,0.6678364987613542,0.0,0.0,0.0,0.0,0.0,,6794.639585668458,6876.154360253137,0.011854703997901369,国内成品油价格按机制下调,https://www.ndrc.gov.cn/xwdt/ztzl/gncpyjg/201611/t20161116_1292934.html
2016-12-01,2016-12-01,2016-11-30,2016-12-01,normal,7370.0,6395.0,7545,6565,128.41453039267043,123.46754770676112,175,170,1.3627741305043821,1.3768800235974132,7498.414530392671,6518.467547706761,0.41484490398818313,0.5851550960118168,0.021,0.002,0.055,0.03,53.362258064516126,16772000.0,36380000.0,47822000.0,338.0397746014294,0.6844521372667068,0.0,0.0,0.0,0.0,0.0,,6971.548005908418,6924.993559652607,0.0,国内成品油价格按机制上调,https://www.ndrc.gov.cn/xwdt/ztzl/gncpyjg/201611/t20161130_1292935.html
2016-12-15,2016-12-01,2016-12-14,2016-12-15,normal,7545.0,6565.0,7980,6985,404.6678990806208,388.87266258842754,435,420,1.0749555400571476,1.0800450646347357,7949.667899080621,6953.872662588427,0.41484490398818313,0.5851550960118168,0.021,0.002,0.055,0.03,53.362258064516126,16772000.0,36380000.0,47822000.0,338.0397746014294,0.6844521372667068,0.0,0.0,0.0,0.0,0.0,,7397.770679468242,7366.973241862921,0.0,国内成品油价格按机制上调,https://www.ndrc.gov.cn/xwdt/ztzl/gncpyjg/201612/t20161214_1292936.html
2016-12-29,2016-12-01,2016-12-28,2016-12-29,normal,7980.0,6985.0,8080,7080,77.71243352081123,74.71447030925725,100,95,1.2867953745550924,1.2715073747665897,8057.712433520811,7059.714470309257,0.41484490398818313,0.5851550960118168,0.021,0.002,0.055,0.03,53.362258064516126,16772000.0,36380000.0,47822000.0,338.0397746014294,0.6844521372667068,0.0,0.0,0.0,0.0,0.0,,7494.844903988183,7473.7288395381565,0.0,国内成品油价格按机制上调,https://www.ndrc.gov.cn/xwdt/ztzl/gncpyjg/201612/t20161228_1292937.html
2017-01-13,2017-01-01,2017-01-12,2017-01-13,normal,8080.0,7080.0,8150,7150,0.0,0.0,70,70,,,8080.0,7080.0,0.4193319649188281,0.5806680350811718,0.025,0.01,0.069,0.03,54.71774193548387,16575000.0,34030000.0,47505000.0,381.1009697325889,0.6724631953364292,0.0,0.0,0.0,0.0,1.0,crude_production_ton: Jan-Feb filled with same-year March; crude_processing_ton: Jan-Feb filled with same-year March; gasoline_consumption_ton: Jan-Feb filled with same-year March; diesel_consumption_ton: Jan-Feb filled with same-year March,7569.331964918827,7499.331964918827,0.0,国内成品油价格按机制上调,https://www.ndrc.gov.cn/xwdt/ztzl/gncpyjg/201701/t20170112_1292938.html
2017-01-26,2017-01-01,2017-01-25,2017-01-26,normal,8150.0,7150.0,8080,7080,0.0,0.0,-70,-70,,,8150.0,7150.0,0.4193319649188281,0.5806680350811718,0.025,0.01,0.069,0.03,54.71774193548387,16575000.0,34030000.0,47505000.0,381.1009697325889,0.6724631953364292,0.0,0.0,0.0,0.0,1.0,crude_production_ton: Jan-Feb filled with same-year March; crude_processing_ton: Jan-Feb filled with same-year March; gasoline_consumption_ton: Jan-Feb filled with same-year March; diesel_consumption_ton: Jan-Feb filled with same-year March,7499.331964918827,7569.331964918827,0.00924784384202268,国内成品油价格按机制下调,https://www.ndrc.gov.cn/xwdt/ztzl/gncpyjg/201701/t20170125_1292939.html
2017-02-15,2017-02-01,2017-02-14,2017-02-15,normal,8080.0,7080.0,8130,7130,0.0,0.0,50,50,,,8080.0,7080.0,0.4193319649188281,0.5806680350811718,0.008,-0.002,0.078,0.03,54.9275,16575000.0,31780000.0,47505000.0,393.0742290748898,0.6572226243408127,0.0,0.0,0.0,0.0,1.0,crude_production_ton: Jan-Feb filled with same-year March; crude_processing_ton: Jan-Feb filled with same-year March; gasoline_consumption_ton: Jan-Feb filled with same-year March; diesel_consumption_ton: Jan-Feb filled with same-year March,7549.331964918828,7499.331964918827,0.0,国内成品油价格按机制上调,https://www.ndrc.gov.cn/xwdt/ztzl/gncpyjg/201702/t20170214_1292940.html
2017-02-28,2017-02-01,2017-02-28,2017-02-28,threshold_no_adjust,8130.0,7130.0,8130,7130,55.95744290787435,54.20873342834283,0,0,0.0,0.0,8185.957442907875,7184.208733428342,0.4193319649188281,0.5806680350811718,0.008,-0.002,0.078,0.03,54.9275,16575000.0,31780000.0,47505000.0,393.0742290748898,0.6572226243408127,0.0,0.0,0.0,0.0,1.0,crude_production_ton: Jan-Feb filled with same-year March; crude_processing_ton: Jan-Feb filled with same-year March; gasoline_consumption_ton: Jan-Feb filled with same-year March; diesel_consumption_ton: Jan-Feb filled with same-year March,7549.331964918828,7604.273988129295,0.0072251503951901675,2月28日国内成品油价格不作调整,https://www.ndrc.gov.cn/xwdt/ztzl/gncpyjg/201702/t20170228_1292941.html
2017-03-15,2017-03-01,2017-03-14,2017-03-15,normal,8130.0,7130.0,8045,7045,-92.1522928416,-88.5277026118767,-85,-85,0.9223861651072097,0.9601514270923435,8037.8477071584,7041.4722973881235,0.4193319649188281,0.5806680350811718,0.009,-0.003,0.076,0.03,51.520967741935486,16575000.0,38950000.0,47505000.0,394.2886521181001,0.7014858171994597,0.0,0.0,0.0,0.0,0.0,,7464.331964918828,7459.284355763895,0.0,国内成品油价格按机制下调,https://www.ndrc.gov.cn/xwdt/ztzl/gncpyjg/201703/t20170314_1292942.html
2017-03-29,2017-03-01,2017-03-28,2017-03-29,normal,8045.0,7045.0,7815,6825,-255.78305247850017,-245.73197337236635,-230,-220,0.8991995277690755,0.8952843904713459,7789.2169475215,6799.268026627634,0.4193319649188281,0.5806680350811718,0.009,-0.003,0.076,0.03,51.520967741935486,16575000.0,38950000.0,47505000.0,394.2886521181001,0.7014858171994597,0.0,0.0,0.0,0.0,0.0,,7240.138645269639,7214.385252795331,0.0,国内成品油价格按机制下调,https://www.ndrc.gov.cn/xwdt/ztzl/gncpyjg/201703/t20170328_1292943.html
2017-04-13,2017-04-01,2017-04-12,2017-04-13,normal,7815.0,6825.0,8015,7015,208.8070437545205,200.8545240851358,200,190,0.9578220945224707,0.9459582793338779,8023.80704375452,7025.854524085135,0.41830248270899134,0.5816975172910087,0.012,0.001,0.064,0.03,52.35533333333333,15990000.0,34390000.0,44452000.0,379.8541436464088,0.6826121476776499,0.0,0.03068628466448975,0.0,0.03068628466448975,0.0,,7433.302482708992,7443.300540688533,0.0013432291125270333,国内成品油价格按机制上调,https://www.ndrc.gov.cn/xwdt/ztzl/gncpyjg/201704/t20170412_1292944.html
2017-04-26,2017-04-01,2017-04-26,2017-04-26,threshold_no_adjust,8015.0,7015.0,8015,7015,0.0,0.0,0,0,,,8015.0,7015.0,0.41830248270899134,0.5816975172910087,0.012,0.001,0.064,0.03,52.35533333333333,15990000.0,34390000.0,44452000.0,379.8541436464088,0.6826121476776499,0.0,0.03068628466448975,0.0,0.03068628466448975,0.0,,7433.302482708992,7433.302482708992,0.0,4月26日国内成品油价格不作调整,https://www.ndrc.gov.cn/xwdt/ztzl/gncpyjg/201704/t20170426_1292945.html
2017-05-12,2017-05-01,2017-05-11,2017-05-12,normal,8015.0,7015.0,7765,6780,-251.0601937443805,-241.06606638193543,-250,-235,0.9957771332501242,0.9748364982555255,7763.939806255619,6773.933933618065,0.42364175924516817,0.5763582407548319,0.015,-0.001,0.055,0.03,50.251935483870966,16263000.0,37200000.0,46621000.0,379.9286827956989,0.695808316031648,0.0,0.0,0.0,0.0,0.0,,7197.287132856491,7193.3417631652865,0.0,国内成品油价格按机制下调,https://www.ndrc.gov.cn/xwdt/ztzl/gncpyjg/201705/t20170511_1292946.html
2017-05-26,2017-05-01,2017-05-25,2017-05-26,normal,7765.0,6780.0,7905,6915,122.80680806009806,118.09981847380574,140,135,1.1400019446111496,1.1431008255947717,7887.806808060098,6898.0998184738055,0.42364175924516817,0.5763582407548319,0.015,-0.001,0.055,0.03,50.251935483870966,16263000.0,37200000.0,46621000.0,379.9286827956989,0.695808316031648,0.0,0.0,0.0,0.0,0.0,,7334.405341652717,7317.381028679382,0.0,国内成品油价格按机制上调,https://www.ndrc.gov.cn/xwdt/ztzl/gncpyjg/201705/t20170525_1292947.html
2017-06-10,2017-06-01,2017-06-09,2017-06-10,normal,7905.0,6915.0,7725,6740,-152.71745819332847,-146.5971826938568,-180,-175,1.1786471705948245,1.193747361199005,7752.282541806671,6768.402817306143,0.42164064891337616,0.5783593510866238,0.015,-0.002,0.055,0.03,46.33266666666667,16212000.0,36110000.0,46079000.0,363.01697590695096,0.6901494591185352,0.0,0.0013707610703855844,0.0,0.0013707610703855844,0.0,,7155.3160391796755,7183.246502797259,0.003888278594742274,国内成品油价格按机制下调,https://www.ndrc.gov.cn/xwdt/ztzl/gncpyjg/201706/t20170609_1292948.html
2017-06-24,2017-06-01,2017-06-23,2017-06-24,normal,7725.0,6740.0,7475,6500,-212.4536631141341,-204.0489155874226,-250,-240,1.1767271805791144,1.1761885590476198,7512.5463368858655,6535.951084412577,0.42164064891337616,0.5783593510866238,0.015,-0.002,0.055,0.03,46.33266666666667,16212000.0,36110000.0,46079000.0,363.01697590695096,0.6901494591185352,0.0,0.0013707610703855844,0.0,0.0013707610703855844,0.0,,6911.0996326905415,6947.723340391137,0.005271324994718849,国内成品油价格按机制下调,https://www.ndrc.gov.cn/xwdt/ztzl/gncpyjg/201706/t20170623_1292949.html
2017-07-07,2017-07-01,2017-07-07,2017-07-07,threshold_no_adjust,7475.0,6500.0,7475,6500,0.0,0.0,0,0,,,7475.0,6500.0,0.4175082846772921,0.5824917153227079,0.0139999999999999,0.001,0.055,0.03,48.38290322580645,16249000.0,34740000.0,45497000.0,341.5539147956246,0.6813234226990135,0.0,0.01430080251315713,0.0,0.01430080251315713,0.0,,6907.07057756036,6907.07057756036,0.0,7月7日国内成品油价格不作调整,https://www.ndrc.gov.cn/xwdt/ztzl/gncpyjg/201707/t20170707_1292950.html
2017-07-22,2017-07-01,2017-07-21,2017-07-22,normal,7475.0,6500.0,7550,6575,58.87712254304824,56.77520735347152,75,75,1.2738394262587045,1.3209991384631046,7533.877122543048,6556.775207353471,0.4175082846772921,0.5824917153227079,0.0139999999999999,0.001,0.055,0.03,48.38290322580645,16249000.0,34740000.0,45497000.0,341.5539147956246,0.6813234226990135,0.0,0.01430080251315713,0.0,0.01430080251315713,0.0,,6982.07057756036,6964.723351919169,0.0,国内成品油价格按机制上调,https://www.ndrc.gov.cn/xwdt/ztzl/gncpyjg/201707/t20170721_1292951.html
2017-08-05,2017-08-01,2017-08-04,2017-08-05,normal,7550.0,6575.0,7725,6740,155.64164170591567,149.67490845980117,175,165,1.124377757018664,1.1023891826485717,7705.641641705915,6724.674908459801,0.419920505026888,0.580079494973112,0.018,0.004,0.063,0.03,51.70193548387097,15957000.0,33980000.0,47122000.0,346.2787522071807,0.6804573762941306,0.0,0.0,0.0,0.0,0.0,,7153.621697451485,7136.602954499085,0.0,国内成品油价格按机制上调,https://www.ndrc.gov.cn/xwdt/ztzl/gncpyjg/201708/t20170804_1292952.html
2017-08-18,2017-08-01,2017-08-18,2017-08-18,threshold_no_adjust,7725.0,6740.0,7725,6740,0.0,0.0,0,0,,,7725.0,6740.0,0.419920505026888,0.580079494973112,0.018,0.004,0.063,0.03,51.70193548387097,15957000.0,33980000.0,47122000.0,346.2787522071807,0.6804573762941306,0.0,0.0,0.0,0.0,0.0,,7153.621697451485,7153.621697451485,0.0,8月18日国内成品油价格不作调整,https://www.ndrc.gov.cn/xwdt/ztzl/gncpyjg/201708/t20170818_1292953.html
2017-09-01,2017-09-01,2017-09-01,2017-09-01,threshold_no_adjust,7725.0,6740.0,7725,6740,-89.327884905606,-85.80600431000003,0,0,-0.0,-0.0,7635.672115094394,6654.19399569,0.417678148350647,0.582321851649353,0.016,0.005,0.069,0.03,56.01033333333333,15529000.0,37010000.0,49342000.0,367.53726019994593,0.7044290907706656,0.0,0.0,0.0,0.0,0.0,,7151.412976125388,7064.135959249503,0.0,9月1日国内成品油价格不作调整,https://www.ndrc.gov.cn/xwdt/ztzl/gncpyjg/201709/t20170901_1292954.html
2017-09-16,2017-09-01,2017-09-15,2017-09-16,normal,7725.0,6740.0,7820,6835,106.69012757483448,102.533700738985,95,95,0.8904291536568386,0.9265246383902286,7831.690127574834,6842.533700738985,0.417678148350647,0.582321851649353,0.016,0.005,0.069,0.03,56.01033333333333,15529000.0,37010000.0,49342000.0,367.53726019994593,0.7044290907706656,0.0,0.0,0.0,0.0,0.0,,7246.412976125388,7255.6827255289245,0.0012775847227885415,国内成品油价格按机制上调,https://www.ndrc.gov.cn/xwdt/ztzl/gncpyjg/201709/t20170915_1292955.html
2017-09-30,2017-09-01,2017-09-29,2017-09-30,normal,7820.0,6835.0,8030,7030,222.48869776317963,213.84640130291092,210,195,0.9438681699846488,0.9118694484074332,8042.4886977631795,7048.846401302911,0.417678148350647,0.582321851649353,0.016,0.005,0.069,0.03,56.01033333333333,15529000.0,37010000.0,49342000.0,367.53726019994593,0.7044290907706656,0.0,0.0,0.0,0.0,0.0,,7447.6781483506475,7463.86907581132,0.0021692405502051772,国内成品油价格按机制上调,https://www.ndrc.gov.cn/xwdt/ztzl/gncpyjg/201709/t20170929_1292956.html
2017-10-19,2017-10-01,2017-10-19,2017-10-19,threshold_no_adjust,8030.0,7030.0,8030,7030,0.0,0.0,0,0,,,8030.0,7030.0,0.41493790698501937,0.5850620930149806,0.019,0.001,0.069,0.03,57.5158064516129,16006000.0,31030000.0,50510000.0,391.090589751853,0.6597074581171868,0.0,0.0,0.0,0.0,0.0,,7444.937906985019,7444.937906985019,0.0,10月19日国内成品油价格不作调整,https://www.ndrc.gov.cn/xwdt/ztzl/gncpyjg/201710/t20171019_1292957.html
2017-11-03,2017-11-01,2017-11-02,2017-11-03,normal,8030.0,7030.0,8180,7180,113.59826254769231,109.39169958985336,150,150,1.320442730688993,1.3712192109858514,8143.598262547693,7139.3916995898535,0.41784277879341863,0.5821572212065813,0.017,0.0,0.0579999999999999,0.03,62.703,15699000.0,37040000.0,49429000.0,381.569843412527,0.7023265515083714,0.0,0.0,0.0,0.0,0.0,,7597.842778793418,7558.992160338745,0.0,国内成品油价格按机制上调,https://www.ndrc.gov.cn/xwdt/ztzl/gncpyjg/201711/t20171102_1292958.html
2017-11-17,2017-11-01,2017-11-16,2017-11-17,normal,8180.0,7180.0,8445,7430,227.33789008907308,218.5419250624712,265,250,1.1656657845120784,1.1439452632648694,8407.337890089073,7398.541925062471,0.41784277879341863,0.5821572212065813,0.017,0.0,0.0579999999999999,0.03,62.703,15699000.0,37040000.0,49429000.0,381.569843412527,0.7023265515083714,0.0,0.0,0.0,0.0,0.0,,7854.110420475319,7820.060034324773,0.0,国内成品油价格按机制上调,https://www.ndrc.gov.cn/xwdt/ztzl/gncpyjg/201711/t20171116_1292959.html
2017-11-30,2017-11-01,2017-11-30,2017-11-30,threshold_no_adjust,8445.0,7430.0,8445,7430,0.0,0.0,0,0,,,8445.0,7430.0,0.41784277879341863,0.5821572212065813,0.017,0.0,0.0579999999999999,0.03,62.703,15699000.0,37040000.0,49429000.0,381.569843412527,0.7023265515083714,0.0,0.0,0.0,0.0,0.0,,7854.110420475319,7854.110420475319,0.0,11月30日国内成品油价格不作调整,https://www.ndrc.gov.cn/xwdt/ztzl/gncpyjg/201711/t20171130_1292960.html
2017-12-14,2017-12-01,2017-12-14,2017-12-14,threshold_no_adjust,8445.0,7430.0,8445,7430,0.0,0.0,0,0,,,8445.0,7430.0,0.4114952718676123,0.5885047281323877,0.018,0.003,0.049,0.03,64.49935483870968,15984000.0,33700000.0,49111000.0,442.9557566765579,0.678286772401578,0.0,0.0,0.0,0.0,0.0,,7847.667700945627,7847.667700945627,0.0,12月14日国内成品油价格不作调整,https://www.ndrc.gov.cn/xwdt/ztzl/gncpyjg/201712/t20171214_1292961.html
2017-12-29,2017-12-01,2017-12-28,2017-12-29,normal,8445.0,7430.0,8515,7500,0.0,0.0,70,70,,,8445.0,7430.0,0.4114952718676123,0.5885047281323877,0.018,0.003,0.049,0.03,64.49935483870968,15984000.0,33700000.0,49111000.0,442.9557566765579,0.678286772401578,0.0,0.0,0.0,0.0,0.0,,7917.667700945627,7847.667700945627,0.0,国内成品油价格按机制上调,https://www.ndrc.gov.cn/xwdt/ztzl/gncpyjg/201712/t20171228_1292962.html
2018-01-13,2018-01-01,2018-01-12,2018-01-13,normal,8515.0,7500.0,8695,7675,225.4521955087585,217.12236075368355,180,175,0.7983954185667145,0.8059971317211789,8740.452195508758,7717.122360753683,0.4323183818982138,0.5676816181017862,0.015,0.006,0.043,0.03,69.00032258064518,15956000.0,40640000.0,51513000.0,461.8159448818898,0.7180719485476006,0.0,0.0,0.0,0.0,1.0,crude_production_ton: Jan-Feb filled with same-year March; crude_processing_ton: Jan-Feb filled with same-year March; gasoline_consumption_ton: Jan-Feb filled with same-year March; diesel_consumption_ton: Jan-Feb filled with same-year March,8115.964749536178,8159.526659063164,0.005338778993827978,国内成品油价格按机制上调,https://www.ndrc.gov.cn/xwdt/ztzl/gncpyjg/201801/t20180112_1292963.html
2018-01-27,2018-01-01,2018-01-26,2018-01-27,normal,8695.0,7675.0,8760,7735,0.0,0.0,65,60,,,8695.0,7675.0,0.4323183818982138,0.5676816181017862,0.015,0.006,0.043,0.03,69.00032258064518,15956000.0,40640000.0,51513000.0,461.8159448818898,0.7180719485476006,0.0,0.0,0.0,0.0,1.0,crude_production_ton: Jan-Feb filled with same-year March; crude_processing_ton: Jan-Feb filled with same-year March; gasoline_consumption_ton: Jan-Feb filled with same-year March; diesel_consumption_ton: Jan-Feb filled with same-year March,8178.12634144567,8115.964749536178,0.0,国内成品油价格按机制上调,https://www.ndrc.gov.cn/xwdt/ztzl/gncpyjg/201801/t20180126_1292964.html
2018-02-10,2018-02-01,2018-02-09,2018-02-10,normal,8760.0,7735.0,8590,7575,0.0,0.0,-170,-160,,,8760.0,7735.0,0.4323183818982138,0.5676816181017862,0.0289999999999999,0.012,0.037,0.03,65.3575,15956000.0,32260000.0,51513000.0,489.5288282703038,0.6690725070516012,0.0,0.0,0.0,0.0,1.0,crude_production_ton: Jan-Feb filled with same-year March; crude_processing_ton: Jan-Feb filled with same-year March; gasoline_consumption_ton: Jan-Feb filled with same-year March; diesel_consumption_ton: Jan-Feb filled with same-year March,8013.803157626688,8178.12634144567,0.020093011156628128,国内成品油价格按机制下调,https://www.ndrc.gov.cn/xwdt/ztzl/gncpyjg/201802/t20180209_1292965.html
2018-03-01,2018-03-01,2018-02-28,2018-03-01,normal,8590.0,7575.0,8400,7390,-152.73941088260733,-146.21615845913513,-190,-185,1.2439487549551338,1.265250037681056,8437.260589117393,7428.783841540865,0.4323183818982138,0.5676816181017862,0.021,-0.011,0.031,0.03,66.15193548387097,15956000.0,39170000.0,51513000.0,467.0104671942813,0.710554003555491,0.0,0.0,0.0,0.0,0.0,,7826.6415657171965,7864.7668772351235,0.004847608595784601,国内成品油价格按机制下调,https://www.ndrc.gov.cn/xwdt/ztzl/gncpyjg/201802/t20180228_1292966.html
2018-03-14,2018-03-01,2018-03-14,2018-03-14,threshold_no_adjust,8400.0,7390.0,8400,7390,-63.13423208262028,-60.56793170144131,0,0,-0.0,-0.0,8336.86576791738,7329.432068298559,0.4323183818982138,0.5676816181017862,0.021,-0.011,0.031,0.03,66.15193548387097,15956000.0,39170000.0,51513000.0,467.0104671942813,0.710554003555491,0.0,0.0,0.0,0.0,0.0,,7826.6415657171965,7764.964175187499,0.0,3月14日国内成品油价格不作调整,https://www.ndrc.gov.cn/xwdt/ztzl/gncpyjg/201803/t20180314_1292967.html
2018-03-29,2018-03-01,2018-03-28,2018-03-29,normal,8400.0,7390.0,8570,7555,109.57634570964316,105.41691464123436,170,165,1.5514297259964138,1.5652137094084464,8509.576345709644,7495.416914641234,0.4323183818982138,0.5676816181017862,0.021,-0.011,0.031,0.03,66.15193548387097,15956000.0,39170000.0,51513000.0,467.0104671942813,0.710554003555491,0.0,0.0,0.0,0.0,0.0,,7993.803157626687,7933.856678867542,0.0,国内成品油价格按机制上调,https://www.ndrc.gov.cn/xwdt/ztzl/gncpyjg/201803/t20180328_1292968.html
2018-04-13,2018-04-01,2018-04-12,2018-04-13,normal,8570.0,7555.0,8625,7605,0.0,0.0,55,50,,,8570.0,7555.0,0.4364403558123622,0.5635596441876378,0.018,-0.002,0.034,0.03,71.98133333333334,15510000.0,39460000.0,49584000.0,473.15255955397873,0.7178460978715663,0.0,0.0,0.0,0.0,0.0,,8050.169162928609,7997.986961149547,0.0,国内成品油价格按机制上调,https://www.ndrc.gov.cn/xwdt/ztzl/gncpyjg/201804/t20180412_1292969.html
2018-04-27,2018-04-01,2018-04-26,2018-04-27,normal,8625.0,7605.0,8880,7850,314.3360506423642,302.1600555391782,255,245,0.8112337082523385,0.8108285509903648,8939.336050642365,7907.160055539178,0.4364403558123622,0.5635596441876378,0.018,-0.002,0.034,0.03,71.98133333333334,15510000.0,39460000.0,49584000.0,473.15255955397873,0.7178460978715663,0.0,0.0,0.0,0.0,0.0,,8299.533566486733,8357.643314102992,0.006952886768714211,国内成品油价格按机制上调,https://www.ndrc.gov.cn/xwdt/ztzl/gncpyjg/201804/t20180426_1292970.html
2018-05-01,2018-05-01,2018-04-29,2018-05-01,normal,8880.0,7850.0,8805,7785,0.0,0.0,-75,-65,,,8880.0,7850.0,0.4306552877927742,0.5693447122072258,0.018,-0.002,0.0409999999999999,0.03,76.83967741935484,15973000.0,39050000.0,50660000.0,511.2343149807938,0.7097032150191738,0.0,0.0,0.0,0.0,0.0,,8224.268393548631,8293.574946426557,0.00835665600487377,国内成品油价格因增值税税率调整相应下调,https://www.ndrc.gov.cn/xwdt/ztzl/gncpyjg/201804/t20180429_1292971.html
2018-05-12,2018-05-01,2018-05-11,2018-05-12,normal,8805.0,7785.0,8975,7950,106.90771206021807,102.92782260783008,170,165,1.5901565633005394,1.6030650976526912,8911.907712060218,7887.92782260783,0.4306552877927742,0.5693447122072258,0.018,-0.002,0.0409999999999999,0.03,76.83967741935484,15973000.0,39050000.0,50660000.0,511.2343149807938,0.7097032150191738,0.0,0.0,0.0,0.0,0.0,,8391.421669987594,8328.910176593961,0.0,国内成品油价格按机制上调,https://www.ndrc.gov.cn/xwdt/ztzl/gncpyjg/201805/t20180511_1292972.html
2018-05-26,2018-05-01,2018-05-25,2018-05-26,normal,8975.0,7950.0,9235,8200,231.78388142181336,222.6972280314224,260,250,1.1217346021004686,1.1226004122724202,9206.783881421814,8172.697228031422,0.4306552877927742,0.5693447122072258,0.018,-0.002,0.0409999999999999,0.03,76.83967741935484,15973000.0,39050000.0,50660000.0,511.2343149807938,0.7097032150191738,0.0,0.0,0.0,0.0,0.0,,8645.72822286552,8618.032113349927,0.0,国内成品油价格按机制上调,https://www.ndrc.gov.cn/xwdt/ztzl/gncpyjg/201805/t20180525_1292973.html
2018-06-09,2018-06-01,2018-06-08,2018-06-09,normal,9235.0,8200.0,9105,8075,-206.9503015082689,-198.94677865235644,-130,-125,0.6281701406209632,0.6283087408941036,9028.049698491732,8001.053221347644,0.4352031684374881,0.5647968315625119,0.019,-0.001,0.047,0.03,74.354,15846000.0,34350000.0,49779000.0,542.5851528384279,0.6843174754960555,0.0,0.0,0.0,0.0,0.0,,8523.259263490612,8448.005342174889,0.0,国内成品油价格按机制下调,https://www.ndrc.gov.cn/xwdt/ztzl/gncpyjg/201806/t20180608_1292974.html
2018-06-26,2018-06-01,2018-06-25,2018-06-26,normal,9105.0,8075.0,9050,8020,64.7068932244214,62.321397832149,-55,-55,-0.8499867210320975,-0.8825219252644523,9169.706893224422,8137.321397832149,0.4352031684374881,0.5647968315625119,0.019,-0.001,0.047,0.03,74.354,15846000.0,34350000.0,49779000.0,542.5851528384279,0.6843174754960555,0.0,0.0,0.0,0.0,0.0,,8468.259263490612,8586.618836475773,0.013784188542569456,国内成品油价格按机制下调,https://www.ndrc.gov.cn/xwdt/ztzl/gncpyjg/201806/t20180625_1292975.html
2018-07-10,2018-07-01,2018-07-09,2018-07-10,normal,9050.0,8020.0,9320,8280,312.9220713028034,301.24930343589665,270,260,0.8628346312418812,0.8630725350550922,9362.922071302803,8321.249303435896,0.4512468212699738,0.5487531787300262,0.021,0.003,0.046,0.03,74.28612903225806,15855000.0,36020000.0,50750000.0,536.9905607995559,0.6943614457831325,0.0,0.0,0.0,0.0,0.0,,8749.296694120772,8791.300828739331,0.004777920291527817,国内成品油价格按机制上调,https://www.ndrc.gov.cn/xwdt/ztzl/gncpyjg/201807/t20180709_1292976.html
2018-07-24,2018-07-01,2018-07-23,2018-07-24,normal,9320.0,8280.0,9195,8160,-50.89953115867601,0.0,-125,-120,2.4558182984106582,,9269.100468841323,8280.0,0.4512468212699738,0.5487531787300262,0.021,0.003,0.046,0.03,74.28612903225806,15855000.0,36020000.0,50750000.0,536.9905607995559,0.6943614457831325,0.0,0.0,0.0,0.0,0.0,,8627.040460014421,8726.328442481288,0.011377979080355937,国内成品油价格按机制下调,https://www.ndrc.gov.cn/xwdt/ztzl/gncpyjg/201807/t20180723_1292977.html
2018-08-07,2018-08-01,2018-08-06,2018-08-07,normal,9195.0,8160.0,9265,8230,0.0,0.0,70,70,,,9195.0,8160.0,0.44074900030759767,0.5592509996924023,0.023,0.0069999999999999,0.0409999999999999,0.03,72.39387096774193,15997000.0,38380000.0,50315000.0,534.6300156331423,0.7058131195174431,0.0,0.00039568291725922133,0.0,0.00039568291725922133,0.0,,8686.175215318364,8616.175215318362,0.0,国内成品油价格按机制上调,https://www.ndrc.gov.cn/xwdt/ztzl/gncpyjg/201808/t20180806_1292978.html
2018-08-21,2018-08-01,2018-08-20,2018-08-21,normal,9265.0,8230.0,9215,8180,-129.9812277212394,-173.73041406283016,-50,-50,0.3846709319228089,0.28780222662634847,9135.018772278761,8056.26958593717,0.44074900030759767,0.5592509996924023,0.023,0.0069999999999999,0.0409999999999999,0.03,72.39387096774193,15997000.0,38380000.0,50315000.0,534.6300156331423,0.7058131195174431,0.0,0.00039568291725922133,0.0,0.00039568291725922133,0.0,,8636.175215318362,8531.72721139986,0.0,国内成品油价格按机制下调,https://www.ndrc.gov.cn/xwdt/ztzl/gncpyjg/201808/t20180820_1292979.html
2018-09-04,2018-09-01,2018-09-03,2018-09-04,normal,9215.0,8180.0,9395,8350,145.46604994106687,139.8273690336327,180,170,1.2374021297266542,1.2157848722671016,9360.466049941067,8319.827369033632,0.44641224862888484,0.5535877513711152,0.025,0.0069999999999999,0.036,0.03,78.72600000000001,15176000.0,37210000.0,51341000.0,535.9983875302338,0.710304279769404,0.0,0.0,0.0,0.0,0.0,,8816.500799817186,8784.381222587717,0.0,国内成品油价格按机制上调,https://www.ndrc.gov.cn/xwdt/ztzl/gncpyjg/201809/t20180903_1292980.html
2018-09-18,2018-09-01,2018-09-17,2018-09-18,normal,9395.0,8350.0,9540,8495,88.24098253341916,84.70441594940971,145,145,1.643227396579415,1.7118351903471272,9483.24098253342,8434.704415949409,0.44641224862888484,0.5535877513711152,0.025,0.0069999999999999,0.036,0.03,78.72600000000001,15176000.0,37210000.0,51341000.0,535.9983875302338,0.710304279769404,0.0,0.0,0.0,0.0,0.0,,8961.500799817186,8902.78398240779,0.0,国内成品油价格按机制上调,https://www.ndrc.gov.cn/xwdt/ztzl/gncpyjg/201809/t20180917_1292981.html
2018-10-01,2018-10-01,2018-09-30,2018-10-01,normal,9540.0,8495.0,9780,8725,193.0455202718105,185.59017459236384,240,230,1.243230092374467,1.2392897442182988,9733.045520271811,8680.590174592364,0.4537403015663885,0.5462596984336114,0.025,0.002,0.033,0.03,80.99870967741936,16089000.0,40800000.0,52784000.0,562.25,0.7171860992458999,0.01997419354838712,0.0,0.01432521395655038,0.01432521395655038,0.0,,9203.69601815254,9158.131580526115,0.0,国内成品油价格按机制上调,https://www.ndrc.gov.cn/xwdt/ztzl/gncpyjg/201809/t20180930_1292982.html
2018-10-20,2018-10-01,2018-10-19,2018-10-20,normal,9780.0,8725.0,9945,8885,128.22853400711935,123.20417918748176,165,160,1.2867650814041052,1.298657245680972,9908.22853400712,8848.204179187482,0.4537403015663885,0.5462596984336114,0.025,0.002,0.033,0.03,80.99870967741936,16089000.0,40800000.0,52784000.0,562.25,0.7171860992458999,0.01997419354838712,0.0,0.01432521395655038,0.01432521395655038,0.0,,9365.964719660373,9329.17994961106,0.0,国内成品油价格按机制上调,https://www.ndrc.gov.cn/xwdt/ztzl/gncpyjg/201810/t20181019_1292983.html
2018-11-03,2018-11-01,2018-11-02,2018-11-03,normal,9945.0,8885.0,9570,8520,-364.28813323575343,-349.9996286537153,-375,-365,1.0294049291946445,1.0428582493186753,9580.711866764246,8535.000371346285,0.4500618371247611,0.5499381628752389,0.022,-0.003,0.027,0.03,65.022,15534000.0,42870000.0,50457000.0,563.4896197807325,0.7340250667762482,0.0,0.006295542572047452,0.0,0.006295542572047452,0.0,,8992.564928980999,9005.635208076574,0.0014513444963718764,国内成品油价格按机制下调,https://www.ndrc.gov.cn/xwdt/ztzl/gncpyjg/201811/t20181102_1292984.html
2018-11-17,2018-11-01,2018-11-16,2018-11-17,normal,9570.0,8520.0,9060,8030,-439.9339464110721,-422.64354337674615,-510,-490,1.159264940022288,1.1593694205881007,9130.066053588927,8097.3564566232535,0.4500618371247611,0.5499381628752389,0.022,-0.003,0.027,0.03,65.022,15534000.0,42870000.0,50457000.0,563.4896197807325,0.7340250667762482,0.0,0.006295542572047452,0.0,0.006295542572047452,0.0,,8493.563692238504,8562.139635049996,0.008009206312259829,国内成品油价格按机制下调,https://www.ndrc.gov.cn/xwdt/ztzl/gncpyjg/201811/t20181116_1292985.html
2018-12-01,2018-12-01,2018-11-30,2018-12-01,normal,9060.0,8030.0,8520,7510,-451.2771960804037,-433.4257894419086,-540,-520,1.1966037829746412,1.199744022314793,8608.722803919596,7596.574210558091,0.4468037130294261,0.5531962869705739,0.019,0.0,0.009,0.03,56.20903225806452,16333000.0,43780000.0,51169000.0,486.6057560529922,0.7282950443331725,0.0,0.0,0.0,0.0,0.0,,7961.27175015972,8048.805960209523,0.010875428042686245,国内成品油价格按机制下调,https://www.ndrc.gov.cn/xwdt/ztzl/gncpyjg/201811/t20181130_1292986.html
2018-12-15,2018-12-01,2018-12-14,2018-12-15,normal,8520.0,7510.0,8395,7390,-156.0910769027586,-149.8760214782586,-125,-120,0.800814514707156,0.8006617657475483,8363.908923097242,7360.123978521741,0.4468037130294261,0.5531962869705739,0.019,0.0,0.009,0.03,56.20903225806452,16333000.0,43780000.0,51169000.0,486.6057560529922,0.7282950443331725,0.0,0.0,0.0,0.0,0.0,,7839.037731594573,7808.618818841112,0.0,国内成品油价格按机制下调,https://www.ndrc.gov.cn/xwdt/ztzl/gncpyjg/201812/t20181214_1292987.html
2018-12-29,2018-12-01,2018-12-28,2018-12-29,normal,8395.0,7390.0,8025,7035,-278.58280726516523,-267.6115306769986,-370,-355,1.328150877766913,1.3265497159331203,8116.417192734834,7122.388469323001,0.4468037130294261,0.5531962869705739,0.019,0.0,0.009,0.03,56.20903225806452,16333000.0,43780000.0,51169000.0,486.6057560529922,0.7282950443331725,0.0,0.0,0.0,0.0,0.0,,7477.335675899132,7566.524193801309,0.011787250739942393,国内成品油价格按机制下调,https://www.ndrc.gov.cn/xwdt/ztzl/gncpyjg/201812/t20181228_1292988.html
2019-01-15,2019-01-01,2019-01-14,2019-01-15,normal,8025.0,7035.0,8130,7140,-53.09449966336221,-50.85580066071782,105,105,-1.9776059792584337,-2.06466123108557,7971.9055003366375,6984.144199339282,0.46864686468646866,0.5313531353135313,0.017,0.005,0.001,0.03,59.1741935483871,16542000.0,42600000.0,53037000.0,438.46948356807513,0.7203002942071625,0.0,0.0,0.0,0.0,1.0,crude_production_ton: Jan-Feb filled with same-year March; crude_processing_ton: Jan-Feb filled with same-year March; gasoline_consumption_ton: Jan-Feb filled with same-year March; diesel_consumption_ton: Jan-Feb filled with same-year March,7603.960396039603,7447.05543611032,0.0,国内成品油价格按机制上调,https://www.ndrc.gov.cn/xwdt/ztzl/gncpyjg/201901/t20190114_1292989.html
2019-01-29,2019-01-01,2019-01-28,2019-01-29,normal,8130.0,7140.0,8375,7370,258.9559822758086,248.8870320852581,245,230,0.9461067392490498,0.9241140370913812,8388.95598227581,7388.887032085258,0.46864686468646866,0.5313531353135313,0.017,0.005,0.001,0.03,59.1741935483871,16542000.0,42600000.0,53037000.0,438.46948356807513,0.7203002942071625,0.0,0.0,0.0,0.0,1.0,crude_production_ton: Jan-Feb filled with same-year March; crude_processing_ton: Jan-Feb filled with same-year March; gasoline_consumption_ton: Jan-Feb filled with same-year March; diesel_consumption_ton: Jan-Feb filled with same-year March,7840.990099009901,7857.566210062349,0.002109573194715174,国内成品油价格按机制上调,https://www.ndrc.gov.cn/xwdt/ztzl/gncpyjg/201901/t20190128_1292990.html
2019-02-15,2019-02-01,2019-02-14,2019-02-15,normal,8375.0,7370.0,8425,7420,118.92425444097697,114.35742548068376,50,50,0.42043568181304336,0.43722565272725167,8493.924254440977,7484.357425480684,0.46864686468646866,0.5313531353135313,0.015,0.01,0.001,0.03,63.95678571428572,16542000.0,39230000.0,53037000.0,439.3270456283457,0.7033995553324248,0.0,0.0,0.0,0.0,1.0,crude_production_ton: Jan-Feb filled with same-year March; crude_processing_ton: Jan-Feb filled with same-year March; gasoline_consumption_ton: Jan-Feb filled with same-year March; diesel_consumption_ton: Jan-Feb filled with same-year March,7890.990099009901,7957.487754564385,0.00835661424880494,国内成品油价格按机制上调,https://www.ndrc.gov.cn/xwdt/ztzl/gncpyjg/201902/t20190214_1292991.html
2019-03-01,2019-03-01,2019-02-28,2019-03-01,normal,8425.0,7420.0,8695,7680,154.84262562810693,148.79339819218742,270,260,1.7437059007800095,1.747389354359484,8579.842625628107,7568.793398192188,0.46864686468646866,0.5313531353135313,0.023,-0.004,0.004,0.03,66.07451612903226,16542000.0,39340000.0,53037000.0,471.8657854600915,0.7039833935793278,0.0,0.0,0.0,0.0,0.0,,8155.676567656766,8042.6184486737075,0.0,国内成品油价格按机制上调,https://www.ndrc.gov.cn/xwdt/ztzl/gncpyjg/201902/t20190228_1292992.html
2019-03-14,2019-03-01,2019-03-14,2019-03-14,threshold_no_adjust,8695.0,7680.0,8695,7680,0.0,0.0,0,0,,,8695.0,7680.0,0.46864686468646866,0.5313531353135313,0.023,-0.004,0.004,0.03,66.07451612903226,16542000.0,39340000.0,53037000.0,471.8657854600915,0.7039833935793278,0.0,0.0,0.0,0.0,0.0,,8155.676567656766,8155.676567656766,0.0,3月14日国内成品油价格不作调整,https://www.ndrc.gov.cn/xwdt/ztzl/gncpyjg/201903/t20190314_1292993.html
2019-03-29,2019-03-01,2019-03-28,2019-03-29,normal,8695.0,7680.0,8775,7760,157.67982860483457,151.88804080900204,80,80,0.5073572232278996,0.526703745560846,8852.679828604834,7831.888040809002,0.46864686468646866,0.5313531353135313,0.023,-0.004,0.004,0.03,66.07451612903226,16542000.0,39340000.0,53037000.0,471.8657854600915,0.7039833935793278,0.0,0.0,0.0,0.0,0.0,,8235.676567656767,8310.278911657213,0.00897711674824756,国内成品油价格按机制上调,https://www.ndrc.gov.cn/xwdt/ztzl/gncpyjg/201903/t20190328_1292994.html
2019-04-01,2019-04-01,2019-03-29,2019-04-01,normal,8775.0,7760.0,8550,7560,0.0,0.0,-225,-200,,,8775.0,7760.0,0.46722336520230745,0.5327766347976925,0.025,0.001,0.009,0.03,71.10300000000001,15711000.0,43730000.0,52103000.0,491.344614680997,0.7356874884339093,0.0,0.0,0.0,0.0,0.0,,8022.5511315502845,8234.231715680342,0.025707387336083444,国内成品油价格因增值税税率调整相应下调,https://www.ndrc.gov.cn/xwdt/ztzl/gncpyjg/201903/t20190329_1292995.html
2019-04-13,2019-04-01,2019-04-12,2019-04-13,normal,8550.0,7560.0,8705,7710,181.3735281712936,174.6184414062686,155,150,0.8545899810341353,0.8590157992019231,8731.373528171294,7734.618441406268,0.46722336520230745,0.5327766347976925,0.025,0.001,0.009,0.03,71.10300000000001,15711000.0,43730000.0,52103000.0,491.344614680997,0.7356874884339093,0.0,0.0,0.0,0.0,0.0,,8174.887248376296,8200.325707327142,0.003102127873788682,国内成品油价格按机制上调,https://www.ndrc.gov.cn/xwdt/ztzl/gncpyjg/201904/t20190412_1292996.html
2019-04-27,2019-04-01,2019-04-26,2019-04-27,normal,8705.0,7710.0,8900,7895,143.94608777164467,138.38561166936722,195,185,1.3546738436500407,1.3368441832089055,8848.946087771645,7848.385611669367,0.46722336520230745,0.5327766347976925,0.025,0.001,0.009,0.03,71.10300000000001,15711000.0,43730000.0,52103000.0,491.344614680997,0.7356874884339093,0.0,0.0,0.0,0.0,0.0,,8364.559482028319,8315.870844402296,0.0,国内成品油价格按机制上调,https://www.ndrc.gov.cn/xwdt/ztzl/gncpyjg/201904/t20190426_1292997.html
2019-05-14,2019-05-01,2019-05-13,2019-05-14,normal,8900.0,7895.0,8825,7820,0.0,0.0,-75,-75,,,8900.0,7895.0,0.46985480432771587,0.5301451956722841,0.027,0.0,0.006,0.03,71.22483870967741,16230000.0,40230000.0,51899000.0,523.7733035048471,0.7125398512221042,0.0,0.0,0.0,0.0,0.0,,8292.204078349354,8367.204078349354,0.008963567674184861,国内成品油价格按机制下调,https://www.ndrc.gov.cn/xwdt/ztzl/gncpyjg/201905/t20190513_1292998.html
2019-05-28,2019-05-01,2019-05-27,2019-05-28,normal,8825.0,7820.0,8875,7870,0.0,0.0,50,50,,,8825.0,7820.0,0.46985480432771587,0.5301451956722841,0.027,0.0,0.006,0.03,71.22483870967741,16230000.0,40230000.0,51899000.0,523.7733035048471,0.7125398512221042,0.0,0.0,0.0,0.0,0.0,,8342.204078349354,8292.204078349354,0.0,国内成品油价格按机制上调,https://www.ndrc.gov.cn/xwdt/ztzl/gncpyjg/201905/t20190527_1292999.html
2019-06-12,2019-06-01,2019-06-11,2019-06-12,normal,8875.0,7870.0,8410,7425,-463.0776513193639,-444.9145147410939,-465,-445,1.0041512447753829,1.0001921386155628,8411.922348680637,7425.085485258906,0.4621143188022169,0.5378856811977831,0.027,-0.001,0.0,0.03,64.64833333333334,16100000.0,39580000.0,53695000.0,509.69077817079335,0.7108477011494253,0.0,0.0,0.0,0.0,0.0,,7880.182604020183,7881.116930167956,0.00011855250417564473,国内成品油价格按机制下调,https://www.ndrc.gov.cn/xwdt/ztzl/gncpyjg/201906/t20190611_1293000.html
2019-06-26,2019-06-01,2019-06-25,2019-06-26,normal,8410.0,7425.0,8290,7310,-89.09653983440987,-85.42954762351957,-120,-115,1.3468536513654255,1.3461384637876674,8320.90346016559,7339.570452376481,0.4621143188022169,0.5378856811977831,0.027,-0.001,0.0,0.03,64.64833333333334,16100000.0,39580000.0,53695000.0,509.69077817079335,0.7108477011494253,0.0,0.0,0.0,0.0,0.0,,7762.872032426172,7793.058486789076,0.0038735054297457305,国内成品油价格按机制下调,https://www.ndrc.gov.cn/xwdt/ztzl/gncpyjg/201906/t20190625_1293001.html
2019-07-10,2019-07-01,2019-07-09,2019-07-10,normal,8290.0,7310.0,8440,7450,178.56978187593415,171.87021050551672,150,140,0.8400077461270367,0.8145681534235757,8468.569781875934,7481.870210505516,0.4567960581660858,0.5432039418339142,0.0279999999999999,0.004,-0.003,0.03,63.83548387096774,16287000.0,41040000.0,52595000.0,477.672246588694,0.7158930346956931,0.0,0.0,0.0,0.0,0.0,,7902.228097584424,7932.5906853016895,0.0038275752426662115,国内成品油价格按机制上调,https://www.ndrc.gov.cn/xwdt/ztzl/gncpyjg/201907/t20190709_1293002.html
2019-07-23,2019-07-01,2019-07-23,2019-07-23,threshold_no_adjust,8440.0,7450.0,8440,7450,0.0,0.0,0,0,,,8440.0,7450.0,0.4567960581660858,0.5432039418339142,0.0279999999999999,0.004,-0.003,0.03,63.83548387096774,16287000.0,41040000.0,52595000.0,477.672246588694,0.7158930346956931,0.0,0.0,0.0,0.0,0.0,,7902.228097584424,7902.228097584424,0.0,7月23日国内成品油价格不作调整,https://www.ndrc.gov.cn/xwdt/ztzl/gncpyjg/201907/t20190723_1293003.html
2019-08-07,2019-08-01,2019-08-06,2019-08-07,normal,8440.0,7450.0,8360,7380,0.0,0.0,-80,-70,,,8440.0,7450.0,0.45974254417526184,0.5402574558247382,0.0279999999999999,0.0069999999999999,-0.008,0.03,59.10387096774193,16182000.0,42170000.0,54003000.0,469.3669433246384,0.7226830271455992,0.0,0.0,0.0,0.0,0.0,,7830.547693291756,7905.14511873351,0.009436566226339517,国内成品油价格按机制下调,https://www.ndrc.gov.cn/xwdt/ztzl/gncpyjg/201908/t20190806_1293004.html
2019-08-21,2019-08-01,2019-08-20,2019-08-21,normal,8360.0,7380.0,8150,7175,-221.80330339675825,-212.60036312776705,-210,-205,0.9467848169256312,0.9642504696795864,8138.196696603241,7167.399636872233,0.45974254417526184,0.5402574558247382,0.0279999999999999,0.0069999999999999,-0.008,0.03,59.10387096774193,16182000.0,42170000.0,54003000.0,469.3669433246384,0.7226830271455992,0.0,0.0,0.0,0.0,0.0,,7623.24898057088,7613.71634699083,0.0,国内成品油价格按机制下调,https://www.ndrc.gov.cn/xwdt/ztzl/gncpyjg/201908/t20190820_1293005.html
2019-09-04,2019-09-01,2019-09-03,2019-09-04,normal,8150.0,7175.0,8265,7280,116.23958611800984,111.77485622531916,115,105,0.9893359383028827,0.93938837003143,8266.23958611801,7286.774856225319,0.45304515689465913,0.5469548431053408,0.03,0.009,-0.012,0.03,62.696000000000005,15643000.0,41240000.0,56486000.0,449.7181862269641,0.7249969235096602,0.0,0.0,0.0,0.0,0.0,,7726.2494795412385,7730.516608452337,0.0005519849613197893,国内成品油价格按机制上调,https://www.ndrc.gov.cn/xwdt/ztzl/gncpyjg/201909/t20190903_1293006.html
2019-09-19,2019-09-01,2019-09-18,2019-09-19,normal,8265.0,7280.0,8390,7405,124.15294760830255,119.35122453582883,125,125,1.0068226522850658,1.0473290113791454,8389.152947608303,7399.351224535829,0.45304515689465913,0.5469548431053408,0.03,0.009,-0.012,0.03,62.696000000000005,15643000.0,41240000.0,56486000.0,449.7181862269641,0.7249969235096602,0.0,0.0,0.0,0.0,0.0,,7851.2494795412385,7847.776101459802,0.0,国内成品油价格按机制上调,https://www.ndrc.gov.cn/xwdt/ztzl/gncpyjg/201909/t20190918_1293007.html
2019-10-08,2019-10-01,2019-10-08,2019-10-08,threshold_no_adjust,8390.0,7405.0,8390,7405,-129.15693803231406,-124.10629749177625,0,0,-0.0,-0.0,8260.843061967686,7280.893702508224,0.45915410293092696,0.540845897069073,0.038,0.009,-0.016,0.03,59.89935483870968,16113000.0,45510000.0,57835000.0,455.5353109206768,0.7385229540918163,0.0,0.0,0.0,0.0,0.0,,7857.266791386963,7730.841471568569,0.0,10月8日国内成品油价格不作调整,https://www.ndrc.gov.cn/xwdt/ztzl/gncpyjg/201910/t20191008_1293008.html
2019-10-22,2019-10-01,2019-10-21,2019-10-22,normal,8390.0,7405.0,8240,7260,-115.86771343951646,-111.21790016771084,-150,-145,1.2945797888580994,1.3037469668223147,8274.132286560483,7293.7820998322895,0.45915410293092696,0.540845897069073,0.038,0.009,-0.016,0.03,59.89935483870968,16113000.0,45510000.0,57835000.0,455.5353109206768,0.7385229540918163,0.0,0.0,0.0,0.0,0.0,,7709.971020872308,7743.91391037764,0.004383169789613052,国内成品油价格按机制下调,https://www.ndrc.gov.cn/xwdt/ztzl/gncpyjg/201910/t20191021_1293009.html
2019-11-05,2019-11-01,2019-11-04,2019-11-05,normal,8240.0,7260.0,8345,7365,67.01728061237993,64.55333601140991,105,105,1.5667600809902695,1.626561948424185,8307.01728061238,7324.55333601141,0.4515060355660485,0.5484939644339515,0.045,0.004,-0.0139999999999999,0.03,63.08633333333333,15704000.0,45740000.0,56080000.0,456.8210319195453,0.7444176811405507,0.0,0.0,0.0,0.0,0.0,,7807.475914854727,7768.141736724776,0.0,国内成品油价格按机制上调,https://www.ndrc.gov.cn/xwdt/ztzl/gncpyjg/201911/t20191104_1293010.html
2019-11-19,2019-11-01,2019-11-18,2019-11-19,normal,8345.0,7365.0,8415,7430,117.49443538553297,112.99872985387836,70,65,0.5957728957146771,0.5752277046304256,8462.494435385534,7477.998729853878,0.4515060355660485,0.5484939644339515,0.045,0.004,-0.0139999999999999,0.03,63.08633333333333,15704000.0,45740000.0,56080000.0,456.8210319195453,0.7444176811405507,0.0,0.0,0.0,0.0,0.0,,7874.733445032558,7922.5044828902755,0.006029789943430849,国内成品油价格按机制上调,https://www.ndrc.gov.cn/xwdt/ztzl/gncpyjg/201911/t20191118_1293011.html
2019-12-03,2019-12-01,2019-12-02,2019-12-03,normal,8415.0,7430.0,8470,7480,86.32870235584448,83.01370330386142,55,50,0.6370998115237682,0.6023101971126522,8501.328702355844,7513.013703303862,0.4540996396329457,0.5459003603670542,0.045,0.0,-0.005,0.03,67.36580645161291,16065000.0,45480000.0,58509000.0,482.1723834652594,0.7389714842797953,0.0,0.0,0.0,0.0,0.0,,7929.558643236616,7961.807188217202,0.004050405167850648,国内成品油价格按机制上调,https://www.ndrc.gov.cn/xwdt/ztzl/gncpyjg/201912/t20191202_1293012.html
2019-12-16,2019-12-01,2019-12-16,2019-12-16,threshold_no_adjust,8470.0,7480.0,8470,7480,0.0,0.0,0,0,,,8470.0,7480.0,0.4540996396329457,0.5459003603670542,0.045,0.0,-0.005,0.03,67.36580645161291,16065000.0,45480000.0,58509000.0,482.1723834652594,0.7389714842797953,0.0,0.0,0.0,0.0,0.0,,7929.558643236616,7929.558643236616,0.0,12月16日国内成品油价格不作调整,https://www.ndrc.gov.cn/xwdt/ztzl/gncpyjg/201912/t20191216_1293013.html
2019-12-31,2019-12-01,2019-12-30,2019-12-31,normal,8470.0,7480.0,8705,7710,196.40804943409307,188.8995283777183,235,230,1.196488640242094,1.2175784766391704,8666.408049434092,7668.8995283777185,0.4540996396329457,0.5459003603670542,0.045,0.0,-0.005,0.03,67.36580645161291,16065000.0,45480000.0,58509000.0,482.1723834652594,0.7389714842797953,0.0,0.0,0.0,0.0,0.0,,8161.8291414347805,8121.867788320211,0.0,国内成品油价格按机制上调,https://www.ndrc.gov.cn/xwdt/ztzl/gncpyjg/201912/t20191230_1293014.html
2020-01-14,2020-01-01,2020-01-14,2020-01-14,threshold_no_adjust,8705.0,7710.0,8705,7710,0.0,0.0,0,0,,,8705.0,7710.0,0.432370472260431,0.567629527739569,0.054,0.0139999999999999,0.001,0.035,64.07903225806452,16563000.0,65785000.0,50037000.0,486.0881780260435,0.7988657890902026,0.0,0.07526689624158345,0.0,0.07526689624158345,1.0,crude_production_ton: Jan-Feb filled with same-year March; crude_processing_ton: Jan-Feb filled with same-year March; gasoline_consumption_ton: Jan-Feb filled with same-year March; diesel_consumption_ton: Jan-Feb filled with same-year March; crude_import_ton: internal linear interpolation; crude_import_value_usd: internal linear interpolation; crude_import_avg_usd_per_ton: internal linear interpolation,8140.208619899129,8140.208619899129,0.0,1月14日国内成品油价格不作调整,https://www.ndrc.gov.cn/xwdt/ztzl/gncpyjg/202001/t20200114_1293015.html
2020-02-05,2020-02-01,2020-02-04,2020-02-05,normal,8705.0,7710.0,8285,7305,-471.7363505423203,-453.1126879418056,-420,-405,0.890327827222043,0.8938173897527566,8233.26364945768,7256.887312058195,0.432370472260431,0.567629527739569,0.052,0.008,-0.004,0.035,55.896206896551725,16563000.0,86090000.0,50037000.0,490.0039725868277,0.838650599592803,0.0,0.07097456971512384,0.0,0.07097456971512384,1.0,crude_production_ton: Jan-Feb filled with same-year March; crude_processing_ton: Jan-Feb filled with same-year March; gasoline_consumption_ton: Jan-Feb filled with same-year March; diesel_consumption_ton: Jan-Feb filled with same-year March,7728.723062815222,7679.0436101635205,0.0,国内成品油价格按机制下调,https://www.ndrc.gov.cn/xwdt/ztzl/gncpyjg/202002/t20200204_1293016.html
2020-02-19,2020-02-01,2020-02-18,2020-02-19,normal,8285.0,7305.0,7870,6905,-288.10578340197225,-276.5565323083288,-415,-400,1.4404431424445994,1.446358893284234,7996.894216598028,7028.443467691671,0.432370472260431,0.567629527739569,0.052,0.008,-0.004,0.035,55.896206896551725,16563000.0,86090000.0,50037000.0,490.0039725868277,0.838650599592803,0.0,0.07097456971512384,0.0,0.07097456971512384,1.0,crude_production_ton: Jan-Feb filled with same-year March; crude_processing_ton: Jan-Feb filled with same-year March; gasoline_consumption_ton: Jan-Feb filled with same-year March; diesel_consumption_ton: Jan-Feb filled with same-year March,7322.237505731316,7447.17297535728,0.01677622770941083,国内成品油价格按机制下调,https://www.ndrc.gov.cn/xwdt/ztzl/gncpyjg/202002/t20200218_1293017.html
2020-03-03,2020-03-01,2020-03-03,2020-03-03,threshold_no_adjust,7870.0,6905.0,7870,6905,0.0,0.0,0,0,,,7870.0,6905.0,0.432370472260431,0.567629527739569,0.043,-0.012,-0.015,0.035,32.48838709677419,16563000.0,41100000.0,50037000.0,407.2662530413625,0.7127620831382342,0.0,0.06664221004918258,0.0,0.06664221004918258,0.0,,7322.237505731316,7322.237505731316,0.0,3月3日国内成品油价格不作调整,https://www.ndrc.gov.cn/xwdt/ztzl/gncpyjg/202003/t20200303_1293018.html
2020-03-18,2020-03-01,2020-03-17,2020-03-18,normal,7870.0,6905.0,6855,5930,-938.8164470425208,-901.8415785731598,-1015,-975,1.0811485069285633,1.0811211449605007,6931.183552957479,6003.1584214268405,0.432370472260431,0.567629527739569,0.043,-0.012,-0.015,0.035,32.48838709677419,16563000.0,41100000.0,50037000.0,407.2662530413625,0.7127620831382342,0.0,0.06664221004918258,0.0,0.06664221004918258,0.0,,6329.942686840899,6404.409085816291,0.01162736451990721,国内成品油价格按机制下调,https://www.ndrc.gov.cn/xwdt/ztzl/gncpyjg/202003/t20200317_1293019.html
2020-03-31,2020-03-01,2020-03-31,2020-03-31,threshold_no_adjust,6855.0,5930.0,6855,5930,-1066.7576742049002,-1025.1971910918976,0,0,-0.0,-0.0,5788.2423257950995,4904.802808908103,0.432370472260431,0.567629527739569,0.043,-0.012,-0.015,0.035,32.48838709677419,16563000.0,41100000.0,50037000.0,407.2662530413625,0.7127620831382342,0.0,0.06664221004918258,0.0,0.06664221004918258,0.0,,6329.942686840899,5286.775970038061,0.0,3月31日国内成品油价格不作调整,https://www.ndrc.gov.cn/xwdt/ztzl/gncpyjg/202003/t20200331_1293020.html
2020-04-15,2020-04-01,2020-04-15,2020-04-15,threshold_no_adjust,6855.0,5930.0,6855,5930,-80.9144195983278,-76.94346182894601,0,0,-0.0,-0.0,6774.085580401672,5853.056538171054,0.4285836250320157,0.5714163749679843,0.033,-0.009,-0.031,0.035,18.94633333333333,15874700.0,40430000.0,53850000.0,269.3026218154836,0.7180572847382191,0.0,0.0,0.0,0.0,0.0,,6326.439853154614,6247.7945038500175,0.0,4月15日国内成品油价格不作调整,https://www.ndrc.gov.cn/xwdt/ztzl/gncpyjg/202004/t20200415_1293021.html
2020-04-28,2020-04-01,2020-04-28,2020-04-28,threshold_no_adjust,6855.0,5930.0,6855,5930,-599.8614680549596,-577.0097699217346,0,0,-0.0,-0.0,6255.13853194504,5352.990230078265,0.4285836250320157,0.5714163749679843,0.033,-0.009,-0.031,0.035,18.94633333333333,15874700.0,40430000.0,53850000.0,269.3026218154836,0.7180572847382191,0.0,0.0,0.0,0.0,0.0,,6326.439853154614,5739.636219608805,0.0,4月28日国内成品油价格不作调整,https://www.ndrc.gov.cn/xwdt/ztzl/gncpyjg/202004/t20200428_1293022.html
2020-05-14,2020-05-01,2020-05-14,2020-05-14,threshold_no_adjust,6855.0,5930.0,6855,5930,601.8318872902178,579.0598537181177,0,0,0.0,0.0,7456.831887290218,6509.059853718118,0.4355107446490366,0.5644892553509634,0.024,-0.008,-0.037,0.035,29.01516129032258,16456000.0,47970000.0,57904000.0,197.38532416093392,0.744575171514606,0.0,0.0,0.0,0.0,0.0,,6332.84743880036,6921.824757816635,0.08508989170105158,5月14日国内成品油价格不作调整,https://www.ndrc.gov.cn/xwdt/ztzl/gncpyjg/202005/t20200514_1293023.html
2020-05-28,2020-05-01,2020-05-28,2020-05-28,threshold_no_adjust,6855.0,5930.0,6855,5930,538.4899674054891,517.6911060725428,0,0,0.0,0.0,7393.489967405489,6447.691106072542,0.4355107446490366,0.5644892553509634,0.024,-0.008,-0.037,0.035,29.01516129032258,16456000.0,47970000.0,57904000.0,197.38532416093392,0.744575171514606,0.0,0.0,0.0,0.0,0.0,,6332.84743880036,6859.596672459865,0.07679011738027038,5月28日国内成品油价格不作调整,https://www.ndrc.gov.cn/xwdt/ztzl/gncpyjg/202005/t20200528_1293024.html
2020-06-11,2020-06-01,2020-06-11,2020-06-11,threshold_no_adjust,6855.0,5930.0,6855,5930,404.0630903680624,388.3040347533423,0,0,0.0,0.0,7259.063090368062,6318.304034753342,0.4237885811640715,0.5762114188359285,0.025,-0.001,-0.03,0.035,40.385,16242000.0,5210000.0,57872000.0,525.7921305182342,0.24286779787432408,0.0,0.0,0.0,0.0,0.0,,6322.004437576767,6716.986980149557,0.05880352957956693,6月11日国内成品油价格不作调整,https://www.ndrc.gov.cn/xwdt/ztzl/gncpyjg/202006/t20200611_1293025.html
2020-06-29,2020-06-01,2020-06-28,2020-06-29,normal,6855.0,5930.0,6975,6040,167.8326286565802,161.24135002256978,120,110,0.7149980367973887,0.682207138457987,7022.83262865658,6091.241350022569,0.4237885811640715,0.5762114188359285,0.025,-0.001,-0.03,0.035,40.385,16242000.0,5210000.0,57872000.0,525.7921305182342,0.24286779787432408,0.0,0.0,0.0,0.0,0.0,,6436.242323388407,6486.0390962197,0.007677532018010156,国内成品油价格按机制上调,https://www.ndrc.gov.cn/xwdt/ztzl/gncpyjg/202006/t20200628_1293026.html
2020-07-11,2020-07-01,2020-07-10,2020-07-11,normal,6975.0,6040.0,7075,6140,118.44992946306022,113.74077964052924,100,100,0.8442385778810109,0.8791921447702739,7093.4499294630605,6153.74077964053,0.4381972333779563,0.5618027666220438,0.027,0.006,-0.024,0.035,43.24483870967742,16463000.0,51290000.0,59561000.0,279.6130239812829,0.7570144495446696,0.0,0.0,0.0,0.0,0.0,,6549.7144132083895,6565.518729272714,0.002407169443270382,国内成品油价格按机制上调,https://www.ndrc.gov.cn/xwdt/ztzl/gncpyjg/202007/t20200710_1293027.html
2020-07-24,2020-07-01,2020-07-24,2020-07-24,threshold_no_adjust,7075.0,6140.0,7075,6140,109.84290891493032,105.58334952877227,0,0,0.0,0.0,7184.84290891493,6245.5833495287725,0.4381972333779563,0.5618027666220438,0.027,0.006,-0.024,0.035,43.24483870967742,16463000.0,51290000.0,59561000.0,279.6130239812829,0.7570144495446696,0.0,0.0,0.0,0.0,0.0,,6549.7144132083895,6657.164289875585,0.016140487449079314,7月24日国内成品油价格不作调整,https://www.ndrc.gov.cn/xwdt/ztzl/gncpyjg/202007/t20200724_1293028.html
2020-08-07,2020-08-01,2020-08-07,2020-08-07,threshold_no_adjust,7075.0,6140.0,7075,6140,0.0,0.0,0,0,,,7075.0,6140.0,0.4554637281910009,0.5445362718089991,0.024,0.004,-0.02,0.035,44.59290322580645,16651000.0,47480000.0,59474000.0,314.299199663016,0.7403595764918682,0.0,0.0,0.0,0.0,0.0,,6565.858585858586,6565.858585858586,0.0,8月7日国内成品油价格不作调整,https://www.ndrc.gov.cn/xwdt/ztzl/gncpyjg/202008/t20200807_1293029.html
2020-08-22,2020-08-01,2020-08-21,2020-08-22,normal,7075.0,6140.0,7160,6220,0.0,0.0,85,80,,,7075.0,6140.0,0.4554637281910009,0.5445362718089991,0.024,0.004,-0.02,0.035,44.59290322580645,16651000.0,47480000.0,59474000.0,314.299199663016,0.7403595764918682,0.0,0.0,0.0,0.0,0.0,,6648.135904499541,6565.858585858586,0.0,国内成品油价格按机制上调,https://www.ndrc.gov.cn/xwdt/ztzl/gncpyjg/202008/t20200821_1293030.html
2020-09-04,2020-09-01,2020-09-04,2020-09-04,threshold_no_adjust,7160.0,6220.0,7160,6220,0.0,0.0,0,0,,,7160.0,6220.0,0.4748212867355044,0.5251787132644956,0.017,0.002,-0.021,0.035,40.865,16096000.0,1000000.0,57351000.0,1010.198,0.0584932147870847,0.0,0.0,0.0,0.0,0.0,,6666.332009531374,6666.332009531374,0.0,9月4日国内成品油价格不作调整,https://www.ndrc.gov.cn/xwdt/ztzl/gncpyjg/202009/t20200904_1293031.html
2020-09-19,2020-09-01,2020-09-18,2020-09-19,normal,7160.0,6220.0,6845,5920,-287.01100001622166,-275.28509755529114,-315,-300,1.097518910363005,1.0897792966789452,6872.988999983779,5944.714902444709,0.4748212867355044,0.5251787132644956,0.017,0.002,-0.021,0.035,40.865,16096000.0,1000000.0,57351000.0,1010.198,0.0584932147870847,0.0,0.0,0.0,0.0,0.0,,6359.209690230342,6385.479203881449,0.004113945533663218,国内成品油价格按机制下调,https://www.ndrc.gov.cn/xwdt/ztzl/gncpyjg/202009/t20200918_1293032.html
2020-10-09,2020-10-01,2020-10-09,2020-10-09,threshold_no_adjust,6845.0,5920.0,6845,5920,0.0,0.0,0,0,,,6845.0,5920.0,0.4723203301718322,0.5276796698281678,0.005,-0.003,-0.021,0.035,40.124516129032266,16412000.0,42560000.0,59817000.0,311.91816259398496,0.7216984331547175,0.0,0.0,0.0,0.0,0.0,,6356.896305408945,6356.896305408945,0.0,10月9日国内成品油价格不作调整,https://www.ndrc.gov.cn/xwdt/ztzl/gncpyjg/202010/t20201009_1293033.html
2020-10-23,2020-10-01,2020-10-22,2020-10-23,normal,6845.0,5920.0,6925,5990,0.0,0.0,80,70,,,6845.0,5920.0,0.4723203301718322,0.5276796698281678,0.005,-0.003,-0.021,0.035,40.124516129032266,16412000.0,42560000.0,59817000.0,311.91816259398496,0.7216984331547175,0.0,0.0,0.0,0.0,0.0,,6431.6195087106635,6356.896305408945,0.0,国内成品油价格按机制上调,https://www.ndrc.gov.cn/xwdt/ztzl/gncpyjg/202010/t20201022_1293034.html
2020-11-06,2020-11-01,2020-11-05,2020-11-06,normal,6925.0,5990.0,6765,5840,-153.7246146138079,-147.30741572421147,-160,-150,1.0408222547960673,1.0182786743121581,6771.275385386192,5842.692584275788,0.4747846483600922,0.5252153516399078,-0.005,-0.006,-0.015,0.035,42.446333333333335,15965000.0,2800000.0,58350000.0,150.725,0.14921396216360244,0.0,0.0,0.0,0.0,0.0,,6279.175799733086,6283.569442974222,0.0006992272912728281,国内成品油价格按机制下调,https://www.ndrc.gov.cn/xwdt/ztzl/gncpyjg/202011/t20201105_1293035.html
2020-11-20,2020-11-01,2020-11-19,2020-11-20,normal,6765.0,5840.0,6915,5985,153.3065080135758,147.36445802710148,150,145,0.9784320440376673,0.9839550319069023,6918.306508013576,5987.364458027101,0.4747846483600922,0.5252153516399078,-0.005,-0.006,-0.015,0.035,42.446333333333335,15965000.0,2800000.0,58350000.0,150.725,0.14921396216360244,0.0,0.0,0.0,0.0,0.0,,6426.549722974886,6429.361451873553,0.0004373263067746003,2020年11月19日24时起国内成品油价格按机制上调,https://www.ndrc.gov.cn/xwdt/ztzl/gncpyjg/202011/t20201119_1293036.html
2020-12-04,2020-12-01,2020-12-03,2020-12-04,normal,6915.0,5985.0,7165,6225,213.47938451594973,205.1851090739713,250,240,1.1710732657715794,1.1696755241311279,7128.479384515949,6190.185109073971,0.4737267909874196,0.5262732090125803,0.002,0.0069999999999999,-0.004,0.035,50.163225806451614,16268000.0,38470000.0,60000000.0,323.72238107616323,0.7028024407176002,0.0,0.0,0.0,0.0,0.0,,6670.3031835281745,6634.680245180965,0.0,2020年12月3日24时起国内成品油价格按机制上调,https://www.ndrc.gov.cn/xwdt/ztzl/gncpyjg/202012/t20201203_1293037.html
2020-12-18,2020-12-01,2020-12-17,2020-12-18,normal,7165.0,6225.0,7320,6375,195.1856988210868,187.661899803128,155,150,0.7941155573189702,0.7993098234503739,7360.185698821087,6412.661899803128,0.4737267909874196,0.5262732090125803,0.002,0.0069999999999999,-0.004,0.035,50.163225806451614,16268000.0,38470000.0,60000000.0,323.72238107616323,0.7028024407176002,0.0,0.0,0.0,0.0,0.0,,6822.671817483111,6861.529308496114,0.00566309480962043,2020年12月17日24时起国内成品油价格按机制上调,https://www.ndrc.gov.cn/xwdt/ztzl/gncpyjg/202012/t20201217_1293038.html
2021-01-01,2021-01-01,2020-12-31,2021-01-01,normal,7320.0,6375.0,7410,6460,79.82331370276422,76.83283860650278,90,85,1.1274901507488202,1.1062977958594646,7399.823313702765,6451.832838606503,0.4847108570533652,0.5152891429466349,-0.003,0.01,0.003,0.03,54.53870967741936,17094000.0,44590000.0,59791000.0,361.7032294236376,0.7228778937812075,0.0,0.0,0.0,0.0,1.0,crude_production_ton: Jan-Feb filled with same-year March; crude_processing_ton: Jan-Feb filled with same-year March; gasoline_consumption_ton: Jan-Feb filled with same-year March; diesel_consumption_ton: Jan-Feb filled with same-year March,6920.4753142006975,6911.33411426884,0.0,2020年12月31日24时起国内成品油价格按机制上调,https://www.ndrc.gov.cn/xwdt/ztzl/gncpyjg/202012/t20201231_1293039.html
2021-01-16,2021-01-01,2021-01-15,2021-01-16,normal,7410.0,6460.0,7595,6640,178.70238801061197,171.80895223866645,185,180,1.0352407825071372,1.047675325730146,7588.702388010612,6631.808952238666,0.4847108570533652,0.5152891429466349,-0.003,0.01,0.003,0.03,54.53870967741936,17094000.0,44590000.0,59791000.0,361.7032294236376,0.7228778937812075,0.0,0.0,0.0,0.0,1.0,crude_production_ton: Jan-Feb filled with same-year March; crude_processing_ton: Jan-Feb filled with same-year March; gasoline_consumption_ton: Jan-Feb filled with same-year March; diesel_consumption_ton: Jan-Feb filled with same-year March,7102.898868485964,7095.625589600426,0.0,2021年1月15日24时起国内成品油价格按机制上调,https://www.ndrc.gov.cn/xwdt/ztzl/gncpyjg/202101/t20210115_1293040.html
2021-01-30,2021-01-01,2021-01-29,2021-01-30,normal,7595.0,6640.0,7670,6710,64.92838574516259,62.53537219934742,75,70,1.1551188149720446,1.119366488726687,7659.928385745163,6702.535372199347,0.4847108570533652,0.5152891429466349,-0.003,0.01,0.003,0.03,54.53870967741936,17094000.0,44590000.0,59791000.0,361.7032294236376,0.7228778937812075,0.0,0.0,0.0,0.0,1.0,crude_production_ton: Jan-Feb filled with same-year March; crude_processing_ton: Jan-Feb filled with same-year March; gasoline_consumption_ton: Jan-Feb filled with same-year March; diesel_consumption_ton: Jan-Feb filled with same-year March,7175.322422771231,7166.594160332044,0.0,2021年1月29日24时起国内成品油价格按机制上调,https://www.ndrc.gov.cn/xwdt/ztzl/gncpyjg/202101/t20210129_1293041.html
2021-02-19,2021-02-01,2021-02-18,2021-02-19,normal,7670.0,6710.0,7945,6975,370.0462727526283,355.67030085851485,275,265,0.7431503037562937,0.7450720494805009,8040.046272752628,7065.670300858515,,,-0.002,0.006,0.017,0.03,62.38678571428572,0.0,44980000.0,0.0,396.4796798577145,1.0,0.0,1.0,0.0,1.0,0.0,,,,,2021年2月18日24时起国内成品油价格按机制上调,https://www.ndrc.gov.cn/xwdt/ztzl/gncpyjg/202102/t20210218_1293042.html
2021-03-04,2021-03-01,2021-03-03,2021-03-04,normal,7945.0,6975.0,8205,7225,183.93358460066543,176.87991666713998,260,250,1.4135537050750187,1.413388273302166,8128.933584600665,7151.87991666714,0.4847108570533652,0.5152891429466349,0.004,-0.005,0.044,0.03,65.72935483870968,17094000.0,49660000.0,59791000.0,456.68242045912206,0.7439254576504779,0.0,0.0,0.0,0.0,0.0,,7700.016639912299,7625.468437438333,0.0,2021年3月3日24时起国内成品油价格按机制上调,https://www.ndrc.gov.cn/xwdt/ztzl/gncpyjg/202103/t20210303_1293043.html
2021-03-18,2021-03-01,2021-03-17,2021-03-18,normal,8205.0,7225.0,8440,7455,222.27304400753331,213.7317563353564,235,230,1.0572582071267056,1.0761152387627315,8427.273044007534,7438.731756335356,0.4847108570533652,0.5152891429466349,0.004,-0.005,0.044,0.03,65.72935483870968,17094000.0,49660000.0,59791000.0,456.68242045912206,0.7439254576504779,0.0,0.0,0.0,0.0,0.0,,7932.440194197565,7917.888451115576,0.0,2021年3月17日24时起国内成品油价格按机制上调,https://www.ndrc.gov.cn/xwdt/ztzl/gncpyjg/202103/t20210317_1293044.html
2021-04-01,2021-04-01,2021-03-31,2021-04-01,normal,8440.0,7455.0,8215,7235,-196.63216233755864,-188.8833487568146,-225,-220,1.1442685536547286,1.1647400443077054,8243.367837662441,7266.1166512431855,0.4851599112061169,0.5148400887938831,0.009,-0.003,0.068,0.03,64.62566666666666,16407000.0,40360000.0,57904000.0,455.730946481665,0.7109764475839837,0.0,0.0,0.0,0.0,0.0,,7710.456712981994,7740.239750072424,0.0038478184206310554,2021年3月31日24时起国内成品油价格按机制下调,https://www.ndrc.gov.cn/xwdt/ztzl/gncpyjg/202103/t20210331_1293045.html
2021-04-15,2021-04-01,2021-04-15,2021-04-15,threshold_no_adjust,8215.0,7235.0,8215,7235,-91.40035348400971,-87.68333462889503,0,0,-0.0,-0.0,8123.599646515991,7147.316665371105,0.4851599112061169,0.5148400887938831,0.009,-0.003,0.068,0.03,64.62566666666666,16407000.0,40360000.0,57904000.0,455.730946481665,0.7109764475839837,0.0,0.0,0.0,0.0,0.0,,7710.456712981994,7620.9700298154,0.0,2021年4月15日国内成品油价格不作调整,https://www.ndrc.gov.cn/xwdt/ztzl/gncpyjg/202104/t20210415_1293046.html
2021-04-29,2021-04-01,2021-04-28,2021-04-29,normal,8215.0,7235.0,8315,7330,122.91802525844412,118.23475852957172,100,95,0.8135503299027356,0.8034862267362735,8337.918025258445,7353.234758529572,0.4851599112061169,0.5148400887938831,0.009,-0.003,0.068,0.03,64.62566666666666,16407000.0,40360000.0,57904000.0,455.730946481665,0.7109764475839837,0.0,0.0,0.0,0.0,0.0,,7807.882512538025,7830.9636047819,0.0029474140615058857,2021年4月28日24时起国内成品油价格按机制上调,https://www.ndrc.gov.cn/xwdt/ztzl/gncpyjg/202104/t20210428_1293047.html
2021-05-15,2021-05-01,2021-05-14,2021-05-15,normal,8315.0,7330.0,8415,7430,131.65950012417133,126.60286783933373,100,100,0.75953501194891,0.789871522712311,8446.659500124171,7456.602867839334,0.49984276729559746,0.5001572327044025,0.013,-0.002,0.09,0.03,68.47741935483872,17028000.0,40950000.0,60501000.0,498.139706959707,0.7063023905619373,0.0,0.0,0.0,0.0,0.0,,7922.345125786163,7951.475514699947,0.003663519916514855,2021年5月14日24时起国内成品油价格按机制上调,https://www.ndrc.gov.cn/xwdt/ztzl/gncpyjg/202105/t20210514_1293048.html
2021-05-28,2021-05-01,2021-05-28,2021-05-28,threshold_no_adjust,8415.0,7430.0,8415,7430,0.0,0.0,0,0,,,8415.0,7430.0,0.49984276729559746,0.5001572327044025,0.013,-0.002,0.09,0.03,68.47741935483872,17028000.0,40950000.0,60501000.0,498.139706959707,0.7063023905619373,0.0,0.0,0.0,0.0,0.0,,7922.345125786163,7922.345125786163,0.0,2021年5月28日国内成品油价格不作调整,https://www.ndrc.gov.cn/xwdt/ztzl/gncpyjg/202105/t20210528_1293049.html
2021-06-12,2021-06-01,2021-06-11,2021-06-12,normal,8415.0,7430.0,8590,7600,176.57593045277054,169.98064150833804,175,170,0.9910750550840673,1.000113886449011,8591.575930452771,7599.980641508338,0.49875170222423965,0.5012482977757603,0.011,-0.004,0.088,0.03,73.18033333333332,16668000.0,40120000.0,60820000.0,516.4231306081755,0.7064872860463478,0.0,0.0,0.0,0.0,0.0,,8093.764185201997,8094.5404797869105,9.590347801114383e-05,2021年6月11日24时起国内成品油价格按机制上调,https://www.ndrc.gov.cn/xwdt/ztzl/gncpyjg/202106/t20210611_1293050.html
2021-06-29,2021-06-01,2021-06-28,2021-06-29,normal,8590.0,7600.0,8815,7815,258.9665697229239,249.0058840382956,225,215,0.8688380134962371,0.8634334117459421,8848.966569722925,7849.005884038295,0.49875170222423965,0.5012482977757603,0.011,-0.004,0.088,0.03,73.18033333333332,16668000.0,40120000.0,60820000.0,516.4231306081755,0.7064872860463478,0.0,0.0,0.0,0.0,0.0,,8313.75170222424,8347.737978180821,0.00407131561213528,2021年6月28日24时起国内成品油价格按机制上调,https://www.ndrc.gov.cn/xwdt/ztzl/gncpyjg/202106/t20210628_1293051.html
2021-07-13,2021-07-01,2021-07-12,2021-07-13,normal,8815.0,7815.0,8885,7880,85.86834522121163,82.61064760815742,70,65,0.815201455433524,0.7868235134568967,8900.868345221212,7897.610647608158,0.5097748265756575,0.49022517342434246,0.01,0.003,0.09,0.03,75.4616129032258,16872000.0,41170000.0,59056000.0,536.477094972067,0.7093139450742566,0.0,0.0,0.0,0.0,0.0,,8392.323700708537,8409.046166419546,0.001988628125005208,2021年7月12日24时起国内成品油价格按机制上调,https://www.ndrc.gov.cn/xwdt/ztzl/gncpyjg/202107/t20210712_1293052.html
2021-07-27,2021-07-01,2021-07-26,2021-07-27,normal,8885.0,7880.0,8785,7785,-96.72029340068022,-92.89541248384931,-100,-95,1.033909187865395,1.022655451543601,8788.27970659932,7787.104587516151,0.5097748265756575,0.49022517342434246,0.01,0.003,0.09,0.03,75.4616129032258,16872000.0,41170000.0,59056000.0,536.477094972067,0.7093139450742566,0.0,0.0,0.0,0.0,0.0,,8294.774826575658,8297.478460218637,0.0003258379827005835,2021年7月26日24时起国内成品油价格按机制下调,https://www.ndrc.gov.cn/xwdt/ztzl/gncpyjg/202107/t20210726_1293053.html
2021-08-09,2021-08-01,2021-08-09,2021-08-09,threshold_no_adjust,8785.0,7785.0,8785,7785,0.0,0.0,0,0,,,8785.0,7785.0,0.5056598097100523,0.49434019028994775,0.008,0.001,0.095,0.03,70.80806451612904,17028000.0,44530000.0,58345000.0,545.0823938917583,0.72338282595276,0.0,0.0,0.0,0.0,0.0,,8290.659809710052,8290.659809710052,0.0,2021年8月9日国内成品油价格不作调整,https://www.ndrc.gov.cn/xwdt/ztzl/gncpyjg/202108/t20210809_1293373.html
2021-08-24,2021-08-01,2021-08-23,2021-08-24,normal,8785.0,7785.0,8535,7540,-285.7765447465874,-274.5099126920384,-250,-245,0.874809373252405,0.8924996463601502,8499.223455253412,7510.490087307961,0.5056598097100523,0.49434019028994775,0.008,0.001,0.095,0.03,70.80806451612904,17028000.0,44530000.0,58345000.0,545.0823938917583,0.72338282595276,0.0,0.0,0.0,0.0,0.0,,8043.131510661502,8010.452813997237,0.0,2021年8月23日24时起国内成品油价格按机制下调,https://www.ndrc.gov.cn/xwdt/ztzl/gncpyjg/202108/t20210823_1294332.html
2021-09-07,2021-09-01,2021-09-06,2021-09-07,normal,8535.0,7540.0,8675,7680,93.03692217085646,89.52785783990511,140,140,1.504778927906695,1.5637590731853523,8628.036922170857,7629.527857839905,0.5008116883116883,0.4991883116883117,0.0069999999999999,0.0,0.107,0.03,74.463,16610000.0,41040000.0,56072000.0,535.0577241715399,0.7118820468343452,0.0,0.0,0.0,0.0,0.0,,8178.307629870129,8129.592868142013,0.0,2021年9月6日24时起国内成品油价格按机制上调,https://www.ndrc.gov.cn/xwdt/ztzl/gncpyjg/202109/t20210906_1296106.html
2021-09-19,2021-09-01,2021-09-18,2021-09-19,normal,8675.0,7680.0,8765,7765,113.22539184048514,108.93483040438888,90,85,0.7948747055500971,0.7802830342183691,8788.225391840486,7788.934830404389,0.5008116883116883,0.4991883116883117,0.0069999999999999,0.0,0.107,0.03,74.463,16610000.0,41040000.0,56072000.0,535.0577241715399,0.7118820468343452,0.0,0.0,0.0,0.0,0.0,,8265.811688311689,8289.391223591136,0.002844543663513025,2021年9月18日24时起国内成品油价格按机制上调,https://www.ndrc.gov.cn/xwdt/ztzl/gncpyjg/202109/t20210918_1297148.html
2021-10-10,2021-10-01,2021-10-09,2021-10-10,normal,8765.0,7765.0,9110,8095,382.3475805507009,367.55695328470034,345,330,0.9023203429274781,0.897820044080054,9147.3475805507,8132.5569532847,0.47494033412887826,0.5250596658711217,0.015,0.0069999999999999,0.135,0.03,83.34967741935485,16826000.0,37660000.0,58399000.0,557.3184545937333,0.6911867268656169,0.06699354838709695,0.0,0.04630505143079087,0.04630505143079087,0.0,,8577.064439140811,8614.521952869269,0.004348182514757101,2021年10月9日24时起国内成品油价格按机制上调,https://www.ndrc.gov.cn/xwdt/ztzl/gncpyjg/202110/t20211009_1298893.html
2021-10-23,2021-10-01,2021-10-22,2021-10-23,normal,9110.0,8095.0,9410,8385,198.07239094473752,191.03515178364552,300,290,1.5145977618036652,1.51804522514493,9308.072390944737,8286.035151783646,0.47494033412887826,0.5250596658711217,0.015,0.0069999999999999,0.135,0.03,83.34967741935485,16826000.0,37660000.0,58399000.0,557.3184545937333,0.6911867268656169,0.06699354838709695,0.0,0.04630505143079087,0.04630505143079087,0.0,,8871.8138424821,8771.441859642971,0.0,2021年10月22日24时起国内成品油价格按机制上调,https://www.ndrc.gov.cn/xwdt/ztzl/gncpyjg/202110/t20211022_1300685.html
2021-11-05,2021-11-01,2021-11-05,2021-11-05,threshold_no_adjust,9410.0,8385.0,9410,8385,0.0,0.0,0,0,,,9410.0,8385.0,0.4508743825924443,0.5491256174075557,0.023,0.004,0.129,0.03,80.63266666666667,16311000.0,41780000.0,59643000.0,597.518860698899,0.7192164018522663,0.012653333333333308,0.0,0.009100484871437326,0.009100484871437326,0.0,,8847.146242157256,8847.146242157256,0.0,2021年11月5日国内成品油价格不作调整,https://www.ndrc.gov.cn/xwdt/ztzl/gncpyjg/202111/t20211105_1303115.html
2021-11-20,2021-11-01,2021-11-19,2021-11-20,normal,9410.0,8385.0,9315,8295,-55.30865544458716,-53.1293765291983,-95,-90,1.7176335102772287,1.6939780942194707,9354.691344555413,8331.870623470802,0.4508743825924443,0.5491256174075557,0.023,0.004,0.129,0.03,80.63266666666667,16311000.0,41780000.0,59643000.0,597.518860698899,0.7192164018522663,0.012653333333333308,0.0,0.009100484871437326,0.009100484871437326,0.0,,8754.891870244293,8793.034284592584,0.004337798888732322,2021年11月19日24时起国内成品油价格按机制下调,https://www.ndrc.gov.cn/xwdt/ztzl/gncpyjg/202111/t20211119_1304442.html
2021-12-04,2021-12-01,2021-12-03,2021-12-04,normal,9315.0,8295.0,8885,7880,-383.453944615641,-368.8542347314826,-430,-415,1.1213862995489978,1.1251056946712579,8931.546055384359,7926.145765268518,0.44527420469125245,0.5547257953087475,0.015,-0.003,0.103,0.03,74.06,16468000.0,46140000.0,58732000.0,583.1878196792371,0.7369665218502428,0.0,0.0,0.0,0.0,0.0,,8327.500575714708,8373.824579846203,0.005532000782890249,2021年12月3日24时起国内成品油价格按机制下调,https://www.ndrc.gov.cn/xwdt/ztzl/gncpyjg/202112/t20211203_1306844.html
2021-12-18,2021-12-01,2021-12-17,2021-12-18,normal,8885.0,7880.0,8755,7755,-163.10478231789574,-156.6438672925488,-130,-125,0.7970336501024623,0.7979884700276803,8721.895217682104,7723.356132707451,0.44527420469125245,0.5547257953087475,0.015,-0.003,0.103,0.03,74.06,16468000.0,46140000.0,58732000.0,583.1878196792371,0.7369665218502428,0.0,0.0,0.0,0.0,0.0,,8200.274204691254,8167.979829622671,0.0,2021年12月17日24时起国内成品油价格按机制下调,https://www.ndrc.gov.cn/xwdt/xwfb/202112/t20211217_1308356.html
2022-01-01,2022-01-01,2021-12-31,2022-01-01,normal,8755.0,7755.0,8895,7890,111.01954305494792,106.9163329364822,140,135,1.2610392382060924,1.2626695687384077,8866.019543054948,7861.916332936482,0.469002050580998,0.530997949419002,0.009,0.004,0.091,0.03,86.2074193548387,17713000.0,48800000.0,58585000.0,572.90125,0.7336911581194654,0.12414838709677412,0.0,0.0910865739076959,0.0910865739076959,1.0,crude_production_ton: Jan-Feb filled with same-year March; crude_processing_ton: Jan-Feb filled with same-year March; gasoline_consumption_ton: Jan-Feb filled with same-year March; diesel_consumption_ton: Jan-Feb filled with same-year March,8361.347060833903,8332.842797477006,0.0,2021年12月31日24时起国内成品油价格按机制上调,https://www.ndrc.gov.cn/xwdt/xwfb/202112/t20211231_1311298.html
2022-01-18,2022-01-01,2022-01-17,2022-01-18,normal,8895.0,7890.0,9240,8220,371.8218194994836,357.5752634269085,345,330,0.9278637828850687,0.9228826313021926,9266.821819499484,8247.575263426908,0.469002050580998,0.530997949419002,0.009,0.004,0.091,0.03,86.2074193548387,17713000.0,48800000.0,58585000.0,572.90125,0.7336911581194654,0.12414838709677412,0.0,0.0910865739076959,0.0910865739076959,1.0,crude_production_ton: Jan-Feb filled with same-year March; crude_processing_ton: Jan-Feb filled with same-year March; gasoline_consumption_ton: Jan-Feb filled with same-year March; diesel_consumption_ton: Jan-Feb filled with same-year March,8698.382091592619,8725.603988272567,0.003119772191877511,2022年1月17日24时起国内成品油价格按机制上调,https://www.ndrc.gov.cn/xwdt/xwfb/202201/t20220117_1312120.html
2022-01-30,2022-01-01,2022-01-29,2022-01-30,normal,9240.0,8220.0,9550,8520,327.314239554502,315.9958720760308,310,300,0.9471020888731638,0.9493794903998553,9567.314239554502,8535.995872076031,0.469002050580998,0.530997949419002,0.009,0.004,0.091,0.03,86.2074193548387,17713000.0,48800000.0,58585000.0,572.90125,0.7336911581194654,0.12414838709677412,0.0,0.0910865739076959,0.0910865739076959,1.0,crude_production_ton: Jan-Feb filled with same-year March; crude_processing_ton: Jan-Feb filled with same-year March; gasoline_consumption_ton: Jan-Feb filled with same-year March; diesel_consumption_ton: Jan-Feb filled with same-year March,9003.072112098427,9019.686301225282,0.0018419919021571117,2022年1月29日24时起国内成品油价格按机制上调,https://www.ndrc.gov.cn/xwdt/xwfb/202201/t20220129_1313943.html
2022-02-18,2022-02-01,2022-02-17,2022-02-18,normal,9550.0,8520.0,9760,8720,223.4273430122099,215.9179644789989,210,200,0.9399028658212343,0.9262777207194951,9773.42734301221,8735.917964478998,0.469002050580998,0.530997949419002,0.009,0.006,0.088,0.03,97.1707142857143,17713000.0,36340000.0,58585000.0,625.090423775454,0.6723031099106432,0.34341428571428595,0.004831314505409523,0.23087849227345664,0.23570980677886616,1.0,crude_production_ton: Jan-Feb filled with same-year March; crude_processing_ton: Jan-Feb filled with same-year March; gasoline_consumption_ton: Jan-Feb filled with same-year March; diesel_consumption_ton: Jan-Feb filled with same-year March,9207.762132604239,9222.511990508092,0.0015993319302846783,2022年2月17日24时起国内成品油价格按机制上调,https://www.ndrc.gov.cn/xwdt/xwfb/202202/t20220217_1315772.html
2022-03-04,2022-03-01,2022-03-03,2022-03-04,normal,9760.0,8720.0,10020,8975,227.2325228762845,219.35643234855863,260,255,1.1442024086558928,1.162491554361185,9987.232522876284,8939.356432348559,0.469002050580998,0.530997949419002,0.015,0.0,0.083,0.03,117.88903225806452,17713000.0,42710000.0,58585000.0,707.4889487239523,0.7068500405474737,0.7577806451612904,0.0031294888028960965,0.5356372797583488,0.538766768561245,0.0,,9465.107142857143,9430.812467560861,0.0,2022年3月3日24时起国内成品油价格按机制上调,https://www.ndrc.gov.cn/xwdt/xwfb/202203/t20220303_1318078.html
2022-03-18,2022-03-01,2022-03-17,2022-03-18,normal,10020.0,8975.0,10770,9695,776.7041435561025,749.3350083598804,750,720,0.9656186415668663,0.9608519446808073,10796.704143556102,9724.33500835988,0.469002050580998,0.530997949419002,0.015,0.0,0.083,0.03,117.88903225806452,17713000.0,42710000.0,58585000.0,707.4889487239523,0.7068500405474737,0.7577806451612904,0.0031294888028960965,0.5356372797583488,0.538766768561245,0.0,,10199.177204374573,10227.27833174668,0.002747664281794083,2022年3月17日24时起国内成品油价格按机制上调,https://www.ndrc.gov.cn/xwdt/xwfb/202203/t20220317_1319438.html
2022-04-01,2022-04-01,2022-03-31,2022-04-01,normal,10770.0,9695.0,10880,9805,0.0,0.0,110,110,,,10770.0,9695.0,0.43659413135342207,0.5634058686465779,0.021,0.004,0.08,0.03,105.45633333333332,16996000.0,43030000.0,51810000.0,795.3898907738787,0.7168560290540765,0.5091266666666664,0.1107271434762771,0.3649705205522049,0.475697664028482,0.0,,10274.338691204928,10164.338691204928,0.0,2022年3月31日24时起国内成品油价格按机制上调,https://www.ndrc.gov.cn/xwdt/xwfb/202203/t20220331_1321429.html
2022-04-16,2022-04-01,2022-04-15,2022-04-16,normal,10880.0,9805.0,10335,9275,-493.20476353637486,-475.6133656094491,-545,-530,1.1050177133169663,1.11435051729646,10386.795236463626,9329.38663439055,0.43659413135342207,0.5634058686465779,0.021,0.004,0.08,0.03,105.45633333333332,16996000.0,43030000.0,51810000.0,795.3898907738787,0.7168560290540765,0.5091266666666664,0.1107271434762771,0.3649705205522049,0.475697664028482,0.0,,9737.789779234627,9791.04502449828,0.005439178875227637,2022年4月15日24时起国内成品油价格按机制下调,https://www.ndrc.gov.cn/xwdt/xwfb/202204/t20220415_1322196.html
2022-04-29,2022-04-01,2022-04-28,2022-04-29,normal,10335.0,9275.0,10540,9475,380.2279294162839,366.1449077045414,205,200,0.5391502941793642,0.5462318218594177,10715.227929416284,9641.144907704542,0.43659413135342207,0.5634058686465779,0.021,0.004,0.08,0.03,105.45633333333332,16996000.0,43030000.0,51810000.0,795.3898907738787,0.7168560290540765,0.5091266666666664,0.1107271434762771,0.3649705205522049,0.475697664028482,0.0,,9939.972749891394,10110.083251570239,0.01682582600419474,2022年4月28日24时起国内成品油价格按机制上调,https://www.ndrc.gov.cn/xwdt/xwfb/202204/t20220428_1323651.html
2022-05-17,2022-05-01,2022-05-16,2022-05-17,normal,10540.0,9475.0,10825,9745,290.5242698661408,279.8210516593406,285,270,0.9809851690921171,0.9649023845736349,10830.52426986614,9754.82105165934,0.4415401590381616,0.5584598409618384,0.021,-0.002,0.064,0.03,113.49709677419354,17567000.0,45830000.0,53917000.0,768.6796857953306,0.7229048693155827,0.6699419354838707,0.06576429971020092,0.48430428731999614,0.5500685870301971,0.0,,10221.863371761214,10229.787221704233,0.0007745859978600123,2022年5月16日24时起国内成品油价格按机制上调,https://www.ndrc.gov.cn/xwdt/xwfb/202205/t20220516_1324609.html
2022-05-31,2022-05-01,2022-05-30,2022-05-31,normal,10825.0,9745.0,11225,10135,233.9090156883605,226.23026961871332,400,390,1.7100666206595656,1.7239072413134762,11058.909015688361,9971.230269618713,0.4415401590381616,0.5584598409618384,0.021,-0.002,0.064,0.03,113.49709677419354,17567000.0,45830000.0,53917000.0,768.6796857953306,0.7229048693155827,0.6699419354838707,0.06576429971020092,0.48430428731999614,0.5500685870301971,0.0,,10616.278773351596,10451.484116140735,0.0,2022年5月30日24时起国内成品油价格按机制上调,https://www.ndrc.gov.cn/xwdt/xwfb/202205/t20220530_1326109.html
2022-06-15,2022-06-01,2022-06-14,2022-06-15,normal,11225.0,10135.0,11615,10510,349.8509399717798,337.52480078338345,390,375,1.1147604749367224,1.1110294684409499,11574.85093997178,10472.524800783383,0.4476775431861804,0.5523224568138195,0.025,0.0,0.061,0.03,122.61766666666668,17195000.0,35820000.0,54939000.0,798.1965940815187,0.6756578326888616,0.8523533333333336,0.039902835140125936,0.575899205885127,0.6158020410252529,0.0,,11004.683685220729,10966.011458565152,0.0,2022年6月14日24时起国内成品油价格按机制上调,https://www.ndrc.gov.cn/xwdt/xwfb/202206/t20220614_1327247.html
2022-06-29,2022-06-01,2022-06-28,2022-06-29,normal,11615.0,10510.0,11295,10200,-290.8079139275396,-280.56539549579463,-320,-310,1.1003827085659512,1.104911742419947,11324.19208607246,10229.434604504206,0.4476775431861804,0.5523224568138195,0.025,0.0,0.061,0.03,122.61766666666668,17195000.0,35820000.0,54939000.0,798.1965940815187,0.6756578326888616,0.8523533333333336,0.039902835140125936,0.575899205885127,0.6158020410252529,0.0,,10690.206909788867,10719.532944237371,0.002735756735023557,2022年6月28日24时起国内成品油价格按机制下调,https://www.ndrc.gov.cn/xwdt/xwfb/202206/t20220628_1328991.html
2022-07-13,2022-07-01,2022-07-12,2022-07-13,normal,11295.0,10200.0,10935,9855,-215.41418448589351,-207.90181507401996,-360,-345,1.6711991406655708,1.6594371717109277,11079.585815514107,9992.09818492598,0.460880385752061,0.539119614247939,0.027,0.005,0.042,0.03,112.1883870967742,17126000.0,37330000.0,53210000.0,808.3882400214305,0.6855075657411488,0.6437677419354841,0.062133714832951936,0.4413076576768698,0.5034413725098217,0.0,,10352.750816612224,10493.29990361203,0.013394174215055689,2022年7月12日24时起国内成品油价格按机制下调,https://www.ndrc.gov.cn/xwdt/xwfb/202207/t20220712_1330413.html
2022-07-27,2022-07-01,2022-07-26,2022-07-27,normal,10935.0,9855.0,10635,9565,-288.32991970639284,-278.34900118703297,-300,-290,1.0404747461015869,1.0418575197442088,10646.670080293607,9576.650998812967,0.460880385752061,0.539119614247939,0.027,0.005,0.042,0.03,112.1883870967742,17126000.0,37330000.0,53210000.0,808.3882400214305,0.6855075657411488,0.6437677419354841,0.062133714832951936,0.4413076576768698,0.5034413725098217,0.0,,10058.142012754704,10069.80180584783,0.0011578969792984917,2022年7月26日24时起国内成品油价格按机制下调,https://www.ndrc.gov.cn/xwdt/xwfb/202207/t20220726_1331402.html
2022-08-10,2022-08-01,2022-08-09,2022-08-10,normal,10635.0,9565.0,10505,9440,-193.24217687166663,-186.36493660545108,-130,-125,0.6727309850495724,0.6707270277167782,10441.757823128333,9378.63506339455,0.4616476183170975,0.5383523816829026,0.025,-0.001,0.023,0.03,100.4558064516129,16941000.0,40350000.0,53659000.0,756.0347955390334,0.7042991045713987,0.409116129032258,0.047664966811410636,0.2881401233431361,0.33580509015454674,0.0,,9931.654713507709,9869.42315340435,0.0,2022年8月9日24时起国内成品油价格按机制下调,https://www.ndrc.gov.cn/xwdt/xwfb/202208/t20220809_1332823.html
2022-08-24,2022-08-01,2022-08-23,2022-08-24,normal,10505.0,9440.0,10300,9240,-108.96833784957552,-105.34028462738496,-205,-200,1.8812804163626926,1.8986088817535496,10396.031662150424,9334.659715372614,0.4616476183170975,0.5383523816829026,0.025,-0.001,0.023,0.03,100.4558064516129,16941000.0,40350000.0,53659000.0,756.0347955390334,0.7042991045713987,0.409116129032258,0.047664966811410636,0.2881401233431361,0.33580509015454674,0.0,,9729.346475416125,9824.639546751172,0.00969939618462223,2022年8月23日24时起国内成品油价格按机制下调,https://www.ndrc.gov.cn/xwdt/xwfb/202208/t20220823_1333590.html
2022-09-07,2022-09-01,2022-09-06,2022-09-07,normal,10300.0,9240.0,10490,9425,130.7006851933291,125.66873293533654,190,185,1.4537031670412202,1.4721243357740597,10430.70068519333,9365.668732935337,0.41164562174032393,0.5883543782596761,0.0279999999999999,0.003,0.009,0.03,89.71566666666668,16809000.0,40240000.0,56807000.0,716.7476391650099,0.7053585514207085,0.19431333333333356,0.0,0.1370605713217294,0.1370605713217294,0.0,,9863.402587153445,9804.084473095889,0.0,2022年9月6日24时起国内成品油价格按机制上调,https://www.ndrc.gov.cn/xwdt/xwfb/202209/t20220906_1335202.html
2022-09-22,2022-09-01,2022-09-21,2022-09-22,normal,10490.0,9425.0,10200,9145,-255.39359180910245,-246.6693017761363,-290,-280,1.1355022573031692,1.1351230087565287,10234.606408190897,9178.330698223865,0.41164562174032393,0.5883543782596761,0.0279999999999999,0.003,0.009,0.03,89.71566666666668,16809000.0,40240000.0,56807000.0,716.7476391650099,0.7053585514207085,0.19431333333333356,0.0,0.1370605713217294,0.1370605713217294,0.0,,9579.286130936041,9613.141969582446,0.003521828633502977,2022年9月21日24时起国内成品油价格按机制下调,https://www.ndrc.gov.cn/xwdt/xwfb/202209/t20220921_1335893.html
2022-10-10,2022-10-01,2022-10-10,2022-10-10,threshold_no_adjust,10200.0,9145.0,10200,9145,-115.80970954354416,-111.63253333282655,0,0,-0.0,-0.0,10084.190290456456,9033.367466667174,0.39633227533583404,0.603667724664166,0.021,0.001,-0.013,0.03,93.31903225806452,17222000.0,43140000.0,58616000.0,691.7844459898007,0.7146880487724064,0.2663806451612905,0.0,0.1903790635210575,0.1903790635210575,0.0,,9563.130550479305,9449.842467394406,0.0,2022年10月10日国内成品油价格不作调整,https://www.ndrc.gov.cn/xwdt/xwfb/202210/t20221010_1338431.html
2022-10-25,2022-10-01,2022-10-24,2022-10-25,normal,10200.0,9145.0,10385,9320,250.6359606136982,241.5019490363344,185,175,0.7381223330723,0.7246318329864532,10450.635960613698,9386.501949036334,0.39633227533583404,0.603667724664166,0.021,0.001,-0.013,0.03,93.31903225806452,17222000.0,43140000.0,58616000.0,691.7844459898007,0.7146880487724064,0.2663806451612905,0.0,0.1903790635210575,0.1903790635210575,0.0,,9742.093873232663,9808.25260310704,0.00674521064571874,2022年10月24日24时起国内成品油价格按机制上调,https://www.ndrc.gov.cn/xwdt/xwfb/202210/t20221024_1338989.html
2022-11-08,2022-11-01,2022-11-07,2022-11-08,normal,10385.0,9320.0,10540,9470,0.0,0.0,155,150,,,10385.0,9320.0,0.3816786445969237,0.6183213554030763,0.016,-0.002,-0.013,0.03,91.58666666666666,16783000.0,46740000.0,59612000.0,675.7808943089431,0.7357964831635786,0.23173333333333318,0.0,0.17050857169843983,0.17050857169843983,0.0,,9878.396149718708,9726.487756495724,0.0,2022年11月7日24时起国内成品油价格按机制上调,https://www.ndrc.gov.cn/xwdt/xwfb/202211/t20221107_1340921.html
2022-11-22,2022-11-01,2022-11-21,2022-11-22,normal,10540.0,9470.0,10365,9305,-155.5496661409961,-149.43426046342506,-175,-165,1.1250425947000966,1.1041644632783842,10384.450333859004,9320.565739536574,0.3816786445969237,0.6183213554030763,0.016,-0.002,-0.013,0.03,91.58666666666666,16783000.0,46740000.0,59612000.0,675.7808943089431,0.7357964831635786,0.23173333333333318,0.0,0.17050857169843983,0.17050857169843983,0.0,,9709.57936327274,9726.627769505107,0.0017527561079099582,2022年11月21日24时起国内成品油价格按机制下调,https://www.ndrc.gov.cn/xwdt/xwfb/202211/t20221121_1341667.html
2022-12-06,2022-12-01,2022-12-05,2022-12-06,normal,10365.0,9305.0,9925,8880,-578.5488712533701,-557.3811562272022,-440,-425,0.760523478417273,0.762494381540878,9786.45112874663,8747.618843772798,0.3730076454580796,0.6269923545419205,0.018,0.0,-0.0069999999999999,0.03,81.20387096774193,16869000.0,48070000.0,59879000.0,639.3130226752652,0.7402331418716026,0.024077419354838696,0.0,0.017822903777192384,0.017822903777192384,0.0,,9269.792989503694,9135.111228416725,0.0,2022年12月5日24时起国内成品油价格按机制下调,https://www.ndrc.gov.cn/xwdt/xwfb/202212/t20221205_1343287.html
2022-12-20,2022-12-01,2022-12-19,2022-12-20,normal,9925.0,8880.0,9445,8420,-362.4504538524821,-348.5696604935322,-480,-460,1.3243189376591613,1.319678825026527,9562.549546147518,8531.430339506467,0.3730076454580796,0.6269923545419205,0.018,0.0,-0.0069999999999999,0.03,81.20387096774193,16869000.0,48070000.0,59879000.0,639.3130226752652,0.7402331418716026,0.024077419354838696,0.0,0.017822903777192384,0.017822903777192384,0.0,,8802.332836594533,8916.045686962249,0.012753731234688025,2022年12月19日24时起国内成品油价格按机制下调,https://www.ndrc.gov.cn/xwdt/xwfb/202212/t20221219_1343672.html
2023-01-04,2023-01-01,2023-01-03,2023-01-04,normal,9445.0,8420.0,9695,8660,126.43124492032432,121.75863562298954,250,240,1.9773593161844405,1.971112757399238,9571.431244920324,8541.75863562299,0.4183638246461857,0.5816361753538143,0.021,0.008,-0.008,0.03,82.66096774193548,18183000.0,43330000.0,63291000.0,593.5735287329794,0.7044039471331264,0.05321935483870959,0.0,0.03748792361226549,0.03748792361226549,1.0,crude_production_ton: Jan-Feb filled with same-year March; crude_processing_ton: Jan-Feb filled with same-year March; gasoline_consumption_ton: Jan-Feb filled with same-year March; diesel_consumption_ton: Jan-Feb filled with same-year March,9093.006558508801,8972.53640658204,0.0,2023年1月3日24时起国内成品油价格按机制上调,https://www.ndrc.gov.cn/xwdt/xwfb/202301/t20230103_1345637.html
2023-01-18,2023-01-01,2023-01-17,2023-01-18,normal,9695.0,8660.0,9490,8465,-198.3598752879528,-190.5122642597364,-205,-195,1.0334751405868143,1.0235561513989735,9496.640124712047,8469.487735740264,0.4183638246461857,0.5816361753538143,0.021,0.008,-0.008,0.03,82.66096774193548,18183000.0,43330000.0,63291000.0,593.5735287329794,0.7044039471331264,0.05321935483870959,0.0,0.03748792361226549,0.03748792361226549,1.0,crude_production_ton: Jan-Feb filled with same-year March; crude_processing_ton: Jan-Feb filled with same-year March; gasoline_consumption_ton: Jan-Feb filled with same-year March; diesel_consumption_ton: Jan-Feb filled with same-year March,8893.82292026234,8899.211137684964,0.0006054713546245178,2023年1月17日24时起国内成品油价格按机制下调,https://www.ndrc.gov.cn/xwdt/xwfb/202301/t20230117_1346762.html
2023-02-04,2023-02-01,2023-02-03,2023-02-04,normal,9490.0,8465.0,9700,8665,255.586277255904,245.96560171908567,210,200,0.8216403566523994,0.813121829240243,9745.586277255905,8710.965601719086,0.4183638246461857,0.5816361753538143,0.01,-0.005,-0.0139999999999999,0.03,82.46000000000001,18183000.0,40740000.0,63291000.0,584.1455817378497,0.6914108242961152,0.04920000000000016,0.0,0.03401741255536898,0.03401741255536898,1.0,crude_production_ton: Jan-Feb filled with same-year March; crude_processing_ton: Jan-Feb filled with same-year March; gasoline_consumption_ton: Jan-Feb filled with same-year March; diesel_consumption_ton: Jan-Feb filled with same-year March,9098.006558508801,9143.81346459469,0.005009606359890817,2023年2月3日24时起国内成品油价格按机制上调,https://www.ndrc.gov.cn/xwdt/xwfb/202302/t20230203_1348327.html
2023-02-17,2023-02-01,2023-02-17,2023-02-17,threshold_no_adjust,9700.0,8665.0,9700,8665,0.0,0.0,0,0,,,9700.0,8665.0,0.4183638246461857,0.5816361753538143,0.01,-0.005,-0.0139999999999999,0.03,82.46000000000001,18183000.0,40740000.0,63291000.0,584.1455817378497,0.6914108242961152,0.04920000000000016,0.0,0.03401741255536898,0.03401741255536898,1.0,crude_production_ton: Jan-Feb filled with same-year March; crude_processing_ton: Jan-Feb filled with same-year March; gasoline_consumption_ton: Jan-Feb filled with same-year March; diesel_consumption_ton: Jan-Feb filled with same-year March,9098.006558508801,9098.006558508801,0.0,2023年2月17日国内成品油价格不作调整,https://www.ndrc.gov.cn/xwdt/xwfb/202302/t20230217_1348864.html
2023-03-03,2023-03-01,2023-03-03,2023-03-03,threshold_no_adjust,9700.0,8665.0,9700,8665,0.0,0.0,0,0,,,9700.0,8665.0,0.4183638246461857,0.5816361753538143,0.0069999999999999,-0.003,-0.025,0.03,78.3674193548387,18183000.0,52310000.0,63291000.0,581.7168992544447,0.7420594952690338,0.0,0.0,0.0,0.0,0.0,,9098.006558508801,9098.006558508801,0.0,2023年3月3日国内成品油价格不作调整,https://www.ndrc.gov.cn/xwdt/xwfb/202303/t20230303_1350622.html
2023-03-18,2023-03-01,2023-03-17,2023-03-18,normal,9700.0,8665.0,9600,8570,-147.92394764537534,-142.36819571255165,-100,-95,0.6760230617947978,0.6672838657856537,9552.076052354625,8522.631804287448,0.4183638246461857,0.5816361753538143,0.0069999999999999,-0.003,-0.025,0.03,78.3674193548387,18183000.0,52310000.0,63291000.0,581.7168992544447,0.7420594952690338,0.0,0.0,0.0,0.0,0.0,,9000.914739385571,8953.31403716885,0.0,2023年3月17日24时起国内成品油价格按机制下调,https://www.ndrc.gov.cn/xwdt/xwfb/202303/t20230317_1351325.html
2023-04-01,2023-04-01,2023-03-31,2023-04-01,normal,9600.0,8570.0,9265,8250,-339.9439742208384,-326.44235991757216,-335,-320,0.9854565028482409,0.9802649389031531,9260.056025779162,8243.557640082428,0.41760055874789676,0.5823994412521032,0.001,-0.001,-0.036,0.03,84.403,17277000.0,42410000.0,61136000.0,576.8693468521575,0.7105399835810143,0.08806000000000011,0.0,0.0625701509541442,0.0625701509541442,0.0,,8673.864567129114,8668.04793391572,0.0,2023年3月31日24时起国内成品油价格按机制下调,https://www.ndrc.gov.cn/xwdt/xwfb/202303/t20230331_1353081.html
2023-04-18,2023-04-01,2023-04-17,2023-04-18,normal,9265.0,8250.0,9815,8775,629.8240815578414,606.0605524302621,550,525,0.8732597182368763,0.8662500766545278,9894.824081557841,8856.060552430263,0.41760055874789676,0.5823994412521032,0.001,-0.001,-0.036,0.03,84.403,17277000.0,42410000.0,61136000.0,576.8693468521575,0.7105399835810143,0.08806000000000011,0.0,0.0625701509541442,0.0625701509541442,0.0,,9209.304581097811,9289.848782600875,0.008670130525043276,2023年4月17日24时起国内成品油价格按机制上调,https://www.ndrc.gov.cn/xwdt/xwfb/202304/t20230417_1353648.html
2023-04-29,2023-04-01,2023-04-28,2023-04-29,normal,9815.0,8775.0,9655,8620,-88.74601402780806,-85.65229308535193,-160,-155,1.8028978738117174,1.809642152201851,9726.253985972193,8689.347706914648,0.41760055874789676,0.5823994412521032,0.001,-0.001,-0.036,0.03,84.403,17277000.0,42410000.0,61136000.0,576.8693468521575,0.7105399835810143,0.08806000000000011,0.0,0.0625701509541442,0.0625701509541442,0.0,,9052.216578304073,9122.360348418282,0.007689212817203788,2023年4月28日24时起国内成品油价格按机制下调,https://www.ndrc.gov.cn/xwdt/xwfb/202304/t20230428_1355157.html
2023-05-17,2023-05-01,2023-05-16,2023-05-17,normal,9655.0,8620.0,9275,8255,-427.1976753663856,-410.6492882619271,-380,-365,0.8895179489778202,0.8888363146685638,9227.802324633614,8209.350711738072,0.42004825619653435,0.5799517438034657,0.002,-0.002,-0.046,0.03,75.71290322580644,18074000.0,51440000.0,62002000.0,589.0858087091757,0.739994821187099,0.0,0.0,0.0,0.0,0.0,,8683.449221320465,8637.149535755394,0.0,2023年5月16日24时起国内成品油价格按机制下调,https://www.ndrc.gov.cn/xwdt/xwfb/202305/t20230516_1355789.html
2023-05-31,2023-05-01,2023-05-30,2023-05-31,normal,9275.0,8255.0,9375,8350,125.83775724009702,121.07261401358726,100,95,0.7946740484988232,0.7846530842172014,9400.837757240097,8376.072614013587,0.42004825619653435,0.5799517438034657,0.002,-0.002,-0.046,0.03,75.71290322580644,18074000.0,51440000.0,62002000.0,589.0858087091757,0.739994821187099,0.0,0.0,0.0,0.0,0.0,,8780.549462601448,8806.523425436873,0.0029494003002821702,2023年5月30日24时起国内成品油价格按机制上调,https://www.ndrc.gov.cn/xwdt/xwfb/202305/t20230530_1356745.html
2023-06-14,2023-06-01,2023-06-13,2023-06-14,normal,9375.0,8350.0,9320,8300,-74.74287503864271,-71.76115520577379,-55,-50,0.7358560929261088,0.6967557846111301,9300.257124961357,8278.238844794227,0.4252869877509139,0.5747130122490861,0.0,-0.002,-0.054,0.03,74.95266666666666,17525000.0,52060000.0,60955000.0,541.4082597003458,0.7481497449162894,0.0,0.0,0.0,0.0,0.0,,8733.792727505932,8712.889920592876,0.0,2023年6月13日24时起国内成品油价格按机制下调,https://www.ndrc.gov.cn/xwdt/xwfb/202306/t20230613_1357539.html
2023-06-29,2023-06-01,2023-06-28,2023-06-29,normal,9320.0,8300.0,9390,8370,75.87922170482618,72.90585337230361,70,70,0.9225186872936489,0.9601423858594114,9395.879221704827,8372.905853372304,0.4252869877509139,0.5747130122490861,0.0,-0.002,-0.054,0.03,74.95266666666666,17525000.0,52060000.0,60955000.0,541.4082597003458,0.7481497449162894,0.0,0.0,0.0,0.0,0.0,,8803.792727505932,8807.963115739849,0.00047347930266244476,2023年6月28日24时起国内成品油价格按机制上调,https://www.ndrc.gov.cn/xwdt/xwfb/202306/t20230628_1357927.html
2023-07-13,2023-07-01,2023-07-12,2023-07-13,normal,9390.0,8370.0,9545,8520,0.0,0.0,155,150,,,9390.0,8370.0,0.4457004440855874,0.5542995559144126,-0.003,0.002,-0.044,0.03,79.99129032258064,17313000.0,43690000.0,63133000.0,547.1381780727855,0.7161942855269413,0.0,0.0,0.0,0.0,0.0,,8976.842955187727,8824.6144529673,0.0,2023年7月12日24时起国内成品油价格按机制上调,https://www.ndrc.gov.cn/xwdt/xwfb/202307/t20230712_1358334.html
2023-07-27,2023-07-01,2023-07-26,2023-07-27,normal,9545.0,8520.0,9820,8780,377.68927258095096,363.2204964247784,275,260,0.7281117573734072,0.7158186351244223,9922.68927258095,8883.220496424778,0.4457004440855874,0.5542995559144126,-0.003,0.002,-0.044,0.03,79.99129032258064,17313000.0,43690000.0,63133000.0,547.1381780727855,0.7161942855269413,0.0,0.0,0.0,0.0,0.0,,9243.528461849011,9346.512191570686,0.011018412816553344,2023年7月26日24时起国内成品油价格按机制上调,https://www.ndrc.gov.cn/xwdt/xwfb/202307/t20230726_1358699.html
2023-08-10,2023-08-01,2023-08-09,2023-08-10,normal,9820.0,8780.0,10060,9010,312.70055721218984,301.4693932521157,240,230,0.7675074267205182,0.7629298534052291,10132.70055721219,9081.469393252115,0.4445049789642544,0.5554950210357457,0.001,0.003,-0.03,0.03,86.25709677419356,17471000.0,52800000.0,64694000.0,580.3660227272727,0.7513768126254073,0.12514193548387112,0.0,0.09402874860964544,0.09402874860964544,0.0,,9476.730227912467,9548.746879674758,0.0075420002927906755,2023年8月9日24时起国内成品油价格按机制上调,https://www.ndrc.gov.cn/xwdt/xwfb/202308/t20230809_1359258.html
2023-08-24,2023-08-01,2023-08-23,2023-08-24,normal,10060.0,9010.0,10115,9065,97.61039623126906,94.0184579217876,55,55,0.5634645706148766,0.5849915135361355,10157.610396231268,9104.018457921788,0.4445049789642544,0.5554950210357457,0.001,0.003,-0.03,0.03,86.25709677419356,17471000.0,52800000.0,64694000.0,580.3660227272727,0.7513768126254073,0.12514193548387112,0.0,0.09402874860964544,0.09402874860964544,0.0,,9531.730227912467,9572.34532029695,0.004242961471350627,2023年8月23日24时起国内成品油价格按机制上调,https://www.ndrc.gov.cn/xwdt/xwfb/202308/t20230823_1360025.html
2023-09-06,2023-09-01,2023-09-06,2023-09-06,threshold_no_adjust,10115.0,9065.0,10115,9065,0.0,0.0,0,0,,,10115.0,9065.0,0.4315569171039461,0.5684430828960538,0.0,0.002,-0.025,0.03,93.559,16872000.0,45740000.0,63621000.0,630.3378662002624,0.7305308886475436,0.27118,0.0,0.19810536638344084,0.19810536638344084,0.0,,9518.134762959144,9518.134762959144,0.0,2023年9月6日国内成品油价格不作调整,https://www.ndrc.gov.cn/xwdt/xwfb/202309/t20230906_1360397.html
2023-09-21,2023-09-01,2023-09-20,2023-09-21,normal,10115.0,9065.0,10500,9435,439.0063052152659,423.6017180895991,385,370,0.876980570498221,0.8734619908263417,10554.006305215265,9488.6017180896,0.4315569171039461,0.5684430828960538,0.0,0.002,-0.025,0.03,93.559,16872000.0,45740000.0,63621000.0,630.3378662002624,0.7305308886475436,0.27118,0.0,0.19810536638344084,0.19810536638344084,0.0,,9894.608116715703,9948.384437177952,0.005405533009086688,2023年9月20日24时起国内成品油价格按机制调整,https://www.ndrc.gov.cn/xwdt/xwfb/202309/t20230920_1360717.html
2023-10-11,2023-10-01,2023-10-10,2023-10-11,normal,10500.0,9435.0,10415,9355,-66.5690402544899,-64.006013499709,-85,-80,1.2768698433243069,1.249882559868593,10433.43095974551,9370.99398650029,0.4201419963009367,0.5798580036990633,-0.002,-0.001,-0.026,0.03,91.04032258064515,17325000.0,48970000.0,63927000.0,660.6812334082091,0.7386680745154235,0.22080645161290305,0.0,0.1631026764534861,0.1631026764534861,0.0,,9800.350516078994,9817.36837738346,0.0017334443050615136,2023年10月10日24时起国内成品油价格按机制调整,https://www.ndrc.gov.cn/xwdt/xwfb/202310/t20231010_1361121.html
2023-10-25,2023-10-01,2023-10-24,2023-10-25,normal,10415.0,9355.0,10345,9285,-62.08497761600442,-59.90776023942204,-70,-70,1.1274869169310164,1.168462979090592,10352.915022383995,9295.092239760577,0.4201419963009367,0.5798580036990633,-0.002,-0.001,-0.026,0.03,91.04032258064515,17325000.0,48970000.0,63927000.0,660.6812334082091,0.7386680745154235,0.22080645161290305,0.0,0.1631026764534861,0.1631026764534861,0.0,,9730.350516078992,9739.528015384592,0.0009422940507079775,2023年10月24日24时起国内成品油价格按机制调整,https://www.ndrc.gov.cn/xwdt/xwfb/202310/t20231024_1361478.html
2023-11-08,2023-11-01,2023-11-07,2023-11-08,normal,10345.0,9285.0,10205,9150,-199.746028628283,-192.50212248873592,-140,-135,0.7008900300117242,0.7012909689237291,10145.253971371718,9092.497877511265,0.4182045873978381,0.5817954126021618,-0.005,-0.005,-0.03,0.03,82.97266666666665,17201000.0,42450000.0,59535000.0,649.1946760895171,0.7116393689963286,0.059453333333333094,0.04585612116112747,0.04230933261806155,0.08816545377918902,0.0,,9591.205839704719,9532.765305374734,0.0,2023年11月7日24时起国内成品油价格按机制调整,https://www.ndrc.gov.cn/xwdt/xwfb/202311/t20231107_1361829.html
2023-11-22,2023-11-01,2023-11-21,2023-11-22,normal,10205.0,9150.0,9865,8820,-449.57893450423376,-433.1143093182241,-340,-330,0.7562631918573537,0.7619235682133456,9755.421065495766,8716.885690681776,0.4182045873978381,0.5817954126021618,-0.005,-0.005,-0.03,0.03,82.97266666666665,17201000.0,42450000.0,59535000.0,649.1946760895171,0.7116393689963286,0.059453333333333094,0.04585612116112747,0.04230933261806155,0.08816545377918902,0.0,,9257.02379383074,9151.20594860392,0.0,2023年11月21日24时起国内成品油价格按机制调整,https://www.ndrc.gov.cn/xwdt/xwfb/202311/t20231121_1362158.html
2023-12-06,2023-12-01,2023-12-05,2023-12-06,normal,9865.0,8820.0,9810,8770,-69.64494917425536,-67.15599851097762,-55,-50,0.7897198670127116,0.7445351287841662,9795.355050825745,8752.844001489022,0.41330272304062243,0.5866972769593776,-0.003,0.001,-0.027,0.03,77.88032258064516,17647000.0,48360000.0,60115000.0,606.7333126550868,0.7326495674701168,0.0,0.036864261386318375,0.0,0.036864261386318375,0.0,,9199.834831962247,9183.716656979826,0.0,2023年12月5日24时起国内成品油价格按机制调整,https://www.ndrc.gov.cn/xwdt/xwfb/202312/t20231205_1362437.html
2023-12-20,2023-12-01,2023-12-19,2023-12-20,normal,9810.0,8770.0,9395,8370,-410.62805471658464,-394.4596160798537,-415,-400,1.0106469717136908,1.0140455035047866,9399.371945283416,8375.540383920146,0.41330272304062243,0.5866972769593776,-0.003,0.001,-0.027,0.03,77.88032258064516,17647000.0,48360000.0,60115000.0,606.7333126550868,0.7326495674701168,0.0,0.036864261386318375,0.0,0.036864261386318375,0.0,,8793.635291116638,8798.692756166518,0.0005747973238792427,2023年12月19日24时起国内成品油价格按机制调整,https://www.ndrc.gov.cn/xwdt/xwfb/202312/t20231219_1362767.html
2024-01-04,2024-01-01,2024-01-03,2024-01-04,normal,9395.0,8370.0,9595,8560,203.76092207747848,195.90953055128531,200,190,0.9815424761571877,0.9698354105864272,9598.76092207748,8565.909530551286,0.4333232261976956,0.5666767738023044,-0.008,0.003,-0.025,0.03,80.15870967741935,18371000.0,44170000.0,63776000.0,579.4857142857143,0.7062566956076813,0.003174193548387052,0.0,0.00224179544670306,0.00224179544670306,1.0,crude_production_ton: Jan-Feb filled with same-year March; crude_processing_ton: Jan-Feb filled with same-year March; gasoline_consumption_ton: Jan-Feb filled with same-year March; diesel_consumption_ton: Jan-Feb filled with same-year March,9008.489539114615,9013.468027710194,0.0005523388533996241,2024年1月3日24时起国内成品油价格按机制调整,https://www.ndrc.gov.cn/xwdt/xwfb/202401/t20240103_1363079.html
2024-01-18,2024-01-01,2024-01-17,2024-01-18,normal,9595.0,8560.0,9545,8510,0.0,0.0,-50,-50,,,9595.0,8560.0,0.4333232261976956,0.5666767738023044,-0.008,0.003,-0.025,0.03,80.15870967741935,18371000.0,44170000.0,63776000.0,579.4857142857143,0.7062566956076813,0.003174193548387052,0.0,0.00224179544670306,0.00224179544670306,1.0,crude_production_ton: Jan-Feb filled with same-year March; crude_processing_ton: Jan-Feb filled with same-year March; gasoline_consumption_ton: Jan-Feb filled with same-year March; diesel_consumption_ton: Jan-Feb filled with same-year March,8958.489539114615,9008.489539114615,0.005550320037882197,2024年1月17日24时起国内成品油价格按机制调整,https://www.ndrc.gov.cn/xwdt/xwfb/202401/t20240117_1363439.html
2024-02-01,2024-02-01,2024-01-31,2024-02-01,normal,9545.0,8510.0,9745,8710,152.60516385952997,146.9751511367754,200,200,1.3105716408397297,1.3607742428097902,9697.60516385953,8656.975151136776,0.4333232261976956,0.5666767738023044,0.0069999999999999,0.01,-0.027,0.03,83.35862068965517,18371000.0,42680000.0,63776000.0,601.9857544517338,0.6990876480319733,0.06717241379310337,0.0,0.04695940477125112,0.04695940477125112,1.0,crude_production_ton: Jan-Feb filled with same-year March; crude_processing_ton: Jan-Feb filled with same-year March; gasoline_consumption_ton: Jan-Feb filled with same-year March; diesel_consumption_ton: Jan-Feb filled with same-year March,9158.489539114615,9107.904305527949,0.0,2024年1月31日24时起国内成品油价格按机制上调,https://www.ndrc.gov.cn/xwdt/xwfb/202401/t20240131_1363834.html
2024-02-19,2024-02-01,2024-02-19,2024-02-19,threshold_no_adjust,9745.0,8710.0,9745,8710,0.0,0.0,0,0,,,9745.0,8710.0,0.4333232261976956,0.5666767738023044,0.0069999999999999,0.01,-0.027,0.03,83.35862068965517,18371000.0,42680000.0,63776000.0,601.9857544517338,0.6990876480319733,0.06717241379310337,0.0,0.04695940477125112,0.04695940477125112,1.0,crude_production_ton: Jan-Feb filled with same-year March; crude_processing_ton: Jan-Feb filled with same-year March; gasoline_consumption_ton: Jan-Feb filled with same-year March; diesel_consumption_ton: Jan-Feb filled with same-year March,9158.489539114615,9158.489539114615,0.0,2024年2月19日国内成品油价格按机制不作调整,https://www.ndrc.gov.cn/xwdt/xwfb/202402/t20240219_1364095.html
2024-03-05,2024-03-01,2024-03-04,2024-03-05,normal,9745.0,8710.0,9870,8830,154.92176582660832,149.54058272834936,125,120,0.806858864105013,0.8024577530100184,9899.921765826608,8859.54058272835,0.4333232261976956,0.5666767738023044,0.001,-0.01,-0.0279999999999999,0.03,85.33612903225807,18371000.0,49050000.0,63776000.0,598.9744342507645,0.7275181323326559,0.10672258064516144,0.0,0.07764261254868911,0.07764261254868911,0.0,,9280.656155245604,9310.361913463863,0.0031906126200422786,2024年3月4日国内成品油价格按机制调整,https://www.ndrc.gov.cn/xwdt/xwfb/202403/t20240304_1364393.html
2024-03-18,2024-03-01,2024-03-18,2024-03-18,threshold_no_adjust,9870.0,8830.0,9870,8830,0.0,0.0,0,0,,,9870.0,8830.0,0.4333232261976956,0.5666767738023044,0.001,-0.01,-0.0279999999999999,0.03,85.33612903225807,18371000.0,49050000.0,63776000.0,598.9744342507645,0.7275181323326559,0.10672258064516144,0.0,0.07764261254868911,0.07764261254868911,0.0,,9280.656155245604,9280.656155245604,0.0,2024年3月18日国内成品油价格按机制不作调整,https://www.ndrc.gov.cn/xwdt/xwfb/202403/t20240318_1365046.html
2024-04-02,2024-04-01,2024-04-01,2024-04-02,normal,9870.0,8830.0,10070,9020,207.8376837042163,200.63659413778825,200,190,0.9622894002448061,0.9469857720447372,10077.837683704216,9030.636594137788,0.4354917791651685,0.5645082208348315,0.003,0.001,-0.025,0.03,90.085,17467000.0,44720000.0,58788000.0,624.3177772808586,0.7191213597697268,0.20169999999999988,0.05700055340343113,0.14504677826555382,0.20204733166898495,0.0,,9477.266368123428,9486.684059776775,0.0009927274476524092,2024年4月1日国内成品油价格按机制调整,https://www.ndrc.gov.cn/xwdt/xwfb/202404/t20240401_1365388.html
2024-04-17,2024-04-01,2024-04-16,2024-04-17,normal,10070.0,9020.0,10270,9215,252.47044091063108,243.55397158724804,200,195,0.7921719440843198,0.8006438931345671,10322.47044091063,9263.553971587247,0.4354917791651685,0.5645082208348315,0.003,0.001,-0.025,0.03,90.085,17467000.0,44720000.0,58788000.0,624.3177772808586,0.7191213597697268,0.20169999999999988,0.05700055340343113,0.14504677826555382,0.20204733166898495,0.0,,9674.443827019253,9724.703388800186,0.005168235962735502,国内成品油价格按机制调整,https://www.ndrc.gov.cn/xwdt/xwfb/202404/t20240416_1365703.html
2024-04-30,2024-04-01,2024-04-29,2024-04-30,normal,10270.0,9215.0,10200,9145,-108.92131539961456,-104.97064227748008,-70,-70,0.6426657605371493,0.6668531170359189,10161.078684600385,9110.02935772252,0.4354917791651685,0.5645082208348315,0.003,0.001,-0.025,0.03,90.085,17467000.0,44720000.0,58788000.0,624.3177772808586,0.7191213597697268,0.20169999999999988,0.05700055340343113,0.14504677826555382,0.20204733166898495,0.0,,9604.443827019253,9567.752699074914,0.0,2024年4月29日国内成品油价格按机制调整,https://www.ndrc.gov.cn/xwdt/xwfb/202404/t20240429_1366287.html
2024-05-16,2024-05-01,2024-05-15,2024-05-16,normal,10200.0,9145.0,9965,8920,-276.8320186754231,-266.81382039707603,-235,-225,0.8488902444320581,0.8432846531905727,9923.167981324577,8878.186179602924,0.44346068713309594,0.5565393128669041,0.003,-0.001,-0.0139999999999999,0.03,81.78999999999999,18147000.0,46970000.0,60517000.0,632.806344475197,0.7213170139902022,0.03579999999999984,0.02733544687810152,0.025823149100849124,0.053158595978950646,0.0,,9383.416418054087,9341.59452743599,0.0,2024年5月15日国内成品油价格按机制调整,https://www.ndrc.gov.cn/xwdt/xwfb/202405/t20240515_1386222.html
2024-05-29,2024-05-01,2024-05-29,2024-05-29,threshold_no_adjust,9965.0,8920.0,9965,8920,0.0,0.0,0,0,,,9965.0,8920.0,0.44346068713309594,0.5565393128669041,0.003,-0.001,-0.0139999999999999,0.03,81.78999999999999,18147000.0,46970000.0,60517000.0,632.806344475197,0.7213170139902022,0.03579999999999984,0.02733544687810152,0.025823149100849124,0.053158595978950646,0.0,,9383.416418054087,9383.416418054087,0.0,2024年5月29日国内成品油价格按机制不作调整,https://www.ndrc.gov.cn/xwdt/xwfb/202405/t20240529_1386532.html
2024-06-14,2024-06-01,2024-06-13,2024-06-14,normal,9965.0,8920.0,9775,8740,-177.7984666561842,-171.12116372840504,-190,-180,1.0686256387543003,1.0518862546171495,9787.201533343816,8748.878836271595,0.4526893088410202,0.5473106911589798,0.002,-0.002,-0.008,0.03,82.34400000000001,17946000.0,46450000.0,58318000.0,607.956942949408,0.7213180942915709,0.046880000000000165,0.05935675344365943,0.03381539226038896,0.09317214570404839,0.0,,9208.533434650457,9218.916420363163,0.0011262696437697702,2024年6月13日国内成品油价格按机制调整,https://www.ndrc.gov.cn/xwdt/xwfb/202406/t20240613_1386864.html
2024-06-28,2024-06-01,2024-06-27,2024-06-28,normal,9775.0,8740.0,9985,8940,267.126090734442,257.5118793242038,210,200,0.7861455967203415,0.7766631990914984,10042.126090734442,8997.511879324204,0.4526893088410202,0.5473106911589798,0.002,-0.002,-0.008,0.03,82.34400000000001,17946000.0,46450000.0,58318000.0,607.956942949408,0.7213180942915709,0.046880000000000165,0.05935675344365943,0.03381539226038896,0.09317214570404839,0.0,,9413.060327738865,9470.397564693012,0.006054364303343295,2024年6月27日国内成品油价格按机制调整,https://www.ndrc.gov.cn/xwdt/xwfb/202406/t20240627_1391342.html
2024-07-12,2024-07-01,2024-07-11,2024-07-12,normal,9985.0,8940.0,10095,9045,105.18830223819728,101.63455543817348,110,105,1.045743658367132,1.0331131921354622,10090.188302238197,9041.634555438173,0.4623984076961353,0.5376015923038646,0.005,0.005,-0.008,0.03,85.27806451612904,17901000.0,42340000.0,59062000.0,608.9890410958905,0.702843578293853,0.1055612903225807,0.042114866097674675,0.0741930750196389,0.11630794111731357,0.0,,9530.518328080942,9526.484138342319,0.0,2024年7月11日国内成品油价格按机制调整,https://www.ndrc.gov.cn/xwdt/xwfb/202407/t20240711_1391617.html
2024-07-26,2024-07-01,2024-07-25,2024-07-26,normal,10095.0,9045.0,9950,8905,-116.15576959573856,-111.86519898120515,-145,-140,1.248323699327628,1.2515062885958113,9978.844230404262,8933.134801018794,0.4623984076961353,0.5376015923038646,0.005,0.005,-0.008,0.03,85.27806451612904,17901000.0,42340000.0,59062000.0,608.9890410958905,0.702843578293853,0.1055612903225807,0.042114866097674675,0.0741930750196389,0.11630794111731357,0.0,,9388.206336042462,9416.669176079467,0.003022601676323928,2024年7月25日国内成品油价格按机制调整,https://www.ndrc.gov.cn/xwdt/xwfb/202407/t20240725_1391947.html
2024-08-09,2024-08-01,2024-08-08,2024-08-09,normal,9950.0,8905.0,9645,8615,-388.8974063370984,-374.32060547143794,-305,-290,0.7842685372286189,0.7747369387660602,9561.102593662901,8530.679394528563,0.4564638530155772,0.5435361469844229,0.006,0.004,-0.018,0.03,80.34322580645161,17835000.0,49100000.0,59069000.0,598.0181059063136,0.7335474714275043,0.006864516129032268,0.03466252655662694,0.00503544844902494,0.03969797500565188,0.0,,9085.157768606045,9001.03033824206,0.0,2024年8月8日国内成品油价格按机制调整,https://www.ndrc.gov.cn/xwdt/xwfb/202408/t20240808_1392318.html
2024-08-22,2024-08-01,2024-08-22,2024-08-22,threshold_no_adjust,9645.0,8615.0,9645,8615,0.0,0.0,0,0,,,9645.0,8615.0,0.4564638530155772,0.5435361469844229,0.006,0.004,-0.018,0.03,80.34322580645161,17835000.0,49100000.0,59069000.0,598.0181059063136,0.7335474714275043,0.006864516129032268,0.03466252655662694,0.00503544844902494,0.03969797500565188,0.0,,9085.157768606045,9085.157768606045,0.0,2024年8月22日国内成品油价格按机制不作调整,https://www.ndrc.gov.cn/xwdt/xwfb/202408/t20240822_1392530.html
2024-09-06,2024-09-01,2024-09-05,2024-09-06,normal,9645.0,8615.0,9545,8515,-191.9812849022911,-184.35794473075285,-100,-100,0.5208841062340791,0.5424230572001975,9453.018715097709,8430.642055269247,0.4438961807954209,0.5561038192045791,0.004,0.0,-0.0279999999999999,0.03,74.091,17071000.0,45490000.0,58727000.0,565.722840184656,0.7271303208068924,0.0,0.03381200077873714,0.0,0.03381200077873714,0.0,,8972.213066219283,8884.471149901481,0.0,2024年9月5日国内成品油价格按机制调整,https://www.ndrc.gov.cn/xwdt/xwfb/202409/t20240905_1392834.html
2024-09-21,2024-09-01,2024-09-20,2024-09-21,normal,9545.0,8515.0,9180,8165,-350.0173105689035,-336.2067495364629,-365,-350,1.0428055669782281,1.0410260962415365,9194.982689431097,8178.793250463537,0.4438961807954209,0.5561038192045791,0.004,0.0,-0.0279999999999999,0.03,74.091,17071000.0,45490000.0,58727000.0,565.722840184656,0.7271303208068924,0.0,0.03381200077873714,0.0,0.03381200077873714,0.0,,8615.554623507353,8629.875861385879,0.0016594952359171777,2024年9月20日国内成品油价格按机制调整,https://www.ndrc.gov.cn/xwdt/xwfb/202409/t20240920_1393111.html
2024-10-11,2024-10-01,2024-10-10,2024-10-11,normal,9180.0,8165.0,9320,8300,156.07121060688564,150.08037707453926,140,135,0.8970264243841484,0.89951799583333,9336.071210606886,8315.080377074539,0.4289927404718693,0.5710072595281307,0.003,-0.003,-0.0289999999999999,0.03,75.98290322580644,17768000.0,44700000.0,59538000.0,543.6449440715884,0.7155663699814305,0.0,0.014539370507740013,0.0,0.014539370507740013,0.0,,8737.572595281306,8753.078032748239,0.001771426852236602,2024年10月10日国内成品油价格按机制调整,https://www.ndrc.gov.cn/xwdt/xwfb/202410/t20241010_1393553.html
2024-10-24,2024-10-01,2024-10-23,2024-10-24,normal,9320.0,8300.0,9410,8385,55.63730372372094,53.62011011591616,90,85,1.6176197259111342,1.5852261365418063,9375.63730372372,8353.620110115917,0.4289927404718693,0.5710072595281307,0.003,-0.003,-0.0289999999999999,0.03,75.98290322580644,17768000.0,44700000.0,59538000.0,543.6449440715884,0.7155663699814305,0.0,0.014539370507740013,0.0,0.014539370507740013,0.0,,8824.717558983666,8792.058066811098,0.0,2024年10月23日国内成品油价格按机制调整,https://www.ndrc.gov.cn/xwdt/xwfb/202410/t20241023_1393865.html
2024-11-07,2024-11-01,2024-11-06,2024-11-07,normal,9410.0,8385.0,9265,8245,-142.69020436323288,-137.07800323587335,-145,-140,1.0161874856587023,1.0213163067388624,9267.309795636767,8247.921996764127,0.40909859631320816,0.5909014036867918,0.002,-0.006,-0.025,0.03,74.32833333333333,17248000.0,48520000.0,58512000.0,541.5309563066777,0.7377447999026883,0.0,0.030153016544792965,0.0,0.030153016544792965,0.0,,8662.280568239472,8664.952114381735,0.0003083163192360426,2024年11月6日国内成品油价格按机制调整,https://www.ndrc.gov.cn/xwdt/xwfb/202411/t20241106_1394298.html
2024-11-20,2024-11-01,2024-11-20,2024-11-20,threshold_no_adjust,9265.0,8245.0,9265,8245,50.7494309896493,0.0,0,0,0.0,,9315.74943098965,8245.0,0.40909859631320816,0.5909014036867918,0.002,-0.006,-0.025,0.03,74.32833333333333,17248000.0,48520000.0,58512000.0,541.5309563066777,0.7377447999026883,0.0,0.030153016544792965,0.0,0.030153016544792965,0.0,,8662.280568239472,8683.042089221031,0.0023910423061673756,2024年11月20日国内成品油价格不作调整,https://www.ndrc.gov.cn/xwdt/xwfb/202411/t20241120_1394603.html
2024-12-04,2024-12-01,2024-12-04,2024-12-04,threshold_no_adjust,9265.0,8245.0,9265,8245,0.0,55.4592775292263,0,0,,0.0,9265.0,8300.459277529226,0.4116351991460404,0.5883648008539596,0.001,0.0,-0.023,0.03,73.8583870967742,17902000.0,49230000.0,59355000.0,544.1729636400569,0.733331347196568,0.0,0.015146277588652945,0.0,0.015146277588652945,0.0,,8664.867903128961,8697.498189907948,0.003751686527149784,2024年12月4日国内成品油价格按机制不作调整,https://www.ndrc.gov.cn/xwdt/xwfb/202412/t20241204_1394837.html
2024-12-18,2024-12-01,2024-12-18,2024-12-18,threshold_no_adjust,9265.0,8245.0,9265,8245,0.0,0.0,0,0,,,9265.0,8245.0,0.4116351991460404,0.5883648008539596,0.001,0.0,-0.023,0.03,73.8583870967742,17902000.0,49230000.0,59355000.0,544.1729636400569,0.733331347196568,0.0,0.015146277588652945,0.0,0.015146277588652945,0.0,,8664.867903128961,8664.867903128961,0.0,2024年12月18日国内成品油价格按机制不作调整,https://www.ndrc.gov.cn/xwdt/xwfb/202412/t20241218_1395064.html
2025-01-03,2025-01-01,2025-01-02,2025-01-03,normal,9265.0,8245.0,9335,8315,97.75465102230726,87.68613538880997,70,70,0.7160784603898412,0.7983018032396147,9362.754651022307,8332.68613538881,0.44029975020815987,0.5597002497918402,0.005,0.0069999999999999,-0.023,0.02,79.19193548387096,19025000.0,44170000.0,63058000.0,579.4857142857143,0.6989477015586676,0.0,0.0,0.0,0.0,1.0,crude_production_ton: Jan-Feb filled with same-year March; crude_processing_ton: Jan-Feb filled with same-year March; gasoline_consumption_ton: Jan-Feb filled with same-year March; diesel_consumption_ton: Jan-Feb filled with same-year March; crude_import_ton: filled with previous-year same-month value; crude_import_value_usd: filled with previous-year same-month value; crude_import_avg_usd_per_ton: filled with previous-year same-month value,8764.105745212324,8786.22504551953,0.0025174975820230496,2025年1月2日国内成品油价格按机制调整,https://www.ndrc.gov.cn/xwdt/xwfb/202501/t20250102_1395423.html
2025-01-17,2025-01-01,2025-01-16,2025-01-17,normal,9335.0,8315.0,9675,8640,343.1112034621136,329.9004862679833,340,325,0.9909323757699531,0.9851455621559692,9678.111203462113,8644.900486267983,0.44029975020815987,0.5597002497918402,0.005,0.0069999999999999,-0.023,0.02,79.19193548387096,19025000.0,44170000.0,63058000.0,579.4857142857143,0.6989477015586676,0.0,0.0,0.0,0.0,1.0,crude_production_ton: Jan-Feb filled with same-year March; crude_processing_ton: Jan-Feb filled with same-year March; gasoline_consumption_ton: Jan-Feb filled with same-year March; diesel_consumption_ton: Jan-Feb filled with same-year March; crude_import_ton: filled with previous-year same-month value; crude_import_value_usd: filled with previous-year same-month value; crude_import_avg_usd_per_ton: filled with previous-year same-month value,9095.710241465446,9099.822906960953,0.00045195005854035063,2025年1月16日国内成品油价格按机制调整,https://www.ndrc.gov.cn/xwdt/xwfb/202501/t20250116_1395727.html
2025-02-06,2025-02-01,2025-02-06,2025-02-06,threshold_no_adjust,9675.0,8640.0,9675,8640,-88.46722349841326,-85.19423575186282,0,0,-0.0,-0.0,9586.532776501586,8554.805764248138,0.44029975020815987,0.5597002497918402,-0.0069999999999999,-0.002,-0.022,0.02,75.44571428571429,19025000.0,42680000.0,63058000.0,601.9857544517338,0.6916781460173406,0.0,0.0,0.0,0.0,1.0,crude_production_ton: Jan-Feb filled with same-year March; crude_processing_ton: Jan-Feb filled with same-year March; gasoline_consumption_ton: Jan-Feb filled with same-year March; diesel_consumption_ton: Jan-Feb filled with same-year March; crude_import_ton: filled with previous-year same-month value; crude_import_value_usd: filled with previous-year same-month value; crude_import_avg_usd_per_ton: filled with previous-year same-month value,9095.710241465446,9009.074910026342,0.0,2025年2月6日国内成品油价格按机制不作调整,https://www.ndrc.gov.cn/xwdt/xwfb/202502/t20250206_1396007.html
2025-02-20,2025-02-01,2025-02-19,2025-02-20,normal,9675.0,8640.0,9505,8480,-144.04605619448918,-138.2796496231658,-170,-160,1.1801780936679593,1.1570755381288977,9530.95394380551,8501.720350376834,0.44029975020815987,0.5597002497918402,-0.0069999999999999,-0.002,-0.022,0.02,75.44571428571429,19025000.0,42680000.0,63058000.0,601.9857544517338,0.6916781460173406,0.0,0.0,0.0,0.0,1.0,crude_production_ton: Jan-Feb filled with same-year March; crude_processing_ton: Jan-Feb filled with same-year March; gasoline_consumption_ton: Jan-Feb filled with same-year March; diesel_consumption_ton: Jan-Feb filled with same-year March; crude_import_ton: filled with previous-year same-month value; crude_import_value_usd: filled with previous-year same-month value; crude_import_avg_usd_per_ton: filled with previous-year same-month value,8931.307243963365,8954.891644469328,0.0026336890989103836,2025年2月19日国内成品油价格按机制调整,https://www.ndrc.gov.cn/xwdt/xwfb/202502/t20250219_1396225.html
2025-03-06,2025-03-01,2025-03-05,2025-03-06,normal,9505.0,8480.0,9370,8350,-110.12891329773986,-105.7623807266702,-135,-130,1.2258361220274618,1.2291705151377874,9394.87108670226,8374.23761927333,0.44029975020815987,0.5597002497918402,-0.001,-0.004,-0.025,0.02,72.91709677419354,19025000.0,49050000.0,63058000.0,598.9744342507645,0.7205288284979802,0.0,0.0,0.0,0.0,1.0,crude_import_ton: filled with previous-year same-month value; crude_import_value_usd: filled with previous-year same-month value; crude_import_avg_usd_per_ton: filled with previous-year same-month value,8799.105745212324,8823.622280036376,0.002778511369363667,2025年3月5日国内成品油价格按机制调整,https://www.ndrc.gov.cn/xwdt/xwfb/202503/t20250305_1396430.html
2025-03-20,2025-03-01,2025-03-19,2025-03-20,normal,9370.0,8350.0,9090,8080,-217.92155819572727,-209.33454663822369,-280,-270,1.2848659963624007,1.28980144145352,9152.078441804273,8140.665453361777,0.44029975020815987,0.5597002497918402,-0.001,-0.004,-0.025,0.02,72.91709677419354,19025000.0,49050000.0,63058000.0,598.9744342507645,0.7205288284979802,0.0,0.0,0.0,0.0,1.0,crude_import_ton: filled with previous-year same-month value; crude_import_value_usd: filled with previous-year same-month value; crude_import_avg_usd_per_ton: filled with previous-year same-month value,8524.702747710242,8585.990339530297,0.0071380923337269935,2025年3月19日国内成品油价格按机制调整,https://www.ndrc.gov.cn/xwdt/xwfb/202503/t20250319_1396715.html
2025-04-03,2025-04-01,2025-04-02,2025-04-03,normal,9090.0,8080.0,9320,8300,210.47867741415,202.35740322900372,230,220,1.0927472693466176,1.0871853289747473,9300.47867741415,8282.357403229003,0.43810347312292836,0.5618965268770716,-0.001,0.001,-0.027,0.02,68.14566666666666,17724000.0,44720000.0,58034000.0,624.3177772808586,0.716161680866056,0.0,0.03317756620103118,0.0,0.03317756620103118,1.0,crude_import_ton: filled with previous-year same-month value; crude_import_value_usd: filled with previous-year same-month value; crude_import_avg_usd_per_ton: filled with previous-year same-month value,8746.865542585387,8728.399869509858,0.0,2025年4月2日国内成品油价格按机制调整,https://www.ndrc.gov.cn/xwdt/xwfb/202504/t20250402_1396996.html
2025-04-18,2025-04-01,2025-04-17,2025-04-18,normal,9320.0,8300.0,8840,7835,-521.0644107057122,-500.60249716420014,-480,-465,0.9211912963886826,0.9288807040198955,8798.935589294288,7799.3975028358,0.43810347312292836,0.5618965268770716,-0.001,0.001,-0.027,0.02,68.14566666666666,17724000.0,44720000.0,58034000.0,624.3177772808586,0.716161680866056,0.0,0.03317756620103118,0.0,0.03317756620103118,1.0,crude_import_ton: filled with previous-year same-month value; crude_import_value_usd: filled with previous-year same-month value; crude_import_avg_usd_per_ton: filled with previous-year same-month value,8275.293990488542,8237.298610031909,0.0,2025年4月17日国内成品油价格按机制调整,https://www.ndrc.gov.cn/xwdt/xwfb/202504/t20250417_1397240.html
2025-04-30,2025-04-01,2025-04-30,2025-04-30,threshold_no_adjust,8840.0,7835.0,8840,7835,0.0,0.0,0,0,,,8840.0,7835.0,0.43810347312292836,0.5618965268770716,-0.001,0.001,-0.027,0.02,68.14566666666666,17724000.0,44720000.0,58034000.0,624.3177772808586,0.716161680866056,0.0,0.03317756620103118,0.0,0.03317756620103118,1.0,crude_import_ton: filled with previous-year same-month value; crude_import_value_usd: filled with previous-year same-month value; crude_import_avg_usd_per_ton: filled with previous-year same-month value,8275.293990488542,8275.293990488542,0.0,2025年4月30日国内成品油价格按机制不作调整,https://www.ndrc.gov.cn/xwdt/xwfb/202504/t20250430_1397516.html
2025-05-20,2025-05-01,2025-05-19,2025-05-20,normal,8840.0,7835.0,8610,7615,-216.15026386320775,-207.1165262128427,-230,-220,1.0640745742765187,1.062203987401361,8623.849736136792,7627.8834737871575,0.4385122975404919,0.5614877024595081,-0.001,-0.002,-0.033,0.02,64.29806451612903,18469000.0,46970000.0,59111000.0,632.806344475197,0.7177676920490839,0.0,0.013309222423146472,0.0,0.013309222423146472,1.0,crude_import_ton: filled with previous-year same-month value; crude_import_value_usd: filled with previous-year same-month value; crude_import_avg_usd_per_ton: filled with previous-year same-month value,8051.31973605279,8064.626927762913,0.0016500691016854978,2025年5月19日国内成品油价格按机制调整,https://www.ndrc.gov.cn/xwdt/xwfb/202505/t20250519_1397793.html
2025-06-04,2025-06-01,2025-06-03,2025-06-04,normal,8610.0,7615.0,8675,7675,0.0,0.0,65,60,,,8610.0,7615.0,0.43379549393414213,0.5662045060658579,0.001,-0.001,-0.036,0.02,71.63000000000001,18198000.0,46450000.0,62245000.0,607.956942949408,0.7185063729736418,0.0,0.0,0.0,0.0,1.0,crude_import_ton: filled with previous-year same-month value; crude_import_value_usd: filled with previous-year same-month value; crude_import_avg_usd_per_ton: filled with previous-year same-month value,8108.795493934142,8046.626516464472,0.0,2025年6月3日国内成品油价格按机制调整,https://www.ndrc.gov.cn/xwdt/xwfb/202506/t20250603_1398198.html
2025-06-18,2025-06-01,2025-06-17,2025-06-18,normal,8675.0,7675.0,8935,7930,313.2180637618614,301.24678422943066,260,255,0.8300926098492106,0.8464820650360572,8988.218063761862,7976.246784229431,0.43379549393414213,0.5662045060658579,0.001,-0.001,-0.036,0.02,71.63000000000001,18198000.0,46450000.0,62245000.0,607.956942949408,0.7185063729736418,0.0,0.0,0.0,0.0,1.0,crude_import_ton: filled with previous-year same-month value; crude_import_value_usd: filled with previous-year same-month value; crude_import_avg_usd_per_ton: filled with previous-year same-month value,8365.964471403813,8415.235365281369,0.005854963258761861,2025年6月17日国内成品油价格按机制调整,https://www.ndrc.gov.cn/xwdt/xwfb/202506/t20250617_1398486.html
2025-07-02,2025-07-01,2025-07-01,2025-07-02,normal,8935.0,7930.0,9170,8155,230.3982629094698,221.3680899656912,235,225,1.0199729678185046,1.0164066556967253,9165.39826290947,8151.368089965691,0.4416975277749975,0.5583024722250025,0.0,0.004,-0.036,0.02,70.99064516129032,18124000.0,42340000.0,63064000.0,608.9890410958905,0.7002513892564171,0.0,0.0,0.0,0.0,1.0,crude_import_ton: filled with previous-year same-month value; crude_import_value_usd: filled with previous-year same-month value; crude_import_avg_usd_per_ton: filled with previous-year same-month value,8603.322990691622,8599.26271044421,0.0,2025年7月1日国内成品油价格按机制调整,https://www.ndrc.gov.cn/xwdt/xwfb/202507/t20250701_1398919.html
2025-07-16,2025-07-01,2025-07-15,2025-07-16,normal,9170.0,8155.0,9040,8030,-118.28552700381458,-113.52922987343824,-130,-125,1.0990355565293093,1.1010380334593066,9051.714472996186,8041.470770126562,0.4416975277749975,0.5583024722250025,0.0,0.004,-0.036,0.02,70.99064516129032,18124000.0,42340000.0,63064000.0,608.9890410958905,0.7002513892564171,0.0,0.0,0.0,0.0,1.0,crude_import_ton: filled with previous-year same-month value; crude_import_value_usd: filled with previous-year same-month value; crude_import_avg_usd_per_ton: filled with previous-year same-month value,8476.114503052748,8487.692916134334,0.00136414137457505,2025年7月15日国内成品油价格按机制调整,https://www.ndrc.gov.cn/xwdt/xwfb/202507/t20250715_1399195.html
2025-07-29,2025-07-01,2025-07-29,2025-07-29,threshold_no_adjust,9040.0,8030.0,9040,8030,0.0,0.0,0,0,,,9040.0,8030.0,0.4416975277749975,0.5583024722250025,0.0,0.004,-0.036,0.02,70.99064516129032,18124000.0,42340000.0,63064000.0,608.9890410958905,0.7002513892564171,0.0,0.0,0.0,0.0,1.0,crude_import_ton: filled with previous-year same-month value; crude_import_value_usd: filled with previous-year same-month value; crude_import_avg_usd_per_ton: filled with previous-year same-month value,8476.114503052748,8476.114503052748,0.0,2025年7月29日国内成品油价格按机制不作调整,https://www.ndrc.gov.cn/xwdt/xwfb/202507/t20250729_1399467.html
2025-08-12,2025-08-01,2025-08-12,2025-08-12,threshold_no_adjust,9040.0,8030.0,9040,8030,0.0,0.0,0,0,,,9040.0,8030.0,0.4413623710496152,0.5586376289503848,-0.004,0.0,-0.0289999999999999,0.02,67.9990322580645,18256000.0,49100000.0,63465000.0,598.0181059063136,0.7289625274660015,0.0,0.0,0.0,0.0,1.0,crude_import_ton: filled with previous-year same-month value; crude_import_value_usd: filled with previous-year same-month value; crude_import_avg_usd_per_ton: filled with previous-year same-month value,8475.775994760112,8475.775994760112,0.0,2025年8月12日国内成品油价格按机制不作调整,https://www.ndrc.gov.cn/xwdt/xwfb/202508/t20250812_1399754.html
2025-08-27,2025-08-01,2025-08-26,2025-08-27,normal,9040.0,8030.0,8860,7855,-215.28937369897812,-206.7865158945635,-180,-175,0.8360839966568883,0.8462834205748172,8824.710626301021,7823.213484105437,0.4413623710496152,0.5586376289503848,-0.004,0.0,-0.0289999999999999,0.02,67.9990322580645,18256000.0,49100000.0,63465000.0,598.0181059063136,0.7289625274660015,0.0,0.0,0.0,0.0,1.0,crude_import_ton: filled with previous-year same-month value; crude_import_value_usd: filled with previous-year same-month value; crude_import_avg_usd_per_ton: filled with previous-year same-month value,8298.569182904863,8265.236637384292,0.0,2025年8月26日国内成品油价格按机制调整,https://www.ndrc.gov.cn/xwdt/xwfb/202508/t20250826_1400056.html
2025-09-09,2025-09-01,2025-09-09,2025-09-09,threshold_no_adjust,8860.0,7855.0,8860,7855,0.0,0.0,0,0,,,8860.0,7855.0,0.43189823874755384,0.5681017612524462,-0.003,0.001,-0.023,0.02,67.922,17775000.0,45490000.0,62687000.0,565.722840184656,0.7190389630917569,0.0,0.0,0.0,0.0,1.0,crude_import_ton: filled with previous-year same-month value; crude_import_value_usd: filled with previous-year same-month value; crude_import_avg_usd_per_ton: filled with previous-year same-month value,8289.05772994129,8289.05772994129,0.0,2025年9月9日国内成品油价格按机制不作调整,https://www.ndrc.gov.cn/xwdt/xwfb/202509/t20250909_1400343.html
2025-09-23,2025-09-01,2025-09-23,2025-09-23,threshold_no_adjust,8860.0,7855.0,8860,7855,0.0,0.0,0,0,,,8860.0,7855.0,0.43189823874755384,0.5681017612524462,-0.003,0.001,-0.023,0.02,67.922,17775000.0,45490000.0,62687000.0,565.722840184656,0.7190389630917569,0.0,0.0,0.0,0.0,1.0,crude_import_ton: filled with previous-year same-month value; crude_import_value_usd: filled with previous-year same-month value; crude_import_avg_usd_per_ton: filled with previous-year same-month value,8289.05772994129,8289.05772994129,0.0,2025年9月23日国内成品油价格按机制不作调整,https://www.ndrc.gov.cn/xwdt/xwfb/202509/t20250923_1400624.html
2025-10-14,2025-10-01,2025-10-13,2025-10-14,normal,8860.0,7855.0,8785,7785,-142.86398589042818,-136.98231196919014,-75,-70,0.524974853057246,0.5110148820947357,8717.136014109572,7718.01768803081,0.4321451509312781,0.5678548490687219,0.002,0.002,-0.021,0.02,64.50451612903225,18005000.0,44700000.0,63428000.0,543.6449440715884,0.7128618132525317,0.0,0.0,0.0,0.0,1.0,crude_import_ton: filled with previous-year same-month value; crude_import_value_usd: filled with previous-year same-month value; crude_import_avg_usd_per_ton: filled with previous-year same-month value,8217.145150931277,8149.781827852322,0.0,2025年10月13日国内成品油价格按机制调整,https://www.ndrc.gov.cn/xwdt/xwfb/202510/t20251013_1400937.html
2025-10-28,2025-10-01,2025-10-27,2025-10-28,normal,8785.0,7785.0,8520,7530,-238.9165783232972,-229.4223402038972,-265,-255,1.1091737620710742,1.1114872238395392,8546.083421676703,7555.577659796103,0.4321451509312781,0.5678548490687219,0.002,0.002,-0.021,0.02,64.50451612903225,18005000.0,44700000.0,63428000.0,543.6449440715884,0.7128618132525317,0.0,0.0,0.0,0.0,1.0,crude_import_ton: filled with previous-year same-month value; crude_import_value_usd: filled with previous-year same-month value; crude_import_avg_usd_per_ton: filled with previous-year same-month value,7957.823699421964,7983.619921762296,0.0032311435906429925,2025年10月27日国内成品油价格按机制调整,https://www.ndrc.gov.cn/xwdt/xwfb/202510/t20251027_1401193.html
2025-11-11,2025-11-01,2025-11-10,2025-11-11,normal,8520.0,7530.0,8645,7650,134.36021704836776,129.18448936738054,125,120,0.9303349067603975,0.9289040858360226,8654.360217048368,7659.184489367381,0.4196121995556453,0.5803878004443547,0.0069999999999999,-0.001,-0.022,0.02,63.82866666666667,17627000.0,48520000.0,60826000.0,541.5309563066777,0.7335177710251409,0.0,0.015480402325904419,0.0,0.015480402325904419,1.0,crude_import_ton: filled with previous-year same-month value; crude_import_value_usd: filled with previous-year same-month value; crude_import_avg_usd_per_ton: filled with previous-year same-month value,8067.514138557867,8076.77236540399,0.0011462780461387644,2025年11月10日国内成品油价格按机制调整,https://www.ndrc.gov.cn/xwdt/xwfb/202511/t20251110_1401464.html
2025-11-25,2025-11-01,2025-11-24,2025-11-25,normal,8645.0,7650.0,8575,7585,-103.78424443033478,-99.5828950263764,-70,-65,0.674476172989702,0.652722538170672,8541.215755569665,7550.417104973623,0.4196121995556453,0.5803878004443547,0.0069999999999999,-0.001,-0.022,0.02,63.82866666666667,17627000.0,48520000.0,60826000.0,541.5309563066777,0.7335177710251409,0.0,0.015480402325904419,0.0,0.015480402325904419,1.0,crude_import_ton: filled with previous-year same-month value; crude_import_value_usd: filled with previous-year same-month value; crude_import_avg_usd_per_ton: filled with previous-year same-month value,8000.4160775600885,7966.168306066993,0.0,2025年11月24日国内成品油价格按机制调整,https://www.ndrc.gov.cn/xwdt/xwfb/202511/t20251124_1401864.html
2025-12-09,2025-12-01,2025-12-08,2025-12-09,normal,8575.0,7585.0,8520,7530,-77.58652000446382,-74.49385128603534,-55,-55,0.7088860280991551,0.7383159690430764,8497.413479995535,7510.506148713965,0.4158200290275762,0.5841799709724238,0.008,0.002,-0.019,0.02,62.70935483870968,17795000.0,49230000.0,62459000.0,544.1729636400569,0.7345020514733308,0.0,0.0,0.0,0.0,1.0,crude_import_ton: filled with previous-year same-month value; crude_import_value_usd: filled with previous-year same-month value; crude_import_avg_usd_per_ton: filled with previous-year same-month value,7941.6618287373,7920.881983854995,0.0,2025年12月8日国内成品油价格按机制调整,https://www.ndrc.gov.cn/xwdt/xwfb/202512/t20251208_1402287.html
2025-12-23,2025-12-01,2025-12-22,2025-12-23,normal,8520.0,7530.0,8350,7365,-171.40942170805926,-164.546777205048,-170,-165,0.9917774548562461,1.00275437053615,8348.59057829194,7365.453222794952,0.4158200290275762,0.5841799709724238,0.008,0.002,-0.019,0.02,62.70935483870968,17795000.0,49230000.0,62459000.0,544.1729636400569,0.7345020514733308,0.0,0.0,0.0,0.0,1.0,crude_import_ton: filled with previous-year same-month value; crude_import_value_usd: filled with previous-year same-month value; crude_import_avg_usd_per_ton: filled with previous-year same-month value,7774.582728592162,7774.261426495805,0.0,2025年12月22日国内成品油价格按机制调整,https://www.ndrc.gov.cn/xwdt/xwfb/202512/t20251222_1402523.html
2026-01-06,2026-01-01,2026-01-06,2026-01-06,threshold_no_adjust,8350.0,7365.0,8350,7365,0.0,0.0,0,0,,,8350.0,7365.0,0.44029975020815987,0.5597002497918402,0.002,0.002,-0.0139999999999999,0.02,66.34483870967742,19025000.0,44170000.0,63058000.0,579.4857142857143,0.6989477015586676,0.0,0.0,0.0,0.0,1.0,crude_production_ton: filled with previous-year same-month value; crude_import_ton: filled with previous-year same-month value; crude_processing_ton: filled with previous-year same-month value; crude_import_value_usd: filled with previous-year same-month value; crude_import_avg_usd_per_ton: filled with previous-year same-month value; gasoline_consumption_ton: filled with previous-year same-month value; diesel_consumption_ton: filled with previous-year same-month value,7798.695253955038,7798.695253955038,0.0,2026年1月6日国内成品油价格按机制不作调整,https://www.ndrc.gov.cn/xwdt/xwfb/202601/t20260106_1403050.html
2026-01-21,2026-01-01,2026-01-20,2026-01-21,normal,8350.0,7365.0,8435,7450,0.0,0.0,85,85,,,8350.0,7365.0,0.44029975020815987,0.5597002497918402,0.002,0.002,-0.0139999999999999,0.02,66.34483870967742,19025000.0,44170000.0,63058000.0,579.4857142857143,0.6989477015586676,0.0,0.0,0.0,0.0,1.0,crude_production_ton: filled with previous-year same-month value; crude_import_ton: filled with previous-year same-month value; crude_processing_ton: filled with previous-year same-month value; crude_import_value_usd: filled with previous-year same-month value; crude_import_avg_usd_per_ton: filled with previous-year same-month value; gasoline_consumption_ton: filled with previous-year same-month value; diesel_consumption_ton: filled with previous-year same-month value,7883.695253955038,7798.695253955038,0.0,2026年1月20日国内成品油价格按机制调整,https://www.ndrc.gov.cn/xwdt/xwfb/202601/t20260120_1403319.html
2026-02-04,2026-02-01,2026-02-03,2026-02-04,normal,8435.0,7450.0,8640,7645,215.69437599584452,207.64440657692893,205,195,0.9504188463585599,0.9391054794811226,8650.694375995845,7657.644406576929,0.44029975020815987,0.5597002497918402,0.013,0.01,-0.009,0.02,70.98678571428572,19025000.0,42680000.0,63058000.0,601.9857544517338,0.6916781460173406,0.0,0.0,0.0,0.0,1.0,crude_production_ton: filled with previous-year same-month value; crude_import_ton: filled with previous-year same-month value; crude_processing_ton: filled with previous-year same-month value; crude_import_value_usd: filled with previous-year same-month value; crude_import_avg_usd_per_ton: filled with previous-year same-month value; gasoline_consumption_ton: filled with previous-year same-month value; diesel_consumption_ton: filled with previous-year same-month value,8083.09825145712,8094.8840600563,0.0014559576779285249,2026年2月3日国内成品油价格按机制调整,https://www.ndrc.gov.cn/xwdt/xwfb/202602/t20260203_1403566.html
2026-02-25,2026-02-01,2026-02-24,2026-02-25,normal,8640.0,7645.0,8815,7815,177.94410212820057,171.0569937891201,175,170,0.9834549046976591,0.9938208092770345,8817.9441021282,7816.0569937891205,0.44029975020815987,0.5597002497918402,0.013,0.01,-0.009,0.02,70.98678571428572,19025000.0,42680000.0,63058000.0,601.9857544517338,0.6916781460173406,0.0,0.0,0.0,0.0,1.0,crude_production_ton: filled with previous-year same-month value; crude_import_ton: filled with previous-year same-month value; crude_processing_ton: filled with previous-year same-month value; crude_import_value_usd: filled with previous-year same-month value; crude_import_avg_usd_per_ton: filled with previous-year same-month value; gasoline_consumption_ton: filled with previous-year same-month value; diesel_consumption_ton: filled with previous-year same-month value,8255.29975020816,8257.187637327594,0.000228635608436386,2026年2月24日国内成品油价格按机制调整,https://www.ndrc.gov.cn/xwdt/xwfb/202602/t20260224_1403852.html
2026-03-10,2026-03-01,2026-03-09,2026-03-10,normal,8815.0,7815.0,9510,8485,556.3508244277394,534.592532258668,695,670,1.24921177337137,1.2532909825156586,9371.35082442774,8349.592532258668,0.44029975020815987,0.5597002497918402,0.01,-0.0069999999999999,0.005,0.02,103.80645161290325,19025000.0,49050000.0,63058000.0,598.9744342507645,0.7205288284979802,0.4761290322580649,0.0,0.3430646938267805,0.3430646938267805,1.0,crude_production_ton: filled with previous-year same-month value; crude_import_ton: filled with previous-year same-month value; crude_processing_ton: filled with previous-year same-month value; crude_import_value_usd: filled with previous-year same-month value; crude_import_avg_usd_per_ton: filled with previous-year same-month value; gasoline_consumption_ton: filled with previous-year same-month value; diesel_consumption_ton: filled with previous-year same-month value,8936.307243963365,8799.472453073828,0.0,2026年3月9日国内成品油价格按机制调整,https://www.ndrc.gov.cn/xwdt/xwfb/202603/t20260309_1404075.html
2026-03-24,2026-03-01,2026-03-23,2026-03-24,temporary_control,9510.0,8485.0,10670,9600,1904.7336539640976,1834.976028544888,1160,1115,0.6090090326202977,0.6076373656413269,11414.733653964098,10319.976028544888,0.44029975020815987,0.5597002497918402,0.01,-0.0069999999999999,0.005,0.02,103.80645161290325,19025000.0,49050000.0,63058000.0,598.9744342507645,0.7205288284979802,0.4761290322580649,0.0,0.3430646938267805,0.3430646938267805,1.0,crude_production_ton: filled with previous-year same-month value; crude_import_ton: filled with previous-year same-month value; crude_processing_ton: filled with previous-year same-month value; crude_import_value_usd: filled with previous-year same-month value; crude_import_avg_usd_per_ton: filled with previous-year same-month value; gasoline_consumption_ton: filled with previous-year same-month value; diesel_consumption_ton: filled with previous-year same-month value,10071.120732722731,10801.997537555446,0.06766126378863407,2026年3月23日国内成品油价格调整,https://www.ndrc.gov.cn/xwdt/xwfb/202603/t20260323_1404295.html
2026-04-08,2026-04-01,2026-04-07,2026-04-08,temporary_control,10670.0,9600.0,11090,10000,103.0314107337858,100.2556925416625,420,400,4.076426761594119,3.9897983831070243,10773.031410733785,9700.255692541663,0.43810347312292836,0.5618965268770716,0.012,0.003,0.0279999999999999,0.02,117.177,17724000.0,44720000.0,58034000.0,624.3177772808586,0.716161680866056,0.7435400000000001,0.06458757839227502,0.5324948561911473,0.5970824345834224,1.0,crude_production_ton: filled with previous-year same-month value; crude_import_ton: filled with previous-year same-month value; crude_processing_ton: filled with previous-year same-month value; crude_import_value_usd: filled with previous-year same-month value; crude_import_avg_usd_per_ton: filled with previous-year same-month value; gasoline_consumption_ton: filled with previous-year same-month value; diesel_consumption_ton: filled with previous-year same-month value,10477.532785703992,10170.242460563575,0.0,2026年4月7日国家继续实施调控，成品油价格适当调整,https://www.ndrc.gov.cn/xwdt/xwfb/202604/t20260407_1404528.html
2026-04-22,2026-04-01,2026-04-21,2026-04-22,normal,11090.0,10000.0,10535,9470,-489.6486344369124,-471.6442919111652,-555,-530,1.1334658384950682,1.1237282186801618,10600.351365563087,9528.355708088835,0.43810347312292836,0.5618965268770716,0.012,0.003,0.0279999999999999,0.02,117.177,17724000.0,44720000.0,58034000.0,624.3177772808586,0.716161680866056,0.7435400000000001,0.06458757839227502,0.5324948561911473,0.5970824345834224,1.0,crude_production_ton: filled with previous-year same-month value; crude_import_ton: filled with previous-year same-month value; crude_processing_ton: filled with previous-year same-month value; crude_import_value_usd: filled with previous-year same-month value; crude_import_avg_usd_per_ton: filled with previous-year same-month value; gasoline_consumption_ton: filled with previous-year same-month value; diesel_consumption_ton: filled with previous-year same-month value,9936.58019887592,9998.000728801002,0.0061432812010255074,2026年4月21日国内成品油价格下调,https://www.ndrc.gov.cn/xwdt/xwfb/202604/t20260421_1404789.html
2026-05-09,2026-05-01,2026-05-08,2026-05-09,normal,10535.0,9470.0,10855,9780,229.92985691717183,222.16268102589072,320,310,1.3917287832492078,1.3953738700329816,10764.929856917171,9692.162681025891,,,,,,,,,,,,,,,,,,,,,,2026年5月8日国内成品油价格调整,https://www.ndrc.gov.cn/xwdt/xwfb/202605/t20260508_1405100.html
