mechanism,mechanism_label,date,month,u_gasoline,u_diesel,f_gasoline,f_diesel,price_gasoline,price_diesel,S_gasoline,S_diesel,LC,LC_raw,consumer_increase_loss,consumer_decrease_reward,LF,LF_raw,LV,LV_raw,LT,LT_raw,price_gap_g,energy_A,LE,LE_raw,cpi_yoy,cpi_target,gasoline_price_before,diesel_price_before,omega_gasoline,omega_diesel,weighted_adjustment,weighted_abs_adjustment,weighted_abs_transmission_gap,Lpi,Lpi_contribution,weighted_event_loss
current,Current mechanism,2016-01-27,2016-01-01,0.0,0.0,-325.7853861508645,-312.9340832286773,6925.0,5970.0,-325.7853861508645,-312.9340832286773,0.0,0.0,0.0,0.0,0.0,0.0,0.0,0.0,3.142586158253818,0.7353025969761047,0.0,0.0,0.0,0.0,0.018,0.03,6925.0,5970.0,0.4263973608863438,0.5736026391136562,0.0,0.0,318.4138448786489,0.06715426911777199,0.06715426911777199,0.5349567378952649
current,Current mechanism,2016-02-15,2016-02-01,0.0,0.0,110.79707848275888,106.28145414750564,6925.0,5970.0,-117.25269182284626,-112.77240411256845,0.0,0.0,0.0,0.0,0.0,0.0,0.0,0.0,1.511339319247377,0.08491450652399782,0.016684650304367353,0.0,0.0,0.0,0.023,0.03,6925.0,5970.0,0.4263973608863438,0.5736026391136562,0.0,0.0,108.20690444681176,0.0,0.0,0.2518898865412294
current,Current mechanism,2016-02-29,2016-02-01,0.0,0.0,56.10225768302926,54.00230941948396,6925.0,5970.0,-25.974626592963112,-24.938373459313958,0.0,0.0,0.0,0.0,0.0,0.0,0.0,0.0,0.38903395976806215,0.021857849057505194,0.008534951314954225,0.0,0.0,0.0,0.023,0.03,6925.0,5970.0,0.4263973608863438,0.5736026391136562,0.0,0.0,54.89772181705753,0.0,0.0,0.064838993294677
current,Current mechanism,2016-03-14,2016-03-01,0.0,0.0,285.646073078346,274.69714840930345,6925.0,5970.0,267.4638344632718,257.2402869877837,0.0,0.0,0.0,0.0,3.765941984799191,1.853435603613678,0.0,0.0,3.142586158253818,0.5660275514398962,0.04196838940939675,0.0,0.0,0.0,0.023,0.03,6925.0,5970.0,0.4263973608863438,0.5736026391136562,0.0,0.0,279.36574099272656,0.0,0.0,1.1514213571755012
current,Current mechanism,2016-03-28,2016-03-01,0.0,0.0,148.44173955854455,142.81271674163784,6925.0,5970.0,335.66642368283476,322.8809176330864,0.0,0.0,0.0,0.0,3.765941984799191,2.9196819130894154,0.0,0.0,2.7219820811026447,0.15293439549968013,0.02226364813248031,0.0,0.0,0.0,0.023,0.03,6925.0,5970.0,0.4263973608863438,0.5736026391136562,0.0,0.0,145.21291721513586,0.0,0.0,1.0813206776503055
current,Current mechanism,2016-04-12,2016-04-01,0.0,0.0,-101.00293960633668,-97.019321558126,6925.0,5970.0,133.96355697164762,128.99732078503447,0.0,0.0,0.0,0.0,1.8954396337128991,0.4655924942587123,0.0,0.0,1.2579284474623573,0.07067663230779812,0.0,0.0026027054540915,0.0,0.0,0.023,0.03,6925.0,5970.0,0.4272388790907309,0.572761120909269,0.0,0.0,98.72127806776913,0.0,0.0,0.5255613468625425
current,Current mechanism,2016-04-27,2016-04-01,165.0,160.0,286.3362733547871,275.2972993093121,7090.0,6130.0,215.11076323494046,205.59542385883623,0.7421959617713255,0.0006539493002816971,0.0006539493002816971,0.0,3.765941984799191,1.1898585162928406,0.38688841756067543,0.18543024882921785,1.7931833817311464,0.10074989780756885,0.017704552562751566,0.00442459927195555,0.0,0.0,0.023,0.03,6925.0,5970.0,0.4272388790907309,0.572761120909269,162.13619439545363,162.13619439545363,117.87738381135887,0.0,0.0,1.1147016243103893
current,Current mechanism,2016-05-12,2016-05-01,120.0,115.0,175.09345093333127,168.4144579798299,7210.0,6245.0,205.6709851977896,197.33125468101525,0.368138606716875,0.00032436714381282736,0.00032436714381282736,0.0,3.765941984799191,1.0933265372498875,0.12946953799743943,0.062052952626590274,0.3783184899377825,0.02125580104537242,0.00807117545684176,0.014501530964730685,0.0,0.0,0.02,0.03,7090.0,6130.0,0.4211575255102041,0.5788424744897959,117.10578762755101,117.10578762755101,54.12157849747561,0.0,0.0,0.7736447699085477
current,Current mechanism,2016-05-26,2016-05-01,210.0,200.0,191.4261860474688,184.0720033336852,7420.0,6445.0,125.39587568592151,122.20388161039585,1.0792949673919623,0.0009509674332356348,0.0009509674332356348,0.0,1.6860850207903515,0.41416699134030044,0.4024710698261222,0.19289879778506197,0.03754919997711973,0.0021096994869529632,0.0,0.021555383149673278,0.0,0.0,0.02,0.03,7210.0,6245.0,0.4211575255102041,0.5788424744897959,204.21157525510205,204.21157525510205,17.042302527529827,0.0,0.0,0.5342333763309257
current,Current mechanism,2016-06-09,2016-06-01,110.0,110.0,100.23322113792264,96.43735586995946,7530.0,6555.0,78.0103341180677,71.98007299723656,0.29568208630935494,0.0002605256608865929,0.0002605256608865929,0.0,0.6113156923063663,0.150162523194091,0.15827347881797613,0.07585828168577965,0.019053641237938457,0.001070527658878446,0.0,0.015088768204771294,0.0,0.0,0.019,0.03,7420.0,6445.0,0.4302525607944327,0.5697474392055673,110.0,110.0,11.929463378068736,0.01614056263377779,0.0,0.18072081644527255
current,Current mechanism,2016-06-23,2016-06-01,0.0,0.0,0.0,0.0,7530.0,6555.0,54.60723388264739,50.38605109806559,0.0,0.0,0.0,0.0,0.29954468923011945,0.07357963636510459,0.07499903453983682,0.03594599632720204,0.0,0.0,0.0,0.010562137743339906,0.0,0.0,0.019,0.03,7530.0,6555.0,0.4302525607944327,0.5697474392055673,0.0,0.0,0.0,0.01614056263377779,0.01614056263377779,0.06511404773395565
current,Current mechanism,2016-07-07,2016-07-01,0.0,0.0,0.0,0.0,7530.0,6555.0,38.225063717853175,35.27023576864591,0.0,0.0,0.0,0.0,0.14680674345044267,0.03606135307152901,0.0,0.0,0.0,0.0,0.0,0.007393496420337934,0.0,0.0,0.018,0.03,7530.0,6555.0,0.4170589864303517,0.5829410135696483,0.0,0.0,0.0,0.06715426911777199,0.0,0.02446779057507377
current,Current mechanism,2016-07-22,2016-07-01,-155.0,-150.0,-157.87590708575073,-151.48740361888989,7375.0,6405.0,23.88163751674648,23.201761419162253,-0.5470070681184176,-0.00048196825079923516,0.0,0.00048196825079923516,0.06095566650870539,0.01497304388079983,0.34067055895823367,0.16327867066867413,0.0005984084716968961,3.3621543108681904e-05,0.0,0.005175447494236553,0.0,0.0,0.018,0.03,7530.0,6555.0,0.4170589864303517,0.5829410135696483,-152.08529493215178,152.08529493215178,2.066491467433897,0.06715426911777199,0.06715426911777199,-0.01293802751033493
current,Current mechanism,2016-08-05,2016-08-01,-220.0,-215.0,-222.03765488860589,-213.3250115912218,7155.0,6190.0,14.679491373116662,17.91622140219178,-1.1653650853137927,-0.00102680386497236,0.0,0.00102680386497236,0.031090841538259535,0.007637100228850261,0.42821763717857514,0.20523877017494319,0.00043289775212127266,2.432233352800703e-05,1.642084909894845e-05,0.015225752251635987,0.0,0.0,0.013,0.03,7375.0,6405.0,0.4219782861263571,0.5780217138736429,-217.1098914306318,217.1098914306318,1.8280257883713689,0.386382979664885,0.0,-0.11760395147413939
current,Current mechanism,2016-08-19,2016-08-01,175.0,170.0,127.19421024091638,122.35627221783258,7330.0,6360.0,-37.53014579790195,-35.10237280063316,0.7813041763419037,0.0006884075712384122,0.0006884075712384122,0.0,0.0,0.0,1.1914389951888988,0.5710401741558022,0.2942327002952455,0.016531446135627615,0.0,0.02226096558181559,0.0,0.0,0.013,0.03,7155.0,6190.0,0.4219782861263571,0.5780217138736429,172.10989143063176,172.10989143063176,47.712114417432765,0.386382979664885,0.386382979664885,0.44222647524848874
current,Current mechanism,2016-09-02,2016-09-01,205.0,200.0,229.34423919437532,220.456264687565,7535.0,6560.0,-1.9268628641560497,-4.1153962728782005,1.025446850002106,0.0009035218251989897,0.0009035218251989897,0.0,0.0,0.0,0.3540641996270477,0.16969805674801525,0.06302048574706866,0.003540802108410613,0.0031585949597362317,0.03541060229869571,4.848003718912676e-05,2.854544091461044e-07,0.019,0.03,7330.0,6360.0,0.4129458819688189,0.5870541180311811,202.0647294098441,202.0647294098441,22.061787749352078,0.025395042222691365,0.0,0.24043000256890176
current,Current mechanism,2016-09-19,2016-09-01,-155.0,-150.0,-146.9203130008538,-141.05545842572835,7380.0,6410.0,6.730882994236964,6.063764183256922,-0.5466784557077002,-0.000481678710210063,0.0,0.000481678710210063,0.004426548563654144,0.0010873296886126137,0.9749755438115071,0.46729224625344745,0.009597531086316054,0.0005392366926899636,0.0012593079562957243,0.0446153480005118,0.016108576113733918,9.484860869212119e-05,0.019,0.03,7535.0,6560.0,0.4129458819688189,0.5870541180311811,-152.06472940984412,152.06472940984412,8.587403438971702,0.025395042222691365,0.0,0.0764049573112518
current,Current mechanism,2016-09-30,2016-09-01,0.0,0.0,0.0,0.0,7380.0,6410.0,4.711618095965875,4.244634928279845,0.0,0.0,0.0,0.0,0.0021690087961905302,0.0005327915474201806,0.14337808254090215,0.06871912498658882,0.0,0.0,0.0,0.05105866999178306,0.04447430903364253,0.00026186835537797483,0.019,0.03,7380.0,6410.0,0.4129458819688189,0.5870541180311811,0.0,0.0,0.0,0.025395042222691365,0.025395042222691365,0.03590274043223775
current,Current mechanism,2016-10-20,2016-10-01,355.0,340.0,353.4320830964931,339.8876376195256,7735.0,6750.0,1.7302157636692073,2.85888206932151,2.898007981610136,0.0026043535177757596,0.0026043535177757596,0.0,0.0006891744119867765,0.0001692876036509044,1.765492111531045,0.8461758654118428,0.00012817268904731128,7.201374636191017e-06,0.0,0.035741068994248136,0.00012699988986248877,7.477856995218626e-07,0.021,0.03,7380.0,6410.0,0.4185863874345549,0.581413612565445,346.2787958115183,346.2787958115183,0.7216376899845967,0.0,0.0,0.7774074066886795
current,Current mechanism,2016-11-02,2016-11-01,0.0,0.0,-55.79914273710302,-53.50471180026038,7735.0,6750.0,-54.58799170253457,-51.50349435173533,0.0,0.0,0.0,0.0,0.0,0.0,0.7429692456187926,0.3560948475950247,0.38310409824853153,0.021524680153425242,0.0,0.025018748295973694,0.0,0.0,0.023,0.03,7735.0,6750.0,0.4098867545317513,0.5901132454682487,0.0,0.0,54.44516865046006,0.0,0.0,0.18767889064455395
current,Current mechanism,2016-11-17,2016-11-01,-365.0,-355.0,-284.2294865125539,-272.9682691056422,7370.0,6395.0,42.5589192956719,45.97928484814304,-2.8883692494189135,-0.0025449438516274665,0.0,0.0025449438516274665,0.22209607569440548,0.054555293668240815,1.9006015796347486,0.9109319582605617,0.8602570164808786,0.04833348746240346,0.011854703997901369,0.017513123807181584,0.0,0.0,0.023,0.03,7735.0,6750.0,0.4098867545317513,0.5901132454682487,-359.0988675453175,359.0988675453175,81.51477458467981,0.0,0.0,0.01576423706518651
current,Current mechanism,2016-12-01,2016-12-01,175.0,170.0,128.41453039267043,123.46754770676112,7545.0,6565.0,-16.794226100359253,-14.346952899538735,0.7347740376649771,0.0006474098385679646,0.0006474098385679646,0.0,0.0,0.0,2.002326642319976,0.9596873689415528,0.2803018299356472,0.015748741042886323,0.0,0.012259186665027108,0.0,0.0,0.021,0.03,7370.0,6395.0,0.4148449039881831,0.5851550960118168,172.0742245199409,172.0742245199409,46.554446255812536,0.0,0.0,0.5029004183200998
current,Current mechanism,2016-12-15,2016-12-01,435.0,420.0,404.6678990806208,388.87266258842754,7980.0,6985.0,-42.088059189630656,-41.17020444124955,2.898007981610136,0.003773911505802501,0.003773911505802501,0.0,0.0,0.0,1.950197607177,0.9347026459076224,0.12280960019092023,0.006900049819265336,0.0,0.008581430665518974,0.0,0.0,0.021,0.03,7545.0,6565.0,0.4148449039881831,0.5851550960118168,426.2226735598227,426.2226735598227,30.79743760532063,0.0,0.0,0.8285025314963425
current,Current mechanism,2016-12-29,2016-12-01,100.0,95.0,77.71243352081123,74.71447030925725,8080.0,7080.0,-51.74920791193023,-49.10467279961743,0.19678143036789808,0.0001733842345226435,0.0001733842345226435,0.0,0.0,0.0,0.7520578030779224,0.36045086704314055,0.057592843272292873,0.003235850350413746,0.0,0.006007001465863282,0.0,0.0,0.021,0.03,7980.0,6985.0,0.4148449039881831,0.5851550960118168,97.07422451994091,97.07422451994091,21.116064450026446,0.0,0.0,0.16773867945301882
current,Current mechanism,2017-01-13,2017-01-01,70.0,70.0,0.0,0.0,8150.0,7150.0,-106.22444553835115,-104.3732709597322,0.10014121009286517,8.823447935946675e-05,8.823447935946675e-05,0.0,0.0,0.0,0.0463967187651379,0.022237303354085303,0.6335342664654008,0.03559508372331776,0.0,0.004204901026104297,0.0,0.0,0.025,0.03,8080.0,7080.0,0.4193319649188281,0.5806680350811718,70.0,70.0,70.0,0.0,0.0,0.1300120325539006
current,Current mechanism,2017-01-26,2017-01-01,-70.0,-70.0,0.0,0.0,8080.0,7080.0,-4.357111876845792,-3.0612896718125313,-0.09827502930649577,-8.659018636636984e-05,0.0,8.659018636636984e-05,0.0,0.0,0.16341674190220007,0.0783233762975929,0.6335342664654008,0.03559508372331776,0.00924784384202268,0.002943430718273008,0.0,0.0,0.025,0.03,8150.0,7150.0,0.4193319649188281,0.5806680350811718,-70.0,70.0,70.0,0.0,0.0,0.11644599651018413
current,Current mechanism,2017-02-15,2017-02-01,50.0,50.0,0.0,0.0,8130.0,7130.0,-53.04997831379205,-52.14290277026877,0.05109245412901283,4.501759150993201e-05,4.501759150993201e-05,0.0,0.0,0.0,0.11066986097976528,0.05304252835678247,0.32323176860479635,0.018160757001692736,0.0,0.0020604015027911055,0.0,0.0,0.008,0.03,8080.0,7080.0,0.4193319649188281,0.5806680350811718,50.0,50.0,50.0,0.9181237337221252,0.0,0.08083234728559571
current,Current mechanism,2017-02-28,2017-02-01,0.0,0.0,55.95744290787435,54.20873342834283,8130.0,7130.0,18.822458088219918,17.7087014891547,0.0,0.0,0.0,0.0,0.036420314819798835,0.008946222774407889,0.015507938780768752,0.007432739819602489,0.38992305768282026,0.02190780296906014,0.0072251503951901675,0.0014422810519537739,0.0,0.0,0.008,0.03,8130.0,7130.0,0.4193319649188281,0.5806680350811718,0.0,0.0,54.942023210466964,0.9181237337221252,0.9181237337221252,0.22666250750091876
current,Current mechanism,2017-03-15,2017-03-01,-85.0,-85.0,-92.1522928416,-88.5277026118767,8045.0,7045.0,6.023427820153941,8.868388430531581,-0.14568378632563653,-0.0001283620701770827,0.0,0.0001283620701770827,0.006938985242865421,0.0017044802637800418,0.10650248918775439,0.05104516489672166,0.003615425704270102,0.00020313247041382816,0.0,0.0010095967363676418,0.0,0.0,0.009,0.03,8130.0,7130.0,0.4193319649188281,0.5806680350811718,-85.0,85.0,5.047609154932162,0.8309447147640195,0.0,-0.004771147698457771
current,Current mechanism,2017-03-29,2017-03-01,-230.0,-220.0,-255.78305247850017,-245.73197337236635,7815.0,6825.0,-21.566653004392407,-19.524101470994253,-1.0316545586638037,-0.0009089914409672853,0.0,0.0009089914409672853,0.0,0.0,0.5485689843758593,0.2629215005043516,0.08574554188060737,0.004817607986967749,0.0,0.0007067177154573492,0.0,0.0,0.009,0.03,8045.0,7045.0,0.4193319649188281,0.5806680350811718,-224.19331964918825,224.19331964918825,25.753392474307745,0.8309447147640195,0.8309447147640195,0.07226744705944704
current,Current mechanism,2017-04-13,2017-04-01,200.0,190.0,208.8070437545205,200.8545240851358,8015.0,7015.0,-6.289613348554184,-2.8123469445601756,0.8225838561462103,0.0007247791214951031,0.0007247791214951031,0.0,0.0,0.0,1.4060684277529756,0.6739090822956768,0.013153114122478899,0.0007390069064836585,0.0013432291125270333,0.031180987065309845,0.0,0.0,0.012,0.03,7815.0,6825.0,0.4183024827089913,0.5816975172910087,194.18302482708992,194.18302482708992,9.998057979541594,0.31970972382624074,0.0,0.37363423300361065
current,Current mechanism,2017-04-26,2017-04-01,0.0,0.0,0.0,0.0,8015.0,7015.0,-4.402729343987929,-1.9686428611921227,0.0,0.0,0.0,0.0,0.0,0.0,0.23364532005583247,0.11198295908907804,0.0,0.0,0.0,0.05251297561020659,0.05282731185857874,0.0003110515166178488,0.012,0.03,8015.0,7015.0,0.4183024827089913,0.5816975172910087,0.0,0.0,0.0,0.31970972382624074,0.31970972382624074,0.10103039262344196
current,Current mechanism,2017-05-12,2017-05-01,-250.0,-235.0,-251.0601937443805,-241.06606638193543,7765.0,6780.0,-4.142104285172053,-7.444116384769927,-1.2018716939097784,-0.001058969859368269,0.0,0.001058969859368269,0.0,0.0,0.8571133314609406,0.4108025237088326,0.002888064158772393,0.00016226570679966662,0.0,0.03675908292714461,0.0006020271792153449,3.544785084681319e-06,0.015,0.03,8015.0,7015.0,0.4236417592451681,0.5763582407548319,-241.3546263886775,241.3546263886775,3.945369691204414,0.22716170100246572,0.0,-0.05687804518514167
current,Current mechanism,2017-05-26,2017-05-01,140.0,135.0,122.80680806009806,118.09981847380574,7905.0,6915.0,-20.09266493952238,-22.111062995533203,0.41563885950929147,0.0003662196446034138,0.0003662196446034138,0.0,0.0,0.0,1.047483533399964,0.5020443193092021,0.03743912552901626,0.002103514960868998,0.0,0.025731358049001226,0.0,0.0,0.015,0.03,7765.0,6780.0,0.4236417592451681,0.5763582407548319,137.11820879622584,137.11820879622584,17.024312973334535,0.22716170100246572,0.22716170100246572,0.28795386990678945
current,Current mechanism,2017-06-10,2017-06-01,-180.0,-175.0,-152.71745819332847,-146.5971826938568,7725.0,6740.0,13.21767634900587,12.925073209269954,-0.6685192324293691,-0.0005890326905426357,0.0,0.0005890326905426357,0.018810312935720313,0.004620532546517122,0.8792992248500671,0.4214359144874517,0.1010335848619943,0.0056765657398359865,0.003888278594742274,0.019382711704686358,0.0,0.0,0.015,0.03,7905.0,6915.0,0.4216406489133761,0.5783593510866238,-177.10820324456688,177.10820324456688,27.930463617584202,0.22716170100246572,0.0,0.05510398170306874
current,Current mechanism,2017-06-24,2017-06-01,-250.0,-240.0,-212.4536631141341,-204.0489155874226,7475.0,6500.0,46.798710330170024,44.998635659066366,-1.333477801491084,-0.0011749280784889883,0.0,0.0011749280784889883,0.23104155545649252,0.056752645755161354,0.5363378247753251,0.25705927546671203,0.1731895797311851,0.009730645865347873,0.005271324994718719,0.01493865926366595,0.0,0.0,0.015,0.03,7725.0,6740.0,0.4216406489133761,0.5783593510866238,-244.21640648913376,244.21640648913376,36.62370770059543,0.22716170100246572,0.22716170100246572,-0.02762452342093593
current,Current mechanism,2017-07-07,2017-07-01,0.0,0.0,0.0,0.0,7475.0,6500.0,32.759097231119014,31.499044961346453,0.0,0.0,0.0,0.0,0.11325577129353957,0.027819950637235906,0.36950661329381373,0.1770993912899134,0.0,0.0,0.0,0.024757863997723263,0.0,0.0,0.0139999999999999,0.03,7475.0,6500.0,0.4175082846772921,0.5824917153227079,0.0,0.0,0.0,0.2586350012523471,0.0,0.08046039743122552
current,Current mechanism,2017-07-22,2017-07-01,75.0,75.0,58.87712254304824,56.77520735347152,7550.0,6575.0,6.808490604831547,3.8245388264140416,0.13571803112987035,0.00011958123738799523,0.00011958123738799523,0.0,0.0029390211683006373,0.0007219360469675169,0.08292920427429526,0.03974681661639548,0.03922388210851961,0.0022037913993126533,0.0,0.031631307311563384,0.0,0.0,0.0139999999999999,0.03,7475.0,6500.0,0.4175082846772921,0.5824917153227079,75.0,75.0,17.34722564119116,0.2586350012523471,0.2586350012523471,0.0865741899888888
current,Current mechanism,2017-08-05,2017-08-01,175.0,165.0,155.64164170591567,149.67490845980117,7725.0,6740.0,-14.592414870702243,-12.647914361708985,0.6706580980870174,0.000590917246336873,0.000590917246336873,0.0,0.0,0.0,0.2989994798832005,0.1433063008298857,0.037624851964557025,0.002113949989205493,0.0,0.022141915118094366,0.0,0.0,0.018,0.03,7550.0,6575.0,0.419920505026888,0.580079494973112,169.19920505026886,169.19920505026886,17.018742952398583,0.019804152032749777,0.0,0.16788040498912907
current,Current mechanism,2017-08-18,2017-08-01,0.0,0.0,0.0,0.0,7725.0,6740.0,-10.214690409491569,-8.853540053196289,0.0,0.0,0.0,0.0,0.0,0.0,0.1773581042916371,0.08500527779568098,0.0,0.0,0.0,0.015499340582666055,0.0,0.0,0.018,0.03,7725.0,6740.0,0.419920505026888,0.580079494973112,0.0,0.0,0.0,0.019804152032749777,0.019804152032749777,0.032860376054064465
current,Current mechanism,2017-09-01,2017-09-01,0.0,0.0,-89.327884905606,-85.80600431000003,7725.0,6740.0,-96.4781681922501,-92.00348234723744,0.0,0.0,0.0,0.0,0.0,0.0,0.0,0.0,0.9839023255290118,0.05528049153231537,0.0,0.010849538407866238,0.0,0.0,0.016,0.03,7725.0,6740.0,0.417678148350647,0.582321851649353,0.0,0.0,87.27701687588481,0.04279408611558432,0.0,0.1639837209215019
current,Current mechanism,2017-09-16,2017-09-01,95.0,95.0,106.69012757483448,102.533700738985,7820.0,6835.0,-55.84459015974059,-56.8687369040812,0.20299139339338007,0.00017885583661220105,0.00017885583661220105,0.0,0.0,0.0,0.13305350157154516,0.06377069662505737,0.011464248468127396,0.0006441180937609126,0.0012775847227885415,0.007594676885506366,0.0,0.0,0.016,0.03,7725.0,6740.0,0.417678148350647,0.582321851649353,95.0,95.0,9.269749403537551,0.04279408611558432,0.0,0.05791819057217542
current,Current mechanism,2017-09-30,2017-09-01,210.0,195.0,222.48869776317963,213.8464013029109,8030.0,7030.0,-26.602515348638775,-20.961714529945937,0.8797895078779977,0.0007751830550234923,0.0007751830550234923,0.0,0.0,0.0,0.4153293204777994,0.1990615788599827,0.03564376621962455,0.0020026428086999,0.0021692405502051772,0.005316273819854456,0.0,0.0,0.016,0.03,7820.0,6835.0,0.417678148350647,0.582321851649353,201.2651722252597,201.2651722252597,16.190927460673585,0.04279408611558432,0.04279408611558432,0.2289261134485009
current,Current mechanism,2017-10-19,2017-10-01,0.0,0.0,0.0,0.0,8030.0,7030.0,-18.62176074404714,-14.673200170962154,0.0,0.0,0.0,0.0,0.0,0.0,0.2509296257489305,0.12026708691518129,0.0,0.0,0.0,0.003721391673898119,0.0,0.0,0.019,0.03,8030.0,7030.0,0.4149379069850193,0.5850620930149806,0.0,0.0,0.0,0.0348383214519234,0.0348383214519234,0.0476279912001423
current,Current mechanism,2017-11-03,2017-11-01,150.0,150.0,113.59826254769231,109.39169958985336,8180.0,7180.0,-49.43696997314068,-50.87954052982015,0.4662835739998551,0.0004108427324534587,0.0004108427324534587,0.0,0.0,0.0,0.3317079826944733,0.1589830322589787,0.19650116160686837,0.011040405656585999,0.0,0.002604974171728683,0.0,0.0,0.017,0.03,8030.0,7030.0,0.4178427787934186,0.5821572212065813,150.0,150.0,38.85061845467374,0.006822475470572363,0.0,0.16574878638353274
current,Current mechanism,2017-11-17,2017-11-01,265.0,250.0,227.33789008907308,218.5419250624712,8445.0,7430.0,-72.2679888921254,-67.0737533084029,1.2987303572584885,0.0011443120848526821,0.0011443120848526821,0.0,0.0,0.0,0.6299169949807356,0.3019104729407218,0.1501114015090888,0.008433999844004324,0.0,0.001823481920210078,0.0,0.0,0.017,0.03,8180.0,7180.0,0.4178427787934186,0.5821572212065813,256.26764168190124,256.26764168190124,34.05038615054502,0.006822475470572363,0.0,0.34645979229138535
current,Current mechanism,2017-11-30,2017-11-01,0.0,0.0,0.0,0.0,8445.0,7430.0,-50.58759222448778,-46.95162731588203,0.0,0.0,0.0,0.0,0.0,0.0,0.40692073798411565,0.19503146197528623,0.0,0.0,0.0,0.0012764373441470544,0.0,0.0,0.017,0.03,8445.0,7430.0,0.4178427787934186,0.5821572212065813,0.0,0.0,0.0,0.006822475470572363,0.006822475470572363,0.06895720224244797
current,Current mechanism,2017-12-14,2017-12-01,0.0,0.0,0.0,0.0,8445.0,7430.0,-35.411314557141445,-32.86613912111742,0.0,0.0,0.0,0.0,0.0,0.0,0.0,0.0,0.0,0.0,0.0,0.000893506140902938,0.0,0.0,0.018,0.03,8445.0,7430.0,0.4114952718676123,0.5885047281323877,0.0,0.0,0.0,0.05012497313057164,0.0,0.0
current,Current mechanism,2017-12-29,2017-12-01,70.0,70.0,0.0,0.0,8515.0,7500.0,-94.78792018999901,-93.00629738478219,0.09137225788255635,8.050815038773636e-05,8.050815038773636e-05,0.0,0.0,0.0,0.07227513680616296,0.03464046994901504,0.6339104427641187,0.03561621916548144,0.0,0.0006254542986320566,0.0,0.0,0.018,0.03,8445.0,7430.0,0.4114952718676123,0.5885047281323877,70.0,70.0,70.0,0.05012497313057164,0.05012497313057164,0.1412804684305682
current,Current mechanism,2018-01-13,2018-01-01,180.0,175.0,225.4521955087585,217.12236075368355,8695.0,7675.0,-20.899348624240815,-22.98204741566397,0.5700356801598675,0.0005022587744704011,0.0005022587744704011,0.0,0.0,0.0,0.3384935130877215,0.16223524279862583,0.2447599858024595,0.013751824720332494,0.005338778993827978,0.00043781800904243957,0.0,0.0,0.015,0.03,8515.0,7500.0,0.4323183818982138,0.5676816181017862,177.16159190949105,177.16159190949105,43.561909526985986,0.11056096424407219,0.0,0.19221486317500802
current,Current mechanism,2018-01-27,2018-01-01,65.0,60.0,0.0,0.0,8760.0,7735.0,-79.62954403696857,-76.08743319096477,0.06679530109133827,5.8853379243047136e-05,5.8853379243047136e-05,0.0,0.0,0.0,0.11485470434482953,0.055048265699316035,0.49839351631115186,0.028002209003201627,0.0,0.0003064726063297077,0.0,0.0,0.015,0.03,8695.0,7675.0,0.4323183818982138,0.5676816181017862,62.161591909491065,62.161591909491065,62.161591909491065,0.11056096424407219,0.11056096424407219,0.1317674143318986
current,Current mechanism,2018-02-10,2018-02-01,-170.0,-160.0,0.0,0.0,8590.0,7575.0,114.259319174122,106.73879676632467,-0.460461294828912,-0.00040571271883711404,0.0,0.00040571271883711404,1.3301521467672952,0.32673625935732226,0.5473873494417956,0.2623551592806204,3.142586158253818,0.1956908293694371,0.020093011156628128,0.00021453082443079538,0.0,0.0,0.0289999999999999,0.03,8760.0,7735.0,0.4323183818982138,0.5676816181017862,-164.32318381898213,164.32318381898213,164.32318381898213,0.0,0.0,0.7599440599389993
current,Current mechanism,2018-03-01,2018-03-01,-190.0,-185.0,-152.73941088260733,-146.21615845913513,8400.0,7390.0,117.24211253927807,113.50099927729214,-0.6243371664175323,-0.0005501038460842467,0.0,0.0005501038460842467,1.4602917866601637,0.3587035341055874,0.3017541916160175,0.1446265959301879,0.18809916702053384,0.010568340108479181,0.004847608595784601,0.00015017157710155675,0.0,0.0,0.021,0.03,8590.0,7575.0,0.4323183818982138,0.5676816181017862,-187.16159190949105,187.16159190949105,38.12531151792683,0.0017362205638001733,0.0,0.2209679964798637
current,Current mechanism,2018-03-14,2018-03-01,0.0,0.0,-63.13423208262028,-60.56793170144131,8400.0,7390.0,18.93524669487436,18.882767792663188,0.0,0.0,0.0,0.0,0.03947464912192802,0.009696484138966687,0.21692064955146967,0.10396705664163838,0.4908040398485164,0.027575794735807912,0.0,0.00010512010397108972,0.0,0.0,0.021,0.03,8400.0,7390.0,0.4323183818982138,0.5676816181017862,0.0,0.0,61.67739052969737,0.0017362205638001733,0.0,0.12453322308698564
current,Current mechanism,2018-03-29,2018-03-01,170.0,165.0,109.57634570964316,105.41691464123436,8570.0,7555.0,-47.168981603944786,-46.365147903901416,0.5221509261073786,0.00046006748939246594,0.00046006748939246594,0.0,0.0,0.0,0.41108480417340176,0.19702724110584022,0.46394643308894495,0.026066801754972675,0.0,7.35840727797628e-05,0.0,0.0,0.021,0.03,8400.0,7390.0,0.4323183818982138,0.5676816181017862,167.16159190949105,167.16159190949105,59.94647875914505,0.0017362205638001733,0.0017362205638001733,0.2331530639889208
current,Current mechanism,2018-04-13,2018-04-01,55.0,50.0,0.0,0.0,8625.0,7605.0,-88.01828712276135,-82.45560353273099,0.048416216099740804,4.265955660166753e-05,4.265955660166753e-05,0.0,0.0,0.0,0.10510831980086718,0.05037695885956359,0.35113437160528155,0.019728463031931605,0.0,5.1508850945833954e-05,0.0,0.0,0.018,0.03,8570.0,7555.0,0.4364403558123622,0.5635596441876378,52.18220177906181,52.18220177906181,52.18220177906181,0.005256569572637517,0.0,0.08410981791764821
current,Current mechanism,2018-04-27,2018-04-01,255.0,245.0,314.3360506423642,302.1600555391782,8880.0,7850.0,-2.2767503435687217,-0.5588669337334977,1.0967903715151115,0.0009663826441418941,0.0009663826441418941,0.0,0.0,0.0,0.7701470938195558,0.3691208130304461,0.43556185958083876,0.024472016241461884,0.006952886768714211,3.6056195662083766e-05,0.0,0.0,0.018,0.03,8625.0,7605.0,0.4364403558123622,0.5635596441876378,249.36440355812363,249.36440355812363,58.10974761625866,0.005256569572637517,0.005256569572637517,0.3846259824146905
current,Current mechanism,2018-05-01,2018-05-01,-75.0,-65.0,0.0,0.0,8805.0,7785.0,73.4062747595019,64.60879314638655,-0.07916931503698535,-6.975613023905034e-05,0.0,6.975613023905034e-05,0.5133345521353542,0.12609460637356304,0.6693226181811763,0.3207970412215677,0.6203162089300064,0.03485242797518122,0.00835665600487377,2.5239336963458635e-05,0.0,0.0,0.018,0.03,8880.0,7850.0,0.4306552877927742,0.5693447122072258,-69.30655287792774,69.30655287792774,69.30655287792774,0.005712408423961149,0.0,0.2873006773682585
current,Current mechanism,2018-05-12,2018-05-01,170.0,165.0,106.90771206021807,102.92782260783008,8975.0,7950.0,-11.707895608130599,-16.84602218969934,0.47246678396482616,0.00041629076240559887,0.00041629076240559887,0.0,0.0,0.0,0.5841814163146658,0.2799900448600141,0.5045282135853321,0.028346886591534698,0.0,1.766753587442104e-05,0.0,0.0,0.018,0.03,8805.0,7785.0,0.4306552877927742,0.5693447122072258,167.15327643896387,167.15327643896387,62.511493393632215,0.005712408423961149,0.0,0.2601960689774706
current,Current mechanism,2018-05-26,2018-05-01,260.0,250.0,231.78388142181336,222.6972280314224,9235.0,8200.0,-36.41164550387805,-39.094987501367115,1.0491793742318216,0.0009244325663149899,0.0009244325663149899,0.0,0.0,0.0,0.5979387777454646,0.2865837572524158,0.0989966711737696,0.005562121869776608,0.0,1.2367275112094728e-05,0.0,0.0,0.018,0.03,8975.0,7950.0,0.4306552877927742,0.5693447122072258,254.30655287792774,254.30655287792774,27.696109515593328,0.005712408423961149,0.005712408423961149,0.2919712052625027
current,Current mechanism,2018-06-09,2018-06-01,-130.0,-125.0,-206.9503015082689,-198.94677865235644,9105.0,8075.0,-102.43845336098352,-101.31326990331343,-0.24683310234426187,-0.00021748479226315677,0.0,0.00021748479226315677,0.0,0.0,1.038718727290867,0.4978434693897422,0.7305188532268941,0.041044156754374186,0.0,8.65709257846631e-06,0.0,0.0,0.019,0.03,9235.0,8200.0,0.4352031684374881,0.5647968315625119,-127.17601584218744,127.17601584218744,75.25392131572394,0.0348383214519234,0.0,0.2537340796955831
current,Current mechanism,2018-06-26,2018-06-01,-55.0,-55.0,64.7068932244214,62.321397832149,9050.0,8020.0,47.99997587173296,46.402108899829614,-0.04776088500237957,-4.208214398472277e-05,0.0,4.208214398472277e-05,0.24427727486488796,0.06000384484536498,0.05802712663149533,0.02781159642349653,1.807901053599536,0.1015768092945993,0.013784188542569456,6.059964804926416e-06,0.0,0.0,0.019,0.03,9105.0,8075.0,0.4352031684374881,0.5647968315625119,-55.0,55.0,118.35957298515898,0.0348383214519234,0.0348383214519234,0.34954714859091035
current,Current mechanism,2018-07-10,2018-07-01,270.0,260.0,312.9220713028034,301.24930343589665,9320.0,8280.0,76.52205441301646,73.73077966577739,1.1104070099240064,0.0009783802722863992,0.0009783802722863992,0.0,0.6174105768101118,0.15165966002073789,1.2262430444866474,0.5877212719313223,0.22731344218743307,0.012771591742368868,0.004777920291527817,4.241975363448491e-06,0.0,0.0,0.021,0.03,9050.0,8020.0,0.4512468212699738,0.5487531787300262,264.51246821269973,264.51246821269973,42.00413461856086,0.0,0.0,0.5302290122346995
current,Current mechanism,2018-07-24,2018-07-01,-125.0,-120.0,-50.89953115867601,0.0,9195.0,8160.0,127.66590693043551,171.61154576604417,-0.2229386088458571,-0.00019643133992885026,0.0,0.00019643133992885026,2.651780117767593,0.6513786550081642,1.0519347362479563,0.5041777190550425,1.3603973157297544,0.07643383935732528,0.011377979080355937,2.9693827544139435e-06,0.0,0.0,0.021,0.03,9320.0,8280.0,0.4512468212699738,0.5487531787300262,-122.25623410634986,122.25623410634986,99.28798246686533,0.0,0.0,0.8068622601499075
current,Current mechanism,2018-08-07,2018-08-01,70.0,70.0,0.0,0.0,9265.0,8230.0,19.36613485130485,50.12808203623091,0.07569930393690887,6.669870140927196e-05,6.669870140927196e-05,0.0,0.18336837410294712,0.04504228842124523,0.27038723737314,0.12959285011028546,0.6325062076848156,0.03553732230407901,0.0,0.00039776148518728976,0.0,0.0,0.023,0.03,9195.0,8160.0,0.4407490003075976,0.5592509996924023,70.0,70.0,70.0,0.0,0.0,0.1936601871829685
current,Current mechanism,2018-08-21,2018-08-01,-50.0,-50.0,-129.9812277212394,-173.73041406283016,9215.0,8180.0,-66.42493332532601,-88.64075663746854,-0.03799577192875814,-3.347809708796276e-05,0.0,3.347809708796276e-05,0.0,0.0,0.11049246445049316,0.05295750466242695,1.4906338479799897,0.08375117089669967,0.0,0.0006741159568903028,0.0,0.0,0.023,0.03,9265.0,8230.0,0.4407490003075976,0.5592509996924023,-50.0,50.0,104.44800391850322,0.0,0.0,0.2605217567502873
current,Current mechanism,2018-09-04,2018-09-01,180.0,170.0,145.46604994106687,139.8273690336327,9395.0,8350.0,-81.03140338666134,-92.22116061259528,0.4646787167003123,0.0004094286917389508,0.0004094286917389508,0.0,0.0,0.0,0.5704352790871682,0.27340171207247155,0.13303667077152778,0.007474657149650182,0.0,0.0004718811698232119,0.0,0.0,0.025,0.03,9215.0,8180.0,0.4464122486288848,0.5535877513711152,174.46412248628883,174.46412248628883,32.1195772294677,0.0,0.0,0.19469177775983465
current,Current mechanism,2018-09-18,2018-09-01,145.0,145.0,88.24098253341916,84.70441594940971,9540.0,8495.0,-113.48099983724379,-124.85039647940698,0.3101477666004757,0.0002732713803349989,0.0002732713803349989,0.0,0.0,0.0,0.18455270316087105,0.08845354917831869,0.44624429082644007,0.025072207982750325,0.0,0.0003303168188762483,0.0,0.0,0.025,0.03,9395.0,8350.0,0.4464122486288848,0.5535877513711152,145.0,145.0,58.71681740939685,0.0,0.0,0.1568241267646311
current,Current mechanism,2018-10-01,2018-10-01,240.0,230.0,193.0455202718105,185.59017459236384,9780.0,8725.0,-126.39117961426015,-131.80510294322104,0.7803846680925283,0.000687597391976796,0.000687597391976796,0.0,0.0,0.0,0.517192929754311,0.24788339299925838,0.26736956223494157,0.015022142379001558,0.0,0.0002312217732133738,0.0,0.0,0.025,0.03,9540.0,8495.0,0.4537403015663885,0.5462596984336114,234.53740301566387,234.53740301566387,45.56443762642625,0.0,0.0,0.2608245266802967
current,Current mechanism,2018-10-20,2018-10-01,165.0,160.0,128.22853400711935,123.20417918748176,9945.0,8885.0,-125.24529172286275,-129.05939287277297,0.35506791264604337,0.0003128505475470422,0.0003128505475470422,0.0,0.0,0.0,0.2561852957579262,0.12278605660591772,0.17449672590243262,0.009804087792433771,0.0,0.00016185524124936163,0.0,0.0,0.025,0.03,9780.0,8725.0,0.4537403015663885,0.5462596984336114,162.26870150783193,162.26870150783193,36.78477004931129,0.0,0.0,0.1309583223844003
current,Current mechanism,2018-11-03,2018-11-01,-375.0,-365.0,-364.28813323575343,-349.9996286537153,9570.0,8520.0,-76.95983744175737,-75.3412036646564,-1.7795899276974203,-0.001567997736377667,0.0,0.001567997736377667,0.0,0.0,2.548689498120229,1.394800728665537,0.02289045263563281,0.0012860986708356484,0.0014513444963718764,0.006408841240921954,0.0,0.0,0.022,0.03,9945.0,8885.0,0.4500618371247611,0.5499381628752389,-369.5006183712476,369.5006183712476,13.07027909557465,0.0,0.0,0.13199833717640685
current,Current mechanism,2018-11-17,2018-11-01,-510.0,-490.0,-439.9339464110721,-422.64354337674615,9060.0,8030.0,16.194167379697774,14.617614057994388,-2.898007981610136,-0.0030971455474358813,0.0,0.0030971455474358813,0.02570878378178491,0.00631506092434713,2.22127127188888,1.0646244911142932,0.6059355081791382,0.03404444918962474,0.008009206312259829,0.010781731440692766,0.0,0.0,0.022,0.03,9570.0,8520.0,0.4500618371247611,0.5499381628752389,-499.0012367424952,499.0012367424952,68.5759428114928,0.0,0.0,-0.0075154029600555255
current,Current mechanism,2018-12-01,2018-12-01,-540.0,-520.0,-451.2771960804037,-433.4257894419086,8520.0,7510.0,100.05872108538472,96.8065403986875,-2.898007981610136,-0.003907082381170182,0.0,0.003907082381170182,1.0611512279033375,0.2606593416100561,2.38565860415133,1.1434130579005215,0.9878446501294124,0.05550199079706496,0.010875428042686245,0.007547212008484936,0.0,0.0,0.019,0.03,9060.0,8030.0,0.4468037130294261,0.5531962869705739,-528.9360742605885,528.9360742605885,87.53421004980217,0.0348383214519234,0.0,0.25610775009565717
current,Current mechanism,2018-12-15,2018-12-01,-125.0,-120.0,-156.0910769027586,-149.8760214782586,8395.0,7390.0,38.950027857010696,37.888556800822656,-0.2694531611265141,-0.00023741533941633877,0.0,0.00023741533941633877,0.16181432699586695,0.03974778978596171,1.1500882611955336,0.5512213412685188,0.11925455884438756,0.006700310040270134,0.0,0.005283048405939455,0.0,0.0,0.019,0.03,8520.0,7510.0,0.4468037130294261,0.5531962869705739,-122.23401856514712,122.23401856514712,30.418912753461743,0.0348383214519234,0.0,0.19361733098487893
current,Current mechanism,2018-12-29,2018-12-01,-370.0,-355.0,-278.58280726516523,-267.6115306769986,8025.0,7035.0,118.68221223474225,113.91045908357725,-2.4338826688172692,-0.002144495457024858,0.0,0.002144495457024858,1.4791870911640688,0.36334494383305943,1.4675228756633714,0.7033633462396207,1.0251033098864994,0.057595366299658314,0.011787250739942393,0.0036981338841576184,0.0,0.0,0.019,0.03,8395.0,7390.0,0.4468037130294261,0.5531962869705739,-361.7020556954414,361.7020556954414,89.18851790217713,0.0348383214519234,0.0348383214519234,0.2621281548914322
current,Current mechanism,2019-01-15,2019-01-01,105.0,105.0,-53.09449966336221,-50.85580066071782,8130.0,7140.0,-75.01695109904264,-76.11847930221374,0.22539690382121902,0.00019859734508359032,0.00019859734508359032,0.0,0.0,0.0,1.4406924712248774,0.6905039057772082,3.142586158253818,0.1780855382301924,0.0,0.0025886937189103327,0.0,0.0,0.017,0.03,8025.0,7035.0,0.4686468646864686,0.5313531353135313,105.0,105.0,156.90495992928382,0.013262080104114293,0.0,0.8014459222166521
current,Current mechanism,2019-01-29,2019-01-01,245.0,230.0,258.9559822758086,248.8870320852581,8375.0,7370.0,-38.555883493521264,-34.39590342629151,1.1088001450839062,0.0009769644627267205,0.0009769644627267205,0.0,0.0,0.0,0.5845035893036677,0.2801444579021345,0.036567687729630476,0.0020545532818080363,0.0021095731947151745,0.0018120856032372327,0.0,0.0,0.017,0.03,8130.0,7140.0,0.4686468646864686,0.5313531353135313,237.02970297029702,237.02970297029702,16.576111052446787,0.013262080104114293,0.013262080104114293,0.29052225037021967
current,Current mechanism,2019-02-15,2019-02-01,50.0,50.0,118.92425444097697,114.35742548068376,8425.0,7420.0,41.935135995512084,40.2802930822797,0.046714293936998996,4.115999197886536e-05,4.115999197886536e-05,0.0,0.1844554768195569,0.04530932244139511,0.23718404675455831,0.11367902168102788,0.5687722453490393,0.031956433557495896,0.00835661424880494,0.0012684599222660628,0.0,0.0,0.015,0.03,8375.0,7370.0,0.4686468646864686,0.5313531353135313,50.0,50.0,66.49765555448454,0.20358035909685038,0.20358035909685038,0.20678440365950057
current,Current mechanism,2019-03-01,2019-03-01,270.0,260.0,154.84262562810693,148.79339819218742,8695.0,7680.0,-85.8027791750346,-83.01039665021679,1.2867222719286022,0.001133731753776155,0.001133731753776155,0.0,0.0,0.0,0.8794489841993244,0.4215076920650085,1.6447811904768512,0.09241192983640949,0.0,0.0008879219455862439,0.0,0.0,0.023,0.03,8425.0,7420.0,0.4686468646864686,0.5313531353135313,264.6864686468647,264.6864686468647,113.05811898305822,0.0,0.0,0.6351587411007961
current,Current mechanism,2019-03-14,2019-03-01,0.0,0.0,0.0,0.0,8695.0,7680.0,-60.06194542252422,-58.10727765515175,0.0,0.0,0.0,0.0,0.0,0.0,0.43259575891433305,0.20733714315799812,0.0,0.0,0.0,0.0006215453619103707,0.0,0.0,0.023,0.03,8695.0,7680.0,0.4686468646864686,0.5313531353135313,0.0,0.0,0.0,0.0,0.0,0.07209929315238882
current,Current mechanism,2019-03-29,2019-03-01,80.0,80.0,157.67982860483457,151.88804080900204,8775.0,7760.0,35.63646680906763,31.212946450395805,0.1104615379965673,9.732772637093874e-05,9.732772637093874e-05,0.0,0.12074485889989045,0.029659557088607104,0.093970825683318,0.04503891250870015,0.7158538680078189,0.040220205463488944,0.008977116748247778,0.00043508175333725947,0.0,0.0,0.023,0.03,8695.0,7680.0,0.4686468646864686,0.5313531353135313,80.0,80.0,74.60234400044831,0.0,0.0,0.17350518176459903
current,Current mechanism,2019-04-01,2019-04-01,-225.0,-200.0,0.0,0.0,8550.0,7560.0,249.94552676634734,221.84906251527707,-0.7502919066771795,-0.0006610826421199723,0.0,0.0006610826421199723,3.765941984799191,1.4789189341672824,0.9056586996897913,0.4340696449293071,3.142586158253818,0.32399294097612225,0.025707387336083444,0.0003045572273360816,0.0,0.0,0.025,0.03,8775.0,7760.0,0.4672233652023074,0.5327766347976925,-211.68058413005767,211.68058413005767,211.68058413005767,0.0,0.0,1.177315822677603
current,Current mechanism,2019-04-13,2019-04-01,155.0,150.0,181.3735281712936,174.6184414062686,8705.0,7710.0,201.3353969077367,179.91278516696252,0.41231779684729475,0.0003632934543304013,0.0003632934543304013,0.0,3.765941984799191,0.9663504769640112,1.0151540956740086,0.48654926851437585,0.08324421483196222,0.004677071080870048,0.0031021278737887927,0.0002131900591352571,0.0,0.0,0.025,0.03,8550.0,7560.0,0.4672233652023074,0.5327766347976925,152.33611682601153,152.33611682601153,25.43845895084561,0.0,0.0,0.8794430153587424
current,Current mechanism,2019-04-27,2019-04-01,195.0,185.0,143.94608777164467,138.38561166936722,8900.0,7895.0,89.88086560706034,79.32456128624096,0.6142316988113576,0.0005411999126078296,0.0005411999126078296,0.0,0.7740017274876577,0.19012443786226935,0.314038863629642,0.1505144687247113,0.30496164145296073,0.01713425103346226,0.0,0.00014923304139467997,0.0,0.0,0.025,0.03,8705.0,7710.0,0.4672233652023074,0.5327766347976925,189.67223365202307,189.67223365202307,48.68863762602277,0.0,0.0,0.3345389885636029
current,Current mechanism,2019-05-14,2019-05-01,-75.0,-75.0,0.0,0.0,8825.0,7820.0,137.91660592494225,130.52719290036868,-0.09216719629101536,-8.120857108894598e-05,0.0,8.120857108894598e-05,1.9626460506216965,0.48210096159378835,0.4804155370800052,0.2302564991318118,0.7244874565500916,0.040705283103739456,0.008963567674184861,0.00010446312897627598,0.0,0.0,0.027,0.03,8900.0,7895.0,0.4698548043277158,0.5301451956722841,-75.0,75.0,75.0,0.0,0.0,0.5125636413267961
current,Current mechanism,2019-05-28,2019-05-01,50.0,50.0,0.0,0.0,8875.0,7870.0,46.54162414745957,41.36903503025806,0.04171560789914591,3.6755646758527074e-05,3.6755646758527074e-05,0.0,0.20909907441577152,0.05136273288415021,0.11782245583480128,0.05647066779839784,0.32199442513337406,0.018091236934995314,0.0,7.312419028339318e-05,0.0,0.0,0.027,0.03,8825.0,7820.0,0.4698548043277158,0.5301451956722841,50.0,50.0,50.0,0.0,0.0,0.11510526054718208
current,Current mechanism,2019-06-12,2019-06-01,-465.0,-445.0,-463.0776513193639,-444.9145147410939,8410.0,7425.0,34.5014855838578,29.043809780086747,-2.898007981610136,-0.0029883132654126613,0.0,0.0029883132654126613,0.10866169532030794,0.02669146980717064,2.548689498120229,1.5929027514351244,0.00021160448699340887,1.188898506276999e-05,0.00011855250417564473,5.1186933198375224e-05,0.0,0.0,0.027,0.03,8875.0,7870.0,0.4621143188022169,0.5378856811977831,-454.2422863760443,454.2422863760443,0.934326147771565,0.0,0.0,-0.04007419728043431
current,Current mechanism,2019-06-26,2019-06-01,-120.0,-115.0,-89.09653983440987,-85.42954762351957,8290.0,7310.0,55.05450007429059,49.901119222541155,-0.25322365153466486,-0.00022311550892928627,0.0,0.00022311550892928627,0.2985475385041108,0.07333469799544265,0.8181428756464986,0.39212452511631407,0.11729308989246538,0.006590105028071049,0.0038735054297457305,3.5830853238862655e-05,0.0,0.0,0.027,0.03,8410.0,7425.0,0.4621143188022169,0.5378856811977831,-117.31057159401108,117.31057159401108,30.18645436290291,0.0,0.0,0.16345997541806825
current,Current mechanism,2019-07-10,2019-07-01,150.0,140.0,178.56978187593415,171.87021050551672,8440.0,7450.0,67.10793192793756,66.80099396129555,0.395864862080301,0.0003487967637895668,0.0003487967637895668,0.0,0.4927324306581233,0.12103393709399587,0.601201062783257,0.28814732519307357,0.11968824937103713,0.006724676915786163,0.0038275752426662115,2.5081597267203857e-05,0.0,0.0,0.0279999999999999,0.03,8290.0,7310.0,0.4567960581660858,0.5432039418339142,144.56796058166088,144.56796058166088,30.36258771726491,0.0,0.0,0.26824776748211965
current,Current mechanism,2019-07-23,2019-07-01,0.0,0.0,0.0,0.0,8440.0,7450.0,46.97555234955629,46.76069577290688,0.0,0.0,0.0,0.0,0.2414388910224803,0.05930662917605796,0.12912389546370787,0.061887290957419856,0.0,0.0,0.0,1.75571180870427e-05,0.0,0.0,0.0279999999999999,0.03,8440.0,7450.0,0.4567960581660858,0.5432039418339142,0.0,0.0,0.0,0.0,0.0,0.06176046441436467
current,Current mechanism,2019-08-07,2019-08-01,-80.0,-70.0,0.0,0.0,8360.0,7380.0,112.88288664468939,102.73248704103482,-0.10101223222183514,-8.900193747175609e-05,0.0,8.900193747175609e-05,1.260529937737813,0.3096343810483093,0.08169306273738285,0.03915435113442779,0.7168337165610182,0.04027525819407271,0.009436566226339519,1.2289982660929888e-05,0.0,0.0,0.0279999999999999,0.03,8440.0,7450.0,0.4597425441752618,0.5402574558247382,-74.59742544175262,74.59742544175262,74.59742544175262,0.0,0.0,0.32634074746906305
current,Current mechanism,2019-08-21,2019-08-01,-210.0,-205.0,-221.80330339675825,-212.60036312776705,8150.0,7175.0,67.21471725452432,64.31237780095731,-0.8023608802083606,-0.0007069606454519189,0.0,0.0007069606454519189,0.4722115181057185,0.11599321583344939,0.4744101759298605,0.22737821288224733,0.012080104938523177,0.000678719951601355,0.0,8.602987862650922e-06,0.0,0.0,0.0279999999999999,0.03,8360.0,7380.0,0.4597425441752618,0.5402574558247382,-207.2987127208763,207.2987127208763,9.532633580049726,0.0,0.0,0.026056819794290243
current,Current mechanism,2019-09-04,2019-09-01,115.0,105.0,116.23958611800984,111.77485622531916,8265.0,7280.0,48.28988819617686,51.79352068598928,0.2353171596090938,0.0002073380883175113,0.0002073380883175113,0.0,0.2794588999500088,0.06864579802821026,0.7222597561879541,0.34616907674228475,0.003435001742975382,0.00019299536126611178,0.0005519849613197893,6.022091503855645e-06,0.0,0.0,0.03,0.03,8150.0,7175.0,0.4530451568946591,0.5469548431053408,109.53045156894657,109.53045156894657,4.267128911098889,0.0,0.0,0.2067451362483386
current,Current mechanism,2019-09-19,2019-09-01,125.0,125.0,124.15294760830255,119.35122453582883,8390.0,7405.0,32.955869345626354,30.606689016021335,0.30062519190654163,0.0002648810341478324,0.0002648810341478324,0.0,0.1098483303509741,0.026982952771795778,0.13468683387709993,0.06455353012973916,0.0023683660129899193,0.0001330664985023986,0.0,4.2154640526989514e-06,0.0,0.0,0.03,0.03,8265.0,7280.0,0.4530451568946591,0.5469548431053408,125.0,125.0,3.4733780814376045,0.0,0.0,0.0912547870246009
current,Current mechanism,2019-10-08,2019-10-01,0.0,0.0,-129.15693803231406,-124.10629749177625,8390.0,7405.0,-106.08782949037561,-102.68161518056131,0.0,0.0,0.0,0.0,0.0,0.0,0.09664496400234512,0.04632058989006859,2.058001558771117,0.11562869076660595,0.0,2.9508248368892657e-06,0.0,0.0,0.038,0.03,8390.0,7405.0,0.4591541029309269,0.540845897069073,0.0,0.0,126.42531981839345,0.16945538967764592,0.0,0.35910775379557686
current,Current mechanism,2019-10-22,2019-10-01,-150.0,-145.0,-115.86771343951646,-111.21790016771084,8240.0,7260.0,-40.12919408277941,-38.095030794103764,-0.4019286894212773,-0.0003541396056411939,0.0,0.0003541396056411939,0.0,0.0,0.31846476543134294,0.1526357420302229,0.14845729654761256,0.008341064058668838,0.004383169789613052,2.0655773858224857e-06,0.0,0.0,0.038,0.03,8390.0,7405.0,0.4591541029309269,0.540845897069073,-147.29577051465463,147.29577051465463,33.942889505331564,0.16945538967764592,0.16945538967764592,0.039074793705887345
current,Current mechanism,2019-11-05,2019-11-01,105.0,105.0,67.01728061237993,64.55333601140991,8345.0,7365.0,-66.07315524556564,-67.11318554446272,0.21341966795303924,0.00018804419548599355,0.00018804419548599355,0.0,0.0,0.0,0.4874397856062873,0.23362312395940174,0.20021386291478502,0.011249003550796638,0.0,1.4459041700757399e-06,0.0,0.0,0.045,0.03,8240.0,7260.0,0.4515060355660485,0.5484939644339515,105.0,105.0,39.334178129951745,1.0422121514469456,0.0,0.15017888607901853
current,Current mechanism,2019-11-19,2019-11-01,70.0,65.0,117.49443538553297,112.99872985387836,8415.0,7430.0,1.2432267136370285,1.0194999727544598,0.08454357753927562,7.449139610403185e-05,7.449139610403185e-05,0.0,0.00013719639568778375,3.3700683965573325e-05,0.047342755577020945,0.022690725667772325,0.2944609481725712,0.016544270228550647,0.006029789943430849,1.0121329190530178e-06,0.0,0.0,0.045,0.03,8345.0,7365.0,0.4515060355660485,0.5484939644339515,67.25753017783025,67.25753017783025,47.77103785771784,1.0422121514469456,1.0422121514469456,0.24478277152191674
current,Current mechanism,2019-12-03,2019-12-01,55.0,50.0,86.32870235584448,83.01370330386142,8470.0,7480.0,32.1989610553904,33.727353284789544,0.05007380624866352,4.4120060260909785e-05,4.4120060260909785e-05,0.0,0.12063226136058232,0.029631898824929684,0.024608486216581092,0.011794505897130853,0.1344601985825868,0.007554637971997514,0.004050405167850648,7.084930433371124e-07,0.0,0.0,0.045,0.03,8415.0,7430.0,0.4540996396329457,0.5459003603670542,52.27049819816473,52.27049819816473,32.248544980585756,1.1863977206162588,0.0,0.0549624587347356
current,Current mechanism,2019-12-16,2019-12-01,0.0,0.0,0.0,0.0,8470.0,7480.0,22.539272738773278,23.609147299352678,0.0,0.0,0.0,0.0,0.05910980806668532,0.01451963042421554,0.016885507175553423,0.008092989231654548,0.0,0.0,0.0,4.959451303359786e-07,0.0,0.0,0.045,0.03,8470.0,7480.0,0.4540996396329457,0.5459003603670542,0.0,0.0,0.0,1.1863977206162588,0.0,0.012665885873706451
current,Current mechanism,2019-12-31,2019-12-01,235.0,230.0,196.40804943409307,188.8995283777183,8705.0,7710.0,-22.81445964876565,-24.57406851273484,0.9825174246417017,0.0008656966831584278,0.0008656966831584278,0.0,0.0,0.0,0.7924743954689497,0.37982197882557567,0.2066115081284869,0.01160845485290902,0.0,3.47161591235185e-07,0.0,0.0,0.045,0.03,8470.0,7480.0,0.4540996396329457,0.5459003603670542,232.27049819816472,232.27049819816472,39.96135311457026,1.1863977206162588,1.1863977206162588,0.5280001748092326
current,Current mechanism,2020-01-14,2020-01-01,0.0,0.0,0.0,0.0,8705.0,7710.0,-15.970121754135953,-17.201847958914385,0.0,0.0,0.0,0.0,0.0,0.0,0.3338114483005657,0.1599911941295269,0.0,0.0,0.0,0.07526713925469727,0.2770712406348351,0.0016314180407545928,0.054,0.035,8705.0,7710.0,0.432370472260431,0.567629527739569,0.0,0.0,0.0,1.397104975512715,1.397104975512715,0.33466461074135245
current,Current mechanism,2020-02-05,2020-02-01,-420.0,-405.0,-471.7363505423203,-453.1126879418056,8285.0,7305.0,-62.915435770215424,-60.153981513045665,-2.898007981610136,-0.002572776297526263,0.0,0.002572776297526263,0.0,0.0,2.4905791180165795,1.1937000039817425,0.3183317131895347,0.01788544769012504,0.0,0.12366156719341188,1.3387755620044361,0.007882819593152705,0.052,0.035,8705.0,7710.0,0.432370472260431,0.567629527739569,-411.48555708390643,411.48555708390643,49.679452651702576,1.075389050268844,0.0,0.20827973526673557
current,Current mechanism,2020-02-19,2020-02-01,-415.0,-400.0,-288.10578340197225,-276.5565323083288,7870.0,6905.0,82.85341155887693,81.33568063253921,-2.898007981610136,-0.0027867848401984642,0.0,0.0027867848401984642,0.7415379206866873,0.18215008483474043,1.4075726811642901,0.674630050077863,2.0144200986750613,0.11318006911657519,0.01677622770941083,0.15753766675051212,2.5552984125276432,0.015045805259894759,0.052,0.035,8285.0,7305.0,0.432370472260431,0.567629527739569,-406.48555708390643,406.48555708390643,124.93546962596473,1.075389050268844,1.075389050268844,0.816035030285398
current,Current mechanism,2020-03-03,2020-03-01,0.0,0.0,0.0,0.0,7870.0,6905.0,57.99738809121384,56.93497644277744,0.0,0.0,0.0,0.0,0.3633535811364767,0.08925354156902279,1.0229793170717352,0.49029978852237427,0.0,0.0,0.0,0.17691857677454098,3.4265833336239595,0.02017600186802032,0.043,0.035,7870.0,6905.0,0.432370472260431,0.567629527739569,0.0,0.0,0.0,0.14790899499040247,0.0,0.8021527053053616
current,Current mechanism,2020-03-18,2020-03-01,-1015.0,-975.0,-938.8164470425208,-901.8415785731598,6855.0,5930.0,116.78172462132886,113.01290493678437,-2.898007981610136,-0.018509221975671925,0.0,0.018509221975671925,1.4481911981842424,0.35573116660292714,2.548689498120229,6.941176438282249,0.7154552994476979,0.040197811913498124,0.01162736451990721,0.19048521379136119,3.651903280774391,0.02421412690500602,0.043,0.035,7870.0,6905.0,0.432370472260431,0.567629527739569,-992.2948188904172,992.2948188904172,74.46639897539247,0.14790899499040247,0.0,0.911038549152737
current,Current mechanism,2020-03-31,2020-03-01,0.0,0.0,-1066.7576742049002,-1025.1971910918976,6855.0,5930.0,-985.01046696997,-946.0881576361485,0.0,0.0,0.0,0.0,0.0,0.0,2.548689498120229,2.921648517317273,3.142586158253818,7.888513533967061,0.0,0.1999818597031353,3.651903280774391,0.027259838262431932,0.043,0.035,6855.0,5930.0,0.432370472260431,0.567629527739569,0.0,0.0,1043.1667168028382,0.14790899499040247,0.14790899499040247,1.5818479886898063
current,Current mechanism,2020-04-15,2020-04-01,0.0,0.0,-80.9144195983278,-76.94346182894601,6855.0,5930.0,-770.4217464773068,-739.2051721742499,0.0,0.0,0.0,0.0,0.0,0.0,0.0,0.0,0.7981216519585813,0.04484241583546593,0.0,0.1399873017921947,1.8763867156360234,0.011048317870548406,0.033,0.035,6855.0,5930.0,0.4285836250320157,0.5714163749679843,0.0,0.0,78.64534930459669,0.0,0.0,0.4457513945991006
current,Current mechanism,2020-04-28,2020-04-01,0.0,0.0,-599.8614680549596,-577.0097699217346,6855.0,5930.0,-1139.1566905890743,-1094.4533904437094,0.0,0.0,0.0,0.0,0.0,0.0,0.0,0.0,3.142586158253818,2.4969290064015617,0.0,0.09799111125453629,0.6765321632120811,0.003983476501155692,0.033,0.035,6855.0,5930.0,0.4285836250320157,0.5714163749679843,0.0,0.0,586.8036335458094,0.0,0.0,0.6365197202443164
current,Current mechanism,2020-05-14,2020-05-01,0.0,0.0,601.8318872902178,579.0598537181177,6855.0,5930.0,-195.57779612213415,-187.0575195924789,0.0,0.0,0.0,0.0,0.0,0.0,0.0,0.0,3.142586158253818,2.5141422842946417,0.08508989170105158,0.0685937778781754,0.1930793195990947,0.0011368667659944133,0.024,0.035,6855.0,5930.0,0.4355107446490366,0.5644892553509634,0.0,0.0,588.9773190162759,0.0,0.0,0.5559442463088187
current,Current mechanism,2020-05-28,2020-05-01,0.0,0.0,538.4899674054891,517.6911060725428,6855.0,5930.0,401.5855101199952,386.7508423578075,0.0,0.0,0.0,0.0,3.765941984799191,4.18118331068654,0.0,0.0,3.142586158253818,2.0109163593500057,0.07679011738027038,0.04801564451472278,0.02932054718105268,0.0001726417708541908,0.024,0.035,6855.0,5930.0,0.4355107446490366,0.5644892553509634,0.0,0.0,526.7492336595062,0.0,0.0,1.15630811503901
current,Current mechanism,2020-06-11,2020-06-01,0.0,0.0,404.0630903680624,388.3040347533423,6855.0,5930.0,685.172947452059,659.0296244038075,0.0,0.0,0.0,0.0,3.765941984799191,12.167331044990485,0.0,0.0,3.142586158253818,1.1316920643392496,0.05880352957956693,0.03361095116030594,0.0,0.0,0.025,0.035,6855.0,5930.0,0.4237885811640715,0.5762114188359285,0.0,0.0,394.9825425727902,0.0,0.0,1.1514213571755012
current,Current mechanism,2020-06-29,2020-06-01,120.0,110.0,167.8326286565802,161.24135002256978,6975.0,6040.0,527.4536918730214,512.5620871052349,0.3724169437986918,0.0003281367891425406,0.0003281367891425406,0.0,3.765941984799191,7.300204943323087,0.19200444800177321,0.09202506705619268,0.32167587079422283,0.01807333897907925,0.007677532018010156,0.023527665812214157,0.0,0.0,0.025,0.035,6855.0,5930.0,0.4237885811640715,0.5762114188359285,114.23788581164072,114.23788581164072,49.796772831293396,0.0,0.0,0.7753398745656461
current,Current mechanism,2020-07-11,2020-07-01,100.0,100.0,118.44992946306022,113.74077964052924,7075.0,6140.0,387.6675137741752,372.53424061419366,0.27700175939011595,0.00024406641380484513,0.00024406641380484513,0.0,3.765941984799191,3.8853997845846395,0.08664050257712194,0.04152559038303241,0.03258736232616126,0.0018309189442796293,0.002407169443270382,0.016469366068549908,0.0,0.0,0.027,0.035,6975.0,6040.0,0.4381972333779563,0.5618027666220438,100.0,100.0,15.804316064324608,0.0,0.0,0.693695268182098
current,Current mechanism,2020-07-24,2020-07-01,0.0,0.0,109.84290891493032,105.58334952877227,7075.0,6140.0,381.2101685568529,366.3573179587078,0.0,0.0,0.0,0.0,3.765941984799191,3.7573806879308753,0.061946966328827166,0.02969032118612889,1.4889758222465608,0.08365801482303362,0.016140487449079314,0.011528556247984935,0.0,0.0,0.027,0.035,7075.0,6140.0,0.4381972333779563,0.5618027666220438,0.0,0.0,107.44987666719584,0.0,0.0,0.8861441288957628
current,Current mechanism,2020-08-07,2020-08-01,0.0,0.0,0.0,0.0,7075.0,6140.0,266.847117989797,256.45012257109545,0.0,0.0,0.0,0.0,3.765941984799191,1.838058420217286,0.0,0.0,0.0,0.0,0.0,0.008069989373589454,0.0,0.0,0.024,0.035,7075.0,6140.0,0.4554637281910009,0.5445362718089991,0.0,0.0,0.0,0.0,0.0,0.6276569974665316
current,Current mechanism,2020-08-22,2020-08-01,85.0,80.0,0.0,0.0,7160.0,6220.0,101.7929825928579,99.51508579976681,0.1795294711628682,0.00015818352307752558,0.00015818352307752558,0.0,1.110411483462325,0.27275954509087275,0.09935272349703202,0.047618381434295226,0.8716532501828935,0.04897378415072137,0.0,0.005648992561512618,0.0,0.0,0.024,0.035,7075.0,6140.0,0.4554637281910009,0.5445362718089991,82.277318640955,82.277318640955,82.277318640955,0.0,0.0,0.376824488050853
current,Current mechanism,2020-09-04,2020-09-01,0.0,0.0,0.0,0.0,7160.0,6220.0,71.25508781500052,69.66056005983675,0.0,0.0,0.0,0.0,0.5427311055956876,0.1333155246263885,0.04186843419002944,0.020066959406272015,0.0,0.0,0.0,0.003954294793058833,0.0,0.0,0.017,0.035,7160.0,6220.0,0.4748212867355044,0.5251787132644956,0.0,0.0,0.0,0.10998014826481192,0.0,0.0974332566309528
current,Current mechanism,2020-09-19,2020-09-01,-315.0,-300.0,-287.01100001622166,-275.28509755529114,6845.0,5920.0,77.8675614542787,73.47729448659459,-2.4296120780428647,-0.002140732636971181,0.0,0.002140732636971181,0.6234279915165298,0.15313776730113815,1.38239501399471,0.6625627436497448,0.0887707644762843,0.004987579932093268,0.004113945533663218,0.002768006355141183,0.0,0.0,0.017,0.035,7160.0,6220.0,0.4748212867355044,0.5251787132644956,-307.1223193010326,307.1223193010326,26.269513651107378,0.10998014826481192,0.10998014826481192,-0.037506359965088075
current,Current mechanism,2020-10-09,2020-10-01,0.0,0.0,0.0,0.0,6845.0,5920.0,54.50729301799509,51.43410614061621,0.0,0.0,0.0,0.0,0.30552567562930677,0.07504879545948852,0.5820334966405459,0.2789605767716479,0.0,0.0,0.0,0.001937604448598828,0.0,0.0,0.005,0.035,6845.0,5920.0,0.4723203301718322,0.5276796698281678,0.0,0.0,0.0,1.2738884140181432,0.0,0.14792652871164208
current,Current mechanism,2020-10-23,2020-10-01,80.0,70.0,0.0,0.0,6925.0,5990.0,-41.84489488740344,-33.99612570156866,0.15695561387057108,0.00013829368408443108,0.00013829368408443108,0.0,0.0,0.0,0.08188596890407196,0.039246808382735685,0.7185619614223594,0.040372359525113644,0.0,0.0013563231140191795,0.0,0.0,0.005,0.035,6845.0,5920.0,0.4723203301718322,0.5276796698281678,74.72320330171833,74.72320330171833,74.72320330171833,1.2738884140181432,1.2738884140181432,0.37188199303585745
current,Current mechanism,2020-11-06,2020-11-01,-160.0,-150.0,-153.7246146138079,-147.30741572421147,6765.0,5840.0,-23.01604103499028,-21.10470371530954,-0.6614560609299232,-0.0005828093259627361,0.0,0.0005828093259627361,0.0,0.0,0.5281233516651944,0.25312219251546664,0.0028190242329433055,0.00015838670282116246,0.0006992272912728281,0.0009494261798134256,0.0,0.0,-0.005,0.035,6925.0,5990.0,0.4747846483600922,0.5252153516399078,-154.74784648360094,154.74784648360094,4.393643241135645,2.4403283369278954,0.0,-0.02175228083863089
current,Current mechanism,2020-11-20,2020-11-01,150.0,145.0,153.3065080135758,147.36445802710148,6915.0,5985.0,-12.804720710917394,-12.408834573615195,0.632392328678937,0.0005572012543104102,0.0005572012543104102,0.0,0.0,0.0,0.747609425468718,0.3583188213950391,0.0010333118859807869,5.8056564641707815e-05,0.0004373263067746003,0.0006645983258693978,0.0,0.0,-0.005,0.035,6765.0,5840.0,0.4747846483600922,0.5252153516399078,147.37392324180047,147.37392324180047,2.8117288986673223,2.4403283369278954,2.4403283369278954,0.6368939004935883
current,Current mechanism,2020-12-04,2020-12-01,250.0,240.0,213.47938451594973,205.1851090739713,7165.0,6225.0,-45.48391998169245,-43.501075127559346,1.6632070087578172,0.00146545267776046,0.00146545267776046,0.0,0.0,0.0,0.5668485836922782,0.2716826587502181,0.1631916492047707,0.009168912754788382,0.0,0.00046521882810857844,0.0,0.0,0.002,0.035,6915.0,5985.0,0.4737267909874196,0.5262732090125803,244.73726790987416,244.73726790987416,35.622938347208695,1.3169539850783663,0.0,0.3988745402758109
current,Current mechanism,2020-12-18,2020-12-01,155.0,150.0,195.1856988210868,187.661899803128,7320.0,6375.0,8.346954833902089,7.211147213836455,0.5984215976853113,0.0005272696231677122,0.0005272696231677122,0.0,0.0065367174588576065,0.0016056679051140773,0.2497261962509626,0.11969029985946225,0.19413969800244377,0.01090772696948352,0.00566309480962043,0.0003256531796760049,0.0,0.0,0.002,0.035,7165.0,6225.0,0.4737267909874196,0.5262732090125803,152.36863395493708,152.36863395493708,38.857491013002814,1.3169539850783663,1.3169539850783663,0.39429636574599014
current,Current mechanism,2021-01-01,2021-01-01,90.0,85.0,79.82331370276422,76.83283860650278,7410.0,6460.0,-4.333817913504319,-3.1193583438117116,0.18712986430690204,0.00016488023396577225,0.00016488023396577225,0.0,0.0,0.0,0.0908692490150443,0.043552369859046675,0.010789943044065522,0.0006062322850603338,0.0,0.0002279572257732034,0.0,0.0,-0.003,0.03,7320.0,6375.0,0.4847108570533652,0.5152891429466349,87.42355428526683,87.42355428526683,9.14119993185842,2.401218389511367,0.0,0.04813150939433529
current,Current mechanism,2021-01-16,2021-01-01,185.0,180.0,178.70238801061197,171.80895223866645,7595.0,6640.0,-9.331284528841053,-10.374598602001754,0.7969493575856151,0.0007021925496727972,0.0007021925496727972,0.0,0.0,0.0,0.33798428078990256,0.16199117482602587,0.00698810212277189,0.00039262608716484406,0.0,0.00015957005804124238,0.0,0.0,-0.003,0.03,7410.0,6460.0,0.4847108570533652,0.5152891429466349,182.42355428526685,182.42355428526685,7.273278885538338,2.401218389511367,0.0,0.1903202900830482
current,Current mechanism,2021-01-30,2021-01-01,75.0,70.0,64.92838574516259,62.53537219934742,7670.0,6710.0,-16.60351342502615,-14.726846822053808,0.118640198486274,0.00010453394895900118,0.00010453394895900118,0.0,0.0,0.0,0.11915776173549317,0.057110661383601484,0.00990758609042487,0.0005566571139903947,0.0,0.00011169904062886966,0.0,0.0,-0.003,0.03,7595.0,6640.0,0.4847108570533652,0.5152891429466349,72.42355428526683,72.42355428526683,8.728262439187024,2.401218389511367,2.401218389511367,0.44148732263725965
current,Current mechanism,2021-03-04,2021-03-01,260.0,250.0,183.93358460066543,176.87991666713998,7930.0,6960.0,-87.68887479685287,-83.42887610829769,1.4439612940753404,0.001272275149060107,0.001272275149060107,0.0,0.0,0.0,0.755996138466666,0.3623384565339609,0.7141798210315276,0.04012614923727989,0.0,7.818932844020875e-05,0.0,0.0,0.004,0.03,7670.0,6710.0,0.4847108570533652,0.5152891429466349,254.8471085705337,254.8471085705337,74.54820247396472,0.9422209414722801,0.0,0.48568954226225547
current,Current mechanism,2021-03-18,2021-03-01,235.0,230.0,222.2730440075333,213.7317563353564,8165.0,7190.0,-74.10916835026373,-74.66845694045196,1.1217603135593388,0.0009883836748251196,0.0009883836748251196,0.0,0.0,0.0,0.46140161176267286,0.2211433886255761,0.027896733704735055,0.001567376264218811,0.0,5.473252990814612e-05,0.0,0.0,0.004,0.03,7930.0,6960.0,0.4847108570533652,0.5152891429466349,232.42355428526685,232.42355428526685,14.551743081990221,0.9422209414722801,0.9422209414722801,0.42554660008317097
current,Current mechanism,2021-04-01,2021-04-01,-225.0,-220.0,-196.63216233755864,-188.8833487568146,7940.0,6970.0,-23.50858018274323,-21.15126861513096,-0.9651900673437679,-0.0008504295384091198,0.0,0.0008504295384091198,0.0,0.0,1.696063062820427,0.8128994859855532,0.11475730127601697,0.006447631900909825,0.003986812530832231,3.831277093570228e-05,0.0,0.0,0.009,0.03,8165.0,7190.0,0.4851599112061169,0.5148400887938831,-222.4257995560306,222.4257995560306,29.783037090429453,0.8309447147640195,0.0,0.14093838279211265
current,Current mechanism,2021-04-15,2021-04-01,0.0,0.0,-91.40035348400971,-87.68333462889503,7940.0,6970.0,-107.85635961192997,-102.4892226594867,0.0,0.0,0.0,0.0,0.0,0.0,0.30521622243843954,0.14628589925310387,1.0290098504879923,0.05781485504263426,0.0,2.6818939654991596e-05,0.0,0.0,0.009,0.03,7940.0,6970.0,0.4851599112061169,0.5148400887938831,0.0,0.0,89.48668316659393,0.8309447147640195,0.0,0.22237101215440522
current,Current mechanism,2021-04-29,2021-04-01,100.0,95.0,122.91802525844412,118.23475852957172,8040.0,7065.0,-52.58142646990686,-48.50769733206896,0.19589072317363562,0.0001725994318876983,0.0001725994318876983,0.0,0.0,0.0,0.1389890571367678,0.06661552602661543,0.06857443222218824,0.0038528502488840125,0.0030526055197394398,1.8773257758494116e-05,0.0,0.0,0.009,0.03,7940.0,6970.0,0.4851599112061169,0.5148400887938831,97.42579955603058,97.42579955603058,23.081092243875432,0.8309447147640195,0.8309447147640195,0.2057331545494351
current,Current mechanism,2021-05-15,2021-05-01,100.0,100.0,131.65950012417133,126.60286783933373,8140.0,7165.0,-5.147498404763468,-7.352520293114537,0.2014850450200235,0.00017752859217073843,0.00017752859217073843,0.0,0.0,0.0,0.08487324382998633,0.04067856779369482,0.10914578707000339,0.006132349321023439,0.003792290022316265,1.314128043094588e-05,0.0,0.0,0.013,0.03,8040.0,7065.0,0.4998427672955974,0.5001572327044025,99.99999999999999,99.99999999999999,29.13038891378321,0.3237276390059178,0.0,0.06591734598666885
current,Current mechanism,2021-05-28,2021-05-01,0.0,0.0,0.0,0.0,8140.0,7165.0,-3.603248883334427,-5.146764205180176,0.0,0.0,0.0,0.0,0.0,0.0,0.06166990425027971,0.02955752917728531,0.0,0.0,0.0,9.198896301662116e-06,0.0,0.0,0.013,0.03,8140.0,7165.0,0.4998427672955974,0.5001572327044025,0.0,0.0,0.0,0.3237276390059178,0.3237276390059178,0.06423292387603288
current,Current mechanism,2021-06-12,2021-06-01,175.0,170.0,176.57593045277054,169.98064150833804,8315.0,7335.0,-0.9463437655635687,-3.622093435288093,0.5818819366337171,0.0005126965180462929,0.0005126965180462929,0.0,0.0,0.0,0.43541154524728326,0.20868671046647663,0.00015313101177303018,8.60365646061711e-06,9.921264366243846e-05,6.4392274111634805e-06,0.0,0.0,0.011,0.03,8140.0,7165.0,0.4987517022242396,0.5012482977757603,172.4937585111212,172.4937585111212,0.7957014068993855,0.2745294647845694,0.0,0.16957443548212883
current,Current mechanism,2021-06-29,2021-06-01,225.0,215.0,258.9665697229239,249.0058840382956,8540.0,7550.0,33.30412908702942,31.470418633593937,0.9032455428725009,0.0007958501813110433,0.0007958501813110433,0.0,0.11404382179454493,0.028013525991385374,0.4237034378367949,0.20307517708397216,0.14844966234569867,0.008340635131504723,0.004207393645050591,4.507459187814436e-06,0.0,0.0,0.011,0.03,8315.0,7335.0,0.4987517022242396,0.5012482977757603,219.98751702224237,219.98751702224237,33.986275956582176,0.2745294647845694,0.2745294647845694,0.31066198827235136
current,Current mechanism,2021-07-13,2021-07-01,70.0,65.0,85.86834522121163,82.61064760815742,8610.0,7615.0,39.18123558213222,39.63994065167317,0.08011017924492607,7.058512624837179e-05,7.058512624837179e-05,0.0,0.1694128259612602,0.04161427185323263,0.18186418395786472,0.0871649792388544,0.036147972821656486,0.002030971625566125,0.0020546223973738373,3.1552214314701048e-06,0.0,0.0,0.01,0.03,8540.0,7550.0,0.5097748265756575,0.4902251734243424,67.54887413287828,67.54887413287828,16.722465711009775,0.7040393837674487,0.0,0.0779225269976179
current,Current mechanism,2021-07-27,2021-07-01,-100.0,-95.0,-96.72029340068022,-92.89541248384931,8510.0,7520.0,30.706571506812338,29.852545972321906,-0.16463721890124144,-0.00014506195081395956,0.0,0.00014506195081395956,0.09974824397006474,0.024501985123617787,0.24825243281188417,0.11898394549779193,0.0009674286699893344,5.435492021091639e-05,0.00033680147235978574,2.2086550020290733e-06,0.0,0.0,0.01,0.03,8610.0,7615.0,0.5097748265756575,0.4902251734243424,-97.54887413287828,97.54887413287828,2.703633642978957,0.7040393837674487,0.7040393837674487,0.14806171171969085
current,Current mechanism,2021-08-09,2021-08-01,0.0,0.0,0.0,0.0,8510.0,7520.0,21.494600054768636,20.896782180625333,0.0,0.0,0.0,0.0,0.048900758185319707,0.012011897171341818,0.058563105670803146,0.028068483738068327,0.0,0.0,0.0,1.5460585014203511e-06,0.0,0.0,0.008,0.03,8510.0,7520.0,0.5056598097100523,0.4943401902899477,0.0,0.0,0.0,0.9683599772417815,0.0,0.01791064397602047
current,Current mechanism,2021-08-24,2021-08-01,-250.0,-245.0,-285.7765447465874,-274.5099126920384,8260.0,7275.0,-20.730324708249327,-14.882165165600668,-1.0908042526824837,-0.00096110827130287,0.0,0.00096110827130287,0.0,0.0,0.8963308869274255,0.42959895373502605,0.13742724301447043,0.007721341180575215,0.0,1.0822409509942457e-06,0.0,0.0,0.008,0.03,8510.0,7520.0,0.5056598097100523,0.4943401902899477,-247.52829904855025,247.52829904855025,32.678696664264564,0.9683599772417815,0.9683599772417815,0.15188564241686553
current,Current mechanism,2021-09-07,2021-09-01,140.0,140.0,93.03692217085646,89.52785783990511,8400.0,7415.0,-61.474305124918075,-60.889657776015355,0.3730958489169012,0.0003287349728431783,0.0003287349728431783,0.0,0.0,0.0,1.0917504622791578,0.5232608439307667,0.30616682077353513,0.01720196395932623,0.0,7.575686656959719e-07,0.0,0.0,0.0069999999999999,0.03,8260.0,7275.0,0.5008116883116883,0.4991883116883117,140.0,140.0,48.71476172811683,0.8587255868739065,0.0,0.2951688553282656
current,Current mechanism,2021-09-19,2021-09-01,90.0,85.0,113.22539184048514,108.93483040438888,8490.0,7500.0,-19.806621746957504,-18.68793003882186,0.13969747655615755,0.00012308752910348628,0.00012308752910348628,0.0,0.0,0.0,0.08190653750163938,0.03925666662607376,0.07154034415175604,0.004019489827888881,0.0029403178481052796,5.302980659871803e-07,0.0,0.0,0.0069999999999999,0.03,8400.0,7415.0,0.5008116883116883,0.4991883116883117,87.50405844155844,87.50405844155844,23.57953527944683,0.8587255868739065,0.8587255868739065,0.1919783241805765
current,Current mechanism,2021-10-10,2021-10-01,345.0,330.0,382.3475805507009,367.55695328470034,8835.0,7830.0,23.482945327830635,24.475402257525047,2.043783399155962,0.001800778760121012,0.001800778760121012,0.0,0.06343570660662462,0.015582236616096793,1.3493530120236454,0.6467261707020702,0.18068150619668263,0.010151579292163372,0.0044887399274383,0.00020822254184566582,0.0,0.0,0.015,0.03,8490.0,7500.0,0.4749403341288782,0.5250596658711217,337.1241050119331,337.1241050119331,37.45751372845717,0.00903730001095435,0.0,0.6062089373304855
current,Current mechanism,2021-10-23,2021-10-01,300.0,290.0,198.07239094473752,191.03515178364552,9135.0,8120.0,-85.48954732578105,-81.83206663608695,1.438942151527306,0.0012678527795965658,0.0012678527795965658,0.0,0.0,0.0,0.7484585567157348,0.35872579821645895,1.2959035328076784,0.07281026013792066,0.0,0.00014575577929196607,0.0,0.0,0.015,0.03,8835.0,7830.0,0.4749403341288782,0.5250596658711217,294.74940334128877,294.74940334128877,100.3719828391294,0.00903730001095435,0.00903730001095435,0.5820569235102787
current,Current mechanism,2021-11-05,2021-11-01,0.0,0.0,0.0,0.0,9135.0,8120.0,-59.84268312804673,-57.28244664526086,0.0,0.0,0.0,0.0,0.0,0.0,0.5363020031801203,0.257042106673306,0.0,0.0,0.0,0.00010202904550437625,0.0,0.0,0.023,0.03,9135.0,8120.0,0.4508743825924443,0.5491256174075557,0.0,0.0,0.0,0.0,0.0,0.08938366719668668
current,Current mechanism,2021-11-20,2021-11-01,-95.0,-90.0,-55.30865544458716,-53.1293765291983,9040.0,8030.0,-2.1985336342198707,-3.2270891808808955,-0.13190571923330352,-0.00011622220712425525,0.0,0.00011622220712425525,0.0,0.0,0.12496433005436426,0.059893668988225006,0.18738143450175268,0.010528014351137755,0.004474957476910446,0.0001121446146720122,0.0,0.0,0.023,0.03,9135.0,8120.0,0.4508743825924443,0.5491256174075557,-92.25437191296223,92.25437191296223,38.14241434829124,0.0,0.0,0.03007334088713556
current,Current mechanism,2021-12-04,2021-12-01,-430.0,-415.0,-383.453944615641,-368.8542347314826,8610.0,7615.0,45.007081840405135,43.88680284190076,-2.8249919833879966,-0.0024891021050949588,0.0,0.0024891021050949588,0.2167078717499659,0.05323174462481808,2.1844139952085095,1.0469593099514671,0.27682091555104055,0.01555316608267927,0.005715927780538879,7.850123027040853e-05,0.0,0.0,0.015,0.03,9040.0,8030.0,0.4452742046912524,0.5547257953087475,-421.67911307036877,421.67911307036877,46.32400413149453,0.22716170100246572,0.0,-0.024508200146413445
current,Current mechanism,2021-12-18,2021-12-01,-130.0,-125.0,-163.10478231789574,-156.6438672925488,8480.0,7490.0,-1.5998250296121341,-0.9231053032182786,-0.2848498304118207,-0.0002509813538173942,0.0,0.0002509813538173942,0.0,0.0,0.6740327836824945,0.3230545581729488,0.13441690165699835,0.007552205336901261,0.0,5.495086118928597e-05,0.0,0.0,0.015,0.03,8610.0,7615.0,0.4452742046912524,0.5547257953087475,-127.22637102345627,127.22637102345627,32.29437506858166,0.22716170100246572,0.22716170100246572,0.12512692598835626
current,Current mechanism,2022-01-01,2022-01-01,140.0,135.0,111.01954305494792,106.9163329364822,8620.0,7625.0,-30.100334465780577,-28.729840775770583,0.34086334785786604,0.000300334897122503,0.000300334897122503,0.0,0.0,0.0,0.5927736325710296,0.2841081748584706,0.104555027111272,0.005874417755622276,0.0,3.846560283250018e-05,0.0,0.0,0.009,0.03,8480.0,7490.0,0.469002050580998,0.530997949419002,137.34501025290498,137.34501025290498,28.504263356897667,0.19598313326332578,0.0,0.17303200125669452
current,Current mechanism,2022-01-18,2022-01-01,345.0,330.0,371.8218194994836,357.5752634269085,8965.0,7955.0,5.7515853734371944,7.464374883869141,1.9814503361848046,0.001745857061521199,0.001745857061521199,0.0,0.005058743630358809,0.001242620985011485,1.2105515539214127,0.58020055828898,0.09556761551031664,0.005369460588622069,0.0032192731363772003,0.0003201584824484319,0.0,0.0,0.009,0.03,8620.0,7625.0,0.469002050580998,0.530997949419002,337.0350307587149,337.0350307587149,27.221896679948422,0.19598313326332578,0.0,0.548771374874482
current,Current mechanism,2022-01-30,2022-01-01,310.0,300.0,327.314239554502,315.9958720760308,9275.0,8255.0,21.340349315908043,21.220934494739197,1.4935574185241496,0.0013159743236050307,0.0013159743236050307,0.0,0.04966808968889353,0.012200383147005625,0.7948411743759258,0.3809563431066555,0.035503135640356925,0.0019947414882693294,0.001898765278730664,0.0003970629616083697,0.0,0.0,0.009,0.03,8965.0,7955.0,0.469002050580998,0.530997949419002,304.69002050580997,304.69002050580997,16.614189126853116,0.19598313326332578,0.19598313326332578,0.42825882524877507
current,Current mechanism,2022-02-18,2022-02-01,210.0,200.0,223.4273430122099,215.9179644789989,9485.0,8455.0,28.36558753334552,30.77261862531634,0.62661998987472,0.0005521152431806843,0.0005521152431806843,0.0,0.09729597786523107,0.023899614743665847,0.41748372922148097,0.20009415706932665,0.02840013736076989,0.0015956599676136655,0.0016475093499319251,0.005489633053254064,0.0,0.0,0.009,0.03,9275.0,8255.0,0.469002050580998,0.530997949419002,204.69002050580997,204.69002050580997,14.749857903853798,0.6262551490223315,0.6262551490223315,0.2993424972240888
current,Current mechanism,2022-03-04,2022-03-01,260.0,255.0,227.2325228762845,219.35643234855863,9745.0,8710.0,-12.911565850373648,-14.102734613719946,0.9481409368111106,0.0008354075394270265,0.0008354075394270265,0.0,0.0,0.0,0.5798580079102776,0.2779178952173066,0.15223743418419214,0.008553450858850014,0.0,0.006972231940173844,0.0,0.0,0.015,0.03,9485.0,8455.0,0.469002050580998,0.530997949419002,257.345010252905,257.345010252905,34.294675296281355,0.0,0.0,0.28003939648426324
current,Current mechanism,2022-03-18,2022-03-01,750.0,720.0,776.7041435561025,749.3350083598804,10495.0,9430.0,17.6660474608409,19.46309413027643,2.898007981610136,0.006406461779091996,0.006406461779091996,0.0,0.0384648375543337,0.009448435782202847,2.548689498120229,2.865241232440679,0.10229647244612028,0.005747521000931651,0.0028220816621215496,0.009521663305772397,0.0,0.0,0.015,0.03,9745.0,8710.0,0.469002050580998,0.530997949419002,734.07006151743,734.07006151743,28.10112737210717,0.0,0.0,0.9312431316218028
current,Current mechanism,2022-04-01,2022-04-01,110.0,110.0,0.0,0.0,10605.0,9540.0,-97.63376677741137,-96.3758341088065,0.14144206464655137,0.00012462468670034252,0.00012462468670034252,0.0,0.0,0.0,2.505756344785013,1.2009742381238557,1.5623955831244343,0.08778309956387076,0.0,0.11739230779031778,1.1563847706066523,0.006808887752113979,0.021,0.03,10495.0,9430.0,0.436594131353422,0.5634058686465779,110.0,110.0,110.0,0.0017362205638001733,0.0,0.8943297938604415
current,Current mechanism,2022-04-16,2022-04-01,-545.0,-530.0,-493.20476353637486,-475.6133656094491,10060.0,9010.0,-16.54840028056276,-13.076449485613693,-2.898007981610136,-0.0028919607519192004,0.0,0.0028919607519192004,0.0,0.0,2.548689498120229,2.415552455958988,0.36708651933981934,0.020624733469433845,0.005593051897506428,0.19494305799200795,3.651903280774391,0.025621359663024795,0.021,0.03,10605.0,9540.0,0.436594131353422,0.5634058686465779,-536.5489119703013,536.5489119703013,53.25524526365369,0.0017362205638001733,0.0,0.6116118861040504
current,Current mechanism,2022-04-29,2022-04-01,205.0,200.0,380.2279294162839,366.1449077045414,10265.0,9210.0,163.64404921989,156.99139306461183,0.5208309629360731,0.0004589044690626157,0.0004589044690626157,0.0,2.8133926753320404,0.6910768825019964,2.548689498120229,1.7860655595744666,3.142586158253818,0.20966385007797977,0.017286392476851358,0.25349630773142884,3.651903280774391,0.047794697740391384,0.021,0.03,10060.0,9010.0,0.436594131353422,0.5634058686465779,202.1829706567671,202.1829706567671,170.1105016788439,0.0017362205638001733,0.0017362205638001733,2.113189799330058
current,Current mechanism,2022-05-17,2022-05-01,285.0,270.0,290.5242698661408,279.8210516593406,10550.0,9480.0,120.07510432006382,119.71502680456888,0.9310144850381402,0.000820317412654425,0.000820317412654425,0.0,1.5844860994939316,0.3892104090577334,0.6853411307857273,0.32847449198854506,0.008851179403386247,0.0004973029693743416,0.0007955375648744592,0.2435969973755939,3.651903280774391,0.04356431992748033,0.021,0.03,10265.0,9210.0,0.4415401590381616,0.5584598409618384,276.62310238557245,276.62310238557245,7.9238499430188725,0.0,0.0,1.1435993625825955
current,Current mechanism,2022-05-31,2022-05-01,400.0,390.0,233.9090156883605,226.2302696187133,10950.0,9870.0,-82.03841128759484,-79.96921161808848,1.7930786697992878,0.0015798826750105105,0.0015798826750105105,0.0,0.0,0.0,1.4105428636496196,0.6760536173192795,3.142586158253818,0.19685245687787814,0.0,0.2362821978731166,3.651903280774391,0.0405643264485337,0.021,0.03,10550.0,9480.0,0.4415401590381616,0.5584598409618384,394.41540159038163,394.41540159038163,164.79465721086262,0.0,0.0,1.6663518287461856
current,Current mechanism,2022-06-15,2022-06-01,390.0,375.0,349.8509399717798,337.52480078338345,11340.0,10245.0,-97.5759479295366,-93.45364734927847,1.549415793199932,0.0013651911705236286,0.0013651911705236286,0.0,0.0,0.0,1.2404783182595125,0.594544041076228,0.19267259344587567,0.010825297790374935,0.0,0.20530037365130752,3.651903280774391,0.029044357053200492,0.025,0.03,10950.0,9870.0,0.4476775431861804,0.5523224568138195,381.7151631477927,381.7151631477927,38.67222665557708,0.0,0.0,1.1057449976132847
current,Current mechanism,2022-06-29,2022-06-01,-320.0,-310.0,-290.8079139275396,-280.56539549579463,11020.0,9935.0,-39.11107747821518,-35.98294864028958,-0.9785288566139471,-0.0008621823535133958,0.0,0.0008621823535133958,0.0,0.0,2.548689498120229,1.8399168944279847,0.11099134035252502,0.006236041618479917,0.0028063040020823537,0.18522924494231266,3.651903280774391,0.022606001147884622,0.025,0.03,11340.0,10245.0,0.4476775431861804,0.5523224568138195,-314.4767754318618,314.4767754318618,29.326034448504426,0.0,0.0,0.8888425437721993
current,Current mechanism,2022-07-13,2022-07-01,-360.0,-345.0,-215.41418448589351,-207.90181507402,10660.0,9590.0,117.20806127935586,111.9101208777773,-1.2960587281922833,-0.001141958110904498,0.0,0.001141958110904498,1.4323535807465149,0.3518408418071422,1.0607757195346557,0.5084150796384477,2.5426753379849028,0.14286005718639488,0.013747391781347897,0.19786101555876365,3.651903280774391,0.026564010020716976,0.027,0.03,11020.0,9935.0,0.460880385752061,0.539119614247939,-351.91320578628086,351.91320578628086,140.54908699980467,0.0,0.0,1.2319415318080296
current,Current mechanism,2022-07-27,2022-07-01,-300.0,-290.0,-288.32991970639284,-278.34900118703297,10360.0,9300.0,93.71572318915625,89.98808342741114,-0.9738006263428348,-0.0008580163070288728,0.0,0.0008580163070288728,0.9215573067928203,0.22636973367045332,0.7578400817063418,0.36322223293625244,0.017521037417411407,0.000984418407660357,0.0011897513743612915,0.20116147211632368,3.651903280774391,0.027650750829128178,0.027,0.03,10660.0,9590.0,0.460880385752061,0.539119614247939,-294.60880385752057,294.60880385752057,11.659793093125172,0.0,0.0,0.7291701800580214
current,Current mechanism,2022-08-10,2022-08-01,-130.0,-125.0,-193.24217687166663,-186.36493660545108,10230.0,9175.0,2.358829360742746,1.6267217937367207,-0.19288092869376863,-0.00016994750019380537,0.0,0.00016994750019380537,0.00042496274937173277,0.00010438711047708034,0.31065810507260744,0.14889411807060027,0.4986584971205797,0.028017096933651356,0.0,0.18847799729283718,3.651903280774391,0.02359347435710032,0.025,0.03,10360.0,9300.0,0.4616476183170975,0.5383523816829026,-127.3082380915855,127.3082380915855,62.23156010335845,0.0,0.0,0.7114606528371965
current,Current mechanism,2022-08-24,2022-08-01,-205.0,-200.0,-108.96833784957552,-105.34028462738496,10025.0,8975.0,97.6828427029444,95.79842062823074,-0.5007260243884568,-0.0004411899958336828,0.0,0.0004411899958336828,1.0254156804809862,0.2518813239079143,0.3826539911149586,0.18340074700430176,1.1697362839565568,0.06572156103557841,0.009973086473079784,0.1824732112828616,3.651903280774391,0.02178484144186997,0.025,0.03,10230.0,9175.0,0.4616476183170975,0.5383523816829026,-202.3082380915855,202.3082380915855,95.29307133504858,0.0,0.0,0.9548305353230723
current,Current mechanism,2022-09-07,2022-09-01,190.0,185.0,130.7006851933291,125.66873293533654,10215.0,9160.0,9.07867508539016,7.727627375098052,0.4515359422317188,0.00039784858539212466,0.00039784858539212466,0.0,0.007551253645277756,0.0018548768090271982,1.2377139252502165,0.593219105874478,0.4552082893806094,0.02557584968915956,0.0,0.1277312478980031,1.4643202736540268,0.00862203708478841,0.0279999999999999,0.03,10025.0,8975.0,0.4116456217403239,0.5883543782596761,187.0582281087016,187.0582281087016,59.31811405755611,0.0,0.0,0.6027216140269747
current,Current mechanism,2022-09-22,2022-09-01,-290.0,-280.0,-255.39359180910245,-246.6693017761363,9925.0,8880.0,40.96148075067066,38.740037386432334,-1.00047926987244,-0.0008815228756000792,0.0,0.0008815228756000792,0.17364566948874124,0.04265402017373507,2.065535948044805,0.9899827118799052,0.1481292738531698,0.008322634123794154,0.003623260509935427,0.08990847968414137,0.5143506052834852,0.003028538273441516,0.0279999999999999,0.03,10215.0,9160.0,0.4116456217403239,0.5883543782596761,-284.1164562174032,284.1164562174032,33.85583864640367,0.0,0.0,0.3168637044662934
current,Current mechanism,2022-10-10,2022-10-01,0.0,0.0,-115.80970954354416,-111.63253333282655,9925.0,8880.0,-87.1366730180747,-84.51450716232392,0.0,0.0,0.0,0.0,0.0,0.0,0.5005633696854694,0.2399130756635058,1.6605727749847685,0.09329917903891788,0.0,0.06293593577889896,0.13371789674107706,0.0007873418714093914,0.021,0.03,9925.0,8880.0,0.396332275335834,0.603667724664166,0.0,0.0,113.28808308489897,0.0,0.0,0.38247567356855233
current,Current mechanism,2022-10-25,2022-10-01,185.0,175.0,250.6359606136982,241.5019490363344,10110.0,9055.0,4.640289501045913,7.34179402270766,0.4223710387022147,0.00037215137166654165,0.00037215137166654165,0.0,0.004714410234655918,0.0011580395287042542,0.4723243381011812,0.22637849976075347,0.5671889014138233,0.03186747347606059,0.00693539402465017,0.045375508864791705,0.018721361954241914,0.00011023290461206727,0.021,0.03,9925.0,8880.0,0.396332275335834,0.603667724664166,178.96332275335834,178.96332275335834,66.15872987437649,0.0,0.0,0.24755334173435276
current,Current mechanism,2022-11-08,2022-11-01,155.0,150.0,0.0,0.0,10265.0,9205.0,-151.75179734926786,-144.86074418410465,0.29439262651406256,0.00025938951709936404,0.00025938951709936404,0.0,0.0,0.0,0.20194676321010302,0.09679028074401258,2.9893304608583136,0.16795534774238902,0.0,0.03176285620535419,0.0,0.0,0.016,0.03,10110.0,9055.0,0.3816786445969237,0.6183213554030763,151.9083932229846,151.9083932229846,151.9083932229846,0.16331595889304307,0.0,0.5809449750970797
current,Current mechanism,2022-11-22,2022-11-01,-175.0,-165.0,-155.5496661409961,-149.43426046342506,10090.0,9040.0,-86.7759242854836,-85.83678139229829,-0.3513819348895259,-0.0003096028303687168,0.0,0.0003096028303687168,0.0,0.0,0.8828459935058808,0.4231358314778177,0.03783317855832224,0.0021256548060392187,0.0018025742175335991,0.022541353698960022,0.0,0.0,0.016,0.03,10265.0,9205.0,0.3816786445969237,0.6183213554030763,-168.81678644596923,168.81678644596923,17.04840623236853,0.16331595889304307,0.16331595889304307,0.12210219934461998
current,Current mechanism,2022-12-06,2022-12-01,-440.0,-425.0,-578.5488712533701,-557.3811562272022,9650.0,8615.0,-199.29201825320854,-192.46690320181096,-2.37785132228702,-0.0020951262045031263,0.0,0.0020951262045031263,0.0,0.0,2.014019799050521,0.9652917366706641,2.350820824140692,0.13208072314802985,0.0,0.015778947589272015,0.0,0.0,0.018,0.03,10090.0,9040.0,0.3730076454580796,0.6269923545419205,-430.5951146818712,430.5951146818712,134.68176108696946,0.06715426911777199,0.0,0.33116488348403206
current,Current mechanism,2022-12-20,2022-12-01,-480.0,-460.0,-362.4504538524821,-348.5696604935322,9170.0,8155.0,-21.95486662972803,-23.296492734799813,-2.898007981610136,-0.0027104683852714377,0.0,0.0027104683852714377,0.0,0.0,1.879044653395451,0.9006000227072851,1.6756278935780478,0.09414504994939296,0.013150075178190473,0.011279635837054144,0.0,0.0,0.018,0.03,9650.0,8615.0,0.3730076454580796,0.6269923545419205,-467.4601529091616,467.4601529091616,113.71285036771735,0.06715426911777199,0.06715426911777199,0.12063647241352234
current,Current mechanism,2023-01-04,2023-01-01,250.0,240.0,126.43124492032432,121.75863562298954,9420.0,8395.0,-138.9371617204853,-134.5489092913703,0.9246573788166278,0.0008147161626079376,0.0008147161626079376,0.0,0.0,0.0,2.548689498120229,1.7517273288267707,1.874392281249943,0.10531261482298372,0.0,0.0078957450859379,0.0,0.0,0.021,0.03,9170.0,8155.0,0.4183638246461857,0.5816361753538143,244.18363824646184,244.18363824646184,120.47015192676201,0.00039404167977632673,0.0,0.8912898596977996
current,Current mechanism,2023-01-18,2023-01-01,-205.0,-195.0,-198.3598752879528,-190.5122642597364,9215.0,8200.0,-90.61588849229253,-89.69650076369561,-0.5810386184891992,-0.0005119534699310671,0.0,0.0005119534699310671,0.0,0.0,1.556383449852955,0.7459529861336542,0.0038426854953133227,0.0002159010477699654,0.0006243569238888409,0.0055504274048260634,0.0,0.0,0.021,0.03,9420.0,8395.0,0.4183638246461857,0.5816361753538143,-199.18363824646184,199.18363824646184,5.3882174226252495,0.00039404167977632673,0.00039404167977632673,0.16326359308980745
current,Current mechanism,2023-02-04,2023-02-01,210.0,200.0,255.586277255904,245.96560171908567,9425.0,8400.0,-17.84484468870076,-16.82194881550126,0.6392881756071404,0.0005632771891117608,0.0005632771891117608,0.0,0.0,0.0,1.363648813288651,0.6535779498338848,0.2713985628749763,0.015248511531697057,0.005161556817827956,0.004060881991078275,0.0,0.0,0.01,0.03,9215.0,8200.0,0.4183638246461857,0.5816361753538143,204.18363824646184,204.18363824646184,45.80690608588713,0.5157601896084225,0.0,0.37905592529512777
current,Current mechanism,2023-02-17,2023-02-01,0.0,0.0,0.0,0.0,9425.0,8400.0,-12.491391282090532,-11.77536417085088,0.0,0.0,0.0,0.0,0.0,0.0,0.2583370279663067,0.12381735198904008,0.0,0.0,0.0,0.002842617393754792,0.0,0.0,0.01,0.03,9425.0,8400.0,0.4183638246461857,0.5816361753538143,0.0,0.0,0.0,0.5157601896084225,0.5157601896084225,0.1290162029291215
current,Current mechanism,2023-03-03,2023-03-01,0.0,0.0,0.0,0.0,9425.0,8400.0,-8.743973897463372,-8.242754919595615,0.0,0.0,0.0,0.0,0.0,0.0,0.0,0.0,0.0,0.0,0.0,0.0019898321756283543,0.0,0.0,0.0069999999999999,0.03,9425.0,8400.0,0.4183638246461857,0.5816361753538143,0.0,0.0,0.0,1.1162851712007502,0.0,0.0
current,Current mechanism,2023-03-18,2023-03-01,-100.0,-95.0,-147.92394764537534,-142.36819571255165,9325.0,8305.0,-54.044729373599694,-53.13812415626859,-0.13788569465850095,-0.00012149116700336394,0.0,0.00012149116700336394,0.0,0.0,0.1387810607038496,0.066515836223145,0.2928598530530949,0.01645431279792149,0.0,0.001392882522939848,0.0,0.0,0.0069999999999999,0.03,9425.0,8400.0,0.4183638246461857,0.5816361753538143,-97.09181912323093,97.09181912323093,47.60070221672228,1.1162851712007502,1.1162851712007502,0.2350067317165322
current,Current mechanism,2023-04-01,2023-04-01,-335.0,-320.0,-339.9439742208384,-326.44235991757216,8990.0,7985.0,-42.7752847823582,-43.63904682696017,-1.5930169564601326,-0.001403608181224451,0.0,0.001403608181224451,0.0,0.0,1.2331775831246343,0.5910449000545552,0.004486220963364038,0.0002520580483880854,0.0,0.0009750177660578934,0.0,0.0,0.001,0.03,9325.0,8305.0,0.4176005587478967,0.5823994412521032,-326.2640083812184,326.2640083812184,5.816633213396291,2.1186718639768625,0.0,-0.059225525395355715
current,Current mechanism,2023-04-18,2023-04-01,550.0,525.0,629.8240815578414,606.0605524302621,9540.0,8510.0,49.88138221019062,50.51321965138993,2.898007981610136,0.0040806464181741735,0.0040806464181741735,0.0,0.27995820184596615,0.06876844567733192,2.548689498120229,3.3771119878843767,0.8394015020827196,0.04716172167104847,0.008928846383643115,0.0012411917023114395,0.0,0.0,0.001,0.03,8990.0,7985.0,0.4176005587478967,0.5823994412521032,535.4400139686974,535.4400139686974,80.54420150306369,2.1186718639768625,0.0,1.0943428639431747
current,Current mechanism,2023-04-29,2023-04-01,-160.0,-155.0,-88.74601402780806,-85.65229308535193,9380.0,8355.0,106.17095351932537,104.70696067062102,-0.3525952906846355,-0.0003106719188764351,0.0,0.0003106719188764351,1.2270830049114854,0.30141853465418866,2.548689498120229,1.525410167246011,0.6356984662703096,0.03571667915599973,0.007922998934390316,0.0013645774309523331,0.0,0.0,0.001,0.03,9540.0,8510.0,0.4176005587478967,0.5823994412521032,-157.08800279373946,157.08800279373946,70.1437701142078,2.1186718639768625,2.1186718639768625,1.0295912570990415
current,Current mechanism,2023-05-17,2023-05-01,-380.0,-365.0,-427.1976753663856,-410.6492882619271,9000.0,7990.0,27.12199209714214,27.645584207507625,-2.0386126232432678,-0.0017962227864103094,0.0,0.0017962227864103094,0.08341086444948705,0.020488899639203393,1.4597400673898542,0.6996331542533949,0.2768771024175335,0.015556322938310973,0.0,0.0009552042016666331,0.0,0.0,0.002,0.03,9380.0,8355.0,0.4200482561965343,0.5799517438034657,-371.300723842948,371.300723842948,46.2996855650721,2.013560113213371,0.0,-0.036430764831065526
current,Current mechanism,2023-05-31,2023-05-01,100.0,95.0,125.83775724009702,121.07261401358726,9100.0,8085.0,44.82315170809653,45.4245229588426,0.15190649976923917,0.00013384490666757716,0.00013384490666757716,0.0,0.22615949664095744,0.055553425320696695,1.4398207449896725,0.6900860994915505,0.08725300195641823,0.004902304538438302,0.0030424013486692204,0.0006686429411666431,0.0,0.0,0.002,0.03,9000.0,7990.0,0.4200482561965343,0.5799517438034657,97.10024128098267,97.10024128098267,25.97396283542674,2.013560113213371,2.013560113213371,0.6531166427616095
current,Current mechanism,2023-06-14,2023-06-01,-55.0,-50.0,-74.74287503864271,-71.76115520577379,9045.0,8035.0,11.633331157024863,10.036010865416031,-0.04257816645017281,-3.75156476072919e-05,0.0,3.75156476072919e-05,0.012606066260977003,0.0030965321864362258,0.16109259423735633,0.07720944457917894,0.05679526887782863,0.003191038682206878,0.0,0.00046805005881665014,0.0,0.0,0.0,0.03,9100.0,8085.0,0.4252869877509139,0.5747130122490861,-52.12643493875457,52.12643493875457,20.9028069130572,2.4403283369278954,0.0,0.031319293820998184
current,Current mechanism,2023-06-29,2023-06-01,70.0,70.0,75.87922170482618,72.90585337230361,9115.0,8105.0,14.022553514743578,9.931060978094834,0.07841425464762226,6.909084608401939e-05,6.909084608401939e-05,0.0,0.015058738088796224,0.003699002227476528,0.13419629677357311,0.06431842250428879,0.0024643773032832906,0.0001384608869313676,0.0004884096208719474,0.00032763504117165506,0.0,0.0,0.0,0.03,9045.0,8035.0,0.4252869877509139,0.5747130122490861,70.0,70.0,4.170388233916092,2.4403283369278954,2.4403283369278954,0.44507700062352823
current,Current mechanism,2023-07-13,2023-07-01,155.0,150.0,0.0,0.0,9270.0,8255.0,-145.1842125396795,-143.04825731533361,0.3617484836480213,0.0003187368026026467,0.0003187368026026467,0.0,0.0,0.0,0.2389939541623669,0.1145464851814961,2.9872868588656534,0.16784052809035704,0.0,0.00022934452882015854,0.0,0.0,-0.003,0.03,9115.0,8105.0,0.4457004440855874,0.5542995559144126,152.2285022204279,152.2285022204279,152.2285022204279,2.349156353231823,0.0,0.59800488277934
current,Current mechanism,2023-07-27,2023-07-01,275.0,260.0,377.68927258095096,363.2204964247784,9545.0,8515.0,1.0603238031753222,3.0867163040448986,1.069235062839185,0.0009421036453924771,0.0009421036453924771,0.0,0.0006771567458965459,0.00016633560505881082,0.6858931139166575,0.3287390498421072,1.3687671616050827,0.0769040986320852,0.011345500010586568,0.00016054117017411096,0.0,0.0,-0.003,0.03,9270.0,8255.0,0.4457004440855874,0.5542995559144126,266.6855066612838,266.6855066612838,102.98372972167564,2.349156353231823,2.349156353231823,0.9122881413897739
current,Current mechanism,2023-08-10,2023-08-01,240.0,230.0,312.70055721218984,301.4693932521157,9785.0,8745.0,73.44278387441256,73.63009466494714,0.7789315959010461,0.0006863170892106496,0.0006863170892106496,0.0,0.5964155478871973,0.14650247763972718,0.4740662134805815,0.22721335645423674,0.6689034267145602,0.03758229781248815,0.007760998950411628,0.0008421358383898545,0.0,0.0,0.001,0.03,9545.0,8515.0,0.4445049789642544,0.5554950210357457,234.44504978964255,234.44504978964255,72.01665176229001,1.7788687326698145,0.0,0.4197194639972307
current,Current mechanism,2023-08-24,2023-08-01,55.0,55.0,97.61039623126906,94.0184579217876,9840.0,8800.0,94.02034494335786,90.55952418725059,0.0408767035536473,3.601648764422416e-05,3.601648764422416e-05,0.0,0.932325006429844,0.22901469267746216,0.22490581528595346,0.10779423575034267,0.21257448641738708,0.011943484420635362,0.004365852712970169,0.0010000107540875085,0.0,0.0,0.001,0.03,9785.0,8745.0,0.4445049789642544,0.5554950210357457,55.0,55.0,40.615092384484555,1.7788687326698145,1.7788687326698145,0.5315917907261075
current,Current mechanism,2023-09-06,2023-09-01,0.0,0.0,0.0,0.0,9840.0,8800.0,65.8142414603505,63.391666931075406,0.0,0.0,0.0,0.0,0.4574347529584383,0.11236347694879784,0.018747985274209247,0.00898564913460591,0.0,0.0,0.0,0.0007000075278612559,0.0,0.0,0.0,0.03,9840.0,8800.0,0.4315569171039461,0.5684430828960538,0.0,0.0,0.0,1.8471493192099067,0.0,0.07936378970544122
current,Current mechanism,2023-09-21,2023-09-01,385.0,370.0,439.0063052152659,423.6017180895991,10225.0,9170.0,100.07627423751126,97.97588494135186,1.8903085779900715,0.001665552004544544,0.001665552004544544,0.0,1.0784513842216423,0.26490892191218735,2.084767751100202,0.9992002481620232,0.3734548579197579,0.020982538180134097,0.005555939439588366,0.0015906666877867413,0.0,0.0,0.0,0.03,9840.0,8800.0,0.4315569171039461,0.5684430828960538,376.47335375655916,376.47335375655916,53.77632046225182,1.8471493192099067,1.8471493192099067,1.2123553150735962
current,Current mechanism,2023-10-11,2023-10-01,-85.0,-80.0,-66.5690402544899,-64.006013499709,10140.0,9090.0,88.48435171176797,84.5771059592373,-0.08304043858486952,-7.316697948350207e-05,0.0,7.316697948350207e-05,0.8201868153475766,0.2014692624991454,1.3594568748207996,0.6515688119070597,0.037428688313993604,0.002102928546586086,0.001782317106556708,0.001404167371818951,0.0,0.0,-0.002,0.03,10225.0,9170.0,0.4201419963009367,0.5798580036990633,-82.10070998150468,82.10070998150468,17.01786130446932,2.4403283369278954,0.0,0.35567198998291655
current,Current mechanism,2023-10-25,2023-10-01,-70.0,-70.0,-62.08497761600442,-59.90776023942204,10070.0,9020.0,69.85406858223315,69.29621393204407,-0.06175125140428302,-5.4409064084603584e-05,0.0,5.4409064084603584e-05,0.534845222838496,0.1313784501044421,0.04276397865208327,0.02049618143748009,0.011132074595453248,0.000625454925193091,0.0009690794940520434,0.001140976619449344,0.0,0.0,-0.002,0.03,10140.0,9090.0,0.4201419963009367,0.5798580036990633,-70.0,70.0,9.17749930559955,2.4403283369278954,2.4403283369278954,0.49455306026827395
current,Current mechanism,2023-11-08,2023-11-01,-140.0,-135.0,-199.746028628283,-192.50212248873592,9930.0,8885.0,-10.848180620719802,-8.994772736305066,-0.23965094544708837,-0.00021115658957904262,0.0,0.00021115658957904262,0.0,0.0,0.18816912955313486,0.0901868521549705,0.44114190780434037,0.02478553090705975,0.0,0.04665480479474195,0.02356160232051677,0.00013873263427378456,-0.005,0.03,10070.0,9020.0,0.4182045873978381,0.5817954126021618,-137.0910229369892,137.0910229369892,58.440534329984686,2.4403283369278954,0.0,0.06887028237181725
current,Current mechanism,2023-11-22,2023-11-01,-340.0,-330.0,-449.57893450423376,-433.1143093182241,9590.0,8555.0,-117.17266093873764,-109.41065023363768,-1.467318475359139,-0.00129285517528477,0.0,0.00129285517528477,0.0,0.0,1.1933860560117926,0.5719733733845389,1.4459054175840587,0.08123810679104611,0.0,0.07851448451744676,0.32341419700368856,0.0019042891439005646,-0.005,0.03,9930.0,8885.0,0.4182045873978381,0.5817954126021618,-334.1820458739784,334.1820458739784,105.81784522682095,2.4403283369278954,2.4403283369278954,0.6559525886947157
current,Current mechanism,2023-12-06,2023-12-01,-55.0,-50.0,-69.64494917425536,-67.15599851097762,9535.0,8505.0,-96.66581183137168,-93.743453674524,-0.038173894207062284,-3.363504073258133e-05,0.0,3.363504073258133e-05,0.0,0.0,0.5165957175777337,0.24759715749186118,0.03399247691580542,0.0019098652209163808,0.0,0.09182440054853103,0.5507878162869189,0.0032430835407510445,-0.003,0.03,9590.0,8555.0,0.4133027230406224,0.5866972769593776,-52.06651361520311,52.06651361520311,16.11817498242096,2.4403283369278954,0.0,0.17720035276223256
current,Current mechanism,2023-12-20,2023-12-01,-415.0,-400.0,-410.62805471658464,-394.4596160798537,9120.0,8105.0,-63.29412299854482,-60.08003365202046,-2.361436900200398,-0.0020806634475077144,0.0,0.0020806634475077144,0.0,0.0,2.1853936678293238,1.0474288534415361,0.00337888773698716,0.0001898425992973784,0.0005929338923228561,0.10114134177029002,0.7457527094630112,0.004391052717604253,-0.003,0.03,9535.0,8505.0,0.4133027230406224,0.5866972769593776,-406.19954084560936,406.19954084560936,5.057465049879543,2.4403283369278954,2.4403283369278954,0.5022361169594697
current,Current mechanism,2024-01-04,2024-01-01,200.0,190.0,203.76092207747848,195.9095305512853,9320.0,8295.0,-40.54496402150289,-36.14649300512903,0.5899502102787408,0.0005198054787203071,0.0005198054787203071,0.0,0.0,0.0,2.548689498120229,1.2251827846122016,0.003397561281204505,0.00019089177122857617,0.0005693517668749805,0.07080021560940156,0.21917598579253214,0.001290526062910167,-0.008,0.03,9120.0,8105.0,0.4333232261976956,0.5666767738023044,194.33323226197695,194.33323226197695,4.978488595579615,2.4403283369278954,0.0,0.5602022092454508
current,Current mechanism,2024-01-18,2024-01-01,-50.0,-50.0,0.0,0.0,9270.0,8245.0,21.618525184947977,24.69745489640968,-0.03752226761601541,-3.306089215833815e-05,0.0,3.306089215833815e-05,0.06121843871283604,0.015037590787895676,0.3908764724277353,0.18734166817592784,0.32288911177863777,0.018141504849029346,0.00572137609677418,0.04957297708146371,0.03668285552947849,0.0002159916422941136,-0.008,0.03,9320.0,8295.0,0.4333232261976956,0.5666767738023044,-50.0,50.0,50.0,2.4403283369278954,2.4403283369278954,0.5357454912934277
current,Current mechanism,2024-02-01,2024-02-01,200.0,200.0,152.60516385952997,146.9751511367754,9470.0,8445.0,-32.26186851100644,-35.73663043573782,0.607354362806411,0.0005351402877918936,0.0005351402877918936,0.0,0.0,0.0,0.7284061847267832,0.34911497463334096,0.3328572296361035,0.018701562936620994,0.0,0.03470108395702459,0.0,0.0,0.0069999999999999,0.03,9270.0,8245.0,0.4333232261976956,0.5666767738023044,200.0,200.0,50.58523358666652,0.9227014017867289,0.0,0.2781029628615495
current,Current mechanism,2024-02-19,2024-02-01,0.0,0.0,0.0,0.0,9470.0,8445.0,-22.583307957704505,-25.015641305016473,0.0,0.0,0.0,0.0,0.0,0.0,0.24787548902294151,0.11880328157143569,0.0,0.0,0.0,0.024290758769917212,0.0,0.0,0.0069999999999999,0.03,9470.0,8445.0,0.4333232261976956,0.5666767738023044,0.0,0.0,0.0,0.9227014017867289,0.9227014017867289,0.19509614846827833
current,Current mechanism,2024-03-05,2024-03-01,125.0,120.0,154.92176582660832,149.54058272834936,9595.0,8565.0,14.113450256215174,12.029633814837837,0.2155446578830139,0.00018991652536838214,0.00018991652536838214,0.0,0.01833410884076006,0.0045035586010507365,0.21949436950004894,0.10520060489177935,0.11392116751727335,0.0064006537771969275,0.003285661318608912,0.017258638467669014,0.0,0.0,0.001,0.03,9470.0,8445.0,0.4333232261976956,0.5666767738023044,122.16661613098847,122.16661613098847,29.70575821825897,2.0242731461054646,0.0,0.09454905062351601
current,Current mechanism,2024-03-18,2024-03-01,0.0,0.0,0.0,0.0,9595.0,8565.0,9.879415179350621,8.420743670386486,0.0,0.0,0.0,0.0,0.00898371333197243,0.002206743714514861,0.092389419151802,0.04428096630682614,0.0,0.0,0.0,0.012081046927368309,0.0,0.0,0.001,0.03,9595.0,8565.0,0.4333232261976956,0.5666767738023044,0.0,0.0,0.0,2.0242731461054646,2.0242731461054646,0.354274379764873
current,Current mechanism,2024-04-02,2024-04-01,200.0,190.0,207.8376837042163,200.63659413778825,9795.0,8755.0,14.753274329761723,16.531114707058805,0.5300263108032024,0.0004670064954994136,0.0004670064954994136,0.0,0.027760715626136526,0.006819093892988355,0.5553375818672268,0.2661655953391427,0.011826532006728247,0.0006644729720534846,0.001021737588869341,0.06560548599808723,0.16037167012756282,0.0009442814608711729,0.003,0.03,9595.0,8565.0,0.4354917791651685,0.5645082208348315,194.3549177916517,194.3549177916517,9.417691653348045,1.3538020003333096,0.0,0.21422046840514272
current,Current mechanism,2024-04-17,2024-04-01,200.0,195.0,252.47044091063108,243.55397158724804,9995.0,8950.0,62.79773294146429,60.125751882189206,0.523900624310221,0.0004616091495124188,0.0004616091495124188,0.0,0.41338431531434844,0.10154300407743325,0.33127077728701393,0.15877348577525136,0.32573061443364043,0.018301154500608804,0.005315463722467535,0.10369538449002351,0.8043474339206413,0.004736063229536843,0.003,0.03,9795.0,8755.0,0.4354917791651685,0.5645082208348315,197.17745889582585,197.17745889582585,50.25956178093393,1.3538020003333096,0.0,0.3997722942109773
current,Current mechanism,2024-04-30,2024-04-01,-70.0,-70.0,-108.92131539961456,-104.97064227748008,9925.0,8880.0,5.037097659410449,7.117384040052357,-0.06343468320706758,-5.5892336840326424e-05,0.0,5.5892336840326424e-05,0.004496627708150877,0.0011045438077549028,0.4838074105926721,0.23188217702989056,0.17363819774341732,0.00975585144072154,0.0,0.12958732254644756,1.5234458748480917,0.008970173442201216,0.003,0.03,9995.0,8950.0,0.4354917791651685,0.5645082208348315,-70.0,70.0,36.69112794433843,1.3538020003333096,1.3538020003333096,0.5792925713364288
current,Current mechanism,2024-05-16,2024-05-01,-235.0,-225.0,-276.8320186754231,-266.81382039707603,9690.0,8655.0,-38.30605031383578,-36.831651569039366,-0.6876831378409504,-0.0006059180189196035,0.0,0.0006059180189196035,0.0,0.0,0.6050950974131956,0.2900136819450584,0.22572496309956727,0.012682343142698355,0.0,0.11804657266061477,1.174795297550211,0.0069172904348561584,0.003,0.03,9925.0,8880.0,0.4434606871330959,0.5565393128669041,-229.43460687133097,229.43460687133097,41.82189061809646,1.8130852618484614,0.0,0.21965537003700383
current,Current mechanism,2024-05-29,2024-05-01,0.0,0.0,0.0,0.0,9690.0,8655.0,-26.814235219685045,-25.782156098327555,0.0,0.0,0.0,0.0,0.0,0.0,0.32560836035659513,0.15605956793040487,0.0,0.0,0.0,0.10996804774053184,0.9576577954712574,0.005638767130148167,0.003,0.03,9690.0,8655.0,0.4434606871330959,0.5565393128669041,0.0,0.0,0.0,1.8130852618484614,1.8130852618484614,0.5160585696127188
current,Current mechanism,2024-06-14,2024-06-01,-190.0,-180.0,-177.7984666561842,-171.12116372840504,9500.0,8475.0,-6.568431309963728,-9.168672997234324,-0.4662006850530355,-0.0004107696989534591,0.0,0.0004107696989534591,0.0,0.0,0.49988270548640173,0.2395868427599776,0.014086114137478727,0.0007914274548354646,0.0011601892711300193,0.13637361911733126,1.7495853549090987,0.010301701126752993,0.002,0.03,9690.0,8655.0,0.4526893088410202,0.5473106911589798,-184.5268930884102,184.5268930884102,10.3829857127067,1.9871516117614547,0.0,0.2995589149133238
current,Current mechanism,2024-06-28,2024-06-01,210.0,200.0,267.126090734442,257.5118793242038,9710.0,8675.0,52.528188817467424,51.09380822613977,0.5969840391774027,0.0005260029895173253,0.0005260029895173253,0.0,0.29407008089495584,0.07223486309745619,1.2911421846900026,0.6188265290816559,0.4240951646470491,0.023827760693178487,0.006231718605837702,0.15502901483490403,2.451846057509106,0.014436669364198441,0.002,0.03,9500.0,8475.0,0.4526893088410202,0.5473106911589798,204.5268930884102,204.5268930884102,57.33723695414578,1.9871516117614547,1.9871516117614547,1.1742148564466615
current,Current mechanism,2024-07-12,2024-07-01,110.0,105.0,105.18830223819728,101.63455543817348,9820.0,8780.0,31.95803441042449,32.40022119647131,0.1567370895204743,0.00013810114215049327,0.00013810114215049327,0.0,0.11405245891252005,0.028015647598019378,0.15630642314121154,0.07491549920109547,0.002135539630897062,0.00011998516257114788,0.0,0.15063517648210742,2.275802774234506,0.013400112168187008,0.005,0.03,9710.0,8675.0,0.4623984076961353,0.5376015923038646,107.31199203848067,107.31199203848067,4.034189738620956,1.4436653535622153,0.0,0.4508390475732679
current,Current mechanism,2024-07-26,2024-07-01,-145.0,-140.0,-116.15576959573856,-111.86519898120515,9675.0,8640.0,51.21485449155858,50.81495585632476,-0.2695527573896283,-0.00023750309374259351,0.0,0.00023750309374259351,0.2856395101276713,0.07016399236026703,0.5569970836016982,0.2669609714878931,0.1043202189954576,0.005861225076103994,0.0031116977602663513,0.14779035606051566,2.165319707743069,0.012749578870472535,0.005,0.03,9820.0,8780.0,0.4623984076961353,0.5376015923038646,-142.31199203848067,142.31199203848067,28.462840037007446,1.4436653535622153,1.4436653535622153,0.7143981861067468
current,Current mechanism,2024-08-09,2024-08-01,-305.0,-290.0,-388.8974063370984,-374.32060547143794,9370.0,8350.0,-48.0470081930074,-48.750136372010616,-1.209826155582761,-0.0010659785402464966,0.0,0.0010659785402464966,0.0,0.0,0.8964271956523662,0.4296451131702006,0.9126636847181152,0.05127795288804188,0.0,0.13811577579898787,1.8101625558902266,0.01065838462198907,0.006,0.03,9675.0,8640.0,0.4564638530155772,0.5435361469844229,-296.8469577952337,296.8469577952337,84.12743036398447,1.2747202966408788,0.0,0.4015712134463244
current,Current mechanism,2024-08-22,2024-08-01,0.0,0.0,0.0,0.0,9370.0,8350.0,-33.632905735105176,-34.12509546040743,0.0,0.0,0.0,0.0,0.0,0.0,0.5444916976479652,0.26096731356521197,0.0,0.0,0.0,0.13134356961591842,1.5804689027756853,0.009305929676902368,0.006,0.03,9370.0,8350.0,0.4564638530155772,0.5435361469844229,0.0,0.0,0.0,1.2747202966408788,1.2747202966408788,0.566613482844088
current,Current mechanism,2024-09-06,2024-09-01,-100.0,-100.0,-191.9812849022911,-184.35794473075285,9270.0,8250.0,-115.52431891686473,-108.24551155303806,-0.14790482567119176,-0.00013031902925626922,0.0,0.00013031902925626922,0.0,0.0,0.14711994674293757,0.07051254856448581,0.9921264594414262,0.05574256398941767,0.0,0.12575249950988,1.4025756082459409,0.008258479463880846,0.004,0.03,9370.0,8350.0,0.4438961807954209,0.5561038192045791,-100.0,100.0,87.74191631780299,1.6231203419647426,0.0,0.3989861981265187
current,Current mechanism,2024-09-21,2024-09-01,-365.0,-350.0,-350.0173105689035,-336.2067495364629,8905.0,7900.0,-65.88433381070877,-61.97860762358954,-1.9170043355924697,-0.0016890736523353966,0.0,0.0016890736523353966,0.0,0.0,1.4897110284083015,0.7139978198961183,0.02643060258774836,0.0014850017777531246,0.0017129772104672572,0.12183875043565308,1.2843680606507781,0.007562463792033236,0.004,0.03,9270.0,8250.0,0.4438961807954209,0.5561038192045791,-356.65844271193134,356.65844271193134,14.32123787852597,1.6231203419647426,1.6231203419647426,0.41777094966984996
current,Current mechanism,2024-10-11,2024-10-01,140.0,135.0,156.07121060688564,150.08037707453926,9045.0,8035.0,-30.047823060610483,-28.304648261973426,0.30958795176350834,0.00027277812715150216,0.00027277812715150216,0.0,0.0,0.0,1.6688531221293514,0.7998581390649437,0.0310186191627032,0.0017427792063058481,0.0018276549666728043,0.09982649581269715,0.7164515245357149,0.004218524953277826,0.003,0.03,8905.0,7900.0,0.4289927404718693,0.5710072595281307,137.14496370235935,137.14496370235935,15.505437466931957,1.470713398723332,0.0,0.4543185362652128
current,Current mechanism,2024-10-24,2024-10-01,90.0,85.0,55.63730372372094,53.62011011591616,9135.0,8120.0,-55.3961724187064,-51.193143667465236,0.12072910634311682,0.00010637448690544205,0.00010637448690544205,0.0,0.0,0.0,0.08017794459708512,0.03842817603843385,0.1376191460394274,0.007732123240207461,0.0,0.08441791757662799,0.4168368941656719,0.0024543695969161936,0.003,0.03,9045.0,8035.0,0.4289927404718693,0.5710072595281307,87.14496370235935,87.14496370235935,32.659492172568676,1.470713398723332,1.470713398723332,0.3710127483114387
current,Current mechanism,2024-11-07,2024-11-01,-145.0,-140.0,-142.69020436323288,-137.07800323587335,8990.0,7980.0,-36.46752505632736,-32.91320380309901,-0.31634057682237493,-0.00027872786907918865,0.0,0.00027872786907918865,0.0,0.0,0.4976661931373906,0.23852449915454849,0.0009428060679067482,5.2971500830137783e-05,0.0003181979908193313,0.0892455588484325,0.502033441729333,0.002956013810826313,0.002,0.03,9135.0,8120.0,0.4090985963132081,0.5909014036867918,-142.04549298156604,142.04549298156604,2.6715461422625006,2.013560113213371,0.0,0.11405031068537584
current,Current mechanism,2024-11-20,2024-11-01,0.0,0.0,50.7494309896493,0.0,8990.0,7980.0,25.222163450220147,-23.039242662169304,0.0,0.0,0.0,0.0,0.025913348971135317,0.006365309961591114,0.12513648312965742,0.05997617956786343,0.13023386678683657,0.007317181780477582,0.00246751148500501,0.09262490773869564,0.5663812660741502,0.0033348990436599803,0.002,0.03,8990.0,7980.0,0.4090985963132081,0.5909014036867918,0.0,0.0,20.761520981559553,2.013560113213371,2.013560113213371,0.47687084636252497
current,Current mechanism,2024-12-04,2024-12-01,0.0,0.0,0.0,55.4592775292263,8990.0,7980.0,17.6555144151541,39.331807665707785,0.0,0.0,0.0,0.0,0.1208812809525518,0.029693067564298736,0.0,0.0,0.24140870403496628,0.013563533160730067,0.0038714770410845025,0.07998371300573985,0.34555850547663386,0.0020346766365180705,0.001,0.03,8990.0,7980.0,0.4116351991460404,0.5883648008539596,0.0,0.0,32.63028677898771,2.2245448960594727,0.0,0.11797474841069194
current,Current mechanism,2024-12-18,2024-12-01,0.0,0.0,0.0,0.0,8990.0,7980.0,12.35886009060787,27.53226536599545,0.0,0.0,0.0,0.0,0.05923182766675038,0.01454960310650638,0.0,0.0,0.0,0.0,0.0,0.0711348766926708,0.22327862190205452,0.0013146827186077796,0.001,0.03,8990.0,7980.0,0.4116351991460404,0.5883648008539596,0.0,0.0,0.0,2.2245448960594727,2.2245448960594727,0.4178425576047128
optimal,Welfare-optimal model,2016-01-27,2016-01-01,-325.7853861508645,-312.9340832286773,-325.7853861508645,-312.9340832286773,6599.214613849135,5657.065916771323,0.0,0.0,-2.859778654659034,-0.002519752661698005,0.0,0.002519752661698005,0.0,0.0,1.491931603529166,0.7150621107317088,0.0,0.0,0.0,0.0,0.0,0.0,0.018,0.03,6925.0,5970.0,0.4263973608863438,0.5736026391136562,-318.4138448786489,318.4138448786489,0.0,0.06715426911777199,0.06715426911777199,-0.21678213033534927
optimal,Welfare-optimal model,2016-02-15,2016-02-01,86.42172121655193,81.83671969357934,110.79707848275888,106.28145414750564,6685.6363350656875,5738.902636464903,24.375357266206947,24.4447344539263,0.2192331144768567,0.000193166426651739,0.000193166426651739,0.0,0.06593519153423956,0.016196205745533373,1.0616988241535603,0.508857510870321,0.07703834705895872,0.004328394782446081,0.003958998240867582,0.0,0.0,0.0,0.023,0.03,6599.214613849135,5657.065916771323,0.4263973608863438,0.5736026391136562,83.79175224263471,83.79175224263471,24.41515220417705,0.0,0.0,0.23731757953726912
optimal,Welfare-optimal model,2016-02-29,2016-02-01,56.10225768302926,53.46228632528912,56.10225768302926,54.00230941948396,6741.738592748717,5792.3649227901915,17.062750086344856,17.65133721194325,0.09057391094413654,7.98047264287651e-05,7.98047264287651e-05,0.0,0.03358717654092787,0.008250295616202665,0.030669864302130683,0.014699640286363785,2.2314832580792636e-05,1.2537574935238516e-06,4.998134994661315e-05,0.0,0.0,0.0,0.023,0.03,6685.6363350656875,5738.902636464903,0.4263973608863438,0.5736026391136562,54.58796314504505,54.58796314504505,0.30975867201248075,0.0,0.0,0.025808877769962636
optimal,Welfare-optimal model,2016-03-14,2016-03-01,248.512083578161,236.23954763200095,285.646073078346,274.69714840930345,6990.2506763268775,6028.604470422192,49.0779145606264,50.813536825662766,1.7404440515859212,0.0015335062818150023,0.0015335062818150023,0.0,0.27816904594538777,0.06832896053438584,0.7130673608061481,0.341763289219019,0.18584657846552377,0.010441778559319236,0.005850841658935944,0.0,0.0,0.0,0.023,0.03,6741.738592748717,5792.3649227901915,0.4263973608863438,0.5736026391136562,241.47252457082638,241.47252457082638,37.89321642190019,0.0,0.0,0.48625450613383
optimal,Welfare-optimal model,2016-03-28,2016-03-01,145.47290476737365,139.9564624068051,148.44173955854455,142.81271674163784,7135.723581094251,6168.5609328289975,37.3233749836094,38.425730112796685,0.5604519672295178,0.0004938145593470187,0.0004938145593470187,0.0,0.1597362839952159,0.03923734291831088,0.23347206227991682,0.11189991904176363,0.0010887928324410615,6.117375819987226e-05,0.00044111782373316776,0.0,0.0,0.0,0.023,0.03,6990.2506763268775,6028.604470422192,0.4263973608863438,0.5736026391136562,142.30865887083314,142.30865887083314,2.904258344302723,0.0,0.0,0.15912485105618188
optimal,Welfare-optimal model,2016-04-12,2016-04-01,-88.88258685357629,-85.37700297115087,-101.00293960633668,-97.019321558126,7046.840994240675,6083.183929857847,14.006009735766185,15.255692491982558,-0.1997586005129101,-0.00017600742089582673,0.0,0.00017600742089582673,0.024177550978708825,0.005938931562380364,0.38962550107843313,0.1867420949707079,0.01811416964345795,0.0010177435052322933,0.0,0.0026027054540915,0.0,0.0,0.023,0.03,7135.723581094251,6168.5609328289975,0.4272388790907309,0.572761120909269,-86.87472469963683,86.87472469963683,11.846553368132295,0.0,0.0,0.038693103531281615
optimal,Welfare-optimal model,2016-04-27,2016-04-01,246.24919508511687,234.00270441291528,286.3362733547871,275.2972993093121,7293.090189325792,6317.186634270763,49.89128508470657,51.97357964078461,1.5540103778858194,0.0013692394618040745,0.0013692394618040745,0.0,0.28964867628875535,0.07114879696160391,1.1461377383409148,0.549327910494457,0.2151539889767334,0.012088413612984676,0.0060190764493875315,0.00442459927195555,0.0,0.0,0.023,0.03,7046.840994240675,6083.183929857847,0.4272388790907309,0.572761120909269,239.23488136050173,239.23488136050173,40.77869684631075,0.0,0.0,0.534158463582037
optimal,Welfare-optimal model,2016-05-12,2016-05-01,169.84064740533134,163.362024240435,175.09345093333127,168.4144579798299,7462.930836731124,6480.548658511198,40.17670308729453,41.433939487944116,0.698555191410432,0.0006154973917410608,0.0006154973917410608,0.0,0.18571768683311768,0.04561936951334586,0.26826296546850514,0.12857471606962093,0.0034074997127038803,0.00019145016138996776,0.0007445290554529114,0.014501530964730685,0.0,0.0,0.02,0.03,7293.090189325792,6317.186634270763,0.4211575255102041,0.5788424744897959,166.0905451412758,166.0905451412758,5.1368209837507965,0.0,0.0,0.19265722390412637
optimal,Welfare-optimal model,2016-05-26,2016-05-01,179.94061488462066,173.02768313366406,191.4261860474688,184.0720033336852,7642.871451615745,6653.576341644862,39.60926332395431,40.048077841582,0.7462006774426285,0.000657477857624997,0.000657477857624997,0.0,0.1760557132131571,0.043246019121612564,0.26450796800659115,0.12677499790254348,0.0162860712650292,0.0009150319104867129,0.0015858542412826397,0.021555383149673278,0.0,0.0,0.02,0.03,7462.930836731124,6480.548658511198,0.4211575255102041,0.5788424744897959,175.93911636391783,175.93911636391783,11.230156363654352,0.0,0.0,0.2005084049879009
optimal,Welfare-optimal model,2016-06-09,2016-06-01,100.23322113792264,96.43735586995946,100.23322113792264,96.43735586995946,7743.104672753668,6750.013697514822,27.726484326768016,28.033654489107406,0.2198292355182835,0.00019369166925342857,0.00019369166925342857,0.0,0.08611454845102998,0.021153027873928497,0.11954027349502817,0.05729399396098358,0.0,0.0,0.0,0.015088768204771294,0.0,0.0,0.019,0.03,7642.871451615745,6653.576341644862,0.4302525607944327,0.5697474392055673,98.07053662193127,98.07053662193127,0.0,0.015458923118898392,0.0,0.07091400957739025
optimal,Welfare-optimal model,2016-06-23,2016-06-01,0.0,0.0,0.0,0.0,7743.104672753668,6750.013697514822,19.40853902873761,19.62355814237518,0.0,0.0,0.0,0.0,0.04219612874100468,0.010364983658224962,0.05955352575764438,0.028543178339437786,0.0,0.0,0.0,0.010562137743339906,0.0,0.0,0.019,0.03,7743.104672753668,6750.013697514822,0.4302525607944327,0.5697474392055673,0.0,0.0,0.0,0.015458923118898392,0.015458923118898392,0.0195347629362579
optimal,Welfare-optimal model,2016-07-07,2016-07-01,0.0,0.0,0.0,0.0,7743.104672753668,6750.013697514822,13.585977320116326,13.736490699662626,0.0,0.0,0.0,0.0,0.020729305868443966,0.005091910632170774,0.0,0.0,0.0,0.0,0.0,0.007393496420337934,0.0,0.0,0.018,0.03,7743.104672753668,6750.013697514822,0.4170589864303517,0.5829410135696483,0.0,0.0,0.0,0.06715426911777199,0.0,0.0034548843114073262
optimal,Welfare-optimal model,2016-07-22,2016-07-01,-156.29714801489322,-151.48740361888989,-157.87590708575073,-151.48740361888989,7586.807524738774,6598.526293895931,7.931425053223933,9.615543489763837,-0.526089794261735,-0.00046353802844969246,0.0,0.00046353802844969246,0.009013874075535715,0.0022141523470951665,0.3470203179831682,0.16632202203965313,0.0001284880661574852,7.219094079692771e-06,0.0,0.005175447494236553,0.0,0.0,0.018,0.03,7743.104672753668,6750.013697514822,0.4170589864303517,0.5829410135696483,-153.49335074167612,153.49335074167612,0.6584356579095532,0.06715426911777199,0.06715426911777199,-0.017128807503183595
optimal,Welfare-optimal model,2016-08-05,2016-08-01,-222.03765488860589,-213.3250115912218,-222.03765488860589,-213.3250115912218,7364.769869850168,6385.20128230471,5.551997537256767,6.730880442834689,-1.0958630691618805,-0.0009655655974907674,0.0,0.0009655655974907674,0.004405426489349916,0.0010821412990251493,0.4263971511209613,0.20436623647444668,0.0,0.0,0.0,0.015225752251635987,0.0,0.0,0.013,0.03,7586.807524738774,6598.526293895931,0.4219782861263571,0.5780217138736429,-217.00155787748224,217.00155787748224,0.0,0.386382979664885,0.0,-0.11084341525859484
optimal,Welfare-optimal model,2016-08-19,2016-08-01,106.84313660236975,101.55570594080103,127.19421024091638,122.35627221783258,7471.613006452538,6486.756988245511,24.237471914626354,25.51218258701583,0.2667454562249508,0.0002350295790283132,0.0002350295790283132,0.0,0.0693667304231514,0.01703912298859248,0.7293333291098099,0.3495593420680892,0.054964234899627686,0.0030881621509689866,0.0029771806925573186,0.02226096558181559,0.0,0.0,0.013,0.03,7364.769869850168,6385.20128230471,0.4219782861263571,0.5780217138736429,103.78688686938176,103.78688686938176,20.610890143817265,0.386382979664885,0.386382979664885,0.251132121720404
optimal,Welfare-optimal model,2016-09-02,2016-09-01,208.70325766688157,198.4106382188085,229.34423919437532,220.456264687565,7680.316264119419,6685.167626464319,37.60721186773219,39.90415427966761,0.9890200664567862,0.0008714261647023698,0.0008714261647023698,0.0,0.16917847240722086,0.04155670565390724,0.41098610112049433,0.19697993410250259,0.05980746029416642,0.0033602784713242014,0.003015856086587784,0.03541060229869571,4.848003718912676e-05,2.854544091461044e-07,0.019,0.03,7471.613006452538,6486.756988245511,0.4129458819688189,0.5870541180311811,202.66093303456245,202.66093303456245,21.46558412463373,0.016868229172156492,0.0,0.27150676338597607
optimal,Welfare-optimal model,2016-09-19,2016-09-01,-132.22828170076843,-128.3604671674128,-146.9203130008538,-141.05545842572835,7548.087982418651,6556.807159296906,11.633017007327155,15.23791673745177,-0.3845530913563871,-0.0003388299559236279,0.0,0.0003388299559236279,0.02175404611381099,0.005343626043372303,0.8300026916056104,0.39780877030057815,0.02363889049746953,0.001328149605984606,0.0,0.0446153480005118,0.016108576113733918,9.484860869212119e-05,0.019,0.03,7680.316264119419,6685.167626464319,0.4129458819688189,0.5870541180311811,-129.95766525118117,129.95766525118117,13.519660719691238,0.016868229172156492,0.0,0.0844918521623729
optimal,Welfare-optimal model,2016-09-30,2016-09-01,0.0,0.0,0.0,0.0,7548.087982418651,6556.807159296906,8.143111905129008,10.666541716216237,0.0,0.0,0.0,0.0,0.010659482595767383,0.002618376761252428,0.10472656364345294,0.05019398843179082,0.0,0.0,0.0,0.05105866999178306,0.04447430903364253,0.00026186835537797483,0.019,0.03,7548.087982418651,6556.807159296906,0.4129458819688189,0.5870541180311811,0.0,0.0,0.0,0.016868229172156492,0.016868229172156492,0.02945476407416988
optimal,Welfare-optimal model,2016-10-20,2016-10-01,307.485912293949,295.7022447289873,353.4320830964931,339.8876376195256,7855.5738947126,6852.509404025894,51.646349136134404,51.65197209188966,2.1304786712841373,0.0018771660155981842,0.0018771660155981842,0.0,0.29540618743207747,0.07256306198290172,1.3308411308755386,0.6378536829981651,0.2606498187725113,0.014644594006631893,0.006139207708212912,0.035741068994248136,0.00012699988986248877,7.477856995218626e-07,0.021,0.03,7548.087982418651,6556.807159296906,0.4185863874345549,0.581413612565445,300.63472756573435,300.63472756573435,44.922430555799366,0.0,0.0,0.6695838013756876
optimal,Welfare-optimal model,2016-11-02,2016-11-01,-32.36350278751975,-29.962638608145816,-55.79914273710302,-53.50471180026038,7823.21039192508,6822.546765417748,12.716804445710814,12.614307272208194,-0.02070049192750725,-1.8239215663707866e-05,0.0,1.8239215663707866e-05,0.017752636068086587,0.004360726640719586,0.6895053372775627,0.3304703383641636,0.07145575861888993,0.004014737394936914,0.0,0.025018748295973694,0.0,0.0,0.023,0.03,7855.5738947126,6852.509404025894,0.4098867545317513,0.5901132454682487,-30.946721034700936,30.946721034700936,23.49844761575912,0.0,0.0,0.12633554000617195
optimal,Welfare-optimal model,2016-11-17,2016-11-01,-284.2294865125539,-272.9682691056422,-284.2294865125539,-272.9682691056422,7538.980905412526,6549.578496312106,8.901763111997582,8.830015090545714,-1.6861685715750898,-0.001485684124320602,0.0,0.001485684124320602,0.00869879167336241,0.002136756053952593,1.03477962176661,0.4959555107836593,0.0,0.0,0.0,0.017513123807181584,0.0,0.0,0.023,0.03,7823.21039192508,6822.546765417748,0.4098867545317513,0.5901132454682487,-277.5840929606377,277.5840929606377,0.0,0.0,0.0,-0.10711502635585288
optimal,Welfare-optimal model,2016-12-01,2016-12-01,107.86820552984317,102.47806459661172,128.41453039267043,123.46754770676112,7646.849110942369,6652.056560908718,26.777559041225558,27.17049367353141,0.2589728164468199,0.00022818110152902915,0.00022818110152902915,0.0,0.08092528539715245,0.019878346324779576,0.9997013452401923,0.47914297970349673,0.0560365085771971,0.003148407781470297,0.002936349401436709,0.012259186665027108,0.0,0.0,0.021,0.03,7538.980905412526,6549.578496312106,0.4148449039881831,0.5851550960118168,104.71413709454089,104.71413709454089,20.805641169587478,0.0,0.0,0.23260599261022685
optimal,Welfare-optimal model,2016-12-15,2016-12-01,392.5278621082022,377.2064827107747,404.6678990806208,388.87266258842754,8039.376973050572,7029.263043619492,30.884328301276526,30.68552544912484,2.898007981610136,0.0029746617148637827,0.0029746617148637827,0.0,0.10484063127345164,0.0257528702819443,1.7369880104005038,0.8325142453545287,0.018181126437408296,0.0010215054685745518,0.0015901464412333749,0.008581430665518974,0.0,0.0,0.021,0.03,7646.849110942369,6652.056560908718,0.4148449039881831,0.5851550960118168,383.562478875867,383.562478875867,11.862757078635063,0.0,0.0,0.7930029582869164
optimal,Welfare-optimal model,2016-12-29,2016-12-01,77.71243352081123,74.71447030925725,77.71243352081123,74.71447030925725,8117.089406571383,7103.977513928749,21.619029810893565,21.47986781438739,0.11902437875623502,0.00010487245042177316,0.00010487245042177316,0.0,0.051371909323991306,0.012618906438152708,0.635752891630446,0.3047075372072624,0.0,0.0,0.0,0.006007001465863282,0.0,0.0,0.021,0.03,8039.376973050572,7029.263043619492,0.4148449039881831,0.5851550960118168,75.95816006991447,75.95816006991447,0.0,0.0,0.0,0.13435819661844534
optimal,Welfare-optimal model,2017-01-13,2017-01-01,0.0,0.0,0.0,0.0,8117.089406571383,7103.977513928749,15.133320867625494,15.035907470071171,0.0,0.0,0.0,0.0,0.025154070869204802,0.0061788022094970176,0.03576634658074408,0.017142313507328772,0.0,0.0,0.0,0.004204901026104297,0.0,0.0,0.025,0.03,8117.089406571383,7103.977513928749,0.4193319649188281,0.5806680350811718,0.0,0.0,0.0,0.0,0.0,0.01015340290832481
optimal,Welfare-optimal model,2017-01-26,2017-01-01,0.0,0.0,0.0,0.0,8117.089406571383,7103.977513928749,10.593324607337845,10.52513522904982,0.0,0.0,0.0,0.0,0.012325494725910352,0.0030276130826535383,0.0,0.0,0.0,0.0,0.0,0.002943430718273008,0.0,0.0,0.025,0.03,8117.089406571383,7103.977513928749,0.4193319649188281,0.5806680350811718,0.0,0.0,0.0,0.0,0.0,0.0020542491209850577
optimal,Welfare-optimal model,2017-02-15,2017-02-01,0.0,0.0,0.0,0.0,8117.089406571383,7103.977513928749,7.415327225136491,7.367594660334873,0.0,0.0,0.0,0.0,0.006039492415696071,0.0014835304105002335,0.0,0.0,0.0,0.0,0.0,0.0020604015027911055,0.0,0.0,0.008,0.03,8117.089406571383,7103.977513928749,0.4193319649188281,0.5806680350811718,0.0,0.0,0.0,0.8353347291562676,0.0,0.0010065820692826781
optimal,Welfare-optimal model,2017-02-28,2017-02-01,55.95744290787435,37.40402606555655,55.95744290787435,54.20873342834283,8173.046849479258,7141.381539994306,5.190729057595547,21.96202362502069,0.040887544762775306,3.6026039839990014e-05,3.6026039839990014e-05,0.0,0.03438970795305818,0.008447428036169416,0.03083532193728563,0.014778941834471423,0.02187497945256953,0.0012290443726181495,0.0012866928289936063,0.0014422810519537739,0.0,0.0,0.008,0.03,8117.089406571383,7103.977513928749,0.4193319649188281,0.5806680350811718,45.184066806003756,45.184066806003756,9.757956404463211,0.8353347291562676,0.8353347291562676,0.16055371387699263
optimal,Welfare-optimal model,2017-03-15,2017-03-01,-90.309246984768,-82.33076342904533,-92.1522928416,-88.5277026118767,8082.73760249449,7059.050776565261,1.7904644834848824,9.176477354683115,-0.1456986208395964,-0.00012837514087609447,0.0,0.00012837514087609447,0.005941377558390242,0.0014594296476353277,0.16907649589960885,0.0810360178356071,0.0031507410014670056,0.00017702418902045767,0.0,0.0010095967363676418,0.0,0.0,0.009,0.03,8173.046849479258,7141.381539994306,0.4193319649188281,0.5806680350811718,-85.67639661553908,85.67639661553908,4.371212539393086,0.8309447147640195,0.0,0.005411665603311619
optimal,Welfare-optimal model,2017-03-29,2017-03-01,-255.78305247850017,-245.73197337236635,-255.78305247850017,-245.73197337236635,7826.954550015989,6813.318803192895,1.2533251384394077,6.423534148278179,-1.2752125708498443,-0.001123590549357659,0.0,0.001123590549357659,0.002911275003611216,0.0007151205273413099,0.7000197456846655,0.3355097483819508,0.0,0.0,0.0,0.0007067177154573492,0.0,0.0,0.009,0.03,8082.73760249449,7059.050776565261,0.4193319649188281,0.5806680350811718,-249.946712123496,249.946712123496,0.0,0.8309447147640195,0.8309447147640195,0.04311052743374198
optimal,Welfare-optimal model,2017-04-13,2017-04-01,177.48598719134242,170.72634547236544,208.8070437545205,200.8545240851358,8004.4405372073315,6984.04514866526,32.19838416008565,34.62465251656511,0.6586517526625342,0.0005803384482920243,0.0005803384482920243,0.0,0.12600910072663973,0.030952656293088805,1.368314693464441,0.6558142414433857,0.12115904546316471,0.006807313503592687,0.004115720857030096,0.031180987065309845,0.0,0.0,0.012,0.03,7826.954550015989,6813.318803192895,0.4183024827089913,0.5816975172910087,173.5539203856368,173.5539203856368,30.627162420994726,0.34372315972049133,0.0,0.3790224320527965
optimal,Welfare-optimal model,2017-04-26,2017-04-01,0.0,0.0,0.0,0.0,8004.4405372073315,6984.04514866526,22.538868912059954,24.237256761595575,0.0,0.0,0.0,0.0,0.061744459356053466,0.015166801583613514,0.18667111873051975,0.08946887635890569,0.0,0.0,0.0,0.05251297561020659,0.05282731185857874,0.0003110515166178488,0.012,0.03,8004.4405372073315,6984.04514866526,0.4183024827089913,0.5816975172910087,0.0,0.0,0.0,0.34372315972049133,0.34372315972049133,0.10749434161094051
optimal,Welfare-optimal model,2017-05-12,2017-05-01,-248.54959180693672,-241.06606638193543,-251.0601937443805,-241.06606638193543,7755.890945400395,6742.979082283325,13.266606300998177,16.966079733116914,-1.242930231379839,-0.0010951465609836417,0.0,0.0010951465609836417,0.027128758568816778,0.0066638610608007465,0.878160924418727,0.42089034288942706,0.0003300563356353606,1.854419487977884e-05,0.0,0.03675908292714461,0.0006020271792153449,3.544785084681319e-06,0.015,0.03,8004.4405372073315,6984.04514866526,0.4236417592451681,0.5763582407548319,-244.23640025833893,244.23640025833893,1.0635958215430168,0.22716170100246572,0.0,-0.05611807747957407
optimal,Welfare-optimal model,2017-05-26,2017-05-01,104.38578685108337,101.56584388747294,122.80680806009806,118.09981847380574,7860.276732251478,6844.544926170797,27.707645619713418,28.41023039951463,0.2355033713145367,0.00020750215956115967,0.00020750215956115967,0.0,0.08763655997113673,0.021526892135988313,0.8360818982459922,0.40072244966869586,0.038787520181638516,0.002179274431339226,0.002376983983700453,0.025731358049001226,0.0,0.0,0.015,0.03,7755.890945400395,6742.979082283325,0.4236417592451681,0.5763582407548319,102.7604894855479,102.7604894855479,17.333406337343416,0.22716170100246572,0.22716170100246572,0.2375285084526282
optimal,Welfare-optimal model,2017-06-10,2017-06-01,-143.55441070172876,-139.26732355916397,-152.71745819332847,-146.5971826938568,7716.72232154975,6705.2776026116335,10.232304442199677,12.557302144967394,-0.43137277304667326,-0.00038008280511416003,0.0,0.00038008280511416003,0.01522744964127819,0.0037404442397322643,0.5381394727983398,0.2579227803586823,0.008520997578383694,0.00047875172388219965,0.0,0.019382711704686358,0.0,0.0,0.015,0.03,7860.276732251478,6844.544926170797,0.4216406489133761,0.5783593510866238,-141.07493376390318,141.07493376390318,8.1028058630795,0.22716170100246572,0.0,0.02175252449522139
optimal,Welfare-optimal model,2017-06-24,2017-06-01,-212.4536631141341,-204.0489155874226,-212.4536631141341,-204.0489155874226,7504.268658435616,6501.228687024211,7.1626131095397625,8.790111501477185,-0.9705920948534296,-0.0008551892680384952,0.0,0.0008551892680384952,0.0074614503242263165,0.0018328176774688103,0.3947918248581989,0.18921824225383,0.0,0.0,0.0,0.01493865926366595,0.0,0.0,0.015,0.03,7716.72232154975,6705.2776026116335,0.4216406489133761,0.5783593510866238,-207.5926987885383,207.5926987885383,0.0,0.22716170100246572,0.22716170100246572,-0.05686285311142309
optimal,Welfare-optimal model,2017-07-07,2017-07-01,0.0,0.0,0.0,0.0,7504.268658435616,6501.228687024211,5.013829176677834,6.153078051034029,0.0,0.0,0.0,0.0,0.0036643492332355267,0.0009001043710345616,0.2669939887651805,0.1279665131481182,0.0,0.0,0.0,0.024757863997723263,0.0,0.0,0.0139999999999999,0.03,7504.268658435616,6501.228687024211,0.4175082846772921,0.5824917153227079,0.0,0.0,0.0,0.23131386937435658,0.0,0.045109722999735986
optimal,Welfare-optimal model,2017-07-22,2017-07-01,58.87712254304824,43.71690966217307,58.87712254304824,56.77520735347152,7563.145780978664,6544.945596686383,3.5096804236744816,17.36545232702227,0.05906182006280849,5.203940454116509e-05,5.203940454116509e-05,0.0,0.021374904783203665,0.0052504944264881274,0.03730593730575021,0.017880217973513184,0.013250147386418325,0.0007444587144389576,0.0010901006004672461,0.031631307311563384,0.0,0.0,0.0139999999999999,0.03,7504.268658435616,6501.228687024211,0.4175082846772921,0.5824917153227079,50.04642413740986,50.04642413740986,7.606350221398991,0.23131386937435658,0.23131386937435658,0.06038444648542285
optimal,Welfare-optimal model,2017-08-05,2017-08-01,136.9646447012058,134.70741761382106,155.64164170591567,149.67490845980117,7700.11042567987,6679.653014300205,21.13377330128202,27.123307474895682,0.4351880754861621,0.0003834444703470349,0.0003834444703470349,0.0,0.06936017818083282,0.017037513507187827,0.20291938290240222,0.09725644386333354,0.035441455378818584,0.001991275986575502,0.0023194258857725213,0.022141915118094366,0.0,0.0,0.018,0.03,7563.145780978664,6544.945596686383,0.419920505026888,0.580079494973112,135.65527355231603,135.65527355231603,16.525188545554265,0.0331577474389238,0.0,0.12381818199136922
optimal,Welfare-optimal model,2017-08-18,2017-08-01,0.0,0.0,0.0,0.0,7700.11042567987,6679.653014300205,14.793641310897412,18.986315232426975,0.0,0.0,0.0,0.0,0.03398648730860807,0.008348381618522032,0.11408872249219375,0.05468114122857469,0.0,0.0,0.0,0.015499340582666055,0.0,0.0,0.018,0.03,7700.11042567987,6679.653014300205,0.419920505026888,0.580079494973112,0.0,0.0,0.0,0.0331577474389238,0.0331577474389238,0.030205492873287592
optimal,Welfare-optimal model,2017-09-01,2017-09-01,-86.64804835843782,-83.23182418070003,-89.327884905606,-85.80600431000003,7613.462377321432,6596.421190119505,7.675712370460005,10.716240533398874,-0.16264054432294342,-0.00014330267966372048,0.0,0.00014330267966372048,0.010392786134156838,0.0025528659063759835,0.10553901509187555,0.050583385134831266,0.0008855120929761115,4.975244237908388e-05,0.0,0.010849538407866238,0.0,0.0,0.016,0.03,7700.11042567987,6679.653014300205,0.417678148350647,0.582321851649353,-84.65870636960827,84.65870636960827,2.6183105062765453,0.061786595955032685,0.0,-0.007637205167322481
optimal,Welfare-optimal model,2017-09-16,2017-09-01,92.820410990106,89.20431964291696,106.69012757483448,102.533700738985,7706.282788311538,6685.625509762422,19.242715244050487,20.830749469447255,0.1913221694879248,0.00016857407653688268,0.00016857407653688268,0.0,0.045410712756488655,0.01115460848359678,0.260789449249213,0.12499276347225427,0.023733364830753726,0.001333457640578721,0.0019023356250655677,0.007594676885506366,0.0,0.0,0.016,0.03,7613.462377321432,6596.421190119505,0.417678148350647,0.582321851649353,90.71468198107767,90.71468198107767,13.555067422459878,0.061786595955032685,0.0,0.08687594938739666
optimal,Welfare-optimal model,2017-09-30,2017-09-01,206.91448891975708,188.1848331465616,222.48869776317963,213.8464013029109,7913.197277231295,6873.810342908983,29.044109514257883,40.24309278496236,0.8653775855920142,0.000762484701785164,0.000762484701785164,0.0,0.14709243784511208,0.03613153054563263,0.39625264421784906,0.18991839269788402,0.0636772999746868,0.003577705175316799,0.0029263424218900548,0.005316273819854456,0.0,0.0,0.016,0.03,7706.282788311538,6685.625509762422,0.417678148350647,0.582321851649353,196.0078010891549,196.0078010891549,21.448298596778397,0.061786595955032685,0.061786595955032685,0.25569776059744903
optimal,Welfare-optimal model,2017-10-19,2017-10-01,0.0,0.0,0.0,0.0,7913.197277231295,6873.810342908983,20.330876659980518,28.170164949473648,0.0,0.0,0.0,0.0,0.07222078753837544,0.0177401886133684,0.23799223083378718,0.1140663730932415,0.0,0.0,0.0,0.003721391673898119,0.0,0.0,0.019,0.03,7913.197277231295,6873.810342908983,0.4149379069850193,0.5850620930149806,0.0,0.0,0.0,0.0348383214519234,0.0348383214519234,0.05750855663734764
optimal,Welfare-optimal model,2017-11-03,2017-11-01,104.51040154387694,102.82819761446216,113.59826254769231,109.39169958985336,8017.707678775172,6976.638540523445,23.319474665801735,26.282617440022747,0.23057623331739066,0.00020316085536174698,0.00020316085536174698,0.0,0.0703873173601316,0.01728981818834709,0.15793163346633277,0.07569443995328219,0.007611063105193303,0.00042762711157567045,0.0010268257367775236,0.002604974171728683,0.0,0.0,0.017,0.03,7913.197277231295,6873.810342908983,0.4178427787934186,0.5821572212065813,103.53109437882603,103.53109437882603,7.618287166500215,0.022808852371080116,0.0,0.07775104120817469
optimal,Welfare-optimal model,2017-11-17,2017-11-01,206.87747998105647,198.8731518068488,227.33789008907308,218.5419250624712,8224.585158756228,7175.511692330294,36.78404237407784,38.066605463638325,0.8526050578006575,0.0007512308200043309,0.0007512308200043309,0.0,0.15648765976960136,0.038439356514940015,0.4090693368875509,0.19606125560883614,0.05166461720488471,0.0029027733341105205,0.0026198483560485354,0.001823481920210078,0.0,0.0,0.017,0.03,8017.707678775172,6976.638540523445,0.4178427787934186,0.5821572212065813,202.21770253353418,202.21770253353418,19.99955299782207,0.022808852371080116,0.0,0.24497111194378232
optimal,Welfare-optimal model,2017-11-30,2017-11-01,0.0,0.0,0.0,0.0,8224.585158756228,7175.511692330294,25.748829661854487,26.646623824546825,0.0,0.0,0.0,0.0,0.07667895328710465,0.018835284692320604,0.25342923451256827,0.12146511470298485,0.0,0.0,0.0,0.0012764373441470544,0.0,0.0,0.017,0.03,8224.585158756228,7175.511692330294,0.4178427787934186,0.5821572212065813,0.0,0.0,0.0,0.022808852371080116,0.022808852371080116,0.058819506695125486
optimal,Welfare-optimal model,2017-12-14,2017-12-01,0.0,0.0,0.0,0.0,8224.585158756228,7175.511692330294,18.02418076329814,18.652636677182777,0.0,0.0,0.0,0.0,0.03762965854173827,0.009243283862452639,0.0,0.0,0.0,0.0,0.0,0.000893506140902938,0.0,0.0,0.018,0.03,8224.585158756228,7175.511692330294,0.4114952718676123,0.5885047281323877,0.0,0.0,0.0,0.06715426911777199,0.0,0.006271609756956376
optimal,Welfare-optimal model,2017-12-29,2017-12-01,0.0,0.0,0.0,0.0,8224.585158756228,7175.511692330294,12.616926534308698,13.056845674027944,0.0,0.0,0.0,0.0,0.01843853268545175,0.004529209092601793,0.0,0.0,0.0,0.0,0.0,0.0006254542986320566,0.0,0.0,0.018,0.03,8224.585158756228,7175.511692330294,0.4114952718676123,0.5885047281323877,0.0,0.0,0.0,0.06715426911777199,0.06715426911777199,0.014265466967203952
optimal,Welfare-optimal model,2018-01-13,2018-01-01,200.65245400279508,193.23890107077835,225.4521955087585,217.12236075368355,8425.237612759023,7368.750593401072,33.6315900799795,33.02325165472476,0.7593022709962512,0.0006690216794433196,0.0006690216794433196,0.0,0.12221735490956584,0.030021258446823303,0.5676208428939663,0.2720527918672355,0.07606219876480695,0.004273549950688897,0.003093031827058398,0.00043781800904243957,0.0,0.0,0.015,0.03,8224.585158756228,7175.511692330294,0.4323183818982138,0.5676816181017862,196.4439162784646,196.4439162784646,24.279585158012477,0.12972553710485266,0.0,0.2542004445940983
optimal,Welfare-optimal model,2018-01-27,2018-01-01,0.0,0.0,0.0,0.0,8425.237612759023,7368.750593401072,23.542113055985652,23.11627615830733,0.0,0.0,0.0,0.0,0.05988650390568727,0.01471041663894342,0.23891811666710447,0.11451013732258172,0.0,0.0,0.0,0.0003064726063297077,0.0,0.0,0.015,0.03,8425.237612759023,7368.750593401072,0.4323183818982138,0.5676816181017862,0.0,0.0,0.0,0.12972553710485266,0.12972553710485266,0.07142169294627404
optimal,Welfare-optimal model,2018-02-10,2018-02-01,0.0,0.0,0.0,0.0,8425.237612759023,7368.750593401072,16.479479139189955,16.181393310815128,0.0,0.0,0.0,0.0,0.029344386913786748,0.0072081041530822725,0.0,0.0,0.0,0.0,0.0,0.00021453082443079538,0.0,0.0,0.0289999999999999,0.03,8425.237612759023,7368.750593401072,0.4323183818982138,0.5676816181017862,0.0,0.0,0.0,0.0,0.0,0.0048907311522977896
optimal,Welfare-optimal model,2018-03-01,2018-03-01,-148.1572285561291,-144.7539968745438,-152.73941088260733,-146.21615845913513,8277.080384202894,7223.996596526528,6.953453070954737,9.864813732979258,-0.40035540690718846,-0.00035275338548879857,0.0,0.00035275338548879857,0.00864266557121881,0.002122969335860775,0.31461466304123487,0.1507904413910438,0.0012838744578529315,7.213440730281333e-05,0.0,0.00015017157710155675,0.0,0.0,0.021,0.03,8425.237612759023,7368.750593401072,0.4323183818982138,0.5676816181017862,-146.22527648835148,146.22527648835148,2.811003903212747,0.0017362205638001733,0.0,-0.012635700639480297
optimal,Welfare-optimal model,2018-03-14,2018-03-01,-63.13423208262028,-60.56793170144131,-63.13423208262028,-60.56793170144131,8213.946152120274,7163.428664825087,4.867417149668313,6.905369613085483,-0.07383732848995983,-6.505811374322214e-05,0.0,6.505811374322214e-05,0.004234906129897218,0.00104025497457178,0.07668581390793698,0.03675444626715856,0.0,0.0,0.0,0.00010512010397108972,0.0,0.0,0.021,0.03,8277.080384202894,7223.996596526528,0.4323183818982138,0.5676816181017862,-61.67739052969737,61.67739052969737,0.0,0.0017362205638001733,0.0,0.0011805652579790597
optimal,Welfare-optimal model,2018-03-29,2018-03-01,96.42718422448598,92.76688488428624,109.57634570964316,105.41691464123436,8310.373336344759,7256.195549709373,16.556353489925,17.483788486107954,0.17566939699221404,0.00015478240944587733,0.00015478240944587733,0.0,0.032409948747222736,0.007961123428899507,0.22653570639167023,0.10857541993570326,0.021357592721040448,0.0011999750309882801,0.001665520218392537,7.35840727797628e-05,0.0,0.0,0.021,0.03,8213.946152120274,7163.428664825087,0.4323183818982138,0.5676816181017862,94.34929957230449,94.34929957230449,12.865813578041518,0.0017362205638001733,0.0017362205638001733,0.0762848109026579
optimal,Welfare-optimal model,2018-04-13,2018-04-01,0.0,0.0,0.0,0.0,8310.373336344759,7256.195549709373,11.5894474429475,12.238651940275567,0.0,0.0,0.0,0.0,0.015862671188657352,0.003896478955579058,0.05511242242601122,0.02641461915161497,0.0,0.0,0.0,5.1508850945833954e-05,0.0,0.0,0.018,0.03,8310.373336344759,7256.195549709373,0.4364403558123622,0.5635596441876378,0.0,0.0,0.0,0.006702880799805909,0.0,0.011829182269111425
optimal,Welfare-optimal model,2018-04-27,2018-04-01,282.9024455781278,265.9008488744768,314.3360506423642,302.1600555391782,8593.275781922886,7522.09639858385,39.54621827429969,44.82626302289424,1.4329129520222381,0.0012625404483516099,0.0012625404483516099,0.0,0.20246006968326144,0.049731939311078305,1.0980570489153394,0.5262835033750152,0.15214277148186373,0.008548132240752756,0.004256500548485535,3.6056195662083766e-05,0.0,0.0,0.018,0.03,8310.373336344759,7256.195549709373,0.4364403558123622,0.5635596441876378,273.3210317891966,273.3210317891966,34.15311938518574,0.006702880799805909,0.006702880799805909,0.4820459538170846
optimal,Welfare-optimal model,2018-05-01,2018-05-01,0.0,0.0,0.0,0.0,8593.275781922886,7522.09639858385,27.68235279200978,31.378384116025966,0.0,0.0,0.0,0.0,0.09944054137920391,0.02442640159448786,0.46210211222490194,0.2214791287747258,0.0,0.0,0.0,2.5239336963458635e-05,0.0,0.0,0.018,0.03,8593.275781922886,7522.09639858385,0.4306552877927742,0.5693447122072258,0.0,0.0,0.0,0.006308751638078196,0.0,0.09359044226735094
optimal,Welfare-optimal model,2018-05-12,2018-05-01,101.56232645720716,99.83998792959518,106.90771206021807,102.92782260783008,8694.838108380094,7621.936386513445,24.723032557417753,25.05270355945308,0.1821098580388015,0.00016045710347797052,0.00016045710347797052,0.0,0.06865182383838557,0.016863514578784624,0.14890469774645118,0.0713679549495266,0.002245143941064116,0.00012614327398412516,0.0005019828392864207,1.766753587442104e-05,0.0,0.0,0.018,0.03,8593.275781922886,7522.09639858385,0.4306552877927742,0.5693447122072258,100.5817221238805,100.5817221238805,4.060060921451155,0.006308751638078196,0.0,0.06698525392745036
optimal,Welfare-optimal model,2018-05-26,2018-05-01,215.55900972228645,204.88144978890864,231.78388142181336,222.6972280314224,8910.39711810238,7826.8178363023535,33.53099448971935,35.352670734130925,0.7673100971944152,0.0006760773798362035,0.0006760773798362035,0.0,0.1327262905338895,0.032602655111906555,0.4471361381642451,0.21430614512342794,0.03811980691282185,0.0021417590024748944,0.002061301327622238,1.2367275112094728e-05,0.0,0.0,0.018,0.03,8694.838108380094,7621.936386513445,0.4306552877927742,0.5693447122072258,209.47979743494204,209.47979743494204,17.13064592739236,0.006308751638078196,0.006308751638078196,0.23193351407390825
optimal,Welfare-optimal model,2018-06-09,2018-06-01,-190.3942773876074,-185.0205041466915,-206.9503015082689,-198.94677865235644,8720.002840714773,7641.797332155662,6.915672022142047,10.820595008226718,-0.5837260995902276,-0.0005143214111164966,0.0,0.0005143214111164966,0.009926757071977408,0.0024383913382610726,1.2739789565280752,0.6106004320357816,0.029357108256400647,0.0016494273184166478,0.0,8.65709257846631e-06,0.0,0.0,0.019,0.03,8910.39711810238,7826.8178363023535,0.4352031684374881,0.5647968315625119,-187.3591872876027,187.3591872876027,15.070749870308706,0.0348383214519234,0.0,0.12158945371103758
optimal,Welfare-optimal model,2018-06-26,2018-06-01,55.0008592407582,53.59640213564814,64.7068932244214,62.321397832149,8775.00369995553,7695.3937342913105,14.547004399162631,16.299412202259568,0.051182110891622924,4.509658813642195e-05,4.509658813642195e-05,0.0,0.026991647034049458,0.006630181221924049,0.386305448371949,0.18515083978821611,0.010803302823201865,0.0006069829034278868,0.0011195869866631445,6.059964804926416e-06,0.0,0.0,0.019,0.03,8720.002840714773,7641.797332155662,0.4352031684374881,0.5647968315625119,54.20762631772658,54.20762631772658,9.1519466674324,0.0348383214519234,0.0348383214519234,0.08502013842879107
optimal,Welfare-optimal model,2018-07-10,2018-07-01,281.62986417252307,271.124373092307,312.9220713028034,301.24930343589665,9056.633564128053,7966.5181073836175,41.47511020969415,41.53451888517134,1.3006197562699626,0.0011459768354376322,0.0011459768354376322,0.0,0.18972578567197343,0.046603911939507324,0.950844346669334,0.4557264983852826,0.12104950762988881,0.006801159127179743,0.003610716005153915,4.241975363448491e-06,0.0,0.0,0.021,0.03,8775.00369995553,7695.3937342913105,0.4512468212699738,0.5487531787300262,275.86494254813454,275.86494254813454,30.651660283126034,0.0,0.0,0.4270398993735263
optimal,Welfare-optimal model,2018-07-24,2018-07-01,-30.539718695205607,0.0,-50.89953115867601,0.0,9026.093845432848,7966.5181073836175,8.6727646833155,29.074163219619933,-0.005823514154519305,-5.131101761103101e-06,0.0,5.131101761103101e-06,0.05847337156666517,0.014363297269515584,0.5225439285719946,0.25044805246490986,0.023120397363379074,0.001299018101195002,0.0,2.9693827544139435e-06,0.0,0.0,0.021,0.03,9056.633564128053,7966.5181073836175,0.4512468212699738,0.5487531787300262,-13.780950983690722,13.780950983690722,9.187300655793814,0.0,0.0,0.09971903055791988
optimal,Welfare-optimal model,2018-08-07,2018-08-01,0.0,0.0,0.0,0.0,9026.093845432848,7966.5181073836175,6.0709352783208494,20.351914253733952,0.0,0.0,0.0,0.0,0.02912986854655824,0.007155410234539174,0.0024426908539313275,0.001170747823657205,0.0,0.0,0.0,0.00039776148518728976,0.0,0.0,0.023,0.03,9026.093845432848,7966.5181073836175,0.4407490003075976,0.5592509996924023,0.0,0.0,0.0,0.0,0.0,0.005262093233414925
optimal,Welfare-optimal model,2018-08-21,2018-08-01,-127.3816031668146,-168.51850164094526,-129.9812277212394,-173.73041406283016,8898.712242266034,7797.999605742672,1.6500301403997923,9.034427555728854,-0.38364132429775616,-0.00033802659742974907,0.0,0.00033802659742974907,0.005540981815036929,0.001361077133779074,0.3424758520371058,0.16414392258532634,0.0023947250840670757,0.00013454748128663684,0.0,0.0006741159568903028,0.0,0.0,0.023,0.03,9026.093845432848,7966.5181073836175,0.4407490003075976,0.5592509996924023,-150.38745476271703,150.38745476271703,4.0605491557862,0.0,0.0,-0.0055382942269243925
optimal,Welfare-optimal model,2018-09-04,2018-09-01,126.55546344872818,121.64981105926044,145.46604994106687,139.8273690336327,9025.267705714763,7919.649416801933,20.065607590618555,24.501657263382455,0.2553785408461307,0.00022501418317436624,0.00022501418317436624,0.0,0.05736860673881483,0.01409192475908614,0.5994420321737022,0.28730424623587836,0.04413382546408009,0.0024796562641967498,0.0021946649321340035,0.0004718811698232119,0.0,0.0,0.025,0.03,8898.712242266034,7797.999605742672,0.4464122486288848,0.5535877513711152,123.8397543734344,123.8397543734344,18.504790883386747,0.0,0.0,0.15938716753712123
optimal,Welfare-optimal model,2018-09-18,2018-09-01,87.35857270808496,84.70441594940971,88.24098253341916,84.70441594940971,9112.626278422847,8004.353832751342,14.928335138767181,17.151160084367717,0.11934029854874442,0.00010515080753754566,0.00010515080753754566,0.0,0.029247065593006688,0.007184198313149095,0.07167558529784694,0.03435311323238359,4.2964559569645174e-05,2.4139611319674597e-06,4.6346117495917584e-05,0.0003303168188762483,0.0,0.0,0.025,0.03,9025.267705714763,7919.649416801933,0.4464122486288848,0.5535877513711152,85.88926403626348,85.88926403626348,0.39391855433965856,0.0,0.0,0.0367176523331946
optimal,Welfare-optimal model,2018-10-01,2018-10-01,177.60187865006566,170.74296062497473,193.0455202718105,185.59017459236384,9290.228157072914,8175.096793376317,25.893476218881858,26.853026026446514,0.4777118249912175,0.0004209121711518434,0.0004209121711518434,0.0,0.07707532935689446,0.018932649820555467,0.30477648672425683,0.1460751400284827,0.029440184238933707,0.0016540949373761704,0.0017384428248902089,0.00025612533863115584,0.0,0.0,0.025,0.03,9112.626278422847,8004.353832751342,0.4537403015663885,0.5462596984336114,173.85512815809864,173.85512815809864,15.117837231139008,0.0,0.0,0.14816730421855034
optimal,Welfare-optimal model,2018-10-20,2018-10-01,125.66396332697695,120.74009560373212,128.22853400711935,123.20417918748176,9415.89212039989,8295.83688898005,20.690004033359685,21.261201802262192,0.22945718549859803,0.0002021748616676629,0.0002021748616676629,0.0,0.048668376748480076,0.011954815399454602,0.14457138048651627,0.06929105612988266,0.0008113211421431778,4.5584028378141995e-05,0.0002849782901442896,0.0001833701120210979,0.0,0.0,0.025,0.03,9290.228157072914,8175.096793376317,0.4537403015663885,0.5462596984336114,122.97425282935023,122.97425282935023,2.5096786291704203,0.0,0.0,0.07058471064595623
optimal,Welfare-optimal model,2018-11-03,2018-11-01,-353.3594892386808,-342.999636080641,-364.28813323575343,-349.9996286537153,9062.53263116121,7952.837252899409,3.554358826279156,7.882848688509171,-1.7863557227561944,-0.0015739590824000505,0.0,0.0015739590824000505,0.004624885384910381,0.0011360488003530106,2.3977653881537773,1.1492156714402335,0.010238868010485833,0.0005752701682556062,0.0,0.006423901650462169,0.0,0.0,0.022,0.03,9415.89212039989,8295.83688898005,0.4500618371247611,0.5499381628752389,-347.6622106252911,347.6622106252911,8.768128650381822,0.0,0.0,0.10437890313216311
optimal,Welfare-optimal model,2018-11-17,2018-11-01,-435.5346069469614,-418.4171079429787,-439.9339464110721,-422.64354337674615,8626.998024214248,7534.42014495643,-1.9112882857152727,1.2915586481889818,-2.898007981610136,-0.002561744265321091,0.0,0.002561744265321091,0.00010895657522137763,2.6763903593087026e-05,1.5822664310071528,0.7583583397653952,0.002387114448124525,0.00013411987817516793,0.0,0.010792273727370919,0.0,0.0,0.022,0.03,9062.53263116121,7952.837252899409,0.4500618371247611,0.5499381628752389,-426.12104099169244,426.12104099169244,4.304252939310013,0.0,0.0,-0.21887424659660615
optimal,Welfare-optimal model,2018-12-01,2018-12-01,-424.2005643155794,-407.42024207539407,-451.2771960804037,-433.4257894419086,8202.79745989867,7126.999902881036,-28.41453356482498,-25.10145631278226,-2.898007981610136,-0.002697865132769175,0.0,0.002697865132769175,0.0,0.0,1.4652515277491258,0.7022747207088493,0.09039711693230336,0.005078956444619734,0.0,0.007554591609159642,0.0,0.0,0.019,0.03,8626.998024214248,7534.42014495643,0.4468037130294261,0.5531962869705739,-414.9177523581391,414.9177523581391,26.484111852647217,0.0348383214519234,0.0,-0.22372655615478443
optimal,Welfare-optimal model,2018-12-15,2018-12-01,-156.0910769027586,-149.8760214782586,-156.0910769027586,-149.8760214782586,8046.706382995911,6977.123881402777,-19.890173495377468,-17.57101941894757,-0.4612758759977098,-0.0004064304467860598,0.0,0.0004064304467860598,0.0,0.0,0.6236059441514427,0.29888567387067444,0.0,0.0,0.0,0.005288214126411749,0.0,0.0,0.019,0.03,8202.79745989867,7126.999902881036,0.4468037130294261,0.5531962869705739,-152.65293131860886,152.65293131860886,0.0,0.0348383214519234,0.0,0.027055011358955466
optimal,Welfare-optimal model,2018-12-29,2018-12-01,-278.58280726516523,-267.6115306769986,-278.58280726516523,-267.6115306769986,7768.123575730746,6709.512350725779,-13.923121446764242,-12.299713593263277,-1.5314606593624902,-0.001349370891494575,0.0,0.001349370891494575,0.0,0.0,0.7205883713942369,0.34536800520816535,0.0,0.0,0.0,0.0037017498884882242,0.0,0.0,0.019,0.03,8046.706382995911,6977.123881402777,0.4468037130294261,0.5531962869705739,-272.5135377932643,272.5135377932643,0.0,0.0348383214519234,0.0348383214519234,-0.12933899441938826
optimal,Welfare-optimal model,2019-01-15,2019-01-01,-53.09449966336221,-50.85580066071782,-53.09449966336221,-50.85580066071782,7715.029076067383,6658.65655006506,-9.74618501273497,-8.609799515284294,-0.05949404599374853,-5.2420239064203e-05,0.0,5.2420239064203e-05,0.0,0.0,0.32403130666080543,0.15530370798228052,0.0,0.0,0.0,0.002591224921941757,0.0,0.0,0.017,0.03,7768.123575730746,6709.512350725779,0.4686468646864686,0.5313531353135313,-51.904959929283834,51.904959929283834,0.0,0.04237156407563638,0.0,0.044089543444509466
optimal,Welfare-optimal model,2019-01-29,2019-01-01,225.2917045799535,206.5762366307642,258.9559822758086,248.8870320852581,7940.3207806473365,6865.232786695825,26.841948186940613,36.28393579379488,1.033984625532422,0.0009110444642614381,0.0009110444642614381,0.0,0.11670567718739175,0.028667379519436733,0.8344455389961327,0.3999381653916204,0.1925421487103937,0.010817968760949816,0.0051649706653679045,0.0018138574453592296,0.0,0.0,0.017,0.03,7715.029076067383,6658.65655006506,0.4686468646864686,0.5313531353135313,215.34718200629186,215.34718200629186,38.258632016451955,0.04237156407563638,0.04237156407563638,0.37000825908366264
optimal,Welfare-optimal model,2019-02-15,2019-02-01,118.92425444097697,107.49597995184271,118.92425444097697,114.35742548068376,8059.245035088314,6972.728766647668,18.789363730858412,32.260200584497454,0.2671657600048007,0.0002353999089369839,0.0002353999089369839,0.0,0.08215339119938095,0.020180016097587426,0.17293390053417013,0.0828848183392032,0.003337123763812312,0.00018749609303802314,0.00048705068906195495,0.0012697002117514607,0.0,0.0,0.015,0.03,7940.3207806473365,6865.232786695825,0.4686468646864686,0.5313531353135313,112.85180495995183,112.85180495995183,3.6458505945327007,0.15308365978599234,0.15308365978599234,0.11311230588135936
optimal,Welfare-optimal model,2019-03-01,2019-03-01,144.00364183413944,141.35372828257806,154.84262562810693,148.79339819218742,8203.248676922452,7114.082494930246,23.991538405568377,30.021810318757588,0.4176532845346351,0.0003679945556830288,0.0003679945556830288,0.0,0.08374032670192322,0.020569828173748896,0.17839732448038803,0.08550336160858865,0.010728715531558543,0.0006027922210429356,0.001183295874854559,0.0008887901482260224,0.0,0.0,0.023,0.03,8059.245035088314,6972.728766647668,0.4686468646864686,0.5313531353135313,142.5956019602075,142.5956019602075,9.032747703598979,0.0,0.0,0.11508660854141746
optimal,Welfare-optimal model,2019-03-14,2019-03-01,0.0,0.0,0.0,0.0,8203.248676922452,7114.082494930246,16.794076883897862,21.01526722313031,0.0,0.0,0.0,0.0,0.04103276008394237,0.010079215805136956,0.1256078051073751,0.06020207765020434,0.0,0.0,0.0,0.0006221531037582156,0.0,0.0,0.023,0.03,8203.248676922452,7114.082494930246,0.4686468646864686,0.5313531353135313,0.0,0.0,0.0,0.0,0.0,0.027773427531886233
optimal,Welfare-optimal model,2019-03-29,2019-03-01,143.48864403039946,138.21811713619186,157.67982860483457,151.88804080900204,8346.737320952852,7252.300612066438,25.94703839316361,28.380610729001376,0.39037665757716716,0.00034396110356034416,0.00034396110356034416,0.0,0.08224819296013193,0.020203303037178166,0.29028924491525,0.13913160610097278,0.024911505148939993,0.0013996513817596437,0.0017886615029749568,0.0004355071726307509,0.0,0.0,0.023,0.03,8203.248676922452,7114.082494930246,0.4686468646864686,0.5313531353135313,140.68813304040796,140.68813304040796,13.91421096004034,0.0,0.0,0.13130426676691478
optimal,Welfare-optimal model,2019-04-01,2019-04-01,0.0,0.0,0.0,0.0,8346.737320952852,7252.300612066438,18.162926875214524,19.866427510300962,0.0,0.0,0.0,0.0,0.04032158413888203,0.009904523783176423,0.1222179356014563,0.05857736024474591,0.0,0.0,0.0,0.00030485502084152564,0.0,0.0,0.025,0.03,8346.737320952852,7252.300612066438,0.4672233652023074,0.5327766347976925,0.0,0.0,0.0,0.0,0.0,0.027089919956723045
optimal,Welfare-optimal model,2019-04-13,2019-04-01,165.04991063587718,158.90278167970445,181.3735281712936,174.6184414062686,8511.787231588729,7411.203393746142,29.03766634806658,29.622158983774824,0.4976355722333064,0.0004384669966144586,0.0004384669966144586,0.0,0.09475160812090921,0.023274620185936422,0.3838688095499041,0.18398299261944462,0.03294199355573656,0.0018508438780611316,0.002014716337453291,0.00021339851458906795,0.0,0.0,0.025,0.03,8346.737320952852,7252.300612066438,0.4672233652023074,0.5327766347976925,161.77486395694,161.77486395694,15.99971181991713,0.0,0.0,0.16819966390997598
optimal,Welfare-optimal model,2019-04-27,2019-04-01,139.62770513849532,132.85018720259254,143.94608777164467,138.38561166936722,8651.414936727224,7544.053580948735,24.64474907679596,26.27093575541707,0.3369895730506676,0.00029692171185190355,0.00029692171185190355,0.0,0.07192803277384457,0.017668276842294457,0.16117949315264055,0.07725109402318592,0.0032546961307571795,0.00018286490155396693,0.0006157382122156939,0.00014937896021234755,0.0,0.0,0.025,0.03,8511.787231588729,7411.203393746142,0.4672233652023074,0.5327766347976925,136.01680194032403,136.01680194032403,4.966794085676272,0.0,0.0,0.09555863251798495
optimal,Welfare-optimal model,2019-05-14,2019-05-01,0.0,0.0,0.0,0.0,8651.414936727224,7544.053580948735,17.25132435375717,18.38965502879195,0.0,0.0,0.0,0.0,0.03521701916027918,0.008650647321894533,0.11423614791526149,0.054751800187701885,0.0,0.0,0.0,0.00010456527214864327,0.0,0.0,0.027,0.03,8651.414936727224,7544.053580948735,0.4698548043277158,0.5301451956722841,0.0,0.0,0.0,0.0,0.0,0.02490886117925677
optimal,Welfare-optimal model,2019-05-28,2019-05-01,0.0,0.0,0.0,0.0,8651.414936727224,7544.053580948735,12.075927047630017,12.872758520154363,0.0,0.0,0.0,0.0,0.017256339388536795,0.0042388171877283205,0.0,0.0,0.0,0.0,0.0,7.31956905040503e-05,0.0,0.0,0.027,0.03,8651.414936727224,7544.053580948735,0.4698548043277158,0.5301451956722841,0.0,0.0,0.0,0.0,0.0,0.0028760565647561313
optimal,Welfare-optimal model,2019-06-12,2019-06-01,-458.44687480617023,-440.46536959368296,-463.0776513193639,-444.9145147410939,8192.968061921054,7103.5882113550515,3.82237242014736,4.561785816697125,-2.898007981610136,-0.0031312342970438506,0.0,0.0031312342970438506,0.0020017211624838663,0.0004916993040953156,2.548689498120229,1.4163561668151985,0.002645240127428569,0.0001486226535613001,0.0,5.1236983352835204e-05,0.0,0.0,0.027,0.03,8651.414936727224,7544.053580948735,0.4621143188022169,0.5378856811977831,-448.77488062599,448.77488062599,4.5330796022827435,0.0,0.0,-0.057445253699999095
optimal,Welfare-optimal model,2019-06-26,2019-06-01,-89.09653983440987,-85.42954762351957,-89.09653983440987,-85.42954762351957,8103.871522086644,7018.158663731532,2.6756606941031578,3.1932500716879844,-0.15031724467135285,-0.00013244461306216398,0.0,0.00013244461306216398,0.0009808433696170946,0.0002409326590067047,0.8724468670643961,0.4181516745061281,0.0,0.0,0.0,3.586588834698464e-05,0.0,0.0,0.027,0.03,8192.968061921054,7103.5882113550515,0.4621143188022169,0.5378856811977831,-87.12411723110817,87.12411723110817,0.0,0.0,0.0,0.12051841096044333
optimal,Welfare-optimal model,2019-07-10,2019-07-01,155.3557102320627,147.80838103474437,178.56978187593415,171.87021050551672,8259.227232318706,7165.967044766277,25.08703412974367,26.29710452095395,0.46398832623156816,0.0004088203882891734,0.0004088203882891734,0.0,0.07324136563385775,0.017990881641312857,0.5454928680050389,0.26144716062189854,0.07238141077403926,0.00406674510423579,0.003079003549516125,2.5106121842889246e-05,0.0,0.0,0.0279999999999999,0.03,8103.871522086644,7018.158663731532,0.4567960581660858,0.5432039418339142,151.2559712617612,151.2559712617612,23.674577037164575,0.0,0.0,0.1925173284407506
optimal,Welfare-optimal model,2019-07-23,2019-07-01,0.0,0.0,0.0,0.0,8259.227232318706,7165.967044766277,17.56092389082057,18.407973164667766,0.0,0.0,0.0,0.0,0.0358882691605903,0.0088155320042433,0.14136557900198668,0.0677545599723564,0.0,0.0,0.0,1.757428529002247e-05,0.0,0.0,0.0279999999999999,0.03,8259.227232318706,7165.967044766277,0.4567960581660858,0.5432039418339142,0.0,0.0,0.0,0.0,0.0,0.02954230802709615
optimal,Welfare-optimal model,2019-08-07,2019-08-01,0.0,0.0,0.0,0.0,8259.227232318706,7165.967044766277,12.292646723574396,12.885581215267436,0.0,0.0,0.0,0.0,0.01757147841316449,0.004316227389512088,0.0,0.0,0.0,0.0,0.0,1.2301999703015727e-05,0.0,0.0,0.0279999999999999,0.03,8259.227232318706,7165.967044766277,0.4597425441752618,0.5402574558247382,0.0,0.0,0.0,0.0,0.0,0.002928579735527414
optimal,Welfare-optimal model,2019-08-21,2019-08-01,-219.58527036279068,-212.60036312776705,-221.80330339675825,-212.60036312776705,8039.641961955916,6953.366681638509,6.3868196725345,9.019906850687192,-0.908523521624227,-0.0008005006115065344,0.0,0.0008005006115065344,0.007087852627826629,0.0017410477892475182,0.6836376757535982,0.3276580496342646,0.0002795659702027393,1.5707396809136172e-05,0.0,8.611399792111008e-06,0.0,0.0,0.0279999999999999,0.03,8259.227232318706,7165.967044766277,0.4597425441752618,0.5402574558247382,-215.81162215082497,215.81162215082497,1.0197241501010263,0.0,0.0,-0.036253071212099905
optimal,Welfare-optimal model,2019-09-04,2019-09-01,98.80364820030836,95.00862779152128,116.23958611800984,111.77485622531916,8138.445610156224,7048.375309430031,21.906711688475625,23.08016322927891,0.19355264688145093,0.00017053935148571078,0.00017053935148571078,0.0,0.056253582507065435,0.013818032146530514,0.6832485531044242,0.3274715485492325,0.0375348406369696,0.002108892708311443,0.0022580987745152875,6.027979854477705e-06,0.0,0.0,0.03,0.03,8039.641961955916,6953.366681638509,0.4530451568946591,0.5469548431053408,96.72794340803864,96.72794340803864,17.069637072006827,0.0,0.0,0.1617649371883183
optimal,Welfare-optimal model,2019-09-19,2019-09-01,116.7037707518044,112.1901510636791,124.15294760830255,119.35122453582883,8255.149380908028,7160.56546049371,22.78387503843109,23.317187732644967,0.2630052936655226,0.00023173411958813978,0.00023173411958813978,0.0,0.058736348079895126,0.01442789436274316,0.11284674850096346,0.05408588033220234,0.006849031249263165,0.00038481239870622873,0.0009514394988240771,4.219585898134393e-06,0.0,0.0,0.03,0.03,8138.445610156224,7048.375309430031,0.4530451568946591,0.5469548431053408,114.23502460344864,114.23502460344864,7.291597315113748,0.0,0.0,0.07357290358260737
optimal,Welfare-optimal model,2019-10-08,2019-10-01,-120.11595237005209,-116.65991964226968,-129.15693803231406,-124.10629749177625,8135.033428537976,7043.9055408514405,6.907726864639784,8.875653563344912,-0.2732560647280434,-0.00024076608002576437,0.0,0.00024076608002576437,0.007241930491166818,0.001778895207559695,0.45291392440142614,0.21707535787577015,0.008639558586941215,0.0004854130668423384,0.0,2.953710128694075e-06,0.0,0.0,0.038,0.03,8255.149380908028,7160.56546049371,0.4591541029309269,0.540845897069073,-118.24677124909454,118.24677124909454,8.178548569298918,0.16945538967764592,0.0,0.03258989145858178
optimal,Welfare-optimal model,2019-10-22,2019-10-01,-115.86771343951646,-111.21790016771084,-115.86771343951646,-111.21790016771084,8019.165715098459,6932.68764068373,4.835408805247852,6.212957494341438,-0.2587434381819857,-0.00022797899620440547,0.0,0.00022797899620440547,0.003548545940671741,0.0008716586517042508,0.10933595732441212,0.05240320684830762,0.0,0.0,0.0,2.0675970900858524e-06,0.0,0.0,0.038,0.03,8135.033428537976,7043.9055408514405,0.4591541029309269,0.540845897069073,-113.35288100932306,113.35288100932306,0.0,0.16945538967764592,0.16945538967764592,0.003932742460124011
optimal,Welfare-optimal model,2019-11-05,2019-11-01,57.63486132664674,55.51586896981252,67.01728061237993,64.55333601140991,8076.800576425106,6988.203509653543,12.767205449406688,13.386537287636394,0.06638856267314787,5.849500178254669e-05,5.849500178254669e-05,0.0,0.019002011141600772,0.0046676209603253565,0.20534602562266804,0.09841950003926038,0.01088894705289026,0.0006117948191955779,0.001227578026504409,1.4473179630600967e-06,0.0,0.0,0.045,0.03,8019.165715098459,6932.68764068373,0.4515060355660485,0.5484939644339515,56.4726068082415,56.4726068082415,9.193215061806757,0.8686309271756261,0.0,0.05027092441505114
optimal,Welfare-optimal model,2019-11-19,2019-11-01,85.77093783143907,112.99872985387836,117.49443538553297,112.99872985387836,8162.571514256545,7101.202239507421,40.66054136867858,9.370576101345478,0.22055378123765745,0.00019433006691470912,0.00019433006691470912,0.0,0.08004625905926999,0.019662423824324052,0.10259065922897832,0.0491702790906102,0.0561641612204386,0.0031555799373649334,0.0018859566217106101,1.0131225741420676e-06,0.0,0.0,0.045,0.03,8076.800576425106,6988.203509653543,0.4515060355660485,0.5484939644339515,100.70521742060991,100.70521742060991,14.323350614938171,0.8686309271756261,0.8686309271756261,0.22133096465366164
optimal,Welfare-optimal model,2019-12-03,2019-12-01,86.32870235584448,77.20274407259113,86.32870235584448,83.01370330386142,8248.90021661239,7178.404983580012,28.462378958075007,12.370362502212117,0.13087780967819404,0.0001153165154081316,0.0001153165154081316,0.0,0.04655072610754284,0.011434639379946576,0.06070911297460342,0.02909703525388256,0.0024590471964437964,0.00013816141520702892,0.0004137106848702177,7.091858018994472e-07,0.0,0.0,0.045,0.03,8162.571514256545,7101.202239507421,0.4540996396329457,0.5459003603670542,81.34683844032176,81.34683844032176,3.1722047384287113,1.001598650940731,0.0,0.040099449326130666
optimal,Welfare-optimal model,2019-12-16,2019-12-01,0.0,0.0,0.0,0.0,8248.90021661239,7178.404983580012,19.923665270652503,8.659253751548482,0.0,0.0,0.0,0.0,0.022809855792695986,0.0056029732961738205,0.04090639252689677,0.019605866189515823,0.0,0.0,0.0,4.96430061329613e-07,0.0,0.0,0.045,0.03,8248.90021661239,7178.404983580012,0.4540996396329457,0.5459003603670542,0.0,0.0,0.0,1.001598650940731,0.0,0.010619374719932122
optimal,Welfare-optimal model,2019-12-31,2019-12-01,155.16235905293354,181.3435472426096,196.40804943409307,188.8995283777183,8404.062575665324,7359.748530822622,55.19225607061628,13.617458761192637,0.5777497957794203,0.0005090556862989957,0.0005090556862989957,0.0,0.14975621416414397,0.03678585592665039,0.42717079533824387,0.20473703341021562,0.09964418228742847,0.005598502241798245,0.0029088676578250387,3.475010429307291e-07,0.0,0.0,0.045,0.03,8248.90021661239,7178.404983580012,0.4540996396329457,0.5459003603670542,169.45467912051535,169.45467912051535,22.854465963079107,1.001598650940731,1.001598650940731,0.3759866064183278
optimal,Welfare-optimal model,2020-01-14,2020-01-01,0.0,0.0,0.0,0.0,8404.062575665324,7359.748530822622,38.6345792494314,9.532221132834845,0.0,0.0,0.0,0.0,0.0703856113522695,0.01728939912754367,0.18116646217766072,0.08683057087343338,0.0,0.0,0.0,0.07526713949231345,0.27707124389481425,0.0016314180599496155,0.054,0.035,8404.062575665324,7359.748530822622,0.432370472260431,0.567629527739569,0.0,0.0,0.0,1.397104975512715,1.397104975512715,0.32095471548957644
optimal,Welfare-optimal model,2020-02-05,2020-02-01,-457.5842600260507,-448.5815610623875,-471.7363505423203,-453.1126879418056,7946.478315639274,6911.166969760235,12.8921149583324,2.1414279135663037,-2.898007981610136,-0.003390532417641504,0.0,0.003390532417641504,0.007464581892248104,0.0018335869103899079,2.548689498120229,1.4439645172685625,0.012258282626874268,0.0006887308540421478,0.0,0.12366156735974321,1.3387755670205919,0.007882819622688239,0.052,0.035,8404.062575665324,7359.748530822622,0.432370472260431,0.567629527739569,-452.474062264925,452.474062264925,8.690947470684005,1.075389050268844,0.0,0.16819665800830114
optimal,Welfare-optimal model,2020-02-19,2020-02-01,-288.10578340197225,-276.5565323083288,-288.10578340197225,-276.5565323083288,7658.372532237302,6634.610437451905,9.024480470832657,1.498999539496424,-1.6766215822833197,-0.001477272266416862,0.0,0.001477272266416862,0.003657645127201557,0.0008984575860910514,0.8563151093350606,0.410419946922595,0.0,0.0,0.0,0.15753766686694404,2.5552984173786952,0.01504580528845815,0.052,0.035,7946.478315639274,6911.166969760235,0.432370472260431,0.567629527739569,-281.55008745794174,281.55008745794174,0.0,1.075389050268844,1.075389050268844,0.46900643997108016
optimal,Welfare-optimal model,2020-03-03,2020-03-01,0.0,0.0,0.0,0.0,7658.372532237302,6634.610437451905,6.317136329582859,1.0492996776474968,0.0,0.0,0.0,0.0,0.0017922461123287626,0.0004402442171846151,0.4907475227876582,0.2352084764816366,0.0,0.0,0.0,0.1769185768560433,3.426583337556233,0.02017600189117387,0.043,0.035,7658.372532237302,6634.610437451905,0.432370472260431,0.567629527739569,0.0,0.0,0.0,0.14790899499040247,0.0,0.6531871844093697
optimal,Welfare-optimal model,2020-03-18,2020-03-01,-938.8164470425208,-901.8415785731598,-938.8164470425208,-901.8415785731598,6719.556085194781,5732.768858878746,4.421995430707966,0.7345097743532278,-2.898007981610136,-0.01698551936842107,0.0,0.01698551936842107,0.0008782005950410782,0.0002157196664204576,2.548689498120229,5.938473941715465,0.0,0.0,0.0,0.19048521384841283,3.651903280774391,0.02421412692276151,0.043,0.035,7658.372532237302,6634.610437451905,0.432370472260431,0.567629527739569,-917.8284199150248,917.8284199150248,0.0,0.14790899499040247,0.0,0.5505771663132539
optimal,Welfare-optimal model,2020-03-31,2020-03-01,-1066.7576742049002,-1025.1971910918976,-1066.7576742049002,-1025.1971910918976,5652.798410989881,4707.571667786849,3.0953968014955535,0.514156842047214,-2.898007981610136,-0.029050091962222482,0.0,0.029050091962222482,0.00043031829157011913,0.00010570263654602196,2.548689498120229,4.4888932534034005,0.0,0.0,0.0,0.19998185974307148,3.651903280774391,0.027259838275619296,0.043,0.035,6719.556085194781,5732.768858878746,0.432370472260431,0.567629527739569,-1043.1667168028382,1043.1667168028382,0.0,0.14790899499040247,0.14790899499040247,0.5751540184277425
optimal,Welfare-optimal model,2020-04-15,2020-04-01,-80.9144195983278,-76.94346182894601,-80.9144195983278,-76.94346182894601,5571.883991391553,4630.6282059579025,2.1667777610468875,0.35990978943304697,-0.2729146240178783,-0.00024046523641437195,0.0,0.00024046523641437195,0.00020914396223907202,5.137375905097747e-05,2.548689498120229,2.7855641972106215,0.0,0.0,0.0,0.13998730182015,1.8763867166341104,0.011048317876425224,0.033,0.035,5652.798410989881,4707.571667786849,0.4285836250320157,0.5714163749679843,-78.64534930459669,78.64534930459669,0.0,0.0,0.0,0.6920617891164498
optimal,Welfare-optimal model,2020-04-28,2020-04-01,-599.8614680549596,-577.0097699217346,-599.8614680549596,-577.0097699217346,4972.022523336593,4053.618436036168,1.5167444327328212,0.2519368526030803,-2.898007981610136,-0.013839809215579448,0.0,0.013839809215579448,0.00010248054149714349,2.517314193497852e-05,2.548689498120229,2.172613060548043,0.0,0.0,0.0,0.09799111127410501,0.6765321636315984,0.003983476503625844,0.033,0.035,5571.883991391553,4630.6282059579025,0.4285836250320157,0.5714163749679843,-586.8036335458094,586.8036335458094,0.0,0.0,0.0,0.05455269344719804
optimal,Welfare-optimal model,2020-05-14,2020-05-01,601.8318872902178,579.0598537181177,601.8318872902178,579.0598537181177,5573.854410626811,4632.678289754285,1.0617211029129976,0.1763557968221221,2.898007981610136,0.017899972098068373,0.017899972098068373,0.0,5.0967384201108816e-05,1.2519539590692504e-05,2.548689498120229,5.518060400759005,0.0,0.0,0.0,0.0685937778918735,0.193079319755976,0.0011368667669181434,0.024,0.035,4972.022523336593,4053.618436036168,0.4355107446490366,0.5644892553509634,588.9773190162759,588.9773190162759,0.0,0.0,0.0,0.9399712944784234
optimal,Welfare-optimal model,2020-05-28,2020-05-01,522.3352683833244,502.1603728903665,538.4899674054891,517.6911060725428,6096.1896790101355,5134.838662644652,16.897903794203785,15.654182239951751,2.898007981610136,0.010457087685160371,0.010457087685160371,0.0,0.028811761416752787,0.007077270952562951,2.260699537662712,1.0835219116663044,0.03221191969913983,0.001809824723415003,0.002837415963393135,0.048015644524311445,0.029320547223847106,0.00017264177110616787,0.024,0.035,5573.854410626811,4632.678289754285,0.4355107446490366,0.5644892553509634,510.9467566497211,510.9467566497211,15.80247700978518,0.0,0.0,0.874841957935431
optimal,Welfare-optimal model,2020-06-11,2020-06-01,400.02245946438177,384.42099440580887,404.0630903680624,388.3040347533423,6496.212138474517,5519.259657050461,15.869163559623246,14.840967915499675,2.898007981610136,0.005054293540841087,0.005054293540841087,0.0,0.02570007256833045,0.006312921117028478,1.3920410223862427,0.6671859415927798,0.002014226760692263,0.00011316920643392506,0.0006652639195727148,0.03361095116701801,0.0,0.0,0.025,0.035,6096.1896790101355,5134.838662644652,0.4237885811640715,0.5762114188359285,391.03271714706233,391.03271714706233,3.949825425727904,0.0,0.0,0.7196272172209
optimal,Welfare-optimal model,2020-06-29,2020-06-01,154.40601836405378,145.1172150203128,167.8326286565802,161.24135002256978,6650.618156838571,5664.376872070774,24.535024784262703,26.512812543106747,0.7238243839515579,0.0006377620922138508,0.0006377620922138508,0.0,0.07350774914666956,0.018056315623990796,0.5521239120256339,0.2646253279872826,0.029427587737533234,0.0016533872037211746,0.0024569754564852755,0.023527665816912607,0.0,0.0,0.025,0.035,6496.212138474517,5519.259657050461,0.4237885811640715,0.5762114188359285,149.0537038100689,149.0537038100689,14.980954832865233,0.0,0.0,0.22981393881023235
optimal,Welfare-optimal model,2020-07-11,2020-07-01,110.158434400646,104.64151726928692,118.44992946306022,113.74077964052924,6760.776591239217,5769.018389340061,25.46601241139811,27.65823115141704,0.354046006140697,0.00031195014512161044,0.00031195014512161044,0.0,0.0793397456151269,0.019488877090977796,0.10853212273904651,0.052017940088135095,0.009928826125931996,0.000557850484076563,0.0014077284488515412,0.016469366071838822,0.0,0.0,0.027,0.035,6650.618156838571,5664.376872070774,0.4381972333779563,0.5618027666220438,107.05901509302393,107.05901509302393,8.745300971300686,0.0,0.0,0.09197445010346703
optimal,Welfare-optimal model,2020-07-24,2020-07-01,103.2523343800345,98.1925150617582,109.84290891493032,105.58334952877227,6864.028925619252,5867.210904401819,24.4167832228745,26.751596273006,0.3007169471205126,0.00026496187972105585,0.00026496187972105585,0.0,0.07376455287339155,0.01811939644467893,0.08608527340826204,0.041259476748542995,0.006446428238542845,0.00036219217335708856,0.0011155288508725558,0.011528556250287175,0.0,0.0,0.027,0.035,6760.776591239217,5769.018389340061,0.4381972333779563,0.5618027666220438,100.40971388841922,100.40971388841922,7.040162778776625,0.0,0.0,0.07783553360678482
optimal,Welfare-optimal model,2020-08-07,2020-08-01,0.0,0.0,0.0,0.0,6864.028925619252,5867.210904401819,17.09174825601215,18.7261173911042,0.0,0.0,0.0,0.0,0.03592773121077597,0.008825225393601482,0.062411638277549905,0.029913032001869712,0.0,0.0,0.0,0.008069989375201023,0.0,0.0,0.024,0.035,6864.028925619252,5867.210904401819,0.4554637281910009,0.5445362718089991,0.0,0.0,0.0,0.0,0.0,0.016389894914720975
optimal,Welfare-optimal model,2020-08-22,2020-08-01,0.0,0.0,0.0,0.0,6864.028925619252,5867.210904401819,11.964223779208504,13.10828217377294,0.0,0.0,0.0,0.0,0.017604588293280227,0.004324360442864727,0.0,0.0,0.0,0.0,0.0,0.0056489925626407155,0.0,0.0,0.024,0.035,6864.028925619252,5867.210904401819,0.4554637281910009,0.5445362718089991,0.0,0.0,0.0,0.0,0.0,0.0029340980488800367
optimal,Welfare-optimal model,2020-09-04,2020-09-01,0.0,0.0,0.0,0.0,6864.028925619252,5867.210904401819,8.374956645445952,9.175797521641057,0.0,0.0,0.0,0.0,0.008567863771860612,0.002104595151993995,0.0,0.0,0.0,0.0,0.0,0.0039542947938485005,0.0,0.0,0.017,0.035,6864.028925619252,5867.210904401819,0.4748212867355044,0.5251787132644956,0.0,0.0,0.0,0.10998014826481192,0.0,0.0014279772953101014
optimal,Welfare-optimal model,2020-09-19,2020-09-01,-287.01100001622166,-275.28509755529114,-287.01100001622166,-275.28509755529114,6577.017925603031,5591.925806846528,5.862469651812148,6.423058265148711,-2.2543514299115714,-0.001986310376388081,0.0,0.001986310376388081,0.004198253248211667,0.0010312516244770495,1.156166950330981,0.554134772603704,0.0,0.0,0.0,0.0027680063556939504,0.0,0.0,0.017,0.035,6864.028925619252,5867.210904401819,0.4748212867355044,0.5251787132644956,-280.8528056499252,280.8528056499252,0.0,0.10998014826481192,0.10998014826481192,-0.1640010130112611
optimal,Welfare-optimal model,2020-10-09,2020-10-01,0.0,0.0,0.0,0.0,6577.017925603031,5591.925806846528,4.103728756268503,4.496140785604098,0.0,0.0,0.0,0.0,0.002058955203307629,0.0005057581743171235,0.486788820615299,0.23331112547410426,0.0,0.0,0.0,0.0019376044489857651,0.0,0.0,0.005,0.035,6577.017925603031,5591.925806846528,0.4723203301718322,0.5276796698281678,0.0,0.0,0.0,1.4436653535622153,0.0,0.08147462930310106
optimal,Welfare-optimal model,2020-10-23,2020-10-01,0.0,0.0,0.0,0.0,6577.017925603031,5591.925806846528,2.8726101293879522,3.1472985499228683,0.0,0.0,0.0,0.0,0.0010088880496207382,0.0002478215054153905,0.0,0.0,0.0,0.0,0.0,0.0013563231142900355,0.0,0.0,0.005,0.035,6577.017925603031,5591.925806846528,0.4723203301718322,0.5276796698281678,0.0,0.0,0.0,1.4436653535622153,1.4436653535622153,0.24077904026863922
optimal,Welfare-optimal model,2020-11-06,2020-11-01,-153.7246146138079,-147.30741572421147,-153.7246146138079,-147.30741572421147,6423.293310989223,5444.618391122316,2.010827090571553,2.203108984945999,-0.7080293980521669,-0.0006238451208088669,0.0,0.0006238451208088669,0.000493926666809835,0.0001213272871847715,0.331350625393335,0.15881175586438198,0.0,0.0,0.0,0.0009494261800030248,0.0,0.0,-0.005,0.035,6577.017925603031,5591.925806846528,0.4747846483600922,0.5252153516399078,-150.3542032424653,150.3542032424653,0.0,2.4403283369278954,0.0,-0.06269747433200366
optimal,Welfare-optimal model,2020-11-20,2020-11-01,125.71133657113216,119.3652110019522,153.3065080135758,147.36445802710148,6549.004647560355,5563.983602124268,29.002750405843727,29.541423314611464,0.4929027974751422,0.00043429694597971,0.00043429694597971,0.0,0.09420463058568836,0.02314026157572413,0.5860931479864516,0.28090631131696575,0.09961583038289305,0.005596909291788951,0.004589085558379655,0.0006645983260021173,0.0,0.0,-0.005,0.035,6423.293310989223,5444.618391122316,0.4747846483600922,0.5252153516399078,122.37825399876431,122.37825399876431,27.80739814170348,2.4403283369278954,2.4403283369278954,0.6188574572263449
optimal,Welfare-optimal model,2020-12-04,2020-12-01,192.1314460643548,180.56289598509477,213.47938451594973,205.1851090739713,6741.136093624709,5744.546498109363,41.64986373568553,45.30120940910456,1.0917821251612234,0.0009619698753214508,0.0009619698753214508,0.0,0.21010004248823033,0.05160860894015339,0.3186634597603253,0.1527309734643828,0.06924750259246619,0.0038906666661638447,0.00369745260513802,0.0004652188282014821,0.0,0.0,0.002,0.035,6549.004647560355,5563.983602124268,0.4737267909874196,0.5262732090125803,186.04322809051988,186.04322809051988,23.071101472145614,1.1123169689609302,0.0,0.28163218833370746
optimal,Welfare-optimal model,2020-12-18,2020-12-01,195.1856988210868,153.88275783856494,195.1856988210868,187.661899803128,6936.321792445796,5898.429255947928,29.15490461497987,65.48998855093623,0.8793483845651884,0.0007747943810120343,0.0007747943810120343,0.0,0.30817918556362,0.07570059902362371,0.2590975482248622,0.12418185879354136,0.08010623412315404,0.004500763828106344,0.002774247779007216,0.00032565317974103745,0.0,0.0,0.002,0.035,6741.136093624709,5744.546498109363,0.4737267909874196,0.5262732090125803,173.4490675285578,173.4490675285578,17.777057439382116,1.1123169689609302,1.1123169689609302,0.43984138690629226
optimal,Welfare-optimal model,2021-01-01,2021-01-01,79.82331370276422,76.83283860650278,79.82331370276422,76.83283860650278,7016.14510614856,5975.262094554431,20.40843323048591,45.84299198565536,0.17208562414119252,0.00015162474507014992,0.00015162474507014992,0.0,0.14872162436666944,0.036531721088603766,0.10984826927979266,0.052648750858033624,0.0,0.0,0.0,0.0002279572258187262,0.0,0.0,-0.003,0.03,6936.321792445796,5898.429255947928,0.4847108570533652,0.5152891429466349,78.28235435340841,78.28235435340841,0.0,2.4403283369278954,0.0,0.07177591963127575
optimal,Welfare-optimal model,2021-01-16,2021-01-01,160.83214920955078,159.7823255819598,178.70238801061197,171.80895223866645,7176.9772553581115,6135.044420136391,32.15614206240133,44.11672104666539,0.7072574724678197,0.0006231649767205743,0.0006231649767205743,0.0,0.16902034062544521,0.041517862438122895,0.2596478422994814,0.12444560710585648,0.02907525486360113,0.0016335914029098615,0.0022327909270263686,0.00015957005807310833,0.0,0.0,-0.003,0.03,7016.14510614856,5975.262094554431,0.4847108570533652,0.5152891429466349,160.29118649224432,160.29118649224432,14.859088907484187,2.4403283369278954,0.0,0.19416681837605784
optimal,Welfare-optimal model,2021-01-30,2021-01-01,64.92838574516259,62.53537219934742,64.92838574516259,62.53537219934742,7241.905641103274,6197.579792335739,22.50929944368093,30.881704732665767,0.1057872506852726,9.320920906017145e-05,9.320920906017145e-05,0.0,0.08281996690646813,0.020343752594680214,0.09204095733054973,0.04411395339227654,0.0,0.0,0.0,0.00011169904065117581,0.0,0.0,-0.003,0.03,7176.9772553581115,6135.044420136391,0.4847108570533652,0.5152891429466349,63.69529184607981,63.69529184607981,0.0,2.4403283369278954,2.4403283369278954,0.45349608530836416
optimal,Welfare-optimal model,2021-03-04,2021-03-01,165.5402261405989,160.9607241670974,183.93358460066543,176.87991666713998,7407.445867243873,6358.540516502836,34.14986807064318,37.536385812908634,0.6819240048847207,0.0006008436434703391,0.0006008436434703391,0.0,0.14251662752409408,0.03500753645860162,0.28691469088564,0.13751422919074235,0.03768939379828758,0.0021175762681566114,0.0024866736868713723,7.818932845582307e-05,0.0,0.0,0.004,0.03,7241.905641103274,6197.579792335739,0.4847108570533652,0.5152891429466349,163.18045849355087,163.18045849355087,17.11844760301806,0.9067785203911626,0.0,0.1915074528487903
optimal,Welfare-optimal model,2021-03-18,2021-03-01,222.2730440075333,179.53467532169938,222.2730440075333,213.7317563353564,7629.718911251406,6538.075191824535,23.904907649450223,60.47255108269306,0.9615667390886788,0.0008472370217435058,0.0008472370217435058,0.0,0.2513892820237326,0.06175082591159178,0.3516358027669928,0.1685341598372336,0.0803871983123267,0.004516549783762148,0.0024872000026687196,5.473252991907614e-05,0.0,0.0,0.004,0.03,7407.445867243873,6358.540516502836,0.4847108570533652,0.5152891429466349,200.25042663647264,200.25042663647264,17.621384566803968,0.9067785203911626,0.9067785203911626,0.42529292376381544
optimal,Welfare-optimal model,2021-04-01,2021-04-01,-188.7668758440563,-171.88384736870128,-196.63216233755864,-188.8833487568146,7440.95203540735,6366.191344455834,8.868148861112815,25.331284369771822,-0.740896968638909,-0.0006528047566654974,0.0,0.0006528047566654974,0.04303631707774415,0.010571366059643535,1.168267762271747,0.5599345238171399,0.023557126146750894,0.0013235556809777548,0.0,3.8312770943353294e-05,0.0,0.0,0.009,0.03,7629.718911251406,6538.075191824535,0.4851599112061169,0.5148400887938831,-180.0748159646949,180.0748159646949,12.567946500906263,0.8309447147640195,0.0,0.08232737280955546
optimal,Welfare-optimal model,2021-04-15,2021-04-01,-91.40035348400971,-87.68333462889503,-91.40035348400971,-87.68333462889503,7349.551681923341,6278.508009826939,6.20770420277897,17.73189905884027,-0.1939267220162082,-0.00017086894930788628,0.0,0.00017086894930788628,0.021087795368094624,0.0051799693692253295,0.11855609982004976,0.05682229317812467,0.0,0.0,0.0,2.6818939660347304e-05,0.0,0.0,0.009,0.03,7440.95203540735,6366.191344455834,0.4851599112061169,0.5148400887938831,-89.48668316659393,89.48668316659393,0.0,0.8309447147640195,0.0,-0.0090471378046773
optimal,Welfare-optimal model,2021-04-29,2021-04-01,105.70950172226192,104.04658750602312,122.91802525844412,118.23475852957172,7455.261183645603,6382.554597332963,21.553916478127476,26.600500364736803,0.2743794715522931,0.00024175591444213125,0.00024175591444213125,0.0,0.06570999051551527,0.016140887759060727,0.32625766235804926,0.15637076936789962,0.0315840460555921,0.00177454768144151,0.0022625139699923025,1.877325776224311e-05,0.0,0.0,0.009,0.03,7349.551681923341,6278.508009826939,0.4851599112061169,0.5148400887938831,104.85336681951694,104.85336681951694,15.653524980389092,0.8309447147640195,0.8309447147640195,0.2548126475409115
optimal,Welfare-optimal model,2021-05-15,2021-05-01,122.44333511547934,117.74066709058036,131.65950012417133,126.60286783933373,7577.704518761082,6500.295264423543,24.303906543381217,27.482551004069137,0.3461938663891195,0.00030503162014876734,0.00030503162014876734,0.0,0.07426542001008524,0.01824242857681211,0.12356170993914066,0.05922141263426479,0.010487877919807539,0.0005892607746669895,0.0012825332643675883,1.3141280433570176e-05,0.0,0.0,0.013,0.03,7455.261183645603,6382.554597332963,0.4998427672955974,0.5001572327044025,120.09126168981837,120.09126168981837,9.039127223964824,0.3005792040248605,0.0,0.09241814570969212
optimal,Welfare-optimal model,2021-05-28,2021-05-01,0.0,0.0,0.0,0.0,7577.704518761082,6500.295264423543,17.01273458036685,19.237785702848395,0.0,0.0,0.0,0.0,0.03639005580494176,0.008938790002637932,0.08884697141900175,0.04258312027488947,0.0,0.0,0.0,9.198896303499123e-06,0.0,0.0,0.013,0.03,7577.704518761082,6500.295264423543,0.4998427672955974,0.5001572327044025,0.0,0.0,0.0,0.3005792040248605,0.3005792040248605,0.07096937187480064
optimal,Welfare-optimal model,2021-06-12,2021-06-01,157.15257810296578,151.28277094242085,176.57593045277054,169.98064150833804,7734.857096864048,6651.578035365964,31.33226655606154,32.164320557911054,0.5515938254639774,0.00048600964540549546,0.00048600964540549546,0.0,0.11034312134750417,0.02710449237142941,0.34792706452721,0.16675661307328193,0.04663501520493234,0.0026201854556645665,0.0026431707160083223,6.439227412449386e-06,0.0,0.0,0.011,0.03,7577.704518761082,6500.295264423543,0.4987517022242396,0.5012482977757603,154.21034725547065,154.21034725547065,19.059705840563787,0.22783415814457497,0.0,0.1760831710906039
optimal,Welfare-optimal model,2021-06-29,2021-06-01,248.60790693400693,219.12517795370013,258.9665697229239,249.0058840382956,7983.465003798055,6870.703213319664,32.291249378160074,52.39573047513318,1.202163067123447,0.0010592265884789265,0.0010592265884789265,0.0,0.2152218594266734,0.05286672314283838,0.502541833102577,0.24086132571980595,0.0663174223648433,0.00372604028912482,0.0027054108311957456,4.50745918871457e-06,0.0,0.0,0.011,0.03,7734.857096864048,6651.578035365964,0.4987517022242396,0.5012482977757603,233.82973921884405,233.82973921884405,20.14405375998051,0.22783415814457497,0.22783415814457497,0.3690130566936858
optimal,Welfare-optimal model,2021-07-13,2021-07-01,85.86834522121163,82.61064760815742,85.86834522121163,82.61064760815742,8069.333349019266,6953.313860927822,22.603874564712044,36.677011332593224,0.14736639705600216,0.00012984461948541227,0.00012984461948541227,0.0,0.1042583218884849,0.025609832817624828,0.19870839250699587,0.09523817461205727,0.0,0.0,0.0,3.1552214321001986e-06,0.0,0.0,0.01,0.03,7983.465003798055,6870.703213319664,0.5097748265756575,0.4902251734243424,84.27133984388806,84.27133984388806,0.0,0.5879594070597227,0.0,0.07505551857524712
optimal,Welfare-optimal model,2021-07-27,2021-07-01,-59.96658190842174,-82.6769171106259,-96.72029340068022,-92.89541248384931,8009.366767110844,6870.636943817196,-20.930999296960046,15.455412559591835,-0.11061205312620027,-9.746034534055747e-05,0.0,9.746034534055747e-05,0.013908110593029613,0.003416364091084273,0.19453357813589506,0.09323724402713582,0.0919451541382714,0.005165932819647829,0.0,2.208655002470139e-06,0.0,0.0,0.01,0.03,8069.333349019266,6953.313860927822,0.5097748265756575,0.4902251734243424,-71.09975992144722,71.09975992144722,23.74548056845211,0.5879594070597227,0.5879594070597227,0.12962236613345304
optimal,Welfare-optimal model,2021-08-09,2021-08-01,0.0,0.0,0.0,0.0,8009.366767110844,6870.636943817196,-14.651699507872031,10.818788791714283,0.0,0.0,0.0,0.0,0.0068721800120176,0.001688070343091068,0.032402653541036816,0.015530142118816714,0.0,0.0,0.0,1.5460585017290972e-06,0.0,0.0,0.008,0.03,8009.366767110844,6870.636943817196,0.5056598097100523,0.4943401902899477,0.0,0.0,0.0,0.9683599772417815,0.0,0.006545805592175734
optimal,Welfare-optimal model,2021-08-24,2021-08-01,-285.7765447465874,-274.5099126920384,-285.7765447465874,-274.5099126920384,7723.590222364257,6596.127031125157,-10.256189655510411,7.573152154199988,-1.6262342850273839,-0.0014328759890442867,0.0,0.0014328759890442867,0.003367368205888615,0.0008271544681146212,1.1480462562203468,0.5502426366253383,0.0,0.0,0.0,1.082240951210368e-06,0.0,0.0,0.008,0.03,8009.366767110844,6870.636943817196,0.5056598097100523,0.4943401902899477,-280.20699571281483,280.20699571281483,0.0,0.9683599772417815,0.9683599772417815,0.08225655277343877
optimal,Welfare-optimal model,2021-09-07,2021-09-01,71.63843007155947,73.41284342872218,93.03692217085646,89.52785783990511,7795.228652435817,6669.53987455388,14.219159340439703,21.41622091912292,0.11907794523666024,0.00010491964787931392,0.00010491964787931392,0.0,0.037275418812546,0.009156269031620446,0.811036274034663,0.38871842959781455,0.045638393925785406,0.0025641903505069638,0.002586995190862972,7.575686658472576e-07,0.0,0.0,0.0069999999999999,0.03,7723.590222364257,6596.127031125157,0.5008116883116883,0.4991883116883117,72.52419647955873,72.52419647955873,18.761041792324466,0.8221316444491487,0.0,0.1688380053349424
optimal,Welfare-optimal model,2021-09-19,2021-09-01,113.22539184048514,86.05851601946722,113.22539184048514,108.93483040438888,7908.454044276302,6755.5983905733465,9.95341153830779,37.8676690283077,0.21424324163923794,0.00018876984674733255,0.00018876984674733255,0.0,0.08995864351184119,0.022097284697357243,0.09045845670313488,0.043355482805423395,0.03484932309139377,0.0019580070704934118,0.0015548741106925768,5.302980660930803e-07,0.0,0.0,0.0069999999999999,0.03,7795.228652435817,6669.53987455388,0.5008116883116883,0.4991883116883117,99.66400496554519,99.66400496554519,11.41958875546008,0.8221316444491487,0.8221316444491487,0.208606884899126
optimal,Welfare-optimal model,2021-10-10,2021-10-01,340.2893466901238,330.8012579562303,382.3475805507009,367.55695328470034,8248.743390966425,7086.399648529577,49.02562193739254,63.263063648285424,2.426852513654402,0.002138301183158618,0.002138301183158618,0.0,0.36324834059739053,0.08922769046608142,1.3009369407568063,0.6235210197209474,0.1984695500285648,0.011150999438767979,0.005115333292597761,0.00023723697984564108,0.0,0.0,0.015,0.03,7908.454044276302,6755.5983905733465,0.4749403341288782,0.5250596658711217,335.30753398975014,335.30753398975014,39.27408475064021,0.03259785118050759,0.0,0.714917890839527
optimal,Welfare-optimal model,2021-10-23,2021-10-01,198.07239094473752,189.12480026580903,198.07239094473752,191.03515178364552,8446.815781911162,7275.524448795386,34.317935356174786,46.19449607163628,0.7352557296068059,0.0006478342576224128,0.0006478342576224128,0.0,0.18877070829899023,0.04636930839509043,0.44173440687214177,0.211717170286914,0.00025561895767493566,1.4361935385863558e-05,0.00012805712403798688,0.0001719955776066069,0.0,0.0,0.015,0.03,8248.743390966425,7086.399648529577,0.4749403341288782,0.5250596658711217,193.37437197250776,193.37437197250776,1.003048529651617,0.03259785118050759,0.03259785118050759,0.23310238581935333
optimal,Welfare-optimal model,2021-11-05,2021-11-01,0.0,0.0,0.0,0.0,8446.815781911162,7275.524448795386,24.02255474932235,32.336147250145395,0.0,0.0,0.0,0.0,0.09410356495680595,0.02311543599046241,0.2306512787485644,0.11054795664544814,0.0,0.0,0.0,0.00012039690432462482,0.0,0.0,0.023,0.03,8446.815781911162,7275.524448795386,0.4508743825924443,0.5491256174075557,0.0,0.0,0.0,0.0,0.0,0.054125807284228375
optimal,Welfare-optimal model,2021-11-20,2021-11-01,-48.11853023679083,-43.5660887539426,-55.30865544458716,-53.1293765291983,8398.697251674372,7231.9583600414435,9.625663116729314,13.072015299846079,-0.03895291071557148,-3.4321432638341174e-05,0.0,3.4321432638341174e-05,0.01530425680780993,0.0037593110185029535,0.030553683241941614,0.014643956316717104,0.00958064922459467,0.0005382881863293988,0.0,8.427783302723737e-05,0.0,0.0,0.023,0.03,8446.815781911162,7275.524448795386,0.4508743825924443,0.5491256174075557,-45.61866799681003,45.61866799681003,8.493289567860952,0.0,0.0,0.002747613093129121
optimal,Welfare-optimal model,2021-12-04,2021-12-01,-383.453944615641,-368.8542347314826,-383.453944615641,-368.8542347314826,8015.24330705873,6863.104125309961,6.737964181710538,9.150410709892242,-2.691188619644788,-0.002371207882272216,0.0,0.002371207882272216,0.007529462319497073,0.0018495240256713084,1.8714191683160313,0.8969452335444679,0.0,0.0,0.0,5.8994483119066153e-05,0.0,0.0,0.015,0.03,8398.697251674372,7231.9583600414435,0.4452742046912524,0.5547257953087475,-375.3551089388742,375.3551089388742,0.0,0.22716170100246572,0.0,-0.13537333150154324
optimal,Welfare-optimal model,2021-12-18,2021-12-01,-163.10478231789574,-156.6438672925488,-163.10478231789574,-156.6438672925488,7852.138524740834,6706.460258017412,4.716574927197371,6.405287496924558,-0.5372409074235437,-0.0004733632808427709,0.0,0.0004733632808427709,0.003689436536553554,0.0009062667725789383,0.5046355102485731,0.24186479611728615,0.0,0.0,0.0,4.12961381833463e-05,0.0,0.0,0.015,0.03,8015.24330705873,6863.104125309961,0.4452742046912524,0.5547257953087475,-159.5207460920379,159.5207460920379,0.0,0.22716170100246572,0.22716170100246572,0.03304095672734144
optimal,Welfare-optimal model,2022-01-01,2022-01-01,94.36661159670572,90.87888299600988,111.01954305494792,106.9163329364822,7946.50513633754,6797.339141013422,19.95453390728035,20.52115118831952,0.18754347494413157,0.00016524466654252703,0.00016524466654252703,0.0,0.0451534323840666,0.01109141058048807,0.4653614774181532,0.22304129727442012,0.03429529816971747,0.001926879214407747,0.002220446274580145,0.00023116014042595478,0.0,0.0,0.009,0.03,7852.138524740834,6706.460258017412,0.469002050580998,0.530997949419002,92.51463486160623,92.51463486160623,16.3261120344011,0.19286287725334686,0.0,0.1220589471526781
optimal,Welfare-optimal model,2022-01-18,2022-01-01,334.6396375495352,318.2419844499486,371.8218194994836,357.5752634269085,8281.144773887076,7115.58112546337,51.15035568504459,53.69808480878362,2.2649607129036076,0.0019956582218985503,0.0019956582218985503,0.0,0.3040343328431738,0.07468246461188974,1.2381255032239191,0.5934163694848944,0.18973531540035377,0.010660267004380782,0.004976835920196038,0.0006151350311695803,0.0,0.0,0.009,0.03,7946.50513633754,6797.339141013422,0.469002050580998,0.530997949419002,325.93251737837056,325.93251737837056,38.32441006029282,0.19286287725334686,0.0,0.6661426440618421
optimal,Welfare-optimal model,2022-01-30,2022-01-01,320.767954763412,290.7162023099484,327.314239554502,315.9958720760308,8601.912728650488,7406.297327773318,42.351533770621245,62.86832913223094,1.8046089805731849,0.0015900420386435665,0.0015900420386435665,0.0,0.33303024203576687,0.08180496930376081,0.7915906462856863,0.37939841010778264,0.04775249085047654,0.0026829707559512194,0.0020659606939726384,0.0006187758032606397,0.0,0.0,0.009,0.03,8281.144773887076,7115.58112546337,0.469002050580998,0.530997949419002,304.81053583417537,304.81053583417537,16.49367379848773,0.19286287725334686,0.19286287725334686,0.5283075394997434
optimal,Welfare-optimal model,2022-02-18,2022-02-01,223.4273430122099,202.96288661025892,223.4273430122099,215.9179644789989,8825.340071662698,7609.2602143835775,29.64607363943486,56.96290826130166,0.8116966733100183,0.0007151864182678113,0.0007151864182678113,0.0,0.2456821170309102,0.060348927831118976,0.4359778146118431,0.20895811551353577,0.011888600286004998,0.0006679602745000349,0.0008403021843229533,0.005458465269062523,0.0,0.0,0.009,0.03,8601.912728650488,7406.297327773318,0.469002050580998,0.530997949419002,212.56075862679936,212.56075862679936,6.879119782864423,0.5890393550910148,0.5890393550910148,0.34904742672163175
optimal,Welfare-optimal model,2022-03-04,2022-03-01,215.87089673247024,212.77573937810183,227.2325228762845,219.35643234855863,9041.21096839517,7822.03595376168,32.11387769141865,46.45472875336799,0.7896976449564846,0.0006958030613921739,0.0006958030613921739,0.0,0.18426236323318637,0.045261886355985534,0.39043728905059,0.1871311736787827,0.010550800028382806,0.0005927960494600644,0.0010500206139111774,0.00751284467656534,0.0,0.0,0.015,0.03,8825.340071662698,7609.2602143835775,0.469002050580998,0.530997949419002,214.22737452417147,214.22737452417147,8.822960432452158,0.0,0.0,0.22915801621144052
optimal,Welfare-optimal model,2022-03-18,2022-03-01,776.7041435561025,749.3350083598804,776.7041435561025,749.3350083598804,9817.915111951272,8571.37096212156,22.47971438399304,32.51831012735761,2.898007981610136,0.008334347935469328,0.008334347935469328,0.0,0.09028855798426136,0.02217832431443292,2.548689498120229,3.2526245547585964,0.0,0.0,0.0,0.008388480076491737,0.0,0.0,0.015,0.03,9041.21096839517,7822.03595376168,0.469002050580998,0.530997949419002,762.171188889537,762.171188889537,0.0,0.0,0.0,0.9228310062857707
optimal,Welfare-optimal model,2022-04-01,2022-04-01,0.0,0.0,0.0,0.0,9817.915111951272,8571.37096212156,15.735800068795127,22.762817089150325,0.0,0.0,0.0,0.0,0.04543677986268161,0.011161011562214858,2.548689498120229,1.7192475915981427,0.0,0.0,0.0,0.11659907952982132,1.1342589200091255,0.006678608940970894,0.021,0.03,9817.915111951272,8571.37096212156,0.436594131353422,0.5634058686465779,0.0,0.0,0.0,0.0017362205638001733,0.0,0.6213975329986724
optimal,Welfare-optimal model,2022-04-16,2022-04-01,-488.2727159010111,-466.1010982972601,-493.20476353637486,-475.6133656094491,9329.64239605026,8105.2698638243,6.083012412792868,6.421704650216213,-2.898007981610136,-0.0027458752298222615,0.0,0.0027458752298222615,0.004368111737387384,0.0010729753682669914,2.548689498120229,1.5950307768939893,0.008113302433254884,0.0004558453972750931,0.0,0.19234649914715202,3.651903280774391,0.024796856387643142,0.021,0.03,9817.915111951272,8571.37096212156,0.436594131353422,0.5634058686465779,-475.78109642567,475.78109642567,7.5125702809776325,0.0017362205638001733,0.0,0.5525110352425208
optimal,Welfare-optimal model,2022-04-29,2022-04-01,361.21653294546974,344.17621324226894,380.2279294162839,366.1449077045414,9690.858928995729,8449.446077066568,23.26950515976921,26.463887717423802,1.8957578742742325,0.0016703533827190492,0.0016703533827190492,0.0,0.0704027997939256,0.01729362126645052,2.548689498120229,2.5348992416979965,0.055778063136144536,0.0031338870402900275,0.002294417067544589,0.24620708747078912,3.651903280774391,0.04466069202768183,0.021,0.03,9329.64239605026,8105.2698638243,0.436594131353422,0.5634058686465779,351.61591682107246,351.61591682107246,20.67755551453853,0.0017362205638001733,0.0017362205638001733,1.3707112894437865
optimal,Welfare-optimal model,2022-05-17,2022-05-01,275.99805637283373,265.82999907637355,290.5242698661408,279.8210516593406,9966.856985368562,8715.276076142942,30.814867105145538,32.51577398516366,1.0338351224457485,0.0009109127370034686,0.0009109127370034686,0.0,0.11187465721063564,0.027480696176540968,0.6628907497452633,0.3177143359495209,0.026099308815801876,0.0014663880575904553,0.0015327680973824431,0.2388515871007829,3.651903280774391,0.04160590838030532,0.021,0.03,9690.858928995729,8449.446077066568,0.4415401590381616,0.5584598409618384,270.3196047121617,270.3196047121617,14.227347616429578,0.0,0.0,0.9144338531653063
optimal,Welfare-optimal model,2022-05-31,2022-05-01,224.55265506082608,217.1810588339648,233.9090156883605,226.2302696187133,10191.409640429389,8932.457134976907,30.926767601136305,31.810252574363034,0.6479628957648333,0.0005709204901662749,0.0005709204901662749,0.0,0.10916817010853778,0.026815879393071913,0.42900437359778043,0.2056158420213842,0.010878267932376603,0.0006111948134675598,0.0009670766392419196,0.2334287700433008,3.651903280774391,0.039423074241796634,0.021,0.03,9966.856985368562,8715.276076142942,0.4415401590381616,0.5584598409618384,220.43591460433825,220.43591460433825,9.184829775180734,0.0,0.0,0.8081528313629862
optimal,Welfare-optimal model,2022-06-15,2022-06-01,328.859883573473,317.27331273638043,349.8509399717798,337.52480078338345,10520.269524002862,9249.730447713288,42.639793719102215,42.51866484905713,1.3198924844903035,0.0011629580476556723,0.0011629580476556723,0.0,0.19963917730892847,0.04903902021556043,0.9488682608025113,0.4547793878558355,0.05459980589367843,0.003067686729725647,0.002091915528129936,0.20450770666186524,3.651903280774391,0.028774806335780445,0.025,0.03,10191.409640429389,8932.457134976907,0.4476775431861804,0.5523224568138195,322.46036030268266,322.46036030268266,20.58257618953295,0.0,0.0,1.0291505015449685
optimal,Welfare-optimal model,2022-06-29,2022-06-01,-290.8079139275396,-280.56539549579463,-290.8079139275396,-280.56539549579463,10229.461610075323,8969.165052217493,29.847855603371556,29.763065394340003,-0.9649747047753164,-0.0008502397823228571,0.0,0.0008502397823228571,0.097823196881375,0.024029119905624625,2.548689498120229,1.4258466718303229,0.0,0.0,0.0,0.18305822980343156,3.651903280774391,0.021957877515031265,0.025,0.03,10520.269524002862,9249.730447713288,0.4476775431861804,0.5523224568138195,-285.1507409833573,285.1507409833573,0.0,0.0,0.0,0.8889068785001127
optimal,Welfare-optimal model,2022-07-13,2022-07-01,-211.10590079617563,-203.7437787725396,-215.41418448589351,-207.90181507402,10018.355709279147,8765.421273444954,16.585215232642213,16.67610947455762,-0.5385067850343241,-0.00047447864635329784,0.0,0.00047447864635329784,0.030429765657660236,0.007474714699568286,0.4023201792837213,0.19282647804233155,0.002300803085663707,0.00012927047959376662,0.0,0.190274475695354,3.651903280774391,0.024148585872800978,0.027,0.03,10229.461610075323,8969.165052217493,0.460880385752061,0.539119614247939,-207.1368364107467,207.1368364107467,4.227282375729527,0.0,0.0,0.5914078739611851
optimal,Welfare-optimal model,2022-07-27,2022-07-01,-285.4466205093289,-278.34900118703297,-288.32991970639284,-278.34900118703297,9732.909088769818,8487.072272257921,8.726351465785626,11.673276632190323,-1.0416504596244824,-0.0009177988352076425,0.0,0.0009177988352076425,0.012219828671638362,0.003001657456902165,0.7084344451350221,0.339542797039082,0.00047358859963099486,2.6608546287992632e-05,0.0,0.1953258478196997,3.651903280774391,0.025744050026919273,0.027,0.03,10018.355709279147,8765.421273444954,0.460880385752061,0.539119614247939,-281.620154718214,281.620154718214,1.3288560461814336,0.0,0.0,0.5552301139260332
optimal,Welfare-optimal model,2022-08-10,2022-08-01,-193.24217687166663,-186.36493660545108,-193.24217687166663,-186.36493660545108,9539.666911898152,8300.70733565247,6.108446026049933,8.171293642533215,-0.5011539906313206,-0.00044156707714304084,0.0,0.00044156707714304084,0.005984482107050853,0.0014700177739822887,0.357682762186061,0.17143238355974177,0.0,0.0,0.0,0.1843930602852004,3.651903280774391,0.022355254739642283,0.025,0.03,9732.909088769818,8487.072272257921,0.4616476183170975,0.5383523816829026,-189.53979819494396,189.53979819494396,0.0,0.0,0.0,0.5857360890726968
optimal,Welfare-optimal model,2022-08-24,2022-08-01,-108.96833784957552,-105.34028462738496,-108.96833784957552,-105.34028462738496,9430.698574048576,8195.367051025085,4.27591221823495,5.7199055497732445,-0.1667638124691015,-0.00014693569366263612,0.0,0.00014693569366263612,0.0029323962324549133,0.0007203087092513203,0.13938440099363214,0.06680500885014803,0.0,0.0,0.0,0.17674010901105086,3.4179781408895717,0.020125333792045043,0.025,0.03,9539.666911898152,8300.70733565247,0.4616476183170975,0.5383523816829026,-107.01516675653691,107.01516675653691,0.0,0.0,0.0,0.5655885209410926
optimal,Welfare-optimal model,2022-09-07,2022-09-01,116.32360982206288,111.84517231244952,130.7006851933291,125.66873293533654,9547.022183870638,8307.212223337534,17.37021392403068,17.827494507728275,0.19544849130229236,0.00017220978112466128,0.00017220978112466128,0.0,0.03457610885002075,0.008493215228230428,0.41182211113701217,0.19738062210025664,0.025515267273467358,0.0014335737195227162,0.0015910334722899291,0.12393614426443965,1.3470689555915831,0.007931651770343487,0.0279999999999999,0.03,9430.698574048576,8195.367051025085,0.4116456217403239,0.5883543782596761,113.6887015055195,113.6887015055195,14.051412545626007,0.0,0.0,0.33573848902572917
optimal,Welfare-optimal model,2022-09-22,2022-09-01,-245.17784813673836,-239.26922272285225,-255.39359180910245,-246.6693017761363,9301.8443357339,8067.943000614681,1.9434060744573856,5.079167102125723,-0.8620809937605171,-0.0007595800727753579,0.0,0.0007595800727753579,0.0019575529653841546,0.00048084990499613016,1.2819290657385165,0.6144108090390694,0.009608062034583675,0.0005398283733694684,0.0,0.08675530098510775,0.45709767597480994,0.0026914283606760806,0.0279999999999999,0.03,9547.022183870638,8307.212223337534,0.4116456217403239,0.5883543782596761,-241.70148250498207,241.70148250498207,8.559135066017488,0.0,0.0,0.14808522715879616
optimal,Welfare-optimal model,2022-10-10,2022-10-01,-115.80970954354416,-111.63253333282655,-115.80970954354416,-111.63253333282655,9186.034626190356,7956.3104672818545,1.36038425212017,3.5554169714880004,-0.200892702958017,-0.00017700667923004808,0.0,0.00017700667923004808,0.0009793704124817853,0.00024057084437838994,0.21193184267452111,0.10157599074624128,0.0,0.0,0.0,0.06072871068957542,0.11350827148198464,0.0006683459511939613,0.021,0.03,9301.8443357339,8067.943000614681,0.396332275335834,0.603667724664166,-113.28808308489897,113.28808308489897,0.0,0.0,0.0,0.02092113026849508
optimal,Welfare-optimal model,2022-10-25,2022-10-01,220.5596453400544,212.52171515197423,250.6359606136982,241.5019490363344,9406.59427153041,8168.832182433829,31.028584250127892,31.46902576440175,0.7481438683040241,0.0006591900042406841,0.0006591900042406841,0.0,0.10899679748745293,0.02677378372055384,1.069451051643257,0.5125730459112988,0.11194727700380604,0.006289750860327839,0.003385347349522268,0.043154596740798336,0.011638734446292435,6.852981674939723e-05,0.021,0.03,9186.034626190356,7956.3104672818545,0.396332275335834,0.603667724664166,215.70740631240665,215.70740631240665,29.4146463153282,0.0,0.0,0.341696288147472
optimal,Welfare-optimal model,2022-11-08,2022-11-01,0.0,0.0,0.0,0.0,9406.59427153041,8168.832182433829,21.720008975089524,22.028318035081224,0.0,0.0,0.0,0.0,0.0535646397631859,0.013157524928693489,0.28882885290701404,0.13843166048052027,0.0,0.0,0.0,0.030208217718558833,0.0,0.0,0.016,0.03,9406.59427153041,8168.832182433829,0.3816786445969237,0.6183213554030763,0.0,0.0,0.0,0.16331595889304307,0.0,0.05706558211169997
optimal,Welfare-optimal model,2022-11-22,2022-11-01,-147.7721828339463,-143.45689004488804,-155.5496661409961,-149.43426046342506,9258.822088696465,8025.375292388941,7.426522975512853,9.442452206019823,-0.32333083991795386,-0.00028488699402137913,0.0,0.00028488699402137913,0.008643837413785146,0.0021232571852301957,0.31101787610900367,0.14906655133500532,0.005800791933796019,0.00032591713735865007,0.0,0.021145752402991182,0.0,0.0,0.016,0.03,9406.59427153041,8168.832182433829,0.3816786445969237,0.6183213554030763,-145.10394514765468,145.10394514765468,6.664435065946034,0.16331595889304307,0.16331595889304307,0.027574604071945657
optimal,Welfare-optimal model,2022-12-06,2022-12-01,-578.5488712533701,-551.8073446649302,-578.5488712533701,-557.3811562272022,8680.273217443095,7473.56794772401,5.198566082858974,1.035904981941826,-2.898007981610136,-0.004420612206660976,0.0,0.004420612206660976,0.001083639600472192,0.0002661833463263879,2.548689498120229,1.8121530571106725,0.002598511454630393,0.00014599720595953028,0.0,0.014802026682093827,0.0,0.0,0.018,0.03,9258.822088696465,8025.375292388941,0.3730076454580796,0.6269923545419205,-561.7821385336388,561.7821385336388,3.494737235201901,0.06715426911777199,0.0,-0.05760605540580078
optimal,Welfare-optimal model,2022-12-20,2022-12-01,-362.4504538524821,-348.5696604935322,-362.4504538524821,-348.5696604935322,8317.822763590613,7124.998287230478,3.6389962580012707,0.7251334873593009,-2.286073568310793,-0.002014260771267758,0.0,0.002014260771267758,0.0005309834042313737,0.00013042983969992994,1.3403300901414144,0.6424016094749915,0.0,0.0,0.0,0.010361418677465678,0.0,0.0,0.018,0.03,8680.273217443095,7473.56794772401,0.3730076454580796,0.6269923545419205,-353.74730254144424,353.74730254144424,0.0,0.06715426911777199,0.06715426911777199,-0.14634303760789585
optimal,Welfare-optimal model,2023-01-04,2023-01-01,103.67362083466594,98.62449485462152,126.43124492032432,121.75863562298954,8421.49638442528,7223.6227820851,25.30492146625926,23.64173420951954,0.20024543339297834,0.00017643636963399412,0.00017643636963399412,0.0,0.06528634017214503,0.01603682302571075,1.3701142577881142,0.6566767476471818,0.0683075170137681,0.003837853634346098,0.002965587497487814,0.007364166791797287,0.0,0.0,0.021,0.03,8317.822763590613,7124.998287230478,0.4183638246461857,0.5816361753538143,100.73686651075332,100.73686651075332,22.976619808946523,0.0017362205638001733,0.0,0.28399225806116746
optimal,Welfare-optimal model,2023-01-18,2023-01-01,-188.4418815235552,-184.7968963319443,-198.3598752879528,-190.5122642597364,8233.054502901725,7038.8258857531555,7.795451261983885,10.833846018871583,-0.6697627666937371,-0.0005901283693174421,0.0,0.0005901283693174421,0.010639706507261856,0.0026135189972750373,0.8069648953256969,0.38676707429014845,0.0076212223436330235,0.0004281979077613993,0.0,0.0051549167542581,0.0,0.0,0.021,0.03,8421.49638442528,7223.6227820851,0.4183638246461857,0.5816361753538143,-186.32182627748534,186.32182627748534,7.473594546351257,0.0017362205638001733,0.0017362205638001733,0.02619987967444246
optimal,Welfare-optimal model,2023-02-04,2023-02-01,222.36006121263648,211.53041747841368,255.586277255904,245.96560171908567,8455.41456411436,7250.356303231569,38.68303192665627,42.018876453882086,0.9425253940537632,0.0008304596813868063,0.0008304596813868063,0.0,0.18430374779737008,0.045272051988337725,1.4014844020729145,0.6717120224099025,0.1490941690160617,0.008376846699064916,0.0043563797493895206,0.0037566344951635083,0.0,0.0,0.01,0.03,8233.054502901725,7038.8258857531555,0.4183638246461857,0.5816361753538143,216.06114865061875,216.06114865061875,33.929395681730256,0.5097301422524159,0.0,0.4462346188233514
optimal,Welfare-optimal model,2023-02-17,2023-02-01,0.0,0.0,0.0,0.0,8455.41456411436,7250.356303231569,27.078122348659388,29.41321351771746,0.0,0.0,0.0,0.0,0.0903088364207113,0.02218330547428548,0.2892627037910841,0.13863959918774524,0.0,0.0,0.0,0.002629644146614456,0.0,0.0,0.01,0.03,8455.41456411436,7250.356303231569,0.4183638246461857,0.5816361753538143,0.0,0.0,0.0,0.5097301422524159,0.5097301422524159,0.1482169470773685
optimal,Welfare-optimal model,2023-03-03,2023-03-01,0.0,0.0,0.0,0.0,8455.41456411436,7250.356303231569,18.95468564406157,20.58924946240222,0.0,0.0,0.0,0.0,0.04425132984614853,0.010869819682399882,0.0,0.0,0.0,0.0,0.0,0.001840750902630119,0.0,0.0,0.0069999999999999,0.03,8455.41456411436,7250.356303231569,0.4183638246461857,0.5816361753538143,0.0,0.0,0.0,1.1162851712007502,0.0,0.007375221641024753
optimal,Welfare-optimal model,2023-03-18,2023-03-01,-143.48622921601407,-139.5208317983006,-147.92394764537534,-142.36819571255165,8311.928334898346,7110.835471433268,8.830561521481826,11.565110709430499,-0.3811822141481221,-0.00033585987402447637,0.0,0.00033585987402447637,0.012488135939989785,0.0030675639875442284,0.29356886263827214,0.14070348135709707,0.0016474382821304084,9.256121836723605e-05,0.0,0.0012885256318410831,0.0,0.0,0.0069999999999999,0.03,8455.41456411436,7250.356303231569,0.4183638246461857,0.5816361753538143,-141.17981062821733,141.17981062821733,3.51271071173589,1.1162851712007502,1.1162851712007502,0.17380123231883668
optimal,Welfare-optimal model,2023-04-01,2023-04-01,-339.9439742208384,-326.44235991757216,-339.9439742208384,-326.44235991757216,7971.9843606775075,6784.393111515696,6.181393065037298,8.095577496601322,-2.1858206974560206,-0.0019259279075450244,0.0,0.0019259279075450244,0.006122224043973864,0.0015038524637478426,1.1662795074613161,0.5589815808819169,0.0,0.0,0.0,0.0009019679422887581,0.0,0.0,0.001,0.03,8311.928334898346,7110.835471433268,0.4176005587478967,0.5823994412521032,-332.0806415946147,332.0806415946147,0.0,1.4962627353823008,0.0,-0.1689031609917884
optimal,Welfare-optimal model,2023-04-18,2023-04-01,629.8240815578414,606.0605524302621,629.8240815578414,606.0605524302621,8601.80844223535,7390.4536639459575,4.3269751455261485,5.6669042476208915,2.898007981610136,0.00725417784333088,0.00725417784333088,0.0,0.002999889781547181,0.0007368877072364399,2.548689498120229,4.220881027248838,0.0,0.0,0.0,0.0006313775596021306,0.0,0.0,0.001,0.03,7971.9843606775075,6784.393111515696,0.4176005587478967,0.5823994412521032,615.984215471761,615.984215471761,0.0,1.4962627353823008,0.0,0.9082828949186517
optimal,Welfare-optimal model,2023-04-29,2023-04-01,-28.39872448889858,-85.65229308535193,-88.74601402780806,-85.65229308535193,8573.40971774645,7304.801370860606,-57.318406937041175,3.9668329733346184,-0.09394928483866943,-8.277877036084322e-05,0.0,8.277877036084322e-05,0.00108847911494789,0.0002673721162432264,2.548689498120229,1.3883527019373463,0.18797937455444483,0.010561609576153519,0.0,0.0004419642917214914,0.0,0.0,0.001,0.03,8601.80844223535,7390.4536639459575,0.4176005587478967,0.5823994412521032,-61.74317084916197,61.74317084916197,25.2010618303697,1.4962627353823008,1.4962627353823008,0.6900118003888752
optimal,Welfare-optimal model,2023-05-17,2023-05-01,-397.2938380907386,-390.11682384883073,-427.1976753663856,-410.6492882619271,8176.115879655711,6914.684547011775,-70.02672213157587,-17.755681331762105,-2.898007981610136,-0.0025561290347239523,0.0,0.0025561290347239523,0.0,0.0,2.001829837514168,0.9594492572933899,0.07904479613641562,0.004441127000226684,0.0,0.00030937500420504394,0.0,0.0,0.002,0.03,8573.40971774645,7304.801370860606,0.4200482561965343,0.5799517438034657,-393.13151616584184,393.13151616584184,24.468893242178304,2.013560113213371,0.0,-0.136188891326592
optimal,Welfare-optimal model,2023-05-31,2023-05-01,85.56967492326598,90.80446051019044,125.83775724009702,121.07261401358726,8261.685554578977,7005.4890075219655,-8.750623175272068,17.83917657116335,0.16572838460602943,0.00014602337756092608,0.00014602337756092608,0.0,0.021920617735213845,0.0053845424066804575,1.506545546999131,0.7220663710067963,0.15506851469626814,0.008712514942971346,0.004554748071188944,0.00021656250294353074,0.0,0.0,0.002,0.03,8176.115879655711,6914.684547011775,0.4200482561965343,0.5799517438034657,88.60559795284007,88.60559795284007,34.46860616356934,2.013560113213371,2.013560113213371,0.643803862875002
optimal,Welfare-optimal model,2023-06-14,2023-06-01,-72.50058878748342,-65.30265123725415,-74.74287503864271,-71.76115520577379,8189.184965791494,6940.186356284711,-8.367722473849739,6.0289196312947055,-0.0938482811354254,-8.268977593825884e-05,0.0,8.268977593825884e-05,0.0024810832743210683,0.0006094489793335684,0.19247529691373758,0.09225073840468381,0.0034622581066683683,0.00019452675838067975,0.0,0.0001515937520604715,0.0,0.0,0.0,0.03,8261.685554578977,7005.4890075219655,0.4252869877509139,0.5747130122490861,-68.36384041601035,68.36384041601035,4.665401435801419,2.4176224884558493,0.0,0.017428392859883596
optimal,Welfare-optimal model,2023-06-29,2023-06-01,75.87922170482618,63.42809243390414,75.87922170482618,72.90585337230361,8265.06418749632,7003.614448718616,-5.857405731694811,13.698004680305758,0.09592130605995858,8.451631942366071e-05,8.451631942366071e-05,0.0,0.012807871818842418,0.0031461033526029776,0.1568307957934747,0.07516682373544431,0.006886845762492419,0.00038693700480190444,0.0007218824400130569,0.00010611562644233005,0.0,0.0,0.0,0.03,8189.184965791494,6940.186356284711,0.4252869877509139,0.5747130122490861,68.72339569563181,68.72339569563181,5.4469925382842845,2.4176224884558493,2.4176224884558493,0.4483448846484361
optimal,Welfare-optimal model,2023-07-13,2023-07-01,0.0,0.0,0.0,0.0,8265.06418749632,7003.614448718616,-4.100184012186368,9.58860327621403,0.0,0.0,0.0,0.0,0.006052942564270499,0.0014868342815977536,0.029502266812339983,0.014140027014843955,0.0,0.0,0.0,7.428093850963103e-05,0.0,0.0,-0.003,0.03,8265.06418749632,7003.614448718616,0.4457004440855874,0.5542995559144126,0.0,0.0,0.0,2.1560412570741794,0.0,0.005925868229435078
optimal,Welfare-optimal model,2023-07-27,2023-07-01,366.3585944035224,297.84080706831827,377.68927258095096,363.2204964247784,8631.422781899842,7301.455255786934,8.460549368898114,72.09171164980995,2.131628866059934,0.0018781794528944808,0.0018781794528944808,0.0,0.34533452670243503,0.08482737238435979,1.5900721378048073,0.7620995066964265,0.3231462357156513,0.018155951341586613,0.005203195335375195,5.1996656956741714e-05,0.0,0.0,-0.003,0.03,8265.06418749632,7003.614448718616,0.4457004440855874,0.5542995559144126,328.37921531138056,328.37921531138056,41.290021071578884,2.1560412570741794,2.1560412570741794,1.0910371705595008
optimal,Welfare-optimal model,2023-08-10,2023-08-01,287.6845126352147,289.4106175220311,312.70055721218984,301.4693932521157,8919.107294535057,7590.865873308965,30.93842913520382,62.52297388495157,1.5509507569944896,0.0013665436280296127,0.0013665436280296127,0.0,0.30027621293648354,0.07375932657575417,0.7265808449258955,0.3482401146010594,0.045158969710737656,0.002537253930526368,0.0021732091292227334,0.00024074179475759003,0.0,0.0,0.001,0.03,8631.422781899842,7301.455255786934,0.4445049789642544,0.5554950210357457,288.6433553056267,288.6433553056267,17.81834624630589,1.7413647112294888,0.0,0.4371611307612675
optimal,Welfare-optimal model,2023-08-24,2023-08-01,97.61039623126906,89.31753502569822,97.61039623126906,94.0184579217876,9016.717690766325,7680.183408334663,21.656900394642676,48.46700461555548,0.14770893614559663,0.00013014643087956863,0.00013014643087956863,0.0,0.17574162279686048,0.043168866498155045,0.31113768033324407,0.14912397183689513,0.0016375865130661927,9.20076973294238e-05,0.0003154976062311237,0.00019818510143356427,0.0,0.0,0.001,0.03,8919.107294535057,7590.865873308965,0.4445049789642544,0.5554950210357457,93.00375312143397,93.00375312143397,2.611339263050589,1.7413647112294888,1.7413647112294888,0.3962650895030425
optimal,Welfare-optimal model,2023-09-06,2023-09-01,0.0,0.0,0.0,0.0,9016.717690766325,7680.183408334663,15.159830276249872,33.92690323088883,0.0,0.0,0.0,0.0,0.08758722757950382,0.021514774213127787,0.053418001281007134,0.02560250661405026,0.0,0.0,0.0,0.00013872957100349498,0.0,0.0,0.0,0.03,9016.717690766325,7680.183408334663,0.4315569171039461,0.5684430828960538,0.0,0.0,0.0,1.6253744405065016,0.0,0.023500871476751818
optimal,Welfare-optimal model,2023-09-21,2023-09-01,421.4460530066552,364.2974775570552,439.0063052152659,423.6017180895991,9438.16374377298,8044.480885891719,28.17213340198566,83.0530727941661,2.5215845004268025,0.002221769592655561,0.002221769592655561,0.0,0.4998079766338816,0.12277196189863837,2.226839304961083,1.0672931720858707,0.2831446420591653,0.01590846426687363,0.004752880213929016,0.001038681775859461,0.0,0.0,0.0,0.03,9016.717690766325,7680.183408334663,0.4315569171039461,0.5684430828960538,388.9603405949668,388.9603405949668,41.28933362384419,1.6253744405065016,1.6253744405065016,1.1927918107645719
optimal,Welfare-optimal model,2023-10-11,2023-10-01,-45.93263777559803,-27.52258580487487,-66.5690402544899,-64.006013499709,9392.231105997382,8016.958300086843,-0.9159090975019168,21.65372326108213,-0.018997086377357166,-1.673834402738412e-05,0.0,1.673834402738412e-05,0.03229223780355582,0.007932209117470834,1.125429371220242,0.5394026775494026,0.12507607162013243,0.007027391376856873,0.0,0.0007270772431016226,0.0,0.0,-0.002,0.03,9438.16374377298,8044.480885891719,0.4201419963009367,0.5798580036990633,-35.25742179185849,35.25742179185849,29.82542688517687,2.4403283369278954,0.0,0.21063343237776205
optimal,Welfare-optimal model,2023-10-25,2023-10-01,-62.08497761600442,-53.91698421547984,-62.08497761600442,-59.90776023942204,9330.146128381377,7963.041315871364,-0.6411363682513382,9.166830258815295,-0.05060212758499457,-4.4585564502394774e-05,0.0,4.4585564502394774e-05,0.005787238186591724,0.0014215671204924488,0.03128223498693019,0.014993141056363658,0.0027761673883768996,0.00015597879365001466,0.0,0.0005089540701711358,0.0,0.0,-0.002,0.03,9392.231105997382,8016.958300086843,0.4201419963009367,0.5798580036990633,-57.348701268549114,57.348701268549114,3.4737994258513334,2.4403283369278954,2.4403283369278954,0.4049286416507998
optimal,Welfare-optimal model,2023-11-08,2023-11-01,-199.746028628283,-192.50212248873592,-199.746028628283,-192.50212248873592,9130.400099753095,7770.539193382628,-0.44879545777592966,6.416781181170705,-0.603426807363612,-0.000531679716371502,0.0,0.000531679716371502,0.002845221446435081,0.0006988952464654139,0.44456859756183037,0.2130755585481392,0.0,0.0,0.0,0.0462123890102472,0.021824832734782463,0.00012850639344016773,-0.005,0.03,9330.146128381377,7963.041315871364,0.4182045873978381,0.5817954126021618,-195.53155726697386,195.53155726697386,0.0,2.4403283369278954,0.0,-0.022364692603427334
optimal,Welfare-optimal model,2023-11-22,2023-11-01,-422.6041984339797,-415.7897369454951,-449.57893450423376,-433.1143093182241,8707.795901319116,7354.749456437133,-27.288892890697184,-12.832825545909486,-2.898007981610136,-0.0025617074173023323,0.0,0.0025617074173023323,0.0,0.0,1.8043571409157917,0.8648033345798445,0.06090738546727914,0.003422077699398742,0.0,0.07820479346830045,0.31884007763850103,0.0018773563563769153,-0.005,0.03,9130.400099753095,7770.539193382628,0.4182045873978381,0.5817954126021618,-418.63957600062525,418.63957600062525,21.36031510017405,2.4403283369278954,2.4403283369278954,0.2877374932232218
optimal,Welfare-optimal model,2023-12-06,2023-12-01,-69.64494917425536,-67.15599851097762,-69.64494917425536,-67.15599851097762,8638.15095214486,7287.593457926155,-19.10222502348803,-8.982977882136638,-0.08552236873134568,-7.535380960147058e-05,0.0,7.535380960147058e-05,0.0,0.0,0.8014166254900613,0.3841078655635594,0.0,0.0,0.0,0.0916076168141286,0.5466024396499762,0.0032184397020862438,-0.003,0.03,8707.795901319116,7354.749456437133,0.4133027230406224,0.5866972769593776,-68.18468859762407,68.18468859762407,0.0,2.4403283369278954,0.0,0.21041611606811522
optimal,Welfare-optimal model,2023-12-20,2023-12-01,-394.2029325279212,-390.51501991905513,-410.62805471658464,-394.4596160798537,8243.948019616939,6897.0784380071,-29.796679705105078,-10.232680678294173,-2.8889140687171815,-0.0025454238922329583,0.0,0.0025454238922329583,0.0,0.0,1.963185534932379,0.940927579418531,0.015000019640831313,0.000842775179226964,0.0,0.10098959315620831,0.7423410342073086,0.004370964495713751,-0.003,0.03,8638.15095214486,7287.593457926155,0.4133027230406224,0.5866972769593776,-392.0392442426353,392.0392442426353,9.102831553094475,2.4403283369278954,2.4403283369278954,0.37865680949853864
optimal,Welfare-optimal model,2024-01-04,2024-01-01,160.971128441208,158.6867197465411,203.76092207747848,195.9095305512853,8404.919148058147,7055.765157753641,21.932117842696925,30.059934329938272,0.5279604303432158,0.0004651862470059435,0.0004651862470059435,0.0,0.08157079553761,0.020036908312731784,2.1034080377199933,1.0081342788263394,0.20280744816415308,0.011394723978217055,0.005160808644285891,0.07070428468666587,0.21800697656250584,0.0012836428413123431,-0.008,0.03,8243.948019616939,6897.0784380071,0.4333232261976956,0.5666767738023044,159.67660709206822,159.67660709206822,39.63511376548835,2.4403283369278954,0.0,0.5222922813879127
optimal,Welfare-optimal model,2024-01-18,2024-01-01,0.0,0.0,0.0,0.0,8404.919148058147,7055.765157753641,15.352482489887846,21.041954030956788,0.0,0.0,0.0,0.0,0.03996968981342888,0.00981808507323857,0.15792702237949158,0.07569222992335747,0.0,0.0,0.0,0.049492999280666104,0.03628469261169318,0.00021364722659168947,-0.008,0.03,8404.919148058147,7055.765157753641,0.4333232261976956,0.5666767738023044,0.0,0.0,0.0,2.4403283369278954,2.4403283369278954,0.4457516236220847
optimal,Welfare-optimal model,2024-02-01,2024-02-01,138.87069911217228,133.74738753446562,152.60516385952997,146.9751511367754,8543.78984717032,7189.512545288107,24.481202490279173,27.95713142397952,0.3653540762335724,0.00032191369235935556,0.00032191369235935556,0.0,0.07846439517791036,0.019273857532367135,0.27190452458085757,0.1303200648101888,0.023330578883009247,0.001310827136924151,0.0017262740407846938,0.03472616429789358,0.0,0.0,0.0069999999999999,0.03,8404.919148058147,7055.765157753641,0.4333232261976956,0.5666767738023044,135.96743743613348,135.96743743613348,13.447328977200005,0.9782423291012434,0.0,0.12317559581255823
optimal,Welfare-optimal model,2024-02-19,2024-02-01,0.0,0.0,0.0,0.0,8543.78984717032,7189.512545288107,17.13684174319542,19.56999199678566,0.0,0.0,0.0,0.0,0.03844755363717606,0.00944419019085989,0.11444854349695702,0.05485359844212456,0.0,0.0,0.0,0.024308315008525507,0.0,0.0,0.0069999999999999,0.03,8543.78984717032,7189.512545288107,0.4333232261976956,0.5666767738023044,0.0,0.0,0.0,0.9782423291012434,0.9782423291012434,0.18852307103922933
optimal,Welfare-optimal model,2024-03-05,2024-03-01,140.9788069022136,136.0819302827979,154.92176582660832,149.54058272834936,8684.768654072534,7325.594475570904,25.938748144631518,27.15764684330142,0.3643194750933151,0.00032100210468360583,0.00032100210468360583,0.0,0.0786695007253614,0.01932423930223493,0.28093630493387395,0.13464887177936619,0.024105440798396077,0.0013543627058935856,0.001724032070003532,0.017149678860000656,0.0,0.0,0.001,0.03,8543.78984717032,7189.512545288107,0.4333232261976956,0.5666767738023044,138.20386065781517,138.20386065781517,13.668513691432267,2.027922436917663,0.0,0.12467178692515772
optimal,Welfare-optimal model,2024-03-18,2024-03-01,0.0,0.0,0.0,0.0,8684.768654072534,7325.594475570904,18.15712370124206,19.010352790310993,0.0,0.0,0.0,0.0,0.03854805535542707,0.009468877258095114,0.11824920503538293,0.056675202767292626,0.0,0.0,0.0,0.012004775202000459,0.0,0.0,0.001,0.03,8684.768654072534,7325.594475570904,0.4333232261976956,0.5666767738023044,0.0,0.0,0.0,2.027922436917663,2.027922436917663,0.364119949551412
optimal,Welfare-optimal model,2024-04-02,2024-04-01,189.1322921708368,180.57293472400943,207.8376837042163,200.63659413778825,8873.90094624337,7506.167410294914,31.415378124248946,33.37090636699651,0.6236883473425926,0.0005495321712141038,0.0005495321712141038,0.0,0.11746032687770681,0.02885275035655334,0.4994044113876359,0.23935760303678588,0.04914855828407094,0.0027614087186827964,0.0023976705482839098,0.06575167043320221,0.1619011361512199,0.000953287081440086,0.003,0.03,8684.768654072534,7325.594475570904,0.4354917791651685,0.5645082208348315,184.3004645270389,184.3004645270389,19.47214491796082,1.075455579384609,0.0,0.24193379667387094
optimal,Welfare-optimal model,2024-04-17,2024-04-01,237.3222144559932,228.94073329201316,252.47044091063108,243.55397158724804,9111.223160699363,7735.108143586926,37.13899114161214,37.97287275213242,0.9495215281110824,0.0008366239792368537,0.0008366239792368537,0.0,0.15648780838972065,0.03843939302172757,0.47514264178326143,0.22772927359973116,0.02843329106520517,0.0015975227064544484,0.001778152168343198,0.10328463794995674,0.7947745925302986,0.004679697559430828,0.003,0.03,8873.90094624337,7506.167410294914,0.4354917791651685,0.5645082208348315,232.59079943615419,232.59079943615419,14.846221240605598,1.075455579384609,0.0,0.40072664364659455
optimal,Welfare-optimal model,2024-04-30,2024-04-01,-47.9253787758304,-103.92093585470528,-108.92131539961456,-104.97064227748008,9063.297781923533,7631.187207732221,-34.998642824655654,25.53130450371789,-0.12931781991432278,-0.00011394200750580414,0.0,0.00011394200750580414,0.04370464563885537,0.010735533124749468,0.6723479704791157,0.3222470505884544,0.2003527309815812,0.011256805844572606,0.0,0.1292997999684008,1.5142101955377794,0.008915793009894547,0.003,0.03,9111.223160699363,7735.108143586926,0.4354917791651685,0.5645082208348315,-79.53533107708131,79.53533107708131,27.155796867257123,1.075455579384609,1.075455579384609,0.5627922170179361
optimal,Welfare-optimal model,2024-05-16,2024-05-01,-276.8320186754231,-266.81382039707603,-276.8320186754231,-266.81382039707603,8786.46576324811,7364.373387335146,-24.49904997725895,17.87191315260253,-1.241710540091969,-0.0010940718902695103,0.0,0.0010940718902695103,0.021112966564623074,0.005186152378151972,0.8586158783698221,0.4115226735880876,0.0,0.0,0.0,0.11784530685598205,1.169116343099466,0.006883852288326259,0.003,0.03,9063.297781923533,7631.187207732221,0.4434606871330959,0.5565393128669041,-271.25649748942743,271.25649748942743,0.0,1.8130852618484614,0.0,0.13452244132365698
optimal,Welfare-optimal model,2024-05-29,2024-05-01,0.0,0.0,0.0,0.0,8786.46576324811,7364.373387335146,-17.149334984081264,12.51033920682177,0.0,0.0,0.0,0.0,0.010345353616665307,0.002541214665294466,0.4551815099227871,0.21816218014385097,0.0,0.0,0.0,0.10982716167728893,0.9540676776783079,0.005617628224058772,0.003,0.03,8786.46576324811,7364.373387335146,0.4434606871330959,0.5565393128669041,0.0,0.0,0.0,1.8130852618484614,1.8130852618484614,0.5387799671777034
optimal,Welfare-optimal model,2024-06-14,2024-06-01,-177.7984666561842,-171.12116372840504,-177.7984666561842,-171.12116372840504,8608.667296591926,7193.252223606741,-12.004534488856876,8.757237444775228,-0.5457644761417736,-0.00048087340227469905,0.0,0.00048087340227469905,0.004985164621051409,0.001224547165165579,0.4453292295744058,0.21344011891479117,0.0,0.0,0.0,0.13623576661776166,1.7448360475616882,0.010273736818115616,0.002,0.03,8786.46576324811,7364.373387335146,0.4526893088410202,0.5473106911589798,-174.14390737570352,174.14390737570352,0.0,1.6763028118755017,0.0,0.2748976609358952
optimal,Welfare-optimal model,2024-06-28,2024-06-01,256.44104710506434,206.00950345936303,267.126090734442,257.5118793242038,8865.108343696991,7399.261727066104,2.2818694871778575,57.632442076183395,0.965394944873591,0.0008506100561216542,0.0008506100561216542,0.0,0.21614795168582626,0.053094206834317405,1.4517822139233583,0.6958190655356644,0.20005115193798223,0.011239861644591136,0.0040792216610852005,0.15485973055667923,2.444942065706559,0.014396018097924504,0.002,0.03,8608.667296591926,7193.252223606741,0.4526893088410202,0.5473106911589798,228.8393240961213,228.8393240961213,33.02480594643468,1.6763028118755017,1.6763028118755017,1.1591035233338025
optimal,Welfare-optimal model,2024-07-12,2024-07-01,100.98077014866938,101.63455543817348,105.18830223819728,101.63455543817348,8966.08911384566,7500.896282504277,5.8048407305523995,40.34270945332837,0.18321005149522093,0.00016142648458223157,0.00016142648458223157,0.0,0.10547209759991932,0.025907982571859098,0.1912101315838578,0.09164436222157434,0.0010118235778396078,5.684924537289366e-05,0.00023783302743548513,0.15053432305099673,2.2718389731592974,0.01337677298448378,0.005,0.03,8865.108343696991,7399.261727066104,0.4623984076961353,0.5376015923038646,101.33224616133162,101.33224616133162,1.945556138528095,1.2218632570207633,0.0,0.45879051290268896
optimal,Welfare-optimal model,2024-07-26,2024-07-01,-62.724115581698825,-101.7973310728967,-116.15576959573856,-111.86519898120515,8903.364998263962,7399.098951431381,-49.36826550265306,18.17202870902139,-0.13806153409834482,-0.00012164609923766685,0.0,0.00012164609923766685,0.021085247183881762,0.005179343437688184,0.27986134158657067,0.13413365676665137,0.17044188494773585,0.009576266803251252,0.0,0.1474888922333723,2.153772973395348,0.012681590757799737,0.005,0.03,8966.08911384566,7500.896282504277,0.4623984076961353,0.5376015923038646,-83.72993844619883,83.72993844619883,30.1192135552744,1.2218632570207633,1.2218632570207633,0.6181605283393254
optimal,Welfare-optimal model,2024-08-09,2024-08-01,-388.8974063370984,-374.32060547143794,-388.8974063370984,-374.32060547143794,8514.467591926863,7024.778345959942,-34.55778585185715,12.720420096314967,-2.5672429627519935,-0.002261999290777654,0.0,0.002261999290777654,0.010445822978461507,0.0025658937845464166,1.7802991244850523,0.8532726612109789,0.0,0.0,0.0,0.1379047511199875,1.8027700608102606,0.010614857008614208,0.006,0.03,8903.364998263962,7399.098951431381,0.4564638530155772,0.5435361469844229,-380.97438815921817,380.97438815921817,0.0,1.2747202966408788,0.0,0.17104534092029677
optimal,Welfare-optimal model,2024-08-22,2024-08-01,0.0,0.0,0.0,0.0,8514.467591926863,7024.778345959942,-24.1904500963,8.904294067420476,0.0,0.0,0.0,0.0,0.005118453259446139,0.0012572879544277442,0.8970014492885889,0.42992034496785236,0.0,0.0,0.0,0.13119585234061815,1.5756323635117933,0.009277451739633048,0.006,0.03,8514.467591926863,7024.778345959942,0.4564638530155772,0.5435361469844229,0.0,0.0,0.0,1.2747202966408788,1.2747202966408788,0.6254120937834509
optimal,Welfare-optimal model,2024-09-06,2024-09-01,-191.9812849022911,-184.35794473075285,-191.9812849022911,-184.35794473075285,8322.486307024572,6840.420401229189,-16.933315067410007,6.233005847194335,-0.6908281837198045,-0.0006086891207010279,0.0,0.0006086891207010279,0.0025660331822955147,0.0006303159269468742,0.5179338123780521,0.24823848775794813,0.0,0.0,0.0,0.12564909741716979,1.399385624932273,0.008239696582208609,0.004,0.03,8514.467591926863,7024.778345959942,0.4438961807954209,0.5561038192045791,-187.74191631780297,187.74191631780297,0.0,1.6231203419647426,0.0,0.2048428811288026
optimal,Welfare-optimal model,2024-09-21,2024-09-01,-350.0173105689035,-336.2067495364629,-350.0173105689035,-336.2067495364629,7972.468996455668,6504.213651692727,-11.853320547187025,4.363104093036043,-2.4157811185674514,-0.0021285461704083812,0.0,0.0021285461704083812,0.0012573562593248073,0.0003088548042039696,1.1450253456622654,0.5487947561227178,0.0,0.0,0.0,0.12176636897075595,1.2822309134750287,0.007549880095326654,0.004,0.03,8322.486307024572,6840.420401229189,0.4438961807954209,0.5561038192045791,-342.33720483340534,342.33720483340534,0.0,1.6231203419647426,1.6231203419647426,0.2726421397989849
optimal,Welfare-optimal model,2024-10-11,2024-10-01,124.85696848550852,123.06590920112218,156.07121060688564,150.08037707453926,8097.325964941177,6627.279560893849,22.916917738346214,30.0686407385423,0.3514240258017843,0.0003096399166963679,0.0003096399166963679,0.0,0.08375025371001392,0.02057226662674696,1.4754253214243969,0.7071508788131347,0.10725356934333136,0.00602603518464781,0.003954602546525037,0.09977582878726916,0.7153341661919045,0.00421194585630658,0.003,0.03,7972.468996455668,6504.213651692727,0.4289927404718693,0.5710072595281307,123.83426063187866,123.83426063187866,28.816140537412643,1.5317296824291002,0.0,0.45553122274523833
optimal,Welfare-optimal model,2024-10-24,2024-10-01,55.63730372372094,39.1426803846188,55.63730372372094,53.62011011591616,8152.963268664897,6666.4222412784675,16.04184241684235,35.52547824827697,0.04559372173489931,4.0172655149749075e-05,4.0172655149749075e-05,0.0,0.09658424854823824,0.02372478679238648,0.05643307937731448,0.027047591698692565,0.0159654949696648,0.000897020351085403,0.0011305060788486929,0.0843824506588284,0.41624027921781953,0.0024508566794907687,0.003,0.03,8097.325964941177,6627.279560893849,0.4289927404718693,0.5710072595281307,46.21875405391148,46.21875405391148,8.266717475879188,1.5317296824291002,1.5317296824291002,0.3604244177128393
optimal,Welfare-optimal model,2024-11-07,2024-11-01,-138.4094982323359,-130.2241030740797,-142.69020436323288,-137.07800323587335,8014.553770432562,6536.198138204388,6.948583560892644,18.013934612000213,-0.3897241812482994,-0.0003433862062816051,0.0,0.0003433862062816051,0.024740980111929312,0.006077331314505567,0.35208562103059343,0.1687497514878529,0.004629554914929524,0.0002601112576246312,0.0,0.08922073200597277,0.5015750553186088,0.0029533147942904263,0.002,0.03,8152.963268664897,6666.4222412784675,0.4090985963132081,0.5909014036867918,-133.57273674359124,133.57273674359124,5.801210095712305,2.013560113213371,0.0,0.08221783835462691
optimal,Welfare-optimal model,2024-11-20,2024-11-01,43.1370163412019,0.0,50.7494309896493,0.0,8057.690786773764,6536.198138204388,12.476423141072246,12.60975422840015,0.013450672823151688,1.1851395768882123e-05,1.1851395768882123e-05,0.0,0.01750009480934454,0.004298692845250923,0.15034962067989763,0.0720604864571311,0.0029302620027038258,0.00016463659006074575,0.00043484160964215956,0.09260752894897384,0.566040425172502,0.003332892144659196,0.002,0.03,8014.553770432562,6536.198138204388,0.4090985963132081,0.5909014036867918,17.64729283432562,17.64729283432562,3.114228147233934,2.013560113213371,2.013560113213371,0.46063853145016165
optimal,Welfare-optimal model,2024-12-04,2024-12-01,0.0,51.0225353268882,0.0,55.4592775292263,8057.690786773764,6587.220673531276,8.733496198750572,13.263570162218201,0.040690670189497194,3.5852573537194166e-05,3.5852573537194166e-05,0.0,0.015419815342230183,0.003787696615868676,0.027883865829216564,0.01336434988576846,0.0015450157058237782,8.680661222867209e-05,0.00036280422165535487,0.07997154785293459,0.345372141106891,0.002033579307923967,0.001,0.03,8057.690786773764,6536.198138204388,0.4116351991460404,0.5883648008539596,30.019863836668694,30.019863836668694,2.6104229423190115,2.4403283369278954,0.0,0.07181858469560976
optimal,Welfare-optimal model,2024-12-18,2024-12-01,0.0,0.0,0.0,0.0,8057.690786773764,6587.220673531276,6.1134473391254005,9.28449911355274,0.0,0.0,0.0,0.0,0.007555709517692791,0.0018559713417756515,0.009790010878449123,0.004692216336372666,0.0,0.0,0.0,0.07112636108570711,0.22317375673132583,0.0013140652639380649,0.001,0.03,8057.690786773764,6587.220673531276,0.4116351991460404,0.5883648008539596,0.0,0.0,0.0,2.4403283369278954,2.4403283369278954,0.44680796900922704
