date,month,alpha_gasoline,alpha_diesel,u_gasoline,u_diesel,price_gasoline,price_diesel,S_gasoline,S_diesel,LC,LC_raw,LC_winsorized,consumer_increase_loss,consumer_decrease_reward,LF,LF_raw,LF_winsorized,LV,LV_raw,LV_winsorized,LT,LT_raw,LT_winsorized,price_gap_g,energy_A,LE,LE_raw,LE_winsorized,cpi_yoy,cpi_target,gasoline_price_before,diesel_price_before,omega_gasoline,omega_diesel,Lpi,Lpi_contribution,weighted_event_loss,u_hist_gasoline,u_hist_diesel,f_gasoline,f_diesel
2016-01-27,2016-01-01,-0.0,-0.0,0.0,0.0,6925.0,5970.0,-325.7853861508645,-312.9340832286773,0.0,0.0,0.0,0.0,0.0,0.0,0.0,0.0,0.0,0.0,0.0,3.142586158253818,0.7353025969761047,0.1765660096570218,0.0,0.0,0.0,0.0,0.0,0.018,0.03,6925.0,5970.0,0.4263973608863438,0.5736026391136562,0.06715426911777199,0.06715426911777199,0.5349567378952649,0,0,-325.7853861508645,-312.9340832286773
2016-02-15,2016-02-01,0.0,0.0,0.0,0.0,6925.0,5970.0,-117.25269182284626,-112.77240411256845,0.0,0.0,0.0,0.0,0.0,0.0,0.0,0.0,0.0,0.0,0.0,1.511339319247377,0.08491450652399782,0.08491450652399782,0.016684650304367353,0.0,0.0,0.0,0.0,0.023,0.03,6925.0,5970.0,0.4263973608863438,0.5736026391136562,0.0,0.0,0.2518898865412294,0,0,110.79707848275888,106.28145414750564
2016-02-29,2016-02-01,0.0,0.0,0.0,0.0,6925.0,5970.0,-25.974626592963112,-24.938373459313958,0.0,0.0,0.0,0.0,0.0,0.0,0.0,0.0,0.0,0.0,0.0,0.38903395976806215,0.021857849057505194,0.021857849057505194,0.008534951314954225,0.0,0.0,0.0,0.0,0.023,0.03,6925.0,5970.0,0.4263973608863438,0.5736026391136562,0.0,0.0,0.064838993294677,0,0,56.10225768302926,54.00230941948396
2016-03-14,2016-03-01,0.0,0.0,0.0,0.0,6925.0,5970.0,267.4638344632718,257.2402869877837,0.0,0.0,0.0,0.0,0.0,3.765941984799191,1.853435603613678,0.9250594377947076,0.0,0.0,0.0,3.142586158253818,0.5660275514398962,0.1765660096570218,0.04196838940939675,0.0,0.0,0.0,0.0,0.023,0.03,6925.0,5970.0,0.4263973608863438,0.5736026391136562,0.0,0.0,1.1514213571755012,0,0,285.646073078346,274.69714840930345
2016-03-28,2016-03-01,0.0,0.0,0.0,0.0,6925.0,5970.0,335.66642368283476,322.8809176330864,0.0,0.0,0.0,0.0,0.0,3.765941984799191,2.9196819130894154,0.9250594377947076,0.0,0.0,0.0,2.7219820811026447,0.15293439549968013,0.15293439549968013,0.02226364813248031,0.0,0.0,0.0,0.0,0.023,0.03,6925.0,5970.0,0.4263973608863438,0.5736026391136562,0.0,0.0,1.0813206776503055,0,0,148.44173955854455,142.81271674163784
2016-04-12,2016-04-01,-0.0,-0.0,0.0,0.0,6925.0,5970.0,133.96355697164762,128.99732078503447,0.0,0.0,0.0,0.0,0.0,1.8954396337128991,0.4655924942587123,0.4655924942587123,0.0,0.0,0.0,1.2579284474623573,0.07067663230779812,0.07067663230779812,0.0,0.0026027054540915,0.0,0.0,0.0,0.023,0.03,6925.0,5970.0,0.4272388790907309,0.572761120909269,0.0,0.0,0.5255613468625425,0,0,-101.00293960633668,-97.019321558126
2016-04-27,2016-04-01,0.576245538390295,0.5811898641992522,165.0,160.0,7090.0,6130.0,215.11076323494046,205.59542385883623,0.7421959617713255,0.0006539493002816971,0.0006539493002816971,0.0006539493002816971,0.0,3.765941984799191,1.1898585162928406,0.9250594377947076,0.38688841756067543,0.18543024882921785,0.18543024882921785,1.7931833817311464,0.10074989780756885,0.10074989780756885,0.017704552562751566,0.00442459927195555,0.0,0.0,0.0,0.023,0.03,6925.0,5970.0,0.4272388790907309,0.572761120909269,0.0,0.0,1.1147016243103893,165,160,286.3362733547871,275.2972993093121
2016-05-12,2016-05-01,0.6853483060636648,0.6828392370788792,120.0,115.0,7210.0,6245.0,205.6709851977896,197.33125468101525,0.368138606716875,0.00032436714381282736,0.00032436714381282736,0.00032436714381282736,0.0,3.765941984799191,1.0933265372498875,0.9250594377947076,0.12946953799743943,0.062052952626590274,0.062052952626590274,0.3783184899377825,0.02125580104537242,0.02125580104537242,0.00807117545684176,0.014501530964730685,0.0,0.0,0.0,0.02,0.03,7090.0,6130.0,0.4211575255102041,0.5788424744897959,0.0,0.0,0.7736447699085477,120,115,175.09345093333127,168.4144579798299
2016-05-26,2016-05-01,1.0,1.0,191.4261860474688,184.0720033336852,7401.426186047469,6429.072003333686,143.9696896384527,138.13187827671067,0.907688401127854,0.000799764786343931,0.000799764786343931,0.000799764786343931,0.0,2.1809713293393003,0.5357300032524448,0.5357300032524448,0.3290913404366601,0.15772891194174987,0.15772891194174987,0.0,0.0,0.0,0.0,0.021555383149673278,0.0,0.0,0.0,0.02,0.03,7210.0,6245.0,0.4211575255102041,0.5788424744897959,0.0,0.0,0.5696251784839689,210,200,191.4261860474688,184.0720033336852
2016-06-09,2016-06-01,1.0,1.0,100.23322113792264,96.43735586995946,7501.6594071853915,6525.5093592036455,100.7787827469169,96.69231479369746,0.23505108892052465,0.00020710365327666303,0.00020710365327666303,0.00020710365327666303,0.0,1.0677740353424139,0.2622861565081463,0.2622861565081463,0.13116368615228058,0.06286493432375878,0.06286493432375878,0.0,0.0,0.0,0.0,0.015088768204771294,0.0,0.0,0.0,0.019,0.03,7401.426186047469,6429.072003333686,0.4302525607944327,0.5697474392055673,0.015087083343480452,0.0,0.2389981350692031,110,110,100.23322113792264,96.43735586995946
2016-06-23,2016-06-01,0.0,0.0,0.0,0.0,7501.6594071853915,6525.5093592036455,70.54514792284182,67.68462035558822,0.0,0.0,0.0,0.0,0.0,0.5232092773177828,0.12852021668899166,0.12852021668899166,0.05955352575764438,0.028543178339437786,0.028543178339437786,0.0,0.0,0.0,0.0,0.010562137743339906,0.0,0.0,0.0,0.019,0.03,7501.6594071853915,6525.5093592036455,0.4302525607944327,0.5697474392055673,0.015087083343480452,0.015087083343480452,0.09964164773648457,0,0,0.0,0.0
2016-07-07,2016-07-01,0.0,0.0,0.0,0.0,7501.6594071853915,6525.5093592036455,49.38160354598927,47.37923424891175,0.0,0.0,0.0,0.0,0.0,0.2566866809015084,0.06305206975640659,0.06305206975640659,0.0,0.0,0.0,0.0,0.0,0.0,0.0,0.007393496420337934,0.0,0.0,0.0,0.018,0.03,7501.6594071853915,6525.5093592036455,0.4170589864303517,0.5829410135696483,0.06715426911777199,0.0,0.04278111348358472,0,0,0.0,0.0
2016-07-22,2016-07-01,0.98178374940903,0.9901813379637037,-155.0,-150.0,7346.6594071853915,6375.5093592036455,31.691215396441763,31.678060355348336,-0.5516637873974831,-0.0004860712889064291,-0.0004860712889064291,0.0,0.0004860712889064291,0.11118565767983747,0.027311451530401005,0.027311451530401005,0.34067055895823367,0.16327867066867413,0.16327867066867413,0.0005984084716968961,3.3621543108681904e-05,3.3621543108681904e-05,0.0,0.005175447494236553,0.0,0.0,0.0,0.018,0.03,7501.6594071853915,6525.5093592036455,0.4170589864303517,0.5829410135696483,0.06715426911777199,0.06715426911777199,-0.005342482194990518,-155,-150,-157.87590708575073,-151.48740361888989
2016-08-05,2016-08-01,0.9908229309590386,1.0,-220.0,-213.3250115912218,7126.6594071853915,6162.184347612424,20.14619588890335,22.174642248743822,-1.1639346185858077,-0.0010255434798934523,-0.0010255434798934523,0.0,0.0010255434798934523,0.050810626305811006,0.012481033853992527,0.012481033853992527,0.4237570342408341,0.2031008650965521,0.2031008650965521,0.0002165633480821789,1.216759836748018e-05,1.216759836748018e-05,0.0,0.015225752251635987,0.0,0.0,0.0,0.013,0.03,7346.6594071853915,6375.5093592036455,0.4219782861263571,0.5780217138736429,0.386382979664885,0.0,-0.11485839911518002,-220,-215,-222.03765488860589,-213.3250115912218
2016-08-19,2016-08-01,1.0,1.0,127.19421024091638,122.35627221783258,7253.853617426308,6284.540619830256,14.102337122232356,15.522249574120679,0.4111989116738144,0.00036230760394319794,0.00036230760394319794,0.00036230760394319794,0.0,0.024897206889847413,0.006115706588456343,0.006115706588456343,0.8504895530346483,0.40762783864195706,0.40762783864195706,0.0,0.0,0.0,0.0,0.02226096558181559,0.0,0.0,0.0,0.013,0.03,7126.6594071853915,6162.184347612424,0.4219782861263571,0.5780217138736429,0.386382979664885,0.386382979664885,0.27882810854386575,175,170,127.19421024091638,122.35627221783258
2016-09-02,2016-09-01,0.89385284199904,0.9072094198976108,205.0,200.0,7458.853617426308,6484.540619830256,34.21587517993797,31.32183938944948,1.04910070744266,0.0009243632529605964,0.0009243632529605964,0.0009243632529605964,0.0,0.11654142452323744,0.02862703278075298,0.02862703278075298,0.38595402316248667,0.18498240656282694,0.18498240656282694,0.06302048574706866,0.003540802108410613,0.003540802108410613,0.0031932227987478672,0.03541060229869571,4.848003718912676e-05,2.854544091461044e-07,2.854544091461044e-07,0.019,0.03,7253.853617426308,6284.540619830256,0.4129458819688189,0.5870541180311811,0.02465416904443632,0.0,0.2691108534854402,205,200,229.34423919437532,220.456264687565
2016-09-19,2016-09-01,1.0,1.0,-146.9203130008538,-141.05545842572835,7311.9333044254545,6343.485161404528,23.95111262595657,21.925287572614636,-0.49710278649919926,-0.0004379975587894563,-0.0004379975587894563,0.0,0.0004379975587894563,0.057105298016386336,0.014027246062568957,0.014027246062568957,0.9159786625525587,0.43901585989644587,0.43901585989644587,0.0,0.0,0.0,0.0,0.0446153480005118,0.016108576113733918,9.484860869212119e-05,9.484860869212119e-05,0.019,0.03,7458.853617426308,6484.540619830256,0.4129458819688189,0.5870541180311811,0.02465416904443632,0.0,0.08201495836391323,-155,-150,-146.9203130008538,-141.05545842572835
2016-09-30,2016-09-01,0.0,0.0,0.0,0.0,7311.9333044254545,6343.485161404528,16.7657788381696,15.347701300830243,0.0,0.0,0.0,0.0,0.0,0.027981596028029306,0.006873350570658789,0.006873350570658789,0.1276237932171697,0.061168312770896044,0.061168312770896044,0.0,0.0,0.0,0.0,0.05105866999178306,0.04447430903364253,0.00026186835537797483,0.00026186835537797483,0.019,0.03,7311.9333044254545,6343.485161404528,0.4129458819688189,0.5870541180311811,0.02465416904443632,0.02465416904443632,0.037455644553879626,0,0,0.0,0.0
2016-10-20,2016-10-01,1.0,1.0,353.4320830964931,339.8876376195256,7665.365387521948,6683.372799024054,11.73604518671874,10.743390910581184,2.898007981610136,0.002647154013595852,0.0025534365442541,0.002647154013595852,0.0,0.01371101417072709,0.003367949668785029,0.003367949668785029,1.7582786773358938,0.8427185665189125,0.8427185665189125,0.0,0.0,0.0,0.0,0.035741068994248136,0.00012699988986248877,7.477856995218626e-07,7.477856995218626e-07,0.021,0.03,7311.9333044254545,6343.485161404528,0.4185863874345549,0.581413612565445,0.0,0.0,0.7783541121677696,355,340,353.4320830964931,339.8876376195256
2016-11-02,2016-11-01,-0.0,-0.0,0.0,0.0,7665.365387521948,6683.372799024054,-47.5839111063999,-45.984338162853554,0.0,0.0,0.0,0.0,0.0,0.0,0.0,0.0,0.7399756993063636,0.354660082395551,0.354660082395551,0.38310409824853153,0.021524680153425242,0.021524680153425242,0.0,0.025018748295973694,0.0,0.0,0.0,0.023,0.03,7665.365387521948,6683.372799024054,0.4098867545317513,0.5901132454682487,0.0,0.0,0.18717996625914912,0,0,-55.79914273710302,-53.50471180026038
2016-11-17,2016-11-01,1.0,1.0,-284.2294865125539,-272.9682691056422,7381.135901009394,6410.404529918412,-33.30873777447994,-32.189036713997496,-1.7568342619332993,-0.0015479477058326664,-0.0015479477058326664,0.0,0.0015479477058326664,0.0,0.0,0.0,1.1353492761136463,0.5441571502843163,0.5441571502843163,0.0,0.0,0.0,0.0,0.017513123807181584,0.0,0.0,0.0,0.023,0.03,7665.365387521948,6683.372799024054,0.4098867545317513,0.5901132454682487,0.0,0.0,-0.10358083096994211,-365,-355,-284.2294865125539,-272.9682691056422
2016-12-01,2016-12-01,1.0,1.0,128.41453039267043,123.46754770676112,7509.5504314020645,6533.872077625173,-23.31611644213595,-22.53232569979825,0.3888746849242111,0.00034263771456871086,0.00034263771456871086,0.00034263771456871086,0.0,0.0,0.0,0.0,1.1419383511213304,0.5473152024843092,0.5473152024843092,0.0,0.0,0.0,0.0,0.012259186665027108,0.0,0.0,0.0,0.021,0.03,7381.135901009394,6410.404529918412,0.4148449039881831,0.5851550960118168,0.0,0.0,0.25513550600759016,175,170,128.41453039267043,123.46754770676112
2016-12-15,2016-12-01,1.0,1.0,404.6678990806208,388.87266258842754,7914.218330482685,6922.7447402136,-16.32128150949518,-15.77262798985879,2.898007981610136,0.0032773735025330734,0.0025534365442541,0.0032773735025330734,0.0,0.0,0.0,0.0,1.7853564204566161,0.8556965529788502,0.8556965529788502,0.0,0.0,0.0,0.0,0.008581430665518974,0.0,0.0,0.0,0.021,0.03,7509.5504314020645,6533.872077625173,0.4148449039881831,0.5851550960118168,0.0,0.0,0.7805607336777918,435,420,404.6678990806208,388.87266258842754
2016-12-29,2016-12-01,1.0,1.0,77.71243352081123,74.71447030925725,7991.930764003496,6997.459210522858,-11.424897056646628,-11.04083959290115,0.12275356515361316,0.00010815823875908134,0.00010815823875908134,0.00010815823875908134,0.0,0.0,0.0,0.0,0.6818648262383111,0.32680834746734744,0.32680834746734744,0.0,0.0,0.0,0.0,0.006007001465863282,0.0,0.0,0.0,0.021,0.03,7914.218330482685,6922.7447402136,0.4148449039881831,0.5851550960118168,0.0,0.0,0.1341030652319873,100,95,77.71243352081123,74.71447030925725
2017-01-13,2017-01-01,0.0,0.0,0.0,0.0,7991.930764003496,6997.459210522858,-7.997427939652639,-7.728587715030804,0.0,0.0,0.0,0.0,0.0,0.0,0.0,0.0,0.03576634658074408,0.017142313507328772,0.017142313507328772,0.0,0.0,0.0,0.0,0.004204901026104297,0.0,0.0,0.0,0.025,0.03,7991.930764003496,6997.459210522858,0.4193319649188281,0.5806680350811718,0.0,0.0,0.005961057763457345,70,70,0.0,0.0
2017-01-26,2017-01-01,0.0,0.0,0.0,0.0,7991.930764003496,6997.459210522858,-5.598199557756847,-5.4100114005215625,0.0,0.0,0.0,0.0,0.0,0.0,0.0,0.0,0.0,0.0,0.0,0.0,0.0,0.0,0.0,0.002943430718273008,0.0,0.0,0.0,0.025,0.03,7991.930764003496,6997.459210522858,0.4193319649188281,0.5806680350811718,0.0,0.0,0.0,-70,-70,0.0,0.0
2017-02-15,2017-02-01,0.0,0.0,0.0,0.0,7991.930764003496,6997.459210522858,-3.918739690429793,-3.7870079803650936,0.0,0.0,0.0,0.0,0.0,0.0,0.0,0.0,0.0,0.0,0.0,0.0,0.0,0.0,0.0,0.0020604015027911055,0.0,0.0,0.0,0.008,0.03,7991.930764003496,6997.459210522858,0.4193319649188281,0.5806680350811718,0.9683599772417815,0.0,0.0,50,50,0.0,0.0
2017-02-28,2017-02-01,0.0,0.0,0.0,0.0,7991.930764003496,6997.459210522858,53.2143251245735,51.55782784208726,0.0,0.0,0.0,0.0,0.0,0.30156283491246366,0.07407537015968578,0.07407537015968578,0.0,0.0,0.0,0.38992305768282026,0.02190780296906014,0.02190780296906014,0.007355599283223418,0.0014422810519537739,0.0,0.0,0.0,0.008,0.03,7991.930764003496,6997.459210522858,0.4193319649188281,0.5806680350811718,0.9683599772417815,0.9683599772417815,0.27664097830617745,0,0,55.95744290787435,54.20873342834283
2017-03-15,2017-03-01,0.9223861651072097,0.9601514270923435,-85.0,-85.0,7906.930764003496,6912.459210522858,30.097734745601443,32.562776877584376,-0.15107853480698438,-0.00013311538625031155,-0.00013311538625031155,0.0,0.00013311538625031155,0.11095077616090074,0.027253755642696678,0.027253755642696678,0.10650248918775439,0.05104516489672166,0.05104516489672166,0.003615425704270102,0.00020313247041382816,0.00020313247041382816,0.0,0.0010095967363676418,0.0,0.0,0.0,0.009,0.03,7991.930764003496,6997.459210522858,0.4193319649188281,0.5806680350811718,0.8309447147640195,0.0,0.011665026040990137,-85,-85,-92.1522928416,-88.5277026118767
2017-03-29,2017-03-01,0.8991995277690755,0.8952843904713459,-230.0,-220.0,7676.930764003496,6692.459210522858,-4.714638156579156,-2.9380295580572806,-1.0702395220595835,-0.0009429886750048365,-0.0009429886750048365,0.0,0.0009429886750048365,0.0,0.0,0.0,0.5485689843758593,0.2629215005043516,0.2629215005043516,0.08574554188060737,0.004817607986967749,0.004817607986967749,0.0,0.0007067177154573492,0.0,0.0,0.0,0.009,0.03,7906.930764003496,6912.459210522858,0.4193319649188281,0.5806680350811718,0.8309447147640195,0.8309447147640195,0.0658366198268171,-230,-220,-255.78305247850017,-245.73197337236635
2017-04-13,2017-04-01,0.9578220945224707,0.9459582793338779,200.0,190.0,7876.930764003496,6882.459210522858,5.506797044915089,8.797903394495705,0.8543353147855484,0.000752755350455664,0.000752755350455664,0.000752755350455664,0.0,0.006610745315627352,0.0016238519790698048,0.0016238519790698048,1.4060684277529756,0.6739090822956768,0.6739090822956768,0.013153114122478899,0.0007390069064836585,0.0007390069064836585,0.0013680139873677123,0.031180987065309845,0.0,0.0,0.0,0.012,0.03,7676.930764003496,6692.459210522858,0.4183024827089913,0.5816975172910087,0.3180037734293269,0.0,0.38002793366277154,200,190,208.8070437545205,200.8545240851358
2017-04-26,2017-04-01,0.0,0.0,0.0,0.0,7876.930764003496,6882.459210522858,3.8547579314405622,6.158532376146994,0.0,0.0,0.0,0.0,0.0,0.0032392652046574016,0.0007956874697442041,0.0007956874697442041,0.23364532005583247,0.11198295908907804,0.11198295908907804,0.0,0.0,0.0,0.0,0.05251297561020659,0.05282731185857874,0.0003110515166178488,0.0003110515166178488,0.012,0.03,7876.930764003496,6882.459210522858,0.4183024827089913,0.5816975172910087,0.3180037734293269,0.3180037734293269,0.10128594509139921,0,0,0.0,0.0
2017-05-12,2017-05-01,0.9957771332501242,0.9748364982555255,-250.0,-235.0,7626.930764003496,6647.459210522858,1.6381368076278875,-1.755093718632537,-1.246960356502018,-0.001098697506609116,-0.001098697506609116,0.0,0.001098697506609116,0.00011319571393700823,2.7805198252655214e-05,2.7805198252655214e-05,0.8571133314609406,0.4108025237088326,0.4108025237088326,0.002888064158772393,0.00016226570679966662,0.00016226570679966662,0.0,0.03675908292714461,0.0006020271792153449,3.544785084681319e-06,3.544785084681319e-06,0.015,0.03,7876.930764003496,6882.459210522858,0.4236417592451681,0.5763582407548319,0.22716170100246572,0.0,-0.06437395633152543,-250,-235,-251.0601937443805,-241.06606638193543
2017-05-26,2017-05-01,1.0,1.0,122.80680806009806,118.09981847380574,7749.737572063594,6765.559028996663,1.1466957653395156,-1.2285656030427816,0.33112618660641174,0.00029175547859276366,0.00029175547859276366,0.00029175547859276366,0.0,5.5465899829133506e-05,1.3624547143800926e-05,1.3624547143800926e-05,0.9321144349296794,0.44674951164494225,0.44674951164494225,0.0,0.0,0.0,0.0,0.025731358049001226,0.0,0.0,0.0,0.015,0.03,7626.930764003496,6647.459210522858,0.4236417592451681,0.5763582407548319,0.22716170100246572,0.22716170100246572,0.24840963140639755,140,135,122.80680806009806,118.09981847380574
2017-06-10,2017-06-01,1.0,1.0,-152.71745819332847,-146.5971826938568,7597.020113870265,6618.961846302806,0.8026870357376481,-0.85999592212994,-0.49402023727094485,-0.0004352815228437879,-0.0004352815228437879,0.0,0.0004352815228437879,2.70499117903595e-05,6.644493275304841e-06,6.644493275304841e-06,0.6389185845641855,0.30622480989307016,0.30622480989307016,0.0,0.0,0.0,0.0,0.019382711704686358,0.0,0.0,0.0,0.015,0.03,7749.737572063594,6765.559028996663,0.4216406489133761,0.5783593510866238,0.22716170100246572,0.0,0.024154232867505163,-180,-175,-152.71745819332847,-146.5971826938568
2017-06-24,2017-06-01,1.0,1.0,-212.4536631141341,-204.0489155874226,7384.5664507561305,6414.9129307153835,0.5618809250163395,-0.6019971454909694,-0.9980700600610685,-0.0008794001194123224,-0.0008794001194123224,0.0,0.0008794001194123224,1.3254456777275487e-05,3.255801704899208e-06,3.255801704899208e-06,0.388526603909245,0.18621540880934634,0.18621540880934634,0.0,0.0,0.0,0.0,0.01493865926366595,0.0,0.0,0.0,0.015,0.03,7597.020113870265,6618.961846302806,0.4216406489133761,0.5783593510866238,0.22716170100246572,0.22716170100246572,-0.06372808344876338,-250,-240,-212.4536631141341,-204.0489155874226
2017-07-07,2017-07-01,0.0,0.0,0.0,0.0,7384.5664507561305,6414.9129307153835,0.3933166475114376,-0.42139800184367854,0.0,0.0,0.0,0.0,0.0,6.431031515957522e-06,1.5797073939546975e-06,1.5797073939546975e-06,0.2669939887651805,0.1279665131481182,0.1279665131481182,0.0,0.0,0.0,0.0,0.024757863997723263,0.0,0.0,0.0,0.0139999999999999,0.03,7384.5664507561305,6414.9129307153835,0.4175082846772921,0.5824917153227079,0.2619774184416891,0.0,0.04450006996611606,0,0,0.0,0.0
2017-07-22,2017-07-01,1.0,1.0,58.87712254304824,56.77520735347152,7443.443573299179,6471.688138068855,0.27532165325800406,-0.2949786012905733,0.08190647469253748,7.216784322821249e-05,7.216784322821249e-05,7.216784322821249e-05,0.0,3.1512054428191343e-06,7.740566230377891e-07,7.740566230377891e-07,0.04894975265026735,0.02346093706112109,0.02346093706112109,0.0,0.0,0.0,0.0,0.031631307311563384,0.0,0.0,0.0,0.0139999999999999,0.03,7384.5664507561305,6414.9129307153835,0.4175082846772921,0.5824917153227079,0.2619774184416891,0.2619774184416891,0.06547279949832277,75,75,58.87712254304824,56.77520735347152
2017-08-05,2017-08-01,1.0,1.0,155.64164170591567,149.67490845980117,7599.085215005094,6621.363046528656,0.19272515728059147,-0.2064850209034148,0.560522600152512,0.0004938767940571868,0.0004938767940571868,0.0004938767940571868,0.0,1.553011895769245e-06,3.8147914040831816e-07,3.8147914040831816e-07,0.25282769948095213,0.1211768073111654,0.1211768073111654,0.0,0.0,0.0,0.0,0.022141915118094366,0.0,0.0,0.0,0.018,0.03,7443.443573299179,6471.688138068855,0.419920505026888,0.580079494973112,0.025624066248854487,0.0,0.1355586421075599,175,165,155.64164170591567,149.67490845980117
2017-08-18,2017-08-01,0.0,0.0,0.0,0.0,7599.085215005094,6621.363046528656,0.13490761009641403,-0.14453951463239034,0.0,0.0,0.0,0.0,0.0,7.6097582892693e-07,1.8692477880007585e-07,1.8692477880007585e-07,0.1435069028484767,0.06878086677208453,0.06878086677208453,0.0,0.0,0.0,0.0,0.015499340582666055,0.0,0.0,0.0,0.018,0.03,7599.085215005094,6621.363046528656,0.419920505026888,0.580079494973112,0.025624066248854487,0.025624066248854487,0.02818862167886001,0,0,0.0,0.0
2017-09-01,2017-09-01,-0.0,-0.0,0.0,0.0,7599.085215005094,6621.363046528656,-89.23344957853851,-85.9071819702427,0.0,0.0,0.0,0.0,0.0,0.0,0.0,0.0,0.0,0.0,0.0,0.9839023255290118,0.05528049153231537,0.05528049153231537,0.0,0.010849538407866238,0.0,0.0,0.0,0.016,0.03,7599.085215005094,6621.363046528656,0.417678148350647,0.582321851649353,0.0418277826981394,0.0,0.1639837209215019,0,0,-89.327884905606,-85.80600431000003
2017-09-16,2017-09-01,0.8904291536568386,0.9265246383902286,95.0,95.0,7694.085215005094,6716.363046528656,-50.77328713014248,-52.60132664018489,0.21013412528019157,0.00018514930189639952,0.00018514930189639952,0.00018514930189639952,0.0,0.0,0.0,0.0,0.13305350157154516,0.06377069662505737,0.06377069662505737,0.011464248468127396,0.0006441180937609126,0.0006441180937609126,0.001299375053568035,0.007594676885506366,0.0,0.0,0.0,0.016,0.03,7599.085215005094,6621.363046528656,0.417678148350647,0.582321851649353,0.0418277826981394,0.0,0.059108645886644,95,95,106.69012757483448,102.533700738985
2017-09-30,2017-09-01,0.9438681699846488,0.9118694484074334,210.0,195.0,7904.085215005094,6911.363046528656,-23.052603227920088,-17.97452734521852,0.9102419250722287,0.0008020146977995135,0.0008020146977995135,0.0008020146977995135,0.0,0.0,0.0,0.0,0.4153293204777994,0.1990615788599827,0.1990615788599827,0.03564376621962455,0.0020026428086999,0.0020026428086999,0.0022051897758100483,0.005316273819854456,0.0,0.0,0.0,0.016,0.03,7694.085215005094,6716.363046528656,0.417678148350647,0.582321851649353,0.0418277826981394,0.0418277826981394,0.2338404657446319,210,195,222.48869776317963,213.8464013029109
2017-10-19,2017-10-01,0.0,0.0,0.0,0.0,7904.085215005094,6911.363046528656,-16.13682225954406,-12.582169141652962,0.0,0.0,0.0,0.0,0.0,0.0,0.0,0.0,0.2509296257489305,0.12026708691518129,0.12026708691518129,0.0,0.0,0.0,0.0,0.003721391673898119,0.0,0.0,0.0,0.019,0.03,7904.085215005094,6911.363046528656,0.4149379069850193,0.5850620930149806,0.0348383214519234,0.0348383214519234,0.0476279912001423,0,0,0.0,0.0
2017-11-03,2017-11-01,1.0,1.0,113.59826254769231,109.39169958985336,8017.683477552787,7020.7547461185095,-11.295775581680843,-8.807518399157075,0.26347736596353954,0.0002321500627687437,0.0002321500627687437,0.0002321500627687437,0.0,0.0,0.0,0.0,0.18192814333989019,0.08719563408295318,0.08719563408295318,0.0,0.0,0.0,0.0,0.002604974171728683,0.0,0.0,0.0,0.017,0.03,7904.085215005094,6911.363046528656,0.4178427787934186,0.5821572212065813,0.015163420081994032,0.0,0.07423425155057159,150,150,113.59826254769231,109.39169958985336
2017-11-17,2017-11-01,1.0,1.0,227.33789008907308,218.5419250624712,8245.02136764186,7239.29667118098,-7.907042907176589,-6.1652628794099655,1.0214720846722485,0.000900019657119227,0.000900019657119227,0.000900019657119227,0.0,0.0,0.0,0.0,0.49756759261758543,0.2384772412939037,0.2384772412939037,0.0,0.0,0.0,0.0,0.001823481920210078,0.0,0.0,0.0,0.017,0.03,8017.683477552787,7020.7547461185095,0.4178427787934186,0.5821572212065813,0.015163420081994032,0.0,0.25317327954830554,265,250,227.33789008907308,218.5419250624712
2017-11-30,2017-11-01,0.0,0.0,0.0,0.0,8245.02136764186,7239.29667118098,-5.534930035023612,-4.315684015586975,0.0,0.0,0.0,0.0,0.0,0.0,0.0,0.0,0.3060369937357424,0.14667928354423965,0.14667928354423965,0.0,0.0,0.0,0.0,0.0012764373441470544,0.0,0.0,0.0,0.017,0.03,8245.02136764186,7239.29667118098,0.4178427787934186,0.5821572212065813,0.015163420081994032,0.015163420081994032,0.05353340230295604,0,0,0.0,0.0
2017-12-14,2017-12-01,0.0,0.0,0.0,0.0,8245.02136764186,7239.29667118098,-3.874451024516528,-3.0209788109108824,0.0,0.0,0.0,0.0,0.0,0.0,0.0,0.0,0.0,0.0,0.0,0.0,0.0,0.0,0.0,0.000893506140902938,0.0,0.0,0.0,0.018,0.03,8245.02136764186,7239.29667118098,0.4114952718676123,0.5885047281323877,0.06715426911777199,0.0,0.0,0,0,0.0,0.0
2017-12-29,2017-12-01,0.0,0.0,0.0,0.0,8245.02136764186,7239.29667118098,-2.7121157171615695,-2.1146851676376177,0.0,0.0,0.0,0.0,0.0,0.0,0.0,0.0,0.0,0.0,0.0,0.0,0.0,0.0,0.0,0.0006254542986320566,0.0,0.0,0.0,0.018,0.03,8245.02136764186,7239.29667118098,0.4114952718676123,0.5885047281323877,0.06715426911777199,0.06715426911777199,0.011192378186295327,70,70,0.0,0.0
2018-01-13,2018-01-01,0.7983954185667145,0.8059971317211789,180.0,175.0,8425.02136764186,7414.29667118098,43.55371450674542,40.642081136337225,0.6103492367275867,0.0005377790729727112,0.0005377790729727112,0.0005377790729727112,0.0,0.19302536541019585,0.047414414966351376,0.047414414966351376,0.46175959942497274,0.2213149671435286,0.2213149671435286,0.2447599858024595,0.013751824720332494,0.013751824720332494,0.005517788333416752,0.00043781800904243957,0.0,0.0,0.0,0.015,0.03,8245.02136764186,7239.29667118098,0.4323183818982138,0.5676816181017862,0.13958273868568036,0.0,0.2516490312275357,180,175,225.4521955087585,217.12236075368355
2018-01-27,2018-01-01,0.0,0.0,0.0,0.0,8425.02136764186,7414.29667118098,30.487600154721793,28.449456795436056,0.0,0.0,0.0,0.0,0.0,0.09458242905099594,0.023233063333512168,0.023233063333512168,0.19435333756879386,0.09315085722492183,0.09315085722492183,0.0,0.0,0.0,0.0,0.0003064726063297077,0.0,0.0,0.0,0.015,0.03,8425.02136764186,7414.29667118098,0.4323183818982138,0.5676816181017862,0.13958273868568036,0.13958273868568036,0.071419750884245,65,60,0.0,0.0
2018-02-10,2018-02-01,0.0,0.0,0.0,0.0,8425.02136764186,7414.29667118098,21.341320108305254,19.914619756805237,0.0,0.0,0.0,0.0,0.0,0.046345390234988,0.01138420103342096,0.01138420103342096,0.0,0.0,0.0,0.0,0.0,0.0,0.0,0.00021453082443079538,0.0,0.0,0.0,0.0289999999999999,0.03,8425.02136764186,7414.29667118098,0.4323183818982138,0.5676816181017862,0.0,0.0,0.007724231705831331,-170,-160,0.0,0.0
2018-03-01,2018-03-01,1.0,1.0,-152.73941088260733,-146.21615845913513,8272.281956759254,7268.0805127218455,14.938924075813674,13.940233829763656,-0.4118349912540555,-0.00036286805403703756,-0.00036286805403703756,0.0,0.00036286805403703756,0.0227092412151441,0.005578258506376265,0.005578258506376265,0.32667391853863037,0.156570275177943,0.156570275177943,0.0,0.0,0.0,0.0,0.00015017157710155675,0.0,0.0,0.0,0.021,0.03,8425.02136764186,7414.29667118098,0.4323183818982138,0.5676816181017862,0.0017362205638001733,0.0,-0.010408638583380155,-190,-185,-152.73941088260733,-146.21615845913513
2018-03-14,2018-03-01,-0.0,-0.0,0.0,0.0,8272.281956759254,7268.0805127218455,-52.67698522955071,-50.809768020606754,0.0,0.0,0.0,0.0,0.0,0.0,0.0,0.0,0.1375037441699741,0.06590363613660954,0.06590363613660954,0.4908040398485164,0.027575794735807912,0.027575794735807912,0.0,0.00010512010397108972,0.0,0.0,0.0,0.021,0.03,8272.281956759254,7268.0805127218455,0.4323183818982138,0.5676816181017862,0.0017362205638001733,0.0,0.10471796400308171,0,0,-63.13423208262028,-60.56793170144131
2018-03-29,2018-03-01,1.0,1.0,109.57634570964316,105.41691464123436,8381.858302468898,7373.49742736308,-36.87388966068549,-35.56683761442473,0.22162949472140142,0.00019527787870058717,0.00019527787870058717,0.00019527787870058717,0.0,0.0,0.0,0.0,0.1690766935627035,0.08103611257278495,0.08103611257278495,0.0,0.0,0.0,0.0,7.35840727797628e-05,0.0,0.0,0.0,0.021,0.03,8272.281956759254,7268.0805127218455,0.4323183818982138,0.5676816181017862,0.0017362205638001733,0.0017362205638001733,0.06540706814131748,170,165,109.57634570964316,105.41691464123436
2018-04-13,2018-04-01,0.0,0.0,0.0,0.0,8381.858302468898,7373.49742736308,-25.811722762479842,-24.896786330097306,0.0,0.0,0.0,0.0,0.0,0.0,0.0,0.0,0.07116790086003515,0.03410978712760197,0.03410978712760197,0.0,0.0,0.0,0.0,5.1508850945833954e-05,0.0,0.0,0.0,0.018,0.03,8381.858302468898,7373.49742736308,0.4364403558123622,0.5635596441876378,0.011729970626369554,0.0,0.011861316810005853,55,50,0.0,0.0
2018-04-27,2018-04-01,0.8112337082523385,0.8108285509903648,255.0,245.0,8636.858302468898,7618.49742736308,41.26784470862833,39.7323051081101,1.1646116803743491,0.001026140039435231,0.001026140039435231,0.001026140039435231,0.0,0.17967496063560767,0.04413504476230644,0.04413504476230644,0.9142928714999646,0.4382078836423944,0.4382078836423944,0.43556185958083876,0.024472016241461884,0.024472016241461884,0.007155437930985863,3.6056195662083766e-05,0.0,0.0,0.0,0.018,0.03,8381.858302468898,7373.49742736308,0.4364403558123622,0.5635596441876378,0.011729970626369554,0.011729970626369554,0.4509785571195215,255,245,314.3360506423642,302.1600555391782
2018-05-01,2018-05-01,0.0,0.0,0.0,0.0,8636.858302468898,7618.49742736308,28.88749129603983,27.812613575677066,0.0,0.0,0.0,0.0,0.0,0.08809154759506088,0.02163865450441823,0.02163865450441823,0.3848353255655872,0.18444623033127774,0.18444623033127774,0.0,0.0,0.0,0.0,2.5239336963458635e-05,0.0,0.0,0.0,0.018,0.03,8636.858302468898,7618.49742736308,0.4306552877927742,0.5693447122072258,0.004009436196178928,0.0,0.07882114552677465,-75,-65,0.0,0.0
2018-05-12,2018-05-01,1.0,1.0,106.90771206021807,102.92782260783008,8743.766014529116,7721.42524997091,20.221243907227887,19.468829502973946,0.19283198392935316,0.00016990437493297054,0.00016990437493297054,0.00016990437493297054,0.0,0.043164858321579846,0.010602940707164936,0.010602940707164936,0.16108193896453146,0.07720433765480081,0.07720433765480081,0.0,0.0,0.0,0.0,1.766753587442104e-05,0.0,0.0,0.0,0.018,0.03,8636.858302468898,7618.49742736308,0.4306552877927742,0.5693447122072258,0.004009436196178928,0.0,0.06617979686924405,170,165,106.90771206021807,102.92782260783008
2018-05-26,2018-05-01,1.0,1.0,231.78388142181336,222.6972280314224,8975.54989595093,7944.122478002332,14.154870735059518,13.628180652081767,0.8809654883360652,0.0007762192120996678,0.0007762192120996678,0.0007762192120996678,0.0,0.021150780577574125,0.0051954409465108185,0.0051954409465108185,0.5295529293705217,0.25380736926821335,0.25380736926821335,0.0,0.0,0.0,0.0,1.2367275112094728e-05,0.0,0.0,0.0,0.018,0.03,8743.766014529116,7721.42524997091,0.4306552877927742,0.5693447122072258,0.004009436196178928,0.004009436196178928,0.2392797724133899,260,250,231.78388142181336,222.6972280314224
2018-06-09,2018-06-01,0.6281701406209632,0.6283087408941036,-130.0,-125.0,8845.54989595093,7819.122478002332,-67.04189199372723,-64.40705219589921,-0.26232360385722475,-0.00023113348229542046,-0.00023113348229542046,0.0,0.00023113348229542046,0.0,0.0,0.0,0.9126312608861432,0.4374114967370411,0.4374114967370411,0.7305188532268941,0.041044156754374186,0.041044156754374186,0.0,8.65709257846631e-06,0.0,0.0,0.0,0.019,0.03,8975.54989595093,7944.122478002332,0.4352031684374881,0.5647968315625119,0.0348383214519234,0.0,0.230137751709302,-130,-125,-206.9503015082689,-198.94677865235644
2018-06-26,2018-06-01,0.0,0.0,0.0,0.0,8845.54989595093,7819.122478002332,17.77756882881235,17.23646129501956,0.0,0.0,0.0,0.0,0.0,0.03362483305115983,0.008259545495867592,0.008259545495867592,0.10011039162185721,0.04798152125068497,0.04798152125068497,0.5178640342208061,0.029096158852192706,0.029096158852192706,0.007606934106666089,6.059964804926416e-06,0.0,0.0,0.0,0.019,0.03,8845.54989595093,7819.122478002332,0.4352031684374881,0.5647968315625119,0.0348383214519234,0.0348383214519234,0.11440626339095772,-55,-55,64.7068932244214,62.321397832149
2018-07-10,2018-07-01,0.8628346312418812,0.8630725350550922,270.0,260.0,9115.54989595093,8079.122478002332,55.366369482972004,53.314826342410356,1.1657868386643682,0.001027175472098653,0.001027175472098653,0.001027175472098653,0.0,0.3229938779204939,0.07933965428206048,0.07933965428206048,1.027571708247182,0.49250085787398046,0.49250085787398046,0.22731344218743307,0.012771591742368868,0.012771591742368868,0.004890564443339649,4.241975363448491e-06,0.0,0.0,0.0,0.021,0.03,8845.54989595093,7819.122478002332,0.4512468212699738,0.5487531787300262,0.0002950747360467235,0.0,0.457277644503246,270,260,312.9220713028034,301.24930343589665
2018-07-24,2018-07-01,1.0,0.0,-50.89953115867601,0.0,9064.650364792253,8079.122478002332,38.7564586380804,37.320378439687246,-0.015967998459910596,-1.4069412874244481e-05,-1.4069412874244481e-05,0.0,1.4069412874244481e-05,0.158267000181042,0.03887643059820964,0.03887643059820964,0.5227129064702153,0.2505290412262464,0.2505290412262464,0.0,0.0,0.0,0.0,2.9693827544139435e-06,0.0,0.0,0.0,0.021,0.03,9115.54989595093,8079.122478002332,0.4512468212699738,0.5487531787300262,0.0002950747360467235,0.0002950747360467235,0.11088449715456554,-125,-120,-50.89953115867601,0.0
2018-08-07,2018-08-01,0.0,0.0,0.0,0.0,9064.650364792253,8079.122478002332,27.12952104665628,26.124264907781072,0.0,0.0,0.0,0.0,0.0,0.07763243661884733,0.019069496679220223,0.019069496679220223,0.006785252372031464,0.0032520772879366796,0.0032520772879366796,0.0,0.0,0.0,0.0,0.00039776148518728976,0.0,0.0,0.0,0.023,0.03,9064.650364792253,8079.122478002332,0.4407490003075976,0.5592509996924023,0.0,0.0,0.014069614831813126,70,70,0.0,0.0
2018-08-21,2018-08-01,0.3846709319228089,0.28780222662634847,-50.0,-50.00000000000001,9014.650364792253,8029.122478002332,-60.99056298858001,-105.44342862738341,-0.03953006207539102,-3.482996104236246e-05,-3.482996104236246e-05,0.0,3.482996104236246e-05,0.0,0.0,0.0,0.03678922234389618,0.01763256366389471,0.01763256366389471,1.4906338479799897,0.08375117089669967,0.08375117089669967,0.0,0.0006741159568903028,0.0,0.0,0.0,0.023,0.03,9064.650364792253,8079.122478002332,0.4407490003075976,0.5592509996924023,0.0,0.0,0.2479821680414157,-50,-50,-129.9812277212394,-173.73041406283016
2018-09-04,2018-09-01,1.0,1.0,145.46604994106687,139.8273690336327,9160.11641473332,8168.949847035965,-42.693394092006,-73.81040003916839,0.3224778438928714,0.00028413541871987185,0.00028413541871987185,0.00028413541871987185,0.0,0.0,0.0,0.0,0.401223516306284,0.19230086269806734,0.19230086269806734,0.0,0.0,0.0,0.0,0.0004718811698232119,0.0,0.0,0.0,0.025,0.03,9014.650364792253,8029.122478002332,0.4464122486288848,0.5535877513711152,0.0,0.0,0.12061689336652584,180,170,145.46604994106687,139.8273690336327
2018-09-18,2018-09-01,1.0,1.0,88.24098253341916,84.70441594940971,9248.35739726674,8253.654262985374,-29.885375864404196,-51.66728002741787,0.11456876690454541,0.00010094660818762073,0.00010094660818762073,0.00010094660818762073,0.0,0.0,0.0,0.0,0.08276990155126801,0.0396704650322453,0.0396704650322453,0.0,0.0,0.0,0.0,0.0003303168188762483,0.0,0.0,0.0,0.025,0.03,9160.11641473332,8168.949847035965,0.4464122486288848,0.5535877513711152,0.0,0.0,0.03288977807596889,145,145,88.24098253341916,84.70441594940971
2018-10-01,2018-10-01,1.0,1.0,193.0455202718105,185.59017459236384,9441.402917538551,8439.244437577738,-20.91976310508292,-36.16709601919251,0.5378402457580072,0.0004738913582032553,0.0004738913582032553,0.0004738913582032553,0.0,0.0,0.0,0.0,0.36875805059494554,0.17674061557780868,0.17674061557780868,0.0,0.0,0.0,0.0,0.0002312217732133738,0.0,0.0,0.0,0.025,0.03,9248.35739726674,8253.654262985374,0.4537403015663885,0.5462596984336114,0.0,0.0,0.15109971605882538,240,230,193.0455202718105,185.59017459236384
2018-10-20,2018-10-01,1.0,1.0,128.22853400711935,123.20417918748176,9569.63145154567,8562.44861676522,-14.643834173558048,-25.31696721343475,0.22712492015649344,0.00020011990129722307,0.00020011990129722307,0.00020011990129722307,0.0,0.0,0.0,0.0,0.15878611054298794,0.07610397895665177,0.07610397895665177,0.0,0.0,0.0,0.0,0.00016185524124936163,0.0,0.0,0.0,0.025,0.03,9441.402917538551,8439.244437577738,0.4537403015663885,0.5462596984336114,0.0,0.0,0.06431850511658022,165,160,128.22853400711935,123.20417918748176
2018-11-03,2018-11-01,1.0,1.0,-364.28813323575343,-349.9996286537153,9205.343318309917,8212.448988111504,-10.250683921490634,-17.721877049404327,-1.7830590565921993,-0.0015710543878958367,-0.0015710543878958367,0.0,0.0015710543878958367,0.0,0.0,0.0,2.516230781208587,1.2059944901247173,1.2059944901247173,0.0,0.0,0.0,0.0,0.006408841240921954,0.0,0.0,0.0,0.022,0.03,9569.63145154567,8562.44861676522,0.4500618371247611,0.5499381628752389,0.0,0.0,0.12219528743606456,-375,-365,-364.28813323575343,-349.9996286537153
2018-11-17,2018-11-01,1.0,1.0,-439.9339464110721,-422.64354337674615,8765.409371898844,7789.805444734758,-7.175478745043449,-12.405313934583035,-2.8197237721489494,-0.0024844602810606582,-0.0024844602810606582,0.0,0.0024844602810606582,0.0,0.0,0.0,1.6094209595740319,0.7713731284239542,0.7713731284239542,0.0,0.0,0.0,0.0,0.010781731440692766,0.0,0.0,0.0,0.022,0.03,9205.343318309917,8212.448988111504,0.4500618371247611,0.5499381628752389,0.0,0.0,-0.20171713542915282,-510,-490,-439.9339464110721,-422.64354337674615
2018-12-01,2018-12-01,1.0,1.0,-451.2771960804037,-433.4257894419086,8314.13217581844,7356.379655292849,-5.02283512153042,-8.683719754208141,-2.898007981610136,-0.002896891339240119,-0.0025534365442541,0.0,0.002896891339240119,0.0,0.0,0.0,1.6581574725072497,0.7947318626482933,0.7947318626482933,0.0,0.0,0.0,0.0,0.007547212008484936,0.0,0.0,0.0,0.019,0.03,8765.409371898844,7789.805444734758,0.4468037130294261,0.5531962869705739,0.0348383214519234,0.0,-0.2066417515171477,-540,-520,-451.2771960804037,-433.4257894419086
2018-12-15,2018-12-01,0.800814514707156,0.8006617657475483,-125.0,-120.0,8189.13217581844,7236.379655292849,-34.607061487829895,-35.95462530620429,-0.28169046730607744,-0.0002481976371189016,-0.0002481976371189016,0.0,0.0002481976371189016,0.0,0.0,0.0,0.7570858467595165,0.36286073859442824,0.36286073859442824,0.11925455884438756,0.006700310040270134,0.006700310040270134,0.0,0.005283048405939455,0.0,0.0,0.0,0.019,0.03,8314.13217581844,7356.379655292849,0.4468037130294261,0.5531962869705739,0.0348383214519234,0.0,0.09910832304963774,-125,-120,-156.0910769027586,-149.8760214782586
2018-12-29,2018-12-01,1.0,1.0,-278.58280726516523,-267.6115306769986,7910.549368553275,6968.76812461585,-24.224943041480913,-25.16823771434298,-1.445504976939496,-0.0012736352889434637,-0.0012736352889434637,0.0,0.0012736352889434637,0.0,0.0,0.0,0.7714077704539603,0.36972503784411376,0.36972503784411376,0.0,0.0,0.0,0.0,0.0036981338841576184,0.0,0.0,0.0,0.019,0.03,8189.13217581844,7236.379655292849,0.4468037130294261,0.5531962869705739,0.0348383214519234,0.0348383214519234,-0.10654314750560204,-370,-355,-278.58280726516523,-267.6115306769986
2019-01-15,2019-01-01,0.0,0.0,-0.0,-0.0,7910.549368553275,6968.76812461585,-70.05195979239885,-68.4735670607579,0.0,0.0,0.0,0.0,0.0,0.0,0.0,0.0,0.4593466028267476,0.2201584513644984,0.2201584513644984,0.34662221974034374,0.019474948057436447,0.019474948057436447,0.0,0.0025886937189103327,0.0,0.0,0.0,0.017,0.03,7910.549368553275,6968.76812461585,0.4686468646864686,0.5313531353135313,0.027239686434383965,0.0,0.13432813709451516,105,105,-53.09449966336221,-50.85580066071782
2019-01-29,2019-01-01,0.9461067392490498,0.9241140370913812,245.0,230.0,8155.549368553275,7198.76812461585,-35.08038957887061,-29.04446485727243,1.1671016431712906,0.0010283339471262687,0.0010283339471262687,0.0010283339471262687,0.0,0.0,0.0,0.0,0.8236728789822306,0.39477497896302394,0.39477497896302394,0.036567687729630476,0.0020545532818080363,0.0020545532818080363,0.0021629280283155914,0.0018120856032372327,0.0,0.0,0.0,0.017,0.03,7910.549368553275,6968.76812461585,0.4686468646864686,0.5313531353135313,0.027239686434383965,0.027239686434383965,0.3424303160529225,245,230,258.9559822758086,248.8870320852581
2019-02-15,2019-02-01,0.42043568181304336,0.43722565272725167,50.0,50.0,8205.549368553275,7248.76812461585,44.36798173576754,44.02630008059306,0.049084410588058965,4.324830315998198e-05,4.324830315998198e-05,4.324830315998198e-05,0.0,0.2141838288710087,0.052611743122935574,0.052611743122935574,0.23718404675455831,0.11367902168102788,0.11367902168102788,0.5687722453490393,0.031956433557495896,0.031956433557495896,0.008565247579995204,0.0012684599222660628,0.0,0.0,0.0,0.015,0.03,8155.549368553275,7198.76812461585,0.4686468646864686,0.5313531353135313,0.20266112976999026,0.20266112976999026,0.21198094355544247,50,50,118.92425444097697,114.35742548068376
2019-03-01,2019-03-01,1.0,1.0,154.84262562810693,148.79339819218742,8360.391994181382,7397.561522808038,31.057587215037273,30.818410056415132,0.4434979259070471,0.0003907662844609436,0.0003907662844609436,0.0003907662844609436,0.0,0.1049500761467942,0.025779754130238416,0.025779754130238416,0.2589732841786113,0.12412230076086078,0.12412230076086078,0.0,0.0,0.0,0.0,0.0008879219455862439,0.0,0.0,0.0,0.023,0.03,8205.549368553275,7248.76812461585,0.4686468646864686,0.5313531353135313,0.0,0.0,0.1345702143720754,270,260,154.84262562810693,148.79339819218742
2019-03-14,2019-03-01,0.0,0.0,0.0,0.0,8360.391994181382,7397.561522808038,21.74031105052609,21.572887039490592,0.0,0.0,0.0,0.0,0.0,0.051425537311929156,0.012632079523816822,0.012632079523816822,0.14195935041193627,0.06803914636806405,0.06803914636806405,0.0,0.0,0.0,0.0,0.0006215453619103707,0.0,0.0,0.0,0.023,0.03,8360.391994181382,7397.561522808038,0.4686468646864686,0.5313531353135313,0.0,0.0,0.03223081462064423,0,0,0.0,0.0
2019-03-29,2019-03-01,0.5073572232278996,0.526703745560846,80.0,80.0,8440.391994181382,7477.561522808038,92.89804634020282,86.98906173664545,0.1192298492794964,0.00010505349062117631,0.00010505349062117631,0.00010505349062117631,0.0,0.8802630515702957,0.2162262846543802,0.2162262846543802,0.093970825683318,0.04503891250870015,0.04503891250870015,0.7158538680078189,0.040220205463488944,0.040220205463488944,0.009321341510429598,0.00043508175333725947,0.0,0.0,0.0,0.023,0.03,8360.391994181382,7397.561522808038,0.4686468646864686,0.5313531353135313,0.0,0.0,0.301552932423488,80,80,157.67982860483457,151.88804080900204
2019-04-01,2019-04-01,0.0,0.0,0.0,0.0,8440.391994181382,7477.561522808038,65.02863243814197,60.89234321565181,0.0,0.0,0.0,0.0,0.0,0.43135641575586275,0.10595763956505448,0.10595763956505448,0.03956256649995768,0.018961789026054564,0.018961789026054564,0.0,0.0,0.0,0.0,0.0003045572273360816,0.0,0.0,0.0,0.025,0.03,8440.391994181382,7477.561522808038,0.4672233652023074,0.5327766347976925,0.0,0.0,0.07848649704263672,-225,-200,0.0,0.0
2019-04-13,2019-04-01,0.8545899810341353,0.8590157992019231,155.0,150.0,8595.391994181382,7627.561522808038,71.89357087799297,67.24308165722488,0.42215116590138885,0.00037195764161187,0.00037195764161187,0.00037195764161187,0.0,0.5265782608651429,0.12934776794677524,0.12934776794677524,0.3404211957598532,0.16315915434865585,0.16315915434865585,0.08324421483196222,0.004677071080870048,0.004677071080870048,0.0031385383392350725,0.0002131900591352571,0.0,0.0,0.0,0.025,0.03,8440.391994181382,7477.561522808038,0.4672233652023074,0.5327766347976925,0.0,0.0,0.22873247289305776,155,150,181.3735281712936,174.6184414062686
2019-04-27,2019-04-01,1.0,1.0,143.94608777164467,138.38561166936722,8739.338081953027,7765.947134477405,50.32549961459506,47.07015716005742,0.34775463231462955,0.0003064068119275732,0.0003064068119275732,0.0003064068119275732,0.0,0.25802334782391995,0.06338040629391986,0.06338040629391986,0.16958899967994984,0.08128165378437427,0.08128165378437427,0.0,0.0,0.0,0.0,0.00014923304139467997,0.0,0.0,0.0,0.025,0.03,8595.391994181382,7627.561522808038,0.4672233652023074,0.5327766347976925,0.0,0.0,0.12922782996974985,195,185,143.94608777164467,138.38561166936722
2019-05-14,2019-05-01,0.0,0.0,0.0,0.0,8739.338081953027,7765.947134477405,35.22784973021654,32.949110012040194,0.0,0.0,0.0,0.0,0.0,0.12641729357859413,0.031052924075137732,0.031052924075137732,0.12274264815930593,0.05882884769112472,0.05882884769112472,0.0,0.0,0.0,0.0,0.00010446312897627598,0.0,0.0,0.0,0.027,0.03,8739.338081953027,7765.947134477405,0.4698548043277158,0.5301451956722841,0.0,0.0,0.04152665695631666,-75,-75,0.0,0.0
2019-05-28,2019-05-01,0.0,0.0,0.0,0.0,8739.338081953027,7765.947134477405,24.65949481115158,23.064377008428135,0.0,0.0,0.0,0.0,0.0,0.061944473853511116,0.015215932796817488,0.015215932796817488,0.0,0.0,0.0,0.0,0.0,0.0,0.0,7.312419028339318e-05,0.0,0.0,0.0,0.027,0.03,8739.338081953027,7765.947134477405,0.4698548043277158,0.5301451956722841,0.0,0.0,0.010324078975585183,50,50,0.0,0.0
2019-06-12,2019-06-01,1.0,1.0,-463.0776513193639,-444.9145147410939,8276.260430633663,7321.032619736311,17.261646367806122,16.14506390589969,-2.898007981610136,-0.003062923282621247,-0.0025534365442541,0.0,0.003062923282621247,0.03036278360191508,0.007458261343919141,0.007458261343919141,2.548689498120229,1.4451139341038657,1.2215515026389496,0.0,0.0,0.0,0.0,5.1186933198375224e-05,0.0,0.0,0.0,0.027,0.03,8739.338081953027,7765.947134477405,0.4621143188022169,0.5378856811977831,0.0,0.0,-0.05315928331466535,-465,-445,-463.0776513193639,-444.9145147410939
2019-06-26,2019-06-01,1.0,1.0,-89.09653983440987,-85.42954762351957,8187.163890799254,7235.603072112792,12.08315245746428,11.301544734129777,-0.14390816053257557,-0.00012679756524207458,-0.00012679756524207458,0.0,0.00012679756524207458,0.014877763964938376,0.0036545480585203757,0.0036545480585203757,0.8928284038899721,0.4279202622268905,0.4279202622268905,0.0,0.0,0.0,0.0,3.5830853238862655e-05,0.0,0.0,0.0,0.027,0.03,8276.260430633663,7321.032619736311,0.4621143188022169,0.5378856811977831,0.0,0.0,0.12729966788705577,-120,-115,-89.09653983440987,-85.42954762351957
2019-07-10,2019-07-01,0.8400077461270367,0.8145681534235757,150.0,140.0,8337.163890799253,7375.603072112792,37.02798859615916,39.781291819407556,0.40482967311751267,0.0003566956640893618,0.0003566956640893618,0.0003566956640893618,0.0,0.16446252856002014,0.0403982894112854,0.0403982894112854,0.5091717248740325,0.24403894082816976,0.24403894082816976,0.11968824937103713,0.006724676915786163,0.006724676915786163,0.0038702106614728476,2.5081597267203857e-05,0.0,0.0,0.0,0.0279999999999999,0.03,8187.163890799254,7235.603072112792,0.4567960581660858,0.5432039418339142,0.0,0.0,0.19969202932043364,150,140,178.56978187593415,171.87021050551672
2019-07-23,2019-07-01,0.0,0.0,0.0,0.0,8337.163890799253,7375.603072112792,25.919592017311412,27.846904273585288,0.0,0.0,0.0,0.0,0.0,0.08058663899440986,0.019795161811529842,0.019795161811529842,0.12912389546370787,0.061887290957419856,0.061887290957419856,0.0,0.0,0.0,0.0,1.75571180870427e-05,0.0,0.0,0.0,0.0279999999999999,0.03,8337.163890799253,7375.603072112792,0.4567960581660858,0.5432039418339142,0.0,0.0,0.034951755743019605,0,0,0.0,0.0
2019-08-07,2019-08-01,0.0,0.0,0.0,0.0,8337.163890799253,7375.603072112792,18.143714412117987,19.4928329915097,0.0,0.0,0.0,0.0,0.0,0.03945105954932585,0.009690689637389855,0.009690689637389855,0.0,0.0,0.0,0.0,0.0,0.0,0.0,1.2289982660929888e-05,0.0,0.0,0.0,0.0279999999999999,0.03,8337.163890799253,7375.603072112792,0.4597425441752618,0.5402574558247382,0.0,0.0,0.006575176591554306,-80,-70,0.0,0.0
2019-08-21,2019-08-01,0.9467848169256312,0.9642504696795864,-210.0,-205.0,8127.163890799253,7170.603072112792,0.8972966917243355,6.04461996628973,-0.8047312497278661,-0.0007090491794355722,-0.0007090491794355722,0.0,0.0007090491794355722,0.0023813560323232745,0.0005849521530978836,0.0005849521530978836,0.6309018865673908,0.3023825178086833,0.3023825178086833,0.012080104938523177,0.000678719951601355,0.000678719951601355,0.0,8.602987862650922e-06,0.0,0.0,0.0,0.0279999999999999,0.03,8337.163890799253,7375.603072112792,0.4597425441752618,0.5402574558247382,0.0,0.0,-0.026561317031604827,-210,-205,-221.80330339675825,-212.60036312776705
2019-09-04,2019-09-01,0.9893359383028827,0.93938837003143,115.0,105.0,8242.163890799253,7275.603072112792,1.867693802216877,11.00609020172196,0.23605637432496415,0.00020798941084026882,0.00020798941084026882,0.00020798941084026882,0.0,0.00802652618897307,0.0019716219298614194,0.0019716219298614194,0.7222597561879541,0.34616907674228475,0.34616907674228475,0.003435001742975382,0.00019299536126611178,0.00019299536126611178,0.0005528969091660779,6.022091503855645e-06,0.0,0.0,0.0,0.03,0.03,8127.163890799253,7170.603072112792,0.4530451568946591,0.5469548431053408,0.0,0.0,0.16162960974081106,115,105,116.23958611800984,111.77485622531916
2019-09-19,2019-09-01,1.0,1.0,124.15294760830255,119.35122453582883,8366.316838407556,7394.954296648621,1.3073856615518196,7.704263141205374,0.28371505627300436,0.00024998150365344873,0.00024998150365344873,0.00024998150365344873,0.0,0.003932997832596807,0.0009660947456320961,0.0009660947456320961,0.12651384676818442,0.06063633084308304,0.06063633084308304,0.0,0.0,0.0,0.0,4.2154640526989514e-06,0.0,0.0,0.0,0.03,0.03,8242.163890799253,7275.603072112792,0.4530451568946591,0.5469548431053408,0.0,0.0,0.06902698347896424,125,125,124.15294760830255,119.35122453582883
2019-10-08,2019-10-01,-0.0,-0.0,0.0,0.0,8366.316838407556,7394.954296648621,-128.2417680692278,-118.71331329293248,0.0,0.0,0.0,0.0,0.0,0.0,0.0,0.0,0.09129765194549139,0.04375769743771349,0.04375769743771349,2.058001558771117,0.11562869076660595,0.11562869076660595,0.0,2.9508248368892657e-06,0.0,0.0,0.0,0.038,0.03,8366.316838407556,7394.954296648621,0.4591541029309269,0.540845897069073,0.16945538967764592,0.0,0.3582165351194346,0,0,-129.15693803231406,-124.10629749177625
2019-10-22,2019-10-01,1.0,1.0,-115.86771343951646,-111.21790016771084,8250.44912496804,7283.73639648091,-89.76923764845945,-83.09931930505272,-0.2387952652488888,-0.00021040264925101655,-0.00021040264925101655,0.0,0.00021040264925101655,0.0,0.0,0.0,0.18857356137475476,0.09038069071387662,0.09038069071387662,0.0,0.0,0.0,0.0,2.0655773858224857e-06,0.0,0.0,0.0,0.038,0.03,8366.316838407556,7394.954296648621,0.4591541029309269,0.540845897069073,0.16945538967764592,0.16945538967764592,0.019872280967251976,-150,-145,-115.86771343951646,-111.21790016771084
2019-11-05,2019-11-01,1.0,1.0,67.01728061237993,64.55333601140991,8317.466405580419,7348.28973249232,-62.83846635392161,-58.169523513536895,0.08270710292197754,7.28732772340491e-05,7.28732772340491e-05,7.28732772340491e-05,0.0,0.0,0.0,0.0,0.23471735782965325,0.11249677191502735,0.11249677191502735,0.0,0.0,0.0,0.0,1.4459041700757399e-06,0.0,0.0,0.0,0.045,0.03,8250.44912496804,7283.73639648091,0.4515060355660485,0.5484939644339515,1.0140475068344996,0.0,0.05290407679193845,105,105,67.01728061237993,64.55333601140991
2019-11-19,2019-11-01,0.5957728957146771,0.5752277046304256,70.0,65.0,8387.466405580419,7413.28973249232,3.507508937787833,7.280063394402532,0.0850034637869389,7.489660214847169e-05,7.489660214847169e-05,7.489660214847169e-05,0.0,0.004005742657416056,0.0009839636578515066,0.0009839636578515066,0.038471481778192505,0.018438847262312194,0.018438847262312194,0.2944609481725712,0.016544270228550647,0.016544270228550647,0.0060462723242579565,1.0121329190530178e-06,0.0,0.0,0.0,0.045,0.03,8317.466405580419,7348.28973249232,0.4515060355660485,0.5484939644339515,1.0140475068344996,1.0140475068344996,0.23933152387160295,70,65,117.49443538553297,112.99872985387836
2019-12-03,2019-12-01,0.6370998115237682,0.6023101971126522,55.0,50.0,8442.466405580419,7463.28973249232,33.78395861229596,38.1097476799432,0.05034522065253205,4.4359203652464494e-05,4.4359203652464494e-05,4.4359203652464494e-05,0.0,0.1457729375699792,0.035807410793493255,0.035807410793493255,0.024608486216581092,0.011794505897130853,0.011794505897130853,0.1344601985825868,0.007554637971997514,0.007554637971997514,0.004061436472106492,7.084930433371124e-07,0.0,0.0,0.0,0.045,0.03,8387.466405580419,7413.28973249232,0.4540996396329457,0.5459003603670542,1.1573658758340164,0.0,0.05919780717027982,55,50,86.32870235584448,83.01370330386142
2019-12-16,2019-12-01,0.0,0.0,0.0,0.0,8442.466405580419,7463.28973249232,23.64877102860717,26.676823375960236,0.0,0.0,0.0,0.0,0.0,0.07142873940928982,0.017545631288811696,0.017545631288811696,0.016885507175553423,0.008092989231654548,0.008092989231654548,0.0,0.0,0.0,0.0,4.959451303359786e-07,0.0,0.0,0.0,0.045,0.03,8442.466405580419,7463.28973249232,0.4540996396329457,0.5459003603670542,1.1573658758340164,0.0,0.014719041097473868,0,0,0.0,0.0
2019-12-31,2019-12-01,1.0,1.0,196.40804943409307,188.8995283777183,8638.874455014511,7652.189260870038,16.554139720025034,18.673776363172152,0.6758438793412829,0.0005954864412628968,0.0005954864412628968,0.0005954864412628968,0.0,0.035000082310551996,0.008597359331517729,0.008597359331517729,0.5430115119021642,0.26025788108106607,0.26025788108106607,0.0,0.0,0.0,0.0,3.47161591235185e-07,0.0,0.0,0.0,0.045,0.03,8442.466405580419,7463.28973249232,0.4540996396329457,0.5459003603670542,1.1573658758340164,1.1573658758340164,0.40187022489800245,235,230,196.40804943409307,188.8995283777183
2020-01-14,2020-01-01,0.0,0.0,0.0,0.0,8638.874455014511,7652.189260870038,11.587897804017523,13.071643454220506,0.0,0.0,0.0,0.0,0.0,0.017300491322963678,0.004249662592092843,0.004249662592092843,0.22857202018911796,0.1095513968763825,0.1095513968763825,0.0,0.0,0.0,0.0,0.07526713925469727,0.2770712406348351,0.0016314180407545928,0.0016314180407545928,0.054,0.035,8638.874455014511,7652.189260870038,0.432370472260431,0.567629527739569,1.397104975512715,1.397104975512715,0.32000812127660516,0,0,0.0,0.0
2020-02-05,2020-02-01,0.890327827222043,0.8938173897527566,-420.0,-405.0,8218.874455014511,7247.189260870038,-43.62482207950802,-38.96253752385121,-2.898007981610136,-0.0026119988060170733,-0.0025534365442541,0.0,0.0026119988060170733,0.0,0.0,0.0,2.4905791180165795,1.1937000039817425,1.1937000039817425,0.3183317131895347,0.01788544769012504,0.01788544769012504,0.0,0.12366156719341188,1.3387755620044361,0.007882819593152705,0.007882819593152705,0.052,0.035,8638.874455014511,7652.189260870038,0.432370472260431,0.567629527739569,1.075389050268844,0.0,0.20827973526673557,-420,-405,-471.7363505423203,-453.1126879418056
2020-02-19,2020-02-01,1.0,1.0,-288.10578340197225,-276.5565323083288,7930.768671612539,6970.632728561709,-30.537375455655592,-27.273776266695847,-1.5411305750486715,-0.0013578910599170346,-0.0013578910599170346,0.0,0.0013578910599170346,0.0,0.0,0.0,0.7797044119079451,0.3737015029421364,0.3737015029421364,0.0,0.0,0.0,0.0,0.15753766675051212,2.5552984125276432,0.015045805259894759,0.015045805259894759,0.052,0.035,8218.874455014511,7247.189260870038,0.432370472260431,0.567629527739569,1.075389050268844,1.075389050268844,0.4782102166092933,-415,-400,-288.10578340197225,-276.5565323083288
2020-03-03,2020-03-01,0.0,0.0,0.0,0.0,7930.768671612539,6970.632728561709,-21.376162818958914,-19.091643386687092,0.0,0.0,0.0,0.0,0.0,0.0,0.0,0.0,0.4907475227876582,0.2352084764816366,0.2352084764816366,0.0,0.0,0.0,0.0,0.17691857677454098,3.4265833336239595,0.02017600186802032,0.02017600186802032,0.043,0.035,7930.768671612539,6970.632728561709,0.432370472260431,0.567629527739569,0.14790899499040247,0.0,0.6528884760686027,0,0,0.0,0.0
2020-03-18,2020-03-01,1.0,1.0,-938.8164470425208,-901.8415785731598,6991.952224570018,6068.7911499885495,-14.963313973271283,-13.364150370680932,-2.898007981610136,-0.015560060564830511,-0.0025534365442541,0.0,0.015560060564830511,0.0,0.0,0.0,2.548689498120229,5.938473941715465,1.2215515026389496,0.0,0.0,0.0,0.0,0.19048521379136119,3.651903280774391,0.02421412690500602,0.0215027040760187,0.043,0.035,7930.768671612539,6970.632728561709,0.432370472260431,0.567629527739569,0.14790899499040247,0.0,0.5504307995474138,-1015,-975,-938.8164470425208,-901.8415785731598
2020-03-31,2020-03-01,-0.0,-0.0,0.0,0.0,6991.952224570018,6068.7911499885495,-1077.2319939861902,-1034.5520963513743,0.0,0.0,0.0,0.0,0.0,0.0,0.0,0.0,2.548689498120229,2.49959530231284,1.2215515026389496,3.142586158253818,7.888513533967061,0.1765660096570218,0.0,0.1999818597031353,3.651903280774391,0.027259838262431932,0.0215027040760187,0.043,0.035,6991.952224570018,6068.7911499885495,0.432370472260431,0.567629527739569,0.14790899499040247,0.14790899499040247,1.5818479886898063,0,0,-1066.7576742049002,-1025.1971910918976
2020-04-15,2020-04-01,-0.0,-0.0,0.0,0.0,6991.952224570018,6068.7911499885495,-834.9768153886608,-801.129929274908,0.0,0.0,0.0,0.0,0.0,0.0,0.0,0.0,0.0,0.0,0.0,0.7981216519585813,0.04484241583546593,0.04484241583546593,0.0,0.1399873017921947,1.8763867156360234,0.011048317870548406,0.011048317870548406,0.033,0.035,6991.952224570018,6068.7911499885495,0.4285836250320157,0.5714163749679843,0.0,0.0,0.4457513945991006,0,0,-80.9144195983278,-76.94346182894601
2020-04-28,2020-04-01,-0.0,-0.0,0.0,0.0,6991.952224570018,6068.7911499885495,-1184.345238827022,-1137.8007204141702,0.0,0.0,0.0,0.0,0.0,0.0,0.0,0.0,0.0,0.0,0.0,3.142586158253818,2.4969290064015617,0.1765660096570218,0.0,0.09799111125453629,0.6765321632120811,0.003983476501155692,0.003983476501155692,0.033,0.035,6991.952224570018,6068.7911499885495,0.4285836250320157,0.5714163749679843,0.0,0.0,0.6365197202443164,0,0,-599.8614680549596,-577.0097699217346
2020-05-14,2020-05-01,0.0,0.0,0.0,0.0,6991.952224570018,6068.7911499885495,-227.20977988869765,-217.4006505718014,0.0,0.0,0.0,0.0,0.0,0.0,0.0,0.0,0.0,0.0,0.0,3.142586158253818,2.5141422842946417,0.1765660096570218,0.08342673512134202,0.0685937778781754,0.1930793195990947,0.0011368667659944133,0.0011368667659944133,0.024,0.035,6991.952224570018,6068.7911499885495,0.4355107446490366,0.5644892553509634,0.0,0.0,0.5559442463088187,0,0,601.8318872902178,579.0598537181177
2020-05-28,2020-05-01,0.0,0.0,0.0,0.0,6991.952224570018,6068.7911499885495,379.4431214834008,365.5106506722818,0.0,0.0,0.0,0.0,0.0,3.765941984799191,3.733829553008343,0.9250594377947076,0.0,0.0,0.0,3.142586158253818,2.0109163593500057,0.1765660096570218,0.07527583971058328,0.04801564451472278,0.02932054718105268,0.0001726417708541908,0.0001726417708541908,0.024,0.035,6991.952224570018,6068.7911499885495,0.4355107446490366,0.5644892553509634,0.0,0.0,1.15630811503901,0,0,538.4899674054891,517.6911060725428
2020-06-11,2020-06-01,0.0,0.0,0.0,0.0,6991.952224570018,6068.7911499885495,669.6732754064428,644.1614902239396,0.0,0.0,0.0,0.0,0.0,3.765941984799191,11.623939001880903,0.9250594377947076,0.0,0.0,0.0,3.142586158253818,1.1316920643392496,0.1765660096570218,0.05761963688961747,0.03361095116030594,0.0,0.0,0.0,0.025,0.035,6991.952224570018,6068.7911499885495,0.4237885811640715,0.5762114188359285,0.0,0.0,1.1514213571755012,0,0,404.0630903680624,388.3040347533423
2020-06-29,2020-06-01,0.7149980367973887,0.682207138457987,120.0,110.0,7111.952224570018,6178.7911499885495,516.6039214410902,502.1543931793275,0.35652472344426417,0.0003141341444017942,0.0003141341444017942,0.0003141341444017942,0.0,3.765941984799191,7.005253784606122,0.9250594377947076,0.19200444800177321,0.09202506705619268,0.09202506705619268,0.32167587079422283,0.01807333897907925,0.01807333897907925,0.0075175709475824685,0.023527665812214157,0.0,0.0,0.0,0.025,0.035,6991.952224570018,6068.7911499885495,0.4237885811640715,0.5762114188359285,0.0,0.0,0.7726911711732415,120,110,167.8326286565802,161.24135002256978
2020-07-11,2020-07-01,0.8442385778810109,0.8791921447702739,100.0,100.0,7211.952224570018,6278.7911499885495,380.07267447182335,365.2488548660585,0.2653389835410585,0.00023379033511582728,0.00023379033511582728,0.00023379033511582728,0.0,3.765941984799191,3.7348077693371993,0.9250594377947076,0.08664050257712194,0.04152559038303241,0.04152559038303241,0.03258736232616126,0.0018309189442796293,0.0018309189442796293,0.0023576201201372816,0.016469366068549908,0.0,0.0,0.0,0.027,0.035,7111.952224570018,6178.7911499885495,0.4381972333779563,0.5618027666220438,0.0,0.0,0.6917514722072552,100,100,118.44992946306022,113.74077964052924
2020-07-24,2020-07-01,0.0,0.0,0.0,0.0,7211.952224570018,6278.7911499885495,375.89378104520665,361.2575479350132,0.0,0.0,0.0,0.0,0.0,3.765941984799191,3.6534222549720017,0.9250594377947076,0.061946966328827166,0.02969032118612889,0.02969032118612889,1.4889758222465608,0.08365801482303362,0.08365801482303362,0.015812731514707884,0.011528556247984935,0.0,0.0,0.0,0.027,0.035,7211.952224570018,6278.7911499885495,0.4381972333779563,0.5618027666220438,0.0,0.0,0.8861441288957628,0,0,109.84290891493032,105.58334952877227
2020-08-07,2020-08-01,0.0,0.0,0.0,0.0,7211.952224570018,6278.7911499885495,263.1256467316446,252.88028355450922,0.0,0.0,0.0,0.0,0.0,3.765941984799191,1.7872018003835848,0.9250594377947076,0.0,0.0,0.0,0.0,0.0,0.0,0.0,0.008069989373589454,0.0,0.0,0.0,0.024,0.035,7211.952224570018,6278.7911499885495,0.4554637281910009,0.5445362718089991,0.0,0.0,0.6276569974665316,0,0,0.0,0.0
2020-08-22,2020-08-01,0.0,0.0,0.0,0.0,7211.952224570018,6278.7911499885495,184.18795271215123,177.01619848815645,0.0,0.0,0.0,0.0,0.0,3.5651159590296304,0.8757288821879565,0.8757288821879565,0.0,0.0,0.0,0.0,0.0,0.0,0.0,0.005648992561512618,0.0,0.0,0.0,0.024,0.035,7211.952224570018,6278.7911499885495,0.4554637281910009,0.5445362718089991,0.0,0.0,0.5941859931716048,85,80,0.0,0.0
2020-09-04,2020-09-01,0.0,0.0,0.0,0.0,7211.952224570018,6278.7911499885495,128.93156689850585,123.9113389417095,0.0,0.0,0.0,0.0,0.0,1.7436466159053299,0.42830632142837877,0.42830632142837877,0.0,0.0,0.0,0.0,0.0,0.0,0.0,0.003954294793058833,0.0,0.0,0.0,0.017,0.035,7211.952224570018,6278.7911499885495,0.4748212867355044,0.5251787132644956,0.10998014826481192,0.0,0.2906077693175549,0,0,0.0,0.0
2020-09-19,2020-09-01,1.0,1.0,-287.01100001622166,-275.28509755529114,6924.941224553797,6003.506052433258,90.25209682895411,86.73793725919666,-1.9992488022930452,-0.0017615393005215203,-0.0017615393005215203,0.0,0.0017615393005215203,0.8543868417936119,0.20987009749990565,0.20987009749990565,1.156166950330981,0.554134772603704,0.554134772603704,0.0,0.0,0.0,0.0,0.002768006355141183,0.0,0.0,0.0,0.017,0.035,7211.952224570018,6278.7911499885495,0.4748212867355044,0.5251787132644956,0.10998014826481192,0.10998014826481192,0.020214189682726598,-315,-300,-287.01100001622166,-275.28509755529114
2020-10-09,2020-10-01,0.0,0.0,0.0,0.0,6924.941224553797,6003.506052433258,63.17646778026787,60.71655608143765,0.0,0.0,0.0,0.0,0.0,0.4187506853894137,0.10286118988716576,0.10286118988716576,0.486788820615299,0.23331112547410426,0.23331112547410426,0.0,0.0,0.0,0.0,0.001937604448598828,0.0,0.0,0.0,0.005,0.035,6924.941224553797,6003.506052433258,0.4723203301718322,0.5276796698281678,1.4436653535622153,0.0,0.15092325100078538,0,0,0.0,0.0
2020-10-23,2020-10-01,0.0,0.0,0.0,0.0,6924.941224553797,6003.506052433258,44.223527446187504,42.50158925700635,0.0,0.0,0.0,0.0,0.0,0.20518783584081268,0.05040198304471122,0.05040198304471122,0.0,0.0,0.0,0.0,0.0,0.0,0.0,0.0013563231140191795,0.0,0.0,0.0,0.005,0.035,6924.941224553797,6003.506052433258,0.4723203301718322,0.5276796698281678,1.4436653535622153,1.4436653535622153,0.27480886490050455,80,70,0.0,0.0
2020-11-06,2020-11-01,1.0,1.0,-153.7246146138079,-147.30741572421147,6771.216609939989,5856.198636709047,30.956469212331257,29.751112479904435,-0.624419108221266,-0.000550176045055914,-0.000550176045055914,0.0,0.000550176045055914,0.10051811327545297,0.024691094480504445,0.024691094480504445,0.331350625393335,0.15881175586438198,0.15881175586438198,0.0,0.0,0.0,0.0,0.0009494261798134256,0.0,0.0,0.0,-0.005,0.035,6924.941224553797,6003.506052433258,0.4747846483600922,0.5252153516399078,2.4403283369278954,0.0,-0.03209172825874633,-160,-150,-153.7246146138079,-147.30741572421147
2020-11-20,2020-11-01,0.9784320440376673,0.9839550319069023,150.0,145.0,6921.216609939989,6001.198636709047,24.976036462207674,23.19023676303459,0.6298760223985899,0.0005549841353605843,0.0005549841353605843,0.0005549841353605843,0.0,0.06303740552395165,0.015484398631046122,0.015484398631046122,0.7314350688086042,0.35056667673522374,0.35056667673522374,0.0010333118859807869,5.8056564641707815e-05,5.8056564641707815e-05,0.0004365482283494895,0.0006645983258693978,0.0,0.0,0.0,-0.005,0.035,6771.216609939989,5856.198636709047,0.4747846483600922,0.5252153516399078,2.4403283369278954,2.4403283369278954,0.6442850242575034,150,145,153.3065080135758,147.36445802710148
2020-12-04,2020-12-01,1.0,1.0,213.47938451594973,205.1851090739713,7134.6959944559385,6206.383745783018,17.48322552354537,16.233165734124213,1.2097392226166235,0.0010659019435586873,0.0010659019435586873,0.0010659019435586873,0.0,0.030889241676061528,0.007587579589409416,0.007587579589409416,0.394664607686459,0.18915726882908956,0.18915726882908956,0.0,0.0,0.0,0.0,0.00046521882810857844,0.0,0.0,0.0,0.002,0.035,6921.216609939989,6001.198636709047,0.4737267909874196,0.5262732090125803,1.3724642637446194,0.0,0.27254884532985724,250,240,213.47938451594973,205.1851090739713
2020-12-18,2020-12-01,0.7941155573189702,0.7993098234503739,155.0,150.0,7289.6959944559385,6356.383745783018,52.423956687568534,49.02511581701495,0.6026471946081179,0.0005309927991121716,0.0005309927991121716,0.0005309927991121716,0.0,0.27986494824258445,0.06874553902442415,0.06874553902442415,0.2169453657536462,0.10397890277430011,0.10397890277430011,0.19413969800244377,0.01090772696948352,0.01090772696948352,0.005683099711525976,0.0003256531796760049,0.0,0.0,0.0,0.002,0.035,7134.6959944559385,6206.383745783018,0.4737267909874196,0.5262732090125803,1.3724642637446194,1.3724642637446194,0.44434357839190175,155,150,195.1856988210868,187.661899803128
2021-01-01,2021-01-01,1.0,1.0,79.82331370276422,76.83283860650278,7369.519308158703,6433.216584389521,36.696769681297965,34.31758107191047,0.15141006131066143,0.00013340749444851167,0.00013340749444851167,0.00013340749444851167,0.0,0.13707023233248525,0.03366969341845555,0.03366969341845555,0.08587338733227373,0.04115792269313425,0.04115792269313425,0.0,0.0,0.0,0.0,0.0002279572257732034,0.0,0.0,0.0,-0.003,0.03,7289.6959944559385,6356.383745783018,0.4847108570533652,0.5152891429466349,2.4403283369278954,0.0,0.062392280162570035,90,85,79.82331370276422,76.83283860650278
2021-01-16,2021-01-01,1.0,1.0,178.70238801061197,171.80895223866645,7548.221696169315,6605.025536628187,25.68773877690859,24.02230675033732,0.7405939282865348,0.0006525377476320351,0.0006525377476320351,0.0006525377476320351,0.0,0.06716441384291777,0.01649814977504322,0.01649814977504322,0.31799527493829177,0.15241072175306308,0.15241072175306308,0.0,0.0,0.0,0.0,0.00015957005804124238,0.0,0.0,0.0,-0.003,0.03,7369.519308158703,6433.216584389521,0.4847108570533652,0.5152891429466349,2.4403283369278954,0.0,0.18762560284462398,185,180,178.70238801061197,171.80895223866645
2021-01-30,2021-01-01,1.0,1.0,64.92838574516259,62.53537219934742,7613.150081914478,6667.560908827534,17.981417143836012,16.815614725236117,0.09312774465244508,8.20549108175327e-05,8.20549108175327e-05,8.20549108175327e-05,0.0,0.032910562783029694,0.008084093389771174,0.008084093389771174,0.11101354559061573,0.053207251620690406,0.053207251620690406,0.0,0.0,0.0,0.0,0.00011169904062886966,0.0,0.0,0.0,-0.003,0.03,7548.221696169315,6605.025536628187,0.4847108570533652,0.5152891429466349,2.4403283369278954,2.4403283369278954,0.4462300316589975,75,70,64.92838574516259,62.53537219934742
2021-03-04,2021-03-01,1.0,1.0,183.93358460066543,176.87991666713998,7797.083666515143,6844.440825494674,12.5869920006852,11.770930307665282,0.7326821698163182,0.0006455666925709863,0.0006455666925709863,0.0006455666925709863,0.0,0.01612617576368454,0.003961205760987872,0.003961205760987872,0.3594976832833385,0.17230225005198635,0.17230225005198635,0.0,0.0,0.0,0.0,7.818932844020875e-05,0.0,0.0,0.0,0.004,0.03,7613.150081914478,6667.560908827534,0.4847108570533652,0.5152891429466349,1.0289926427970995,0.0,0.18471767147722346,260,250,183.93358460066543,176.87991666713998
2021-03-18,2021-03-01,1.0,1.0,222.2730440075333,213.7317563353564,8019.356710522676,7058.17258183003,8.81089440047964,8.239651215365711,1.017340037882477,0.0008963789082522388,0.0008963789082522388,0.0008963789082522388,0.0,0.00790182612420544,0.0019409908228840613,0.0019409908228840613,0.4112057943334742,0.19708523001031447,0.19708523001031447,0.0,0.0,0.0,0.0,5.473252990814612e-05,0.0,0.0,0.0,0.004,0.03,7797.083666515143,6844.440825494674,0.4847108570533652,0.5152891429466349,1.0289926427970995,1.0289926427970995,0.41090671685620916,235,230,222.2730440075333,213.7317563353564
2021-04-01,2021-04-01,1.0,1.0,-196.63216233755864,-188.8833487568146,7822.724548185117,6869.289233073216,6.167626080335737,5.767755850756004,-0.7495027226758381,-0.0006603872916302728,-0.0006603872916302728,0.0,0.0006603872916302728,0.003871821362908638,0.0009510674640424091,0.0009510674640424091,1.3539732925274952,0.6489406070216979,0.6489406070216979,0.0,0.0,0.0,0.0,3.831277093570228e-05,0.0,0.0,0.0,0.009,0.03,8019.356710522676,7058.17258183003,0.4851599112061169,0.5148400887938831,0.8309447147640195,0.0,0.10139039853576093,-225,-220,-196.63216233755864,-188.8833487568146
2021-04-15,2021-04-01,-0.0,-0.0,0.0,0.0,7822.724548185117,6869.289233073216,-87.0830152277747,-83.64590553336582,0.0,0.0,0.0,0.0,0.0,0.0,0.0,0.0,0.2288667572028418,0.1096926602363419,0.1096926602363419,1.0290098504879923,0.05781485504263426,0.05781485504263426,0.0,2.6818939654991596e-05,0.0,0.0,0.0,0.009,0.03,7822.724548185117,6869.289233073216,0.4851599112061169,0.5148400887938831,0.8309447147640195,0.0,0.2096461012818056,0,0,-91.40035348400971,-87.68333462889503
2021-04-29,2021-04-01,0.8135503299027356,0.8034862267362735,100.0,95.0,7922.724548185117,6964.289233073216,-38.040085400998166,-35.31737534378435,0.20173535323610264,0.0001777491388877659,0.0001777491388877659,0.0001777491388877659,0.0,0.0,0.0,0.0,0.1389890571367678,0.06661552602661543,0.06661552602661543,0.06857443222218824,0.0038528502488840125,0.0038528502488840125,0.0030971501151943483,1.8773257758494116e-05,0.0,0.0,0.0,0.009,0.03,7822.724548185117,6869.289233073216,0.4851599112061169,0.5148400887938831,0.8309447147640195,0.8309447147640195,0.20670725955984628,100,95,122.91802525844412,118.23475852957172
2021-05-15,2021-05-01,0.75953501194891,0.789871522712311,100.0,100.0,8022.724548185117,7064.289233073216,5.03144034347261,1.880705098684686,0.20741533787190605,0.00018275377670515523,0.00018275377670515523,0.00018275377670515523,0.0,0.0014700534247785904,0.0003611013659113444,0.0003611013659113444,0.08487324382998633,0.04067856779369482,0.04067856779369482,0.10914578707000339,0.006132349321023439,0.006132349321023439,0.0038468723051140433,1.314128043094588e-05,0.0,0.0,0.0,0.013,0.03,7922.724548185117,6964.289233073216,0.4998427672955974,0.5001572327044025,0.32275470815950436,0.0,0.06715073703277903,100,100,131.65950012417133,126.60286783933373
2021-05-28,2021-05-01,0.0,0.0,0.0,0.0,8022.724548185117,7064.289233073216,3.522008240430827,1.31649356907928,0.0,0.0,0.0,0.0,0.0,0.0007203261781415092,0.00017693966929655875,0.00017693966929655875,0.06166990425027971,0.02955752917728531,0.02955752917728531,0.0,0.0,0.0,0.0,9.198896301662116e-06,0.0,0.0,0.0,0.013,0.03,8022.724548185117,7064.289233073216,0.4998427672955974,0.5001572327044025,0.32275470815950436,0.32275470815950436,0.06419082309798757,0,0,0.0,0.0
2021-06-12,2021-06-01,0.9910750550840673,1.0,175.0,169.98064150833804,8197.724548185117,7234.269874581553,4.0413362210721,0.9215454983554991,0.5987080988710308,0.0005275220595316666,0.0005275220595316666,0.0005275220595316666,0.0,0.000861641811579844,0.00021165219565722162,0.00021165219565722162,0.43536129182858485,0.2086626247003725,0.2086626247003725,0.00015310595334816005,8.602248554559867e-06,8.602248554559867e-06,0.00010187153030717838,6.4392274111634805e-06,0.0,0.0,0.0,0.011,0.03,8022.724548185117,7064.289233073216,0.4987517022242396,0.5012482977757603,0.27045962705029436,0.0,0.17251402307742386,175,170,176.57593045277054,169.98064150833804
2021-06-29,2021-06-01,0.8688380134962371,0.8634334117459421,225.0,215.0,8422.724548185117,7449.269874581553,36.79550507767436,34.65096588714445,0.9288952714884444,0.0008184501723441119,0.0008184501723441119,0.0008184501723441119,0.0,0.1387181637851628,0.03407448843369777,0.03407448843369777,0.4237090209027902,0.20307785297001513,0.20307785297001513,0.14844966234569867,0.008340635131504723,0.008340635131504723,0.004264934625535556,4.507459187814436e-06,0.0,0.0,0.0,0.011,0.03,8197.724548185117,7234.269874581553,0.4987517022242396,0.5012482977757603,0.27045962705029436,0.27045962705029436,0.31837195759539827,225,215,258.9665697229239,249.0058840382956
2021-07-13,2021-07-01,0.815201455433524,0.7868235134568967,70.0,65.0,8492.724548185117,7514.269874581553,41.625198775583684,41.86632372915854,0.08232299666440913,7.253484098363998e-05,7.253484098363998e-05,7.253484098363998e-05,0.0,0.1900027181477196,0.04667193715108915,0.04667193715108915,0.18186418395786472,0.0871649792388544,0.0871649792388544,0.036147972821656486,0.002030971625566125,0.002030971625566125,0.0020825548875824844,3.1552214314701048e-06,0.0,0.0,0.0,0.01,0.03,8422.724548185117,7449.269874581553,0.5097748265756575,0.4902251734243424,0.7040393837674487,0.0,0.0817229785986083,70,65,85.86834522121163,82.61064760815742
2021-07-27,2021-07-01,1.0,1.0,-96.72029340068022,-92.89541248384931,8396.004254784437,7421.374462097704,29.13763914290857,29.306426610410973,-0.16007273232872515,-0.0001410401789989818,-0.0001410401789989818,0.0,0.0001410401789989818,0.09310133189238255,0.022869249204033673,0.022869249204033673,0.2384272052909668,0.11427485031346359,0.11427485031346359,0.0,0.0,0.0,0.0,2.2086550020290733e-06,0.0,0.0,0.0,0.01,0.03,8492.724548185117,7514.269874581553,0.5097748265756575,0.4902251734243424,0.7040393837674487,0.7040393837674487,0.14591586477034543,-100,-95,-96.72029340068022,-92.89541248384931
2021-08-09,2021-08-01,0.0,0.0,0.0,0.0,8396.004254784437,7421.374462097704,20.396347400035996,20.51449862728768,0.0,0.0,0.0,0.0,0.0,0.04565488459673894,0.011214586429666832,0.011214586429666832,0.05537504145614459,0.026540488807811853,0.026540488807811853,0.0,0.0,0.0,0.0,1.5460585014203511e-06,0.0,0.0,0.0,0.008,0.03,8396.004254784437,7421.374462097704,0.5056598097100523,0.4943401902899477,0.9683599772417815,0.0,0.016838321008813915,0,0,0.0,0.0
2021-08-24,2021-08-01,0.874809373252405,0.8924996463601502,-250.0,-245.0,8146.004254784437,7176.374462097704,-21.49910156656216,-15.149763652937054,-1.1202782494606345,-0.0009870778272723963,-0.0009870778272723963,0.0,0.0009870778272723963,0.0,0.0,0.0,0.8963308869274255,0.42959895373502605,0.42959895373502605,0.13742724301447043,0.007721341180575215,0.007721341180575215,0.0,1.0822409509942457e-06,0.0,0.0,0.0,0.008,0.03,8396.004254784437,7421.374462097704,0.5056598097100523,0.4943401902899477,0.9683599772417815,0.9683599772417815,0.14697330962050706,-250,-245,-285.7765447465874,-274.5099126920384
2021-09-07,2021-09-01,1.0,1.0,93.03692217085646,89.52785783990511,8239.041176955294,7265.902319937609,-15.049371096593518,-10.604834557055938,0.16231796525940598,0.000143018455060312,0.000143018455060312,0.000143018455060312,0.0,0.0,0.0,0.0,0.7778122793348743,0.37279463006117874,0.37279463006117874,0.0,0.0,0.0,0.0,7.575686656959719e-07,0.0,0.0,0.0,0.0069999999999999,0.03,8146.004254784437,7176.374462097704,0.5008116883116883,0.4991883116883117,0.886679250241923,0.0,0.15668837409904665,140,140,93.03692217085646,89.52785783990511
2021-09-19,2021-09-01,0.7948747055500971,0.7802830342183691,90.0,85.0,8329.041176955294,7350.902319937609,12.690832072869682,16.51144621444972,0.14535854447509092,0.00012807549939046858,0.00012807549939046858,0.00012807549939046858,0.0,0.024195186848826183,0.005943263606836076,0.005943263606836076,0.064907927262777,0.03110946866595698,0.03110946866595698,0.07154034415175604,0.004019489827888881,0.004019489827888881,0.0029982833404469562,5.302980659871803e-07,0.0,0.0,0.0,0.0069999999999999,0.03,8239.041176955294,7265.902319937609,0.5008116883116883,0.4991883116883117,0.886679250241923,0.886679250241923,0.19878020883006212,90,85,113.22539184048514,108.93483040438888
2021-10-10,2021-10-01,0.9023203429274781,0.897820044080054,345.0,330.0,8674.041176955294,7680.902319937609,46.23116300170966,49.11496563481512,2.1257929401366837,0.001873037415116618,0.001873037415116618,0.001873037415116618,0.0,0.2515086048566402,0.06178013616468945,0.06178013616468945,1.3493530120236454,0.6467261707020702,0.6467261707020702,0.18068150619668263,0.010151579292163372,0.010151579292163372,0.004573543805827157,0.00021214938979599238,0.0,0.0,0.0,0.015,0.03,8329.041176955294,7350.902319937609,0.4749403341288782,0.5250596658711217,0.021927013354143248,0.0,0.6512226772022751,345,330,382.3475805507009,367.55695328470034
2021-10-23,2021-10-01,1.0,1.0,198.07239094473752,191.03515178364552,8872.11356790003,7871.937471721254,32.36181410119676,34.38047594437057,0.6496979864859421,0.0005724492796254446,0.0005724492796254446,0.0005724492796254446,0.0,0.12323921637975364,0.030272266720697813,0.030272266720697813,0.4463959192254041,0.21395136845969945,0.21395136845969945,0.0,0.0,0.0,0.0,0.00014850457285719466,0.0,0.0,0.0,0.015,0.03,8674.041176955294,7680.902319937609,0.4749403341288782,0.5250596658711217,0.021927013354143248,0.021927013354143248,0.2068766892408738,300,290,198.07239094473752,191.03515178364552
2021-11-05,2021-11-01,0.0,0.0,0.0,0.0,8872.11356790003,7871.937471721254,22.65326987083773,24.0663331610594,0.0,0.0,0.0,0.0,0.0,0.06081304495793999,0.014938010571178762,0.014938010571178762,0.23320024319470467,0.11176963992685704,0.11176963992685704,0.0,0.0,0.0,0.0,0.00010395320100003626,0.0,0.0,0.0,0.023,0.03,8872.11356790003,7871.937471721254,0.4508743825924443,0.5491256174075557,0.0,0.0,0.04900221469210743,0,0,0.0,0.0
2021-11-20,2021-11-01,1.0,1.0,-55.30865544458716,-53.1293765291983,8816.804912455444,7818.808095192056,15.857288909586408,16.84643321274158,-0.04827582019222719,-4.253585368463492e-05,-4.253585368463492e-05,0.0,4.253585368463492e-05,0.029798392029390587,0.007319625179877592,0.007319625179877592,0.04300287481757771,0.020610681053910278,0.020610681053910278,0.0,0.0,0.0,0.0,7.276724070002538e-05,0.0,0.0,0.0,0.023,0.03,8872.11356790003,7871.937471721254,0.4508743825924443,0.5491256174075557,0.0,0.0,0.00408757444245685,-95,-90,-55.30865544458716,-53.1293765291983
2021-12-04,2021-12-01,1.0,1.0,-383.453944615641,-368.8542347314826,8433.350967839802,7449.953860460573,11.100102236710484,11.792503248919104,-2.3570250619110316,-0.002076776174185179,-0.002076776174185179,0.0,0.002076776174185179,0.014625003829236599,0.0035924604984960895,0.0035924604984960895,1.8370615819446523,0.8804781192530016,0.8804781192530016,0.0,0.0,0.0,0.0,5.0937068490017765e-05,0.0,0.0,0.0,0.015,0.03,8816.804912455444,7818.808095192056,0.4452742046912524,0.5547257953087475,0.22716170100246572,0.0,-0.08422307935619044,-430,-415,-383.453944615641,-368.8542347314826
2021-12-18,2021-12-01,0.7970336501024623,0.7979884700276803,-130.0,-125.0,8303.350967839802,7324.953860460573,-25.33471075219839,-23.389115018305432,-0.2973265271206921,-0.0002619745786567221,-0.0002619745786567221,0.0,0.0002619745786567221,0.0,0.0,0.0,0.5185248399505374,0.24852175907044144,0.24852175907044144,0.13441690165699835,0.007552205336901261,0.007552205336901261,0.0,3.565594794301243e-05,0.0,0.0,0.0,0.015,0.03,8433.350967839802,7449.953860460573,0.4452742046912524,0.5547257953087475,0.22716170100246572,0.22716170100246572,0.09712948591488488,-130,-125,-163.10478231789574,-156.6438672925488
2022-01-01,2022-01-01,1.0,1.0,111.01954305494792,106.9163329364822,8414.37051089475,7431.870193397055,-17.734297526538867,-16.372380512813805,0.22355140826106015,0.00019697127785552488,0.00019697127785552488,0.00019697127785552488,0.0,0.0,0.0,0.0,0.44502428443948217,0.21329396294402145,0.21329396294402145,0.0,0.0,0.0,0.0,2.49591635601087e-05,0.0,0.0,0.0,0.009,0.03,8303.350967839802,7324.953860460573,0.469002050580998,0.530997949419002,0.2040483001684755,0.0,0.11142928211675701,140,135,111.01954305494792,106.9163329364822
2022-01-18,2022-01-01,0.9278637828850687,0.9228826313021926,345.0,330.0,8759.37051089475,7761.870193397055,14.407811230906361,16.11459706793886,2.0830633620585473,0.0018353883586344987,0.0018353883586344987,0.0018353883586344987,0.0,0.026071298151506484,0.006404108323484115,0.006404108323484115,1.285855572663301,0.6162927293112839,0.6162927293112839,0.09556761551031664,0.005369460588622069,0.005369460588622069,0.0032968577625686027,0.000317770892745442,0.0,0.0,0.0,0.009,0.03,8414.37051089475,7431.870193397055,0.469002050580998,0.530997949419002,0.2040483001684755,0.0,0.5817596413972783,345,330,371.8218194994836,357.5752634269085
2022-01-30,2022-01-01,0.9471020888731638,0.9493794903998553,310.0,300.0,9069.37051089475,8061.870193397055,27.399707416136494,27.27609002358804,1.5669734347600297,0.0013806612188723426,0.0013806612188723426,0.0013806612188723426,0.0,0.0819799573466591,0.02013741410771583,0.02013741410771583,0.7948411743759258,0.3809563431066555,0.3809563431066555,0.035503135640356925,0.0019947414882693294,0.0019947414882693294,0.0019429518378924753,0.0003994164511030959,0.0,0.0,0.0,0.009,0.03,8759.37051089475,7761.870193397055,0.469002050580998,0.530997949419002,0.2040483001684755,0.2040483001684755,0.44722433371524095,310,300,327.314239554502,315.9958720760308
2022-02-18,2022-02-01,0.9399028658212343,0.9262777207194951,210.0,200.0,9279.37051089475,8261.870193397055,32.60713820350543,35.011227495510525,0.6562856485046246,0.0005782536725209924,0.0005782536725209924,0.0005782536725209924,0.0,0.12695834577716522,0.031185827195963283,0.031185827195963283,0.41748372922148097,0.20009415706932665,0.20009415706932665,0.02840013736076989,0.0015956599676136655,0.0015956599676136655,0.001684960555928133,0.0054999271738745996,0.0,0.0,0.0,0.009,0.03,9069.37051089475,8061.870193397055,0.469002050580998,0.530997949419002,0.622727058489881,0.622727058489881,0.3086424865589868,210,200,223.4273430122099,215.9179644789989
2022-03-04,2022-03-01,1.0,1.0,227.2325228762845,219.35643234855863,9506.603033771034,8481.226625745614,22.824996742453806,24.50785924685735,0.7440191529397747,0.0006555557150970535,0.0006555557150970535,0.0006555557150970535,0.0,0.062209589430810903,0.015281055326021994,0.015281055326021994,0.4245665893306254,0.20348887361509974,0.20348887361509974,0.0,0.0,0.0,0.0,0.006979437824608219,0.0,0.0,0.0,0.015,0.03,9279.37051089475,8261.870193397055,0.469002050580998,0.530997949419002,0.0,0.0,0.20513255528353508,260,255,227.2325228762845,219.35643234855863
2022-03-18,2022-03-01,0.9656186415668663,0.9608519446808073,750.0,720.0,10256.603033771034,9201.226625745614,42.6816412758202,46.49050983268046,2.898007981610136,0.006745925435763392,0.0025534365442541,0.006745925435763392,0.0,0.22138382579455307,0.054380337841893445,0.054380337841893445,2.548689498120229,2.965556756262349,1.2215515026389496,0.10229647244612028,0.005747521000931651,0.005747521000931651,0.0028897836527420643,0.009562971134966658,0.0,0.0,0.0,0.015,0.03,9506.603033771034,8481.226625745614,0.469002050580998,0.530997949419002,0.0,0.0,0.9617296296618394,750,720,776.7041435561025,749.3350083598804
2022-04-01,2022-04-01,0.0,0.0,0.0,0.0,10256.603033771034,9201.226625745614,29.877148893074136,32.54335688287632,0.0,0.0,0.0,0.0,0.0,0.10967412206726884,0.026940160552044637,0.026940160552044637,2.548689498120229,1.5941603431643658,1.2215515026389496,0.0,0.0,0.0,0.0,0.11742122327075376,1.1571953597282065,0.006813660566908878,0.006813660566908878,0.021,0.03,10256.603033771034,9201.226625745614,0.436594131353422,0.5634058686465779,0.0017362205638001733,0.0,0.6359264966526171,110,110,0.0,0.0
2022-04-16,2022-04-01,1.0,1.0,-493.20476353637486,-475.6133656094491,9763.39827023466,8725.613260136164,20.91400422515187,22.780349818013406,-2.8542666041309297,-0.002514895990722097,-0.002514895990722097,0.0,0.002514895990722097,0.053740319812961644,0.01320067867050185,0.01320067867050185,2.548689498120229,1.6461191850708912,1.2215515026389496,0.0,0.0,0.0,0.0,0.1929219997658047,3.651903280774391,0.024978435956232507,0.0215027040760187,0.021,0.03,10256.603033771034,9201.226625745614,0.436594131353422,0.5634058686465779,0.0017362205638001733,0.0,0.5666777490961085,-545,-530,-493.20476353637486,-475.6133656094491
2022-04-29,2022-04-01,0.5391502941793642,0.5462318218594177,205.0,200.0,9968.39827023466,8925.613260136164,189.86773237389025,182.0911525771508,0.5543947727982622,0.000488477561756064,0.000488477561756064,0.000488477561756064,0.0,3.765941984799191,0.9299648848111046,0.9250594377947076,2.548689498120229,1.560852954744711,1.2215515026389496,3.142586158253818,0.20966385007797977,0.1765660096570218,0.017810757494045645,0.2522729447463713,3.651903280774391,0.04726129116306415,0.0215027040760187,0.021,0.03,9763.39827023466,8725.613260136164,0.436594131353422,0.5634058686465779,0.0017362205638001733,0.0017362205638001733,2.2775419858849477,205,200,380.2279294162839,366.1449077045414
2022-05-17,2022-05-01,0.9809851690921171,0.9649023845736349,285.0,270.0,10253.39827023466,9195.613260136164,138.43168252786393,137.28485846334615,0.9896088369836387,0.0008719449307613264,0.0008719449307613264,0.0008719449307613264,0.0,2.0926151500585584,0.5140263450811176,0.5140263450811176,0.6853411307857273,0.32847449198854506,0.32847449198854506,0.008851179403386247,0.0004973029693743416,0.0004973029693743416,0.0008193759194936712,0.24275218830339834,3.651903280774391,0.04321237539125079,0.0215027040760187,0.021,0.03,9968.39827023466,8925.613260136164,0.4415401590381616,0.5584598409618384,0.0,0.0,1.2380532630009498,285,270,290.5242698661408,279.8210516593406
2022-05-31,2022-05-01,1.0,1.0,233.9090156883605,226.2302696187133,10487.307285923021,9421.843529754877,96.90217776950476,96.09940092434232,0.6444218706279041,0.0005678004908266824,0.0005678004908266824,0.0005678004908266824,0.0,1.0253814235286938,0.25187290908974763,0.25187290908974763,0.4624852206382557,0.22166274732000213,0.22166274732000213,0.0,0.0,0.0,0.0,0.23569083152257972,3.651903280774391,0.040326466848249025,0.0215027040760187,0.021,0.03,10253.39827023466,9195.613260136164,0.4415401590381616,0.5584598409618384,0.0,0.0,0.9640319659282071,400,390,233.9090156883605,226.2302696187133
2022-06-15,2022-06-01,1.0,1.0,349.8509399717798,337.52480078338345,10837.158225894802,9759.36833053826,67.83152443865333,67.26958064703962,1.369893162680933,0.0012070136747414563,0.0012070136747414563,0.0012070136747414563,0.0,0.5019500333368068,0.12329813298075556,0.12329813298075556,1.0805709230159237,0.51790264592513,0.51790264592513,0.0,0.0,0.0,0.0,0.2048864172059317,3.651903280774391,0.02890343214467974,0.0215027040760187,0.025,0.03,10487.307285923021,9421.843529754877,0.4476775431861804,0.5523224568138195,0.0,0.0,1.1007195666346754,390,375,349.8509399717798,337.52480078338345
2022-06-29,2022-06-01,1.0,1.0,-290.8079139275396,-280.56539549579463,10546.350311967262,9478.802935042466,47.48206710705733,47.08870645292774,-0.8839397186257101,-0.0007788398081645506,-0.0007788398081645506,0.0,0.0007788398081645506,0.24595551633503537,0.06041608516057024,0.06041608516057024,2.548689498120229,1.5012417164901144,1.2215515026389496,0.0,0.0,0.0,0.0,0.1833233271842781,3.651903280774391,0.02203651306243738,0.0215027040760187,0.025,0.03,10837.158225894802,9759.36833053826,0.4476775431861804,0.5523224568138195,0.0,0.0,0.9271014294339905,-320,-310,-290.8079139275396,-280.56539549579463
2022-07-13,2022-07-01,1.0,1.0,-215.41418448589351,-207.90181507402,10330.93612748137,9270.901119968446,33.23744697494013,32.96209451704942,-0.5125797321022681,-0.0004516343047015058,-0.0004516343047015058,0.0,0.0004516343047015058,0.12026673419116597,0.029542111366916837,0.029542111366916837,0.4133813632100924,0.1981279499776889,0.1981279499776889,0.0,0.0,0.0,0.0,0.19046004386194657,3.651903280774391,0.024206294208934467,0.0215027040760187,0.027,0.03,10546.350311967262,9478.802935042466,0.460880385752061,0.539119614247939,0.0,0.0,0.61216194101223,-360,-345,-215.41418448589351,-207.90181507402
2022-07-27,2022-07-01,1.0,1.0,-288.32991970639284,-278.34900118703297,10042.606207774976,8992.552118781414,23.266212882458092,23.07346616193459,-0.9590021309323689,-0.0008449773439822404,-0.0008449773439822404,0.0,0.0008449773439822404,0.05893069975367132,0.014475634569789248,0.014475634569789248,0.7119704195810268,0.3412375405145017,0.3412375405145017,0.0,0.0,0.0,0.0,0.1954557455363145,3.651903280774391,0.025785750954157832,0.0215027040760187,0.027,0.03,10330.93612748137,9270.901119968446,0.460880385752061,0.539119614247939,0.0,0.0,0.5773003781961198,-300,-290,-288.32991970639284,-278.34900118703297
2022-08-10,2022-08-01,0.6727309850495724,0.6707270277167782,-130.0,-124.99999999999999,9912.606207774976,8867.552118781414,-46.955827853945976,-45.21351029209687,-0.20585480413416513,-0.00018137878950712992,-0.00018137878950712992,0.0,0.00018137878950712992,0.0,0.0,0.0,0.2873843615860627,0.13773933583879422,0.13773933583879422,0.49865849712057975,0.02801709693365136,0.02801709693365136,0.0,0.18448398868683075,3.651903280774391,0.022382453643499993,0.0215027040760187,0.025,0.03,10042.606207774976,8992.552118781414,0.4616476183170975,0.5383523816829026,0.0,0.0,0.7053485558911445,-130,-125,-193.24217687166663,-186.36493660545108
2022-08-24,2022-08-01,1.0,1.0,-108.96833784957552,-105.34028462738496,9803.6378699254,8762.211834154028,-32.86907949776217,-31.649457204467808,-0.14953840097405205,-0.00013175837342046192,-0.00013175837342046192,0.0,0.00013175837342046192,0.0,0.0,0.0,0.09985545867057062,0.047859335425402605,0.047859335425402605,0.0,0.0,0.0,0.0,0.17680375889219213,3.421045910520096,0.0201433970695929,0.0201433970695929,0.025,0.03,9912.606207774976,8867.552118781414,0.4616476183170975,0.5383523816829026,0.0,0.0,0.5618938280361022,-205,-200,-108.96833784957552,-105.34028462738496
2022-09-07,2022-09-01,1.0,1.0,130.7006851933291,125.66873293533654,9934.33855511873,8887.880567089365,-23.008355648433522,-22.154620043127466,0.22039218129506832,0.00019418768110984768,0.00019418768110984768,0.00019418768110984768,0.0,0.0,0.0,0.0,0.4804186411829824,0.23025798688528626,0.23025798688528626,0.0,0.0,0.0,0.0,0.12376263122453449,1.3418251467240596,0.007900775796463463,0.007900775796463463,0.0279999999999999,0.03,9803.6378699254,8762.211834154028,0.4116456217403239,0.5883543782596761,0.0,0.0,0.3404393282003516,190,185,130.7006851933291,125.66873293533654
2022-09-22,2022-09-01,1.0,1.0,-255.39359180910245,-246.6693017761363,9678.944963309626,8641.211265313228,-16.10584895390346,-15.508234030189215,-0.8231099776457329,-0.0007252426874590768,-0.0007252426874590768,0.0,0.0007252426874590768,0.0,0.0,0.0,1.4204345442452107,0.6807945625399824,0.6807945625399824,0.0,0.0,0.0,0.0,0.08663384185717414,0.45495986613311207,0.0026788407621383993,0.0026788407621383993,0.0279999999999999,0.03,9934.33855511873,8887.880567089365,0.4116456217403239,0.5883543782596761,0.0,0.0,0.17538073878876492,-290,-280,-255.39359180910245,-246.6693017761363
2022-10-10,2022-10-01,-0.0,-0.0,0.0,0.0,9678.944963309626,8641.211265313228,-127.08380381127658,-122.488297153959,0.0,0.0,0.0,0.0,0.0,0.0,0.0,0.0,0.3883814051006431,0.186145817035629,0.186145817035629,1.6605727749847685,0.09329917903891788,0.09329917903891788,0.0,0.0606436893000219,0.11276290421192474,0.0006639571679749683,0.0006639571679749683,0.021,0.03,9678.944963309626,8641.211265313228,0.396332275335834,0.603667724664166,0.0,0.0,0.36028618071622254,0,0,-115.80970954354416,-111.63253333282655
2022-10-25,2022-10-01,0.7381223330723,0.7246318329864532,185.0,175.0,9863.944963309626,8816.211265313228,-23.322702054195418,-19.239858971436888,0.4453271741244284,0.0003923780361456915,0.0003923780361456915,0.0003923780361456915,0.0,0.0,0.0,0.0,0.4723243381011812,0.22637849976075347,0.22637849976075347,0.5671889014138233,0.03186747347606059,0.03186747347606059,0.007115662402486014,0.04380525565453261,0.01354020648053381,7.972583901985766e-05,7.972583901985766e-05,0.021,0.03,9678.944963309626,8641.211265313228,0.396332275335834,0.603667724664166,0.0,0.0,0.24973010335332768,185,175,250.6359606136982,241.5019490363344
2022-11-08,2022-11-01,0.0,0.0,0.0,0.0,9863.944963309626,8816.211265313228,-16.325891437936793,-13.46790128000582,0.0,0.0,0.0,0.0,0.0,0.0,0.0,0.0,0.19865535463652823,0.09521275429686615,0.09521275429686615,0.0,0.0,0.0,0.0,0.030663678958172826,0.0,0.0,0.0,0.016,0.03,9863.944963309626,8816.211265313228,0.3816786445969237,0.6183213554030763,0.16331595889304307,0.0,0.03310922577275469,155,150,0.0,0.0
2022-11-22,2022-11-01,1.0,1.0,-155.5496661409961,-149.43426046342506,9708.39529716863,8666.777004849802,-11.428124006555748,-9.427530896004072,-0.3093392669196725,-0.00027255901078871705,-0.00027255901078871705,0.0,0.00027255901078871705,0.0,0.0,0.0,0.3401668361361381,0.16303724331132116,0.16303724331132116,0.0,0.0,0.0,0.0,0.021464575270720977,0.0,0.0,0.0,0.016,0.03,9863.944963309626,8816.211265313228,0.3816786445969237,0.6183213554030763,0.16331595889304307,0.16331595889304307,0.032357254684918096,-175,-165,-155.5496661409961,-149.43426046342506
2022-12-06,2022-12-01,0.760523478417273,0.762494381540878,-440.0,-425.0,9268.39529716863,8241.777004849802,-146.5485580579591,-138.98042785440498,-2.5807607530540495,-0.0022739098237968404,-0.0022739098237968404,0.0,0.0022739098237968404,0.0,0.0,0.0,2.071115877935272,0.992657094831358,0.992657094831358,2.350820824140692,0.13208072314802985,0.13208072314802985,0.0,0.015025202689504682,0.0,0.0,0.0,0.018,0.03,9708.39529716863,8666.777004849802,0.3730076454580796,0.6269923545419205,0.06715426911777199,0.0,0.30686265817031894,-440,-425,-578.5488712533701,-557.3811562272022
2022-12-20,2022-12-01,1.0,1.0,-362.4504538524821,-348.5696604935322,8905.944843316149,7893.20734435627,-102.58399064057136,-97.28629949808351,-1.9202526751929943,-0.0016919357662759933,-0.0016919357662759933,0.0,0.0016919357662759933,0.0,0.0,0.0,1.1080311000746719,0.5310639276636806,0.5310639276636806,0.0,0.0,0.0,0.0,0.010517641882653276,0.0,0.0,0.0,0.018,0.03,9268.39529716863,8241.777004849802,0.3730076454580796,0.6269923545419205,0.06715426911777199,0.06715426911777199,-0.12417788433342501,-480,-460,-362.4504538524821,-348.5696604935322
2023-01-04,2023-01-01,1.0,1.0,126.43124492032432,121.75863562298954,9032.376088236473,8014.96597997926,-71.80879344839994,-68.10040964865846,0.25277151580353524,0.0002227171318695419,0.0002227171318695419,0.0002227171318695419,0.0,0.0,0.0,0.0,1.5470557550741209,0.7414823514872424,0.7414823514872424,0.0,0.0,0.0,0.0,0.007362349317857293,0.0,0.0,0.0,0.021,0.03,8905.944843316149,7893.20734435627,0.4183638246461857,0.5816361753538143,0.0017362205638001733,0.0,0.2999712118129426,250,240,126.43124492032432,121.75863562298954
2023-01-18,2023-01-01,1.0,1.0,-198.3598752879528,-190.5122642597364,8834.01621294852,7824.453715719524,-50.26615541387994,-47.670286754060925,-0.6019636018399681,-0.0005303904851204028,-0.0005303904851204028,0.0,0.0005303904851204028,0.0,0.0,0.0,0.9450242873140017,0.4529370247141282,0.4529370247141282,0.0,0.0,0.0,0.0,0.005153644522500105,0.0,0.0,0.0,0.021,0.03,9032.376088236473,8014.96597997926,0.4183638246461857,0.5816361753538143,0.0017362205638001733,0.0017362205638001733,0.05746615100630559,-205,-195,-198.3598752879528,-190.5122642597364
2023-02-04,2023-02-01,0.8216403566523994,0.813121829240243,210.0,200.0,9044.01621294852,8024.453715719524,10.399968466188056,12.59640099124303,0.6996170462234516,0.0006164329926439783,0.0006164329926439783,0.0006164329926439783,0.0,0.015466701887949985,0.0037992137453939753,0.0037992137453939753,1.3369521075188155,0.6407825892877277,0.6407825892877277,0.2713985628749763,0.015248511531697057,0.015248511531697057,0.005391071844735293,0.0037909414808080673,0.0,0.0,0.0,0.01,0.03,8834.01621294852,7824.453715719524,0.4183638246461857,0.5816361753538143,0.5109874274517034,0.0,0.3872390697508654,210,200,255.586277255904,245.96560171908567
2023-02-17,2023-02-01,0.0,0.0,0.0,0.0,9044.01621294852,8024.453715719524,7.279977926331639,8.81748069387012,0.0,0.0,0.0,0.0,0.0,0.007578683925095492,0.0018616147352430476,0.0018616147352430476,0.2583370279663067,0.12381735198904008,0.12381735198904008,0.0,0.0,0.0,0.0,0.002653659036565647,0.0,0.0,0.0,0.01,0.03,9044.01621294852,8024.453715719524,0.4183638246461857,0.5816361753538143,0.5109874274517034,0.5109874274517034,0.12948385655718422,0,0,0.0,0.0
2023-03-03,2023-03-01,0.0,0.0,0.0,0.0,9044.01621294852,8024.453715719524,5.095984548432146,6.1722364857090835,0.0,0.0,0.0,0.0,0.0,0.0037135551232967898,0.000912191220269093,0.000912191220269093,0.0,0.0,0.0,0.0,0.0,0.0,0.0,0.0018575613255959527,0.0,0.0,0.0,0.0069999999999999,0.03,9044.01621294852,8024.453715719524,0.4183638246461857,0.5816361753538143,1.1162851712007502,0.0,0.000618925853882798,0,0,0.0,0.0
2023-03-18,2023-03-01,0.6760230617947978,0.6672838657856537,-100.0,-95.0,8944.01621294852,7929.453715719524,-44.35675846147282,-43.0476301725553,-0.15057189607046614,-0.00013266898656032807,-0.00013266898656032807,0.0,0.00013266898656032807,0.0,0.0,0.0,0.1387810607038496,0.066515836223145,0.066515836223145,0.2928598530530949,0.01645431279792149,0.01645431279792149,0.0,0.001300292927917167,0.0,0.0,0.0,0.0069999999999999,0.03,9044.01621294852,8024.453715719524,0.4183638246461857,0.5816361753538143,1.1162851712007502,1.1162851712007502,0.232892364814538,-100,-95,-147.92394764537534,-142.36819571255165
2023-04-01,2023-04-01,0.9854565028482409,0.9802649389031531,-335.0,-320.0,8609.01621294852,7609.453715719524,-35.99370514386936,-36.575701038360876,-1.7413928879688443,-0.0015343423021124095,-0.0015343423021124095,0.0,0.0015343423021124095,0.0,0.0,0.0,1.2331775831246343,0.5910449000545552,0.5910449000545552,0.004486220963364038,0.0002520580483880854,0.0002520580483880854,0.0,0.0009102050495420167,0.0,0.0,0.0,0.001,0.03,8944.01621294852,7929.453715719524,0.4176005587478967,0.5823994412521032,2.0042031918832777,0.0,-0.08395484731347432,-335,-320,-339.9439742208384,-326.44235991757216
2023-04-18,2023-04-01,0.8732597182368763,0.8662500766545278,550.0,525.0,9159.01621294852,8134.453715719524,54.62848795713285,55.45756170340951,2.898007981610136,0.0044766822053673334,0.0025534365442541,0.0044766822053673334,0.0,0.33683043320886125,0.08273844165258738,0.08273844165258738,2.548689498120229,3.3771119878843767,1.2215515026389496,0.8394015020827196,0.04716172167104847,0.04716172167104847,0.009319165270567671,0.0012202451124254487,0.0,0.0,0.0,0.001,0.03,8609.01621294852,7609.453715719524,0.4176005587478967,0.5823994412521032,2.0042031918832777,0.0,1.103821569170324,550,525,629.8240815578414,606.0605524302621
2023-04-29,2023-04-01,1.0,1.0,-88.74601402780806,-85.65229308535193,9070.270198920713,8048.801422634172,38.23994156999299,38.82029319238666,-0.11778276719413748,-0.000103778465741073,-0.000103778465741073,0.0,0.000103778465741073,0.16504691227234203,0.04054183640976782,0.04054183640976782,2.465003918489267,1.1814421658120002,1.1814421658120002,0.0,0.0,0.0,0.0,0.0008541715786978141,0.0,0.0,0.0,0.001,0.03,9159.01621294852,8134.453715719524,0.4176005587478967,0.5823994412521032,2.0042031918832777,2.0042031918832777,0.7527452092417912,-160,-155,-88.74601402780806,-85.65229308535193
2023-05-17,2023-05-01,0.8895179489778202,0.8888363146685638,-380.0,-365.0,8690.270198920713,7683.801422634172,-20.429716267390518,-18.47508302725646,-2.1903569803786036,-0.0019299248291073877,-0.0019299248291073877,0.0,0.0019299248291073877,0.0,0.0,0.0,1.676459187449908,0.8035036206068689,0.8035036206068689,0.2768771024175335,0.015556322938310973,0.015556322938310973,0.0,0.0005979201050884699,0.0,0.0,0.0,0.002,0.03,9070.270198920713,8048.801422634172,0.4200482561965343,0.5799517438034657,2.013560113213371,0.0,-0.03950344841852699,-380,-365,-427.1976753663856,-410.6492882619271
2023-05-31,2023-05-01,0.7946740484988232,0.7846530842172014,100.0,95.0,8790.270198920713,7778.801422634172,11.536955852923654,13.14005589450774,0.16374050580813512,0.00014427185637799577,0.00014427185637799577,0.00014427185637799577,0.0,0.017460058018390588,0.004288858277570257,0.004288858277570257,1.4398207449896725,0.6900860994915505,0.6900860994915505,0.08725300195641823,0.004902304538438302,0.004902304538438302,0.003156147707939937,0.00041854407356192887,0.0,0.0,0.0,0.002,0.03,8690.270198920713,7683.801422634172,0.4200482561965343,0.5799517438034657,2.013560113213371,2.013560113213371,0.6203057373309977,100,95,125.83775724009702,121.07261401358726
2023-06-14,2023-06-01,0.7358560929261088,0.6967557846111301,-55.00000000000001,-50.0,8735.270198920713,7728.801422634172,-11.667005941596138,-12.563116079618375,-0.045845179180317,-4.039421445342551e-05,-4.039421445342551e-05,0.0,4.039421445342551e-05,0.0,0.0,0.0,0.16109259423735633,0.07720944457917894,0.07720944457917894,0.05679526887782862,0.003191038682206877,0.003191038682206877,0.0,0.0002929808514933502,0.0,0.0,0.0,0.0,0.03,8790.270198920713,7778.801422634172,0.4252869877509139,0.5747130122490861,2.4403283369278954,0.0,0.028673780655811318,-55,-50,-74.74287503864271,-71.76115520577379
2023-06-29,2023-06-01,0.9225186872936489,0.9601423858594114,70.0,70.0,8805.270198920713,7798.801422634172,-2.287682454291115,-5.888327883429255,0.08450095996679476,7.445384573574764e-05,7.445384573574764e-05,7.445384573574764e-05,0.0,0.0,0.0,0.0,0.13419629677357311,0.06431842250428879,0.06431842250428879,0.0024643773032832906,0.0001384608869313676,0.0001384608869313676,0.0005066678684853804,0.00020508659604534513,0.0,0.0,0.0,0.0,0.03,8735.270198920713,7728.801422634172,0.4252869877509139,0.5747130122490861,2.4403283369278954,2.4403283369278954,0.44358166182859093,70,70,75.87922170482618,72.90585337230361
2023-07-13,2023-07-01,0.0,0.0,0.0,0.0,8805.270198920713,7798.801422634172,-1.6013777180037805,-4.121829518400479,0.0,0.0,0.0,0.0,0.0,0.0,0.0,0.0,0.030337489367730112,0.01454033759340884,0.01454033759340884,0.0,0.0,0.0,0.0,0.0001435606172317416,0.0,0.0,0.0,-0.003,0.03,8805.270198920713,7798.801422634172,0.4457004440855874,0.5542995559144126,2.4403283369278954,0.0,0.005056248227955017,155,150,0.0,0.0
2023-07-27,2023-07-01,0.7281117573734072,0.7158186351244223,275.0,260.0,9080.270198920713,8058.801422634172,101.56830817834833,100.33521576189804,1.1926120603507764,0.0010508111907703926,0.0010508111907703926,0.0010508111907703926,0.0,1.120585065315668,0.27525856603904425,0.27525856603904425,1.0446739361214374,0.5006977183286097,0.5006977183286097,1.3687671616050827,0.0769040986320852,0.0769040986320852,0.01195115254686589,0.0001004924320622191,0.0,0.0,0.0,-0.003,0.03,8805.270198920713,7798.801422634172,0.4457004440855874,0.5542995559144126,2.4403283369278954,2.4403283369278954,1.1944944267201427,275,260,377.68927258095096,363.2204964247784
2023-08-10,2023-08-01,0.7675074267205182,0.7629298534052291,240.0,230.0,9320.270198920713,8288.801422634173,143.79837293703366,141.7040442854443,0.8659668852086553,0.0007630039340254459,0.0007630039340254459,0.0007630039340254459,0.0,2.2400161081954044,0.5502336600145001,0.5502336600145001,0.4740662134805815,0.22721335645423674,0.22721335645423674,0.6689034267145602,0.03758229781248815,0.03758229781248815,0.008165791080508342,0.0008381638191515571,0.0,0.0,0.0,0.001,0.03,9080.270198920713,8058.801422634172,0.4445049789642544,0.5554950210357457,1.7650463738138482,0.0,0.7081587722665333,240,230,312.70055721218984,301.4693932521157
2023-08-24,2023-08-01,0.5634645706148766,0.5849915135361355,55.0,55.0,9375.270198920713,8343.801422634173,143.2692572871926,138.21128892159862,0.04532642412267443,3.99371390657431e-05,3.99371390657431e-05,3.99371390657431e-05,0.0,2.168789473813735,0.5327376734530849,0.5327376734530849,0.22490581528595346,0.10779423575034267,0.10779423575034267,0.21257448641738708,0.011943484420635362,0.011943484420635362,0.004592955778265647,0.001018584557655849,0.0,0.0,0.0,0.001,0.03,9320.270198920713,8288.801422634173,0.4445049789642544,0.5554950210357457,1.7650463738138482,1.7650463738138482,0.7361070955755994,55,55,97.61039623126906,94.0184579217876
2023-09-06,2023-09-01,0.0,0.0,0.0,0.0,9375.270198920713,8343.801422634173,100.28848010103482,96.74790224511904,0.0,0.0,0.0,0.0,0.0,1.064134481579531,0.2613921428533142,0.2613921428533142,0.018747985274209247,0.00898564913460591,0.00898564913460591,0.0,0.0,0.0,0.0,0.0007130091903590942,0.0,0.0,0.0,0.0,0.03,9375.270198920713,8343.801422634173,0.4315569171039461,0.5684430828960538,1.8288429125564358,0.0,0.18048041114229,0,0,0.0,0.0
2023-09-21,2023-09-01,0.876980570498221,0.8734619908263417,385.0,370.0,9760.270198920713,8713.801422634173,124.20824128599031,121.3252496611824,2.094610138018423,0.0018455622297526455,0.0018455622297526455,0.0018455622297526455,0.0,1.6567371278218543,0.40695802596603836,0.40695802596603836,2.084767751100202,0.9992002481620232,0.9992002481620232,0.3734548579197579,0.020982538180134097,0.020982538180134097,0.005833086066493534,0.0016546720856002112,0.0,0.0,0.0,0.0,0.03,9375.270198920713,8343.801422634173,0.4315569171039461,0.5684430828960538,1.8288429125564358,1.8288429125564358,1.339735464569445,385,370,439.0063052152659,423.6017180895991
2023-10-11,2023-10-01,1.0,1.0,-66.5690402544899,-64.006013499709,9693.701158666223,8649.795409134464,86.94576890019322,84.92767476282768,-0.05768921940401384,-5.0830005289998704e-05,-5.0830005289998704e-05,0.0,5.0830005289998704e-05,0.8129878009108397,0.19970090911653773,0.19970090911653773,1.2433148928213584,0.595903571894292,0.595903571894292,0.0,0.0,0.0,0.0,0.0011582704599201478,0.0,0.0,0.0,-0.002,0.03,9760.270198920713,8713.801422634173,0.4201419963009367,0.5798580036990633,2.4403283369278954,0.0,0.33310224572136393,-85,-80,-66.5690402544899,-64.006013499709
2023-10-25,2023-10-01,1.0,1.0,-62.08497761600442,-59.90776023942204,9631.616181050218,8589.887648895041,60.86203823013525,59.44937233397937,-0.0511280608610317,-4.5048964622544324e-05,-4.5048964622544324e-05,0.0,4.5048964622544324e-05,0.39836402244631136,0.09785344546710348,0.09785344546710348,0.031657257146332406,0.015172883972351878,0.015172883972351878,0.0,0.0,0.0,0.0,0.0008107893219441034,0.0,0.0,0.0,-0.002,0.03,9693.701158666223,8649.795409134464,0.4201419963009367,0.5798580036990633,2.4403283369278954,2.4403283369278954,0.46987025927658443,-70,-70,-62.08497761600442,-59.90776023942204
2023-11-08,2023-11-01,0.7008900300117242,0.7012909689237291,-140.0,-135.0,9491.616181050218,8454.887648895041,-17.14260186718832,-15.887561854950377,-0.2633753189229678,-0.00023206014906102364,-0.00023206014906102364,0.0,0.00023206014906102364,0.0,0.0,0.0,0.19633607013402293,0.09410115342466413,0.09410115342466413,0.44114190780434037,0.02478553090705975,0.02478553090705975,0.0,0.046423673686488275,0.02264596867183788,0.00013334130874409736,0.00013334130874409736,-0.005,0.03,9631.616181050218,8589.887648895041,0.4182045873978381,0.5817954126021618,2.4403283369278954,0.0,0.06612477128120554,-140,-135,-199.746028628283,-192.50212248873592
2023-11-22,2023-11-01,0.7562631918573537,0.7619235682133456,-340.0,-330.0,9151.616181050218,8124.887648895041,-121.57875581126558,-114.23560261668939,-1.6149380341813346,-0.0014229228557519008,-0.0014229228557519008,0.0,0.0014229228557519008,0.0,0.0,0.0,1.1933860560117926,0.5719733733845389,0.5719733733845389,1.4459054175840587,0.08123810679104611,0.08123810679104611,0.0,0.0783526927416692,0.32102047762882446,0.0018901947291799696,0.0018901947291799696,-0.005,0.03,9491.616181050218,8454.887648895041,0.4182045873978381,0.5817954126021618,2.4403283369278954,2.4403283369278954,0.6309503756618725,-340,-330,-449.57893450423376,-433.1143093182241
2023-12-06,2023-12-01,0.7897198670127116,0.7445351287841662,-55.0,-50.0,9096.616181050218,8074.887648895041,-99.75007824214126,-97.12092034266021,-0.0421593330941926,-3.714661328996119e-05,-3.714661328996119e-05,0.0,3.714661328996119e-05,0.0,0.0,0.0,0.5165957175777337,0.24759715749186118,0.24759715749186118,0.03399247691580542,0.0019098652209163808,0.0019098652209163808,0.0,0.09171114630548674,0.548599260242163,0.0032301971444349325,0.0032301971444349325,-0.003,0.03,9151.616181050218,8124.887648895041,0.4133027230406224,0.5866972769593776,2.4403283369278954,0.0,0.17617135360691819,-55,-50,-69.64494917425536,-67.15599851097762
2023-12-20,2023-12-01,1.0,1.0,-410.62805471658464,-394.4596160798537,8685.988126333634,7680.428032815187,-69.82505476949888,-67.98464423986212,-2.5448174412501468,-0.002242240150537137,-0.002242240150537137,0.0,0.002242240150537137,0.0,0.0,0.0,2.128339975354006,1.0200838104985934,1.0200838104985934,0.0,0.0,0.0,0.0,0.101062063800159,0.7439693735153295,0.004380552290237242,0.004380552290237242,-0.003,0.03,9096.616181050218,8074.887648895041,0.4133027230406224,0.5866972769593776,2.4403283369278954,2.4403283369278954,0.46130337409118055,-415,-400,-410.62805471658464,-394.4596160798537
2024-01-04,2024-01-01,0.9815424761571877,0.9698354105864273,200.0,190.0,8885.988126333634,7870.428032815187,-45.11661626117072,-41.67972041661818,0.6543322163880704,0.0005765325023293362,0.0005765325023293362,0.0005765325023293362,0.0,0.0,0.0,0.0,2.518900522826056,1.2072740602280518,1.2072740602280518,0.003397561281204505,0.00019089177122857617,0.00019089177122857617,0.0005987018436774958,0.07074478682717839,0.21850015226210806,0.001286546700015792,0.001286546700015792,-0.008,0.03,8685.988126333634,7680.428032815187,0.4333232261976956,0.5666767738023044,2.4403283369278954,0.0,0.565855075459573,200,190,203.76092207747848,195.9095305512853
2024-01-18,2024-01-01,0.0,0.0,0.0,0.0,8885.988126333634,7870.428032815187,-31.581631382819502,-29.175804291632726,0.0,0.0,0.0,0.0,0.0,0.0,0.0,0.0,0.23374970892795408,0.11203299122665031,0.11203299122665031,0.0,0.0,0.0,0.0,0.049521350779024864,0.036425589635537575,0.00021447683974844188,0.00021447683974844188,-0.008,0.03,8885.988126333634,7870.428032815187,0.4333232261976956,0.5666767738023044,2.4403283369278954,2.4403283369278954,0.45175060591523103,-50,-50,0.0,0.0
2024-02-01,2024-02-01,1.0,1.0,152.60516385952997,146.9751511367754,9038.593290193163,8017.403183951963,-22.10714196797366,-20.423063004142904,0.3693340009923422,0.0003254204064149801,0.0003254204064149801,0.0003254204064149801,0.0,0.0,0.0,0.0,0.3283474514924013,0.15737237629536138,0.15737237629536138,0.0,0.0,0.0,0.0,0.034664945545317405,0.0,0.0,0.0,0.0069999999999999,0.03,8885.988126333634,7870.428032815187,0.4333232261976956,0.5666767738023044,0.941076595519789,0.0,0.11628024208079055,200,200,152.60516385952997,146.9751511367754
2024-02-19,2024-02-01,0.0,0.0,0.0,0.0,9038.593290193163,8017.403183951963,-15.474999377581561,-14.296144102900032,0.0,0.0,0.0,0.0,0.0,0.0,0.0,0.0,0.1382061870510289,0.06624030726014318,0.06624030726014318,0.0,0.0,0.0,0.0,0.024265461881722183,0.0,0.0,0.0,0.0069999999999999,0.03,9038.593290193163,8017.403183951963,0.4333232261976956,0.5666767738023044,0.941076595519789,0.941076595519789,0.1798804637618029,0,0,0.0,0.0
2024-03-05,2024-03-01,0.806858864105013,0.8024577530100184,125.0,120.0,9163.593290193163,8137.403183951963,19.089266262301237,19.53328185631935,0.23814038420131375,0.0002098256331732042,0.0002098256331732042,0.0002098256331732042,0.0,0.04140261686192856,0.010170066780666977,0.010170066780666977,0.21949436950004894,0.10520060489177935,0.10520060489177935,0.11392116751727335,0.0064006537771969275,0.0064006537771969275,0.0034494326309239803,0.017253646278481163,0.0,0.0,0.0,0.001,0.03,9038.593290193163,8017.403183951963,0.4333232261976956,0.5666767738023044,2.0185376210491364,0.0,0.10215975634676072,125,120,154.92176582660832,149.54058272834936
2024-03-18,2024-03-01,0.0,0.0,0.0,0.0,9163.593290193163,8137.403183951963,13.362486383610864,13.673297299423544,0.0,0.0,0.0,0.0,0.0,0.020287282262344993,0.004983332722526819,0.004983332722526819,0.092389419151802,0.04428096630682614,0.04428096630682614,0.0,0.0,0.0,0.0,0.012077552394936812,0.0,0.0,0.0,0.001,0.03,9163.593290193163,8137.403183951963,0.4333232261976956,0.5666767738023044,2.0185376210491364,2.0185376210491364,0.35520238707721374,0,0,0.0,0.0
2024-04-02,2024-04-01,0.9622894002448061,0.9469857720447372,200.0,190.0,9363.593290193163,8327.403183951963,17.191424172743893,20.207902247384737,0.5847267119279287,0.0005152030512382391,0.0005152030512382391,0.0005152030512382391,0.0,0.04019487876308864,0.0098734000950872,0.0098734000950872,0.5553375818672268,0.2661655953391427,0.2661655953391427,0.011826532006728247,0.0006644729720534846,0.0006644729720534846,0.001071644659094239,0.06561027868513397,0.16042169890078922,0.0009445760343642983,0.0009445760343642983,0.003,0.03,9163.593290193163,8137.403183951963,0.4354917791651685,0.5645082208348315,1.341208402965239,0.0,0.22541790057762684,200,190,207.8376837042163,200.63659413778825
2024-04-17,2024-04-01,0.7921719440843198,0.8006438931345671,200.0,195.0,9563.593290193163,8522.403183951963,64.5044378315518,62.69950316041735,0.5768045673591764,0.0005082228449796363,0.0005082228449796363,0.0005082228449796363,0.0,0.4440006088273121,0.10906353715488853,0.10906353715488853,0.33127077728701393,0.15877348577525136,0.15877348577525136,0.32573061443364043,0.018301154500608804,0.018301154500608804,0.005568252475359132,0.10373540556514492,0.8052832272460368,0.0047415732568856575,0.0047415732568856575,0.003,0.03,9363.593290193163,8327.403183951963,0.4354917791651685,0.5645082208348315,1.341208402965239,0.0,0.41384829919219646,200,195,252.47044091063108,243.55397158724804
2024-04-30,2024-04-01,0.6426657605371493,0.6668531170359189,-70.0,-70.0,9493.593290193163,8452.403183951963,6.231791082471702,8.91900993481206,-0.06970259194633303,-6.14149949325232e-05,-6.14149949325232e-05,0.0,6.14149949325232e-05,0.007017510570286513,0.0017237690886026241,0.0017237690886026241,0.4838074105926721,0.23188217702989056,0.23188217702989056,0.17363819774341732,0.00975585144072154,0.00975585144072154,0.0,0.12961533729903255,1.524347254233687,0.008975480837468424,0.008975480837468424,0.003,0.03,9563.593290193163,8522.403183951963,0.4354917791651685,0.5645082208348315,1.341208402965239,1.341208402965239,0.5767193640264946,-70,-70,-108.92131539961456,-104.97064227748008
2024-05-16,2024-05-01,0.8488902444320581,0.8432846531905727,-235.0,-225.0,9258.593290193163,8227.403183951963,-37.46976491769294,-35.57051344270758,-0.7559771581767697,-0.000666091920574155,-0.000666091920574155,0.0,0.000666091920574155,0.0,0.0,0.0,0.6050950974131956,0.2900136819450584,0.2900136819450584,0.22572496309956727,0.012682343142698355,0.012682343142698355,0.0,0.11806618298742427,1.1753493619140538,0.006920552810975894,0.006920552810975894,0.003,0.03,9493.593290193163,8452.403183951963,0.4434606871330959,0.5565393128669041,1.8130852618484614,0.0,0.20836537737500777,-235,-225,-276.8320186754231,-266.81382039707603
2024-05-29,2024-05-01,0.0,0.0,0.0,0.0,9258.593290193163,8227.403183951963,-26.22883544238506,-24.899359409895304,0.0,0.0,0.0,0.0,0.0,0.0,0.0,0.0,0.32560836035659513,0.15605956793040487,0.15605956793040487,0.0,0.0,0.0,0.0,0.10998177496929848,0.9580079589349707,0.0056408289211539965,0.0056408289211539965,0.003,0.03,9258.593290193163,8227.403183951963,0.4434606871330959,0.5565393128669041,1.8130852618484614,1.8130852618484614,0.5161169301900044,0,0,0.0,0.0
2024-06-14,2024-06-01,1.0,1.0,-177.7984666561842,-171.12116372840504,9080.794823536979,8056.282020223558,-18.360184809669533,-17.42955158692672,-0.45818415204384527,-0.0004037063269842374,-0.0004037063269842374,0.0,0.0004037063269842374,0.0,0.0,0.0,0.4453292295744058,0.21344011891479117,0.21344011891479117,0.0,0.0,0.0,0.0,0.13634399592216834,1.7485642292824826,0.010295688655861675,0.010295688655861675,0.002,0.03,9258.593290193163,8227.403183951963,0.4526893088410202,0.5473106911589798,1.9521110208748207,0.0,0.2892848844688404,-190,-180,-177.7984666561842,-171.12116372840504
2024-06-28,2024-06-01,0.7861455967203415,0.7766631990914984,210.0,200.0,9290.794823536979,8256.282020223558,44.27396136767334,45.3111932133551,0.6575916138944251,0.0005794043593972911,0.0005794043593972911,0.0005794043593972911,0.0,0.2218159161372896,0.054486475762005264,0.054486475762005264,1.2419553847620703,0.5952519785503801,0.5952519785503801,0.4240951646470491,0.023827760693178487,0.023827760693178487,0.006529000226814251,0.15501833129291512,2.451410058359325,0.014434102165679112,0.014434102165679112,0.002,0.03,9080.794823536979,8056.282020223558,0.4526893088410202,0.5473106911589798,1.9521110208748207,1.9521110208748207,1.1581631931124963,210,200,267.126090734442,257.5118793242038
2024-07-12,2024-07-01,1.0,1.0,105.18830223819728,101.63455543817348,9395.983125775176,8357.916575661731,30.991772957371325,31.717835249348568,0.15972869369061915,0.00014073704635174624,0.00014073704635174624,0.00014073704635174624,0.0,0.10845823818785325,0.026641492951094907,0.026641492951094907,0.15405866641046448,0.07383818059714783,0.07383818059714783,0.0,0.0,0.0,0.0,0.15062769800271517,2.2755087320275287,0.013398380823713626,0.013398380823713626,0.005,0.03,9290.794823536979,8256.282020223558,0.4623984076961353,0.5376015923038646,1.4436653535622153,0.0,0.44962572171941073,110,105,105.18830223819728,101.63455543817348
2024-07-26,2024-07-01,1.0,1.0,-116.15576959573856,-111.86519898120515,9279.827356179438,8246.051376680525,21.69424107015992,22.202484674543996,-0.1895047305249182,-0.00016697272999313922,-0.00016697272999313922,0.0,0.00016697272999313922,0.05314453671204808,0.013054331546036501,0.013054331546036501,0.4013644770542666,0.19236842322815084,0.19236842322815084,0.0,0.0,0.0,0.0,0.1475542546995752,2.1562738801519545,0.012696316300557712,0.012696316300557712,0.005,0.03,9395.983125775176,8357.916575661731,0.4623984076961353,0.5376015923038646,1.4436653535622153,1.4436653535622153,0.6441572528259274,-145,-140,-116.15576959573856,-111.86519898120515
2024-08-09,2024-08-01,0.7842685372286189,0.7747369387660602,-305.0,-290.0,8974.827356179438,7956.051376680525,-68.71143758798644,-68.77886619925715,-1.3225986854853289,-0.001165342482950759,-0.001165342482950759,0.0,0.001165342482950759,0.0,0.0,0.0,0.9557925469903029,0.45809810212198576,0.45809810212198576,0.9126636847181152,0.05127795288804188,0.05127795288804188,0.0,0.13795050484632954,1.8043715947648227,0.01062428697103242,0.01062428697103242,0.006,0.03,9279.827356179438,8246.051376680525,0.4564638530155772,0.5435361469844229,1.2747202966408788,0.0,0.3917048568313185,-305,-290,-388.8974063370984,-374.32060547143794
2024-08-22,2024-08-01,0.0,0.0,0.0,0.0,8974.827356179438,7956.051376680525,-48.0980063115905,-48.145206339480005,0.0,0.0,0.0,0.0,0.0,0.0,0.0,0.0,0.5444916976479652,0.26096731356521197,0.26096731356521197,0.0,0.0,0.0,0.0,0.13122787994905757,1.5766803779002068,0.00928362253374474,0.00928362253374474,0.006,0.03,8974.827356179438,7956.051376680525,0.4564638530155772,0.5435361469844229,1.2747202966408788,1.2747202966408788,0.5659820620315082,0,0,0.0,0.0
2024-09-06,2024-09-01,0.5208841062340791,0.5424230572001975,-100.0,-100.0,8874.827356179438,7856.051376680525,-125.64988932040444,-118.05958916838884,-0.16225579949236987,-0.00014296368076625936,-0.00014296368076625936,0.0,0.00014296368076625936,0.0,0.0,0.0,0.14711994674293757,0.07051254856448581,0.07051254856448581,0.9921264594414262,0.05574256398941767,0.05574256398941767,0.0,0.1256715167430774,1.4000769590226294,0.008243767213662859,0.008243767213662859,0.004,0.03,8974.827356179438,7956.051376680525,0.4438961807954209,0.5561038192045791,1.6231203419647426,0.0,0.39617792761910375,-100,-100,-191.9812849022911,-184.35794473075285
2024-09-21,2024-09-01,1.0,1.0,-350.0173105689035,-336.2067495364629,8524.810045610535,7519.8446271440625,-87.95492252428312,-82.64171241787221,-1.9395755534635397,-0.001708961165732889,-0.001708961165732889,0.0,0.001708961165732889,0.0,0.0,0.0,1.3603834044121992,0.652012884680714,0.652012884680714,0.0,0.0,0.0,0.0,0.12178206249889126,1.2826941321073266,0.007552607564376899,0.007552607564376899,0.004,0.03,8874.827356179438,7856.051376680525,0.4438961807954209,0.5561038192045791,1.6231203419647426,1.6231203419647426,0.3877703875034546,-365,-350,-350.0173105689035,-336.2067495364629
2024-10-11,2024-10-01,0.8970264243841484,0.89951799583333,140.0,135.0,8664.810045610535,7654.8446271440625,-45.49723516011254,-42.7688216179713,0.34017915064224175,0.0002997320505517074,0.0002997320505517074,0.0002997320505517074,0.0,0.0,0.0,0.0,1.5827138839770118,0.7585727977635526,0.7585727977635526,0.0310186191627032,0.0017427792063058481,0.0017427792063058481,0.0019133969127755807,0.09978681425696387,0.7155763543807319,0.004213371880096004,0.004213371880096004,0.003,0.03,8524.810045610535,7519.8446271440625,0.4289927404718693,0.5710072595281307,1.5203362310414255,0.0,0.4449146680271146,140,135,156.07121060688564,150.08037707453926
2024-10-24,2024-10-01,1.0,1.0,55.63730372372094,53.62011011591616,8720.447349334256,7708.464737259978,-31.848064612078776,-29.938175132579907,0.051872137058570925,4.5704570599671646e-05,4.5704570599671646e-05,4.5704570599671646e-05,0.0,0.0,0.0,0.0,0.06760724640462795,0.03240321486621482,0.03240321486621482,0.0,0.0,0.0,0.0,0.0843901404876147,0.41636959917164595,0.0024516181259159504,0.0024516181259159504,0.003,0.03,8664.810045610535,7654.8446271440625,0.4289927404718693,0.5710072595281307,1.5203362310414255,1.5203362310414255,0.34269753561271155,90,85,55.63730372372094,53.62011011591616
2024-11-07,2024-11-01,1.0,1.0,-142.69020436323288,-137.07800323587335,8577.757144971023,7571.386734024105,-22.293645228455148,-20.95672259280593,-0.3363869756901615,-0.00029639076296164807,-0.00029639076296164807,0.0,0.00029639076296164807,0.0,0.0,0.0,0.39874449184921135,0.1911127006827064,0.1911127006827064,0.0,0.0,0.0,0.0,0.08922611488612318,0.5016744234844182,0.0029538998821472774,0.0029538998821472774,0.002,0.03,8720.447349334256,7708.464737259978,0.4090985963132081,0.5909014036867918,2.013560113213371,0.0,0.09400532327391128,-145,-140,-142.69020436323288,-137.07800323587335
2024-11-20,2024-11-01,0.0,0.0,0.0,0.0,8577.757144971023,7571.386734024105,35.143879329730694,-14.669705814964152,0.0,0.0,0.0,0.0,0.0,0.05031045791931953,0.01235817336164345,0.01235817336164345,0.12046330572584885,0.05773639049825294,0.05773639049825294,0.13023386678683657,0.007317181780477582,0.007317181780477582,0.0025939408232429524,0.09261129696507912,0.5661143165456526,0.003333327223085011,0.003333327223085011,0.002,0.03,8577.757144971023,7571.386734024105,0.4090985963132081,0.5909014036867918,2.013560113213371,2.013560113213371,0.4801136766985046,0,0,50.7494309896493,0.0
2024-12-04,2024-12-01,0.0,0.0,0.0,0.0,8577.757144971023,7571.386734024105,24.600715530811485,45.190483458751395,0.0,0.0,0.0,0.0,0.0,0.167514181809675,0.04114789220677845,0.04114789220677845,0.0,0.0,0.0,0.24140870403496628,0.013563533160730067,0.013563533160730067,0.004069489858111781,0.07997418546420829,0.34541254379236747,0.002033817202228082,0.002033817202228082,0.001,0.03,8577.757144971023,7571.386734024105,0.4116351991460404,0.5883648008539596,2.2245448960594727,0.0,0.12572257160616807,0,0,0.0,55.4592775292263
2024-12-18,2024-12-01,0.0,0.0,0.0,0.0,8577.757144971023,7571.386734024105,17.22050087156804,31.633338421125973,0.0,0.0,0.0,0.0,0.0,0.08208194908674071,0.02016246718132143,0.02016246718132143,0.0,0.0,0.0,0.0,0.0,0.0,0.0,0.0711282074135987,0.22319649118605217,0.0013141991262599077,0.0013141991262599077,0.001,0.03,8577.757144971023,7571.386734024105,0.4116351991460404,0.5883648008539596,2.2245448960594727,2.2245448960594727,0.4216372227220441,0,0,0.0,0.0
