scenario,variable,variable_label,x_value,alpha_gasoline,alpha_diesel,u_gasoline,u_diesel,LC,LF,LV,LT,Lpi,LE,weighted_loss,base_f_gasoline,base_f_diesel
upward_base,f_gasoline,gasoline f,-407.3684574596617,0.99,0.87,-403.29477288506513,140.27997451963572,-0.8518684985713186,0.07867352462035197,1.1650516157311765,0.033981063320218115,0.30132196726436844,0.0,0.121193278727466,-407.3684574596617,161.24135002256978
upward_base,f_gasoline,gasoline f,-397.86516534606864,0.99,0.87,-393.88651369260793,140.27997451963572,-0.8027232889256551,0.07872835757763487,1.1191310093973046,0.033939871637621175,0.30132196726436844,0.0,0.1217329861585456,-397.86516534606864,161.24135002256978
upward_base,f_gasoline,gasoline f,-388.36187323247555,0.99,0.87,-384.4782545001508,140.27997451963572,-0.7547380936410892,0.078783973764347,1.0742943044894646,0.033899652235816466,0.30132196726436844,0.0,0.12226030068548449,-388.36187323247555,161.24135002256978
upward_base,f_gasoline,gasoline f,-378.85858111888246,0.99,0.87,-375.0699953076936,140.27997451963572,-0.7079129127176199,0.07884037318048827,1.0305415010076568,0.03386040511480406,0.30132196726436844,0.0,0.12277522230828292,-378.85858111888246,161.24135002256978
upward_base,f_gasoline,gasoline f,-369.35528900528936,0.99,0.87,-365.66173611523647,140.27997451963572,-0.6622477461552485,0.07889755582605877,0.9878725989518814,0.03382213027458388,0.30132196726436844,0.0,0.12327775102694061,-369.35528900528936,161.24135002256978
upward_base,f_gasoline,gasoline f,-359.8519968916962,0.99,0.87,-356.25347692277927,140.27997451963572,-0.6177425939539737,0.07895552170105848,0.9462875983221379,0.033784827715155966,0.30132196726436844,0.0,0.1237678868414578,-359.8519968916962,161.24135002256978
upward_base,f_gasoline,gasoline f,-350.3487047781031,0.99,0.87,-346.8452177303221,140.27997451963572,-0.5743974561137963,0.07901427080548733,0.9057864991184268,0.03374849743652034,0.30132196726436844,0.0,0.12424562975183438,-350.3487047781031,161.24135002256978
upward_base,f_gasoline,gasoline f,-340.84541266451004,0.99,0.87,-337.43695853786494,140.27997451963572,-0.5322123326347167,0.07907380313934541,0.866369301340748,0.03371313943867696,0.30132196726436844,0.0,0.12471097975807031,-340.84541266451004,161.24135002256978
upward_base,f_gasoline,gasoline f,-331.34212055091695,0.99,0.87,-328.02869934540774,140.27997451963572,-0.49118722351673383,0.07913411870263264,0.8280360049891011,0.033678753721625855,0.30132196726436844,0.0,0.12516393686016564,-331.34212055091695,161.24135002256978
upward_base,f_gasoline,gasoline f,-321.83882843732385,0.99,0.87,-318.6204401529506,140.27997451963572,-0.4513221287598486,0.07919521749534911,0.7907866100634866,0.033645340285367,0.30132196726436844,0.0,0.12560450105812038,-321.83882843732385,161.24135002256978
upward_base,f_gasoline,gasoline f,-312.33553632373076,0.99,0.87,-309.21218096049347,140.27997451963572,-0.41261704836406043,0.07925709951749477,0.7546211165639045,0.033612899129900405,0.30132196726436844,0.0,0.1260326723519346,-312.33553632373076,161.24135002256978
upward_base,f_gasoline,gasoline f,-302.8322442101377,0.99,0.87,-299.8039217680363,140.27997451963572,-0.37507198232936956,0.07931976476906957,0.7195395244903543,0.03358143025522609,0.30132196726436844,0.0,0.1264484507416081,-302.8322442101377,161.24135002256978
upward_base,f_gasoline,gasoline f,-293.3289520965445,0.99,0.87,-290.3956625755791,140.27997451963572,-0.338686930655776,0.07938321325007361,0.6855418338428362,0.033550933661344026,0.30132196726436844,0.0,0.126851836227141,-293.3289520965445,161.24135002256978
upward_base,f_gasoline,gasoline f,-283.8256599829515,0.99,0.87,-280.987403383122,140.27997451963572,-0.30346189334327983,0.07944744496050683,0.6526280446213507,0.033521409348254226,0.30132196726436844,0.0,0.12724282880853333,-283.8256599829515,161.24135002256978
upward_base,f_gasoline,gasoline f,-274.32236786935835,0.99,0.87,-271.57914419066475,140.27997451963572,-0.2693968703918805,0.07951245990036922,0.6207981568258968,0.0334928573159567,0.30132196726436844,0.0,0.12762142848578506,-274.32236786935835,161.24135002256978
upward_base,f_gasoline,gasoline f,-264.81907575576525,0.99,0.87,-262.1708849982076,140.27997451963572,-0.23649186180157888,0.0795782580696608,0.5900521704564755,0.033465277564451425,0.30132196726436844,0.0,0.12798763525889617,-264.81907575576525,161.24135002256978
upward_base,f_gasoline,gasoline f,-255.31578364217216,0.99,0.87,-252.76262580575045,140.27997451963572,-0.20474686757237429,0.07964483946838159,0.5603900855130863,0.03343867009373842,0.30132196726436844,0.0,0.1283414491278667,-255.31578364217216,161.24135002256978
upward_base,f_gasoline,gasoline f,-245.81249152857907,0.98,0.87,-240.8962416980075,140.27997451963572,-0.16636198928088763,0.07822162923825766,0.5245237844451758,0.03438879421690532,0.30132196726436844,0.0,0.12868236431396987,-245.81249152857907,161.24135002256978
upward_base,f_gasoline,gasoline f,-236.30919941498598,0.98,0.87,-231.58301542668625,140.27997451963572,-0.13752846528034443,0.07831819010234702,0.49758213714336125,0.034290142580391404,0.30132196726436844,0.0,0.12899732863502056,-236.30919941498598,161.24135002256978
upward_base,f_gasoline,gasoline f,-226.80590730139286,0.98,0.87,-222.269789155365,140.27997451963572,-0.10983163936407614,0.07841788388415316,0.47170260485997484,0.034195380067046525,0.30132196726436844,0.0,0.1293010327852444,-226.80590730139286,161.24135002256978
upward_base,f_gasoline,gasoline f,-217.30261518779977,0.98,0.87,-212.95656288404376,140.27997451963572,-0.0832715115320826,0.07852071058367606,0.44688518759501644,0.03410450667687072,0.30132196726436844,0.0,0.12959347676464145,-217.30261518779977,161.24135002256978
upward_base,f_gasoline,gasoline f,-207.79932307420668,0.98,0.87,-203.64333661272255,140.27997451963572,-0.05784808178436413,0.07862667020091575,0.42312988534848617,0.03401752240986395,0.30132196726436844,0.0,0.12987466057321165,-207.79932307420668,161.24135002256978
upward_base,f_gasoline,gasoline f,-198.29603096061356,0.98,0.87,-194.33011034140128,140.27997451963572,-0.03356135012092045,0.07873576273587217,0.4004366981203838,0.033934427266026246,0.30132196726436844,0.0,0.13014458421095498,-198.29603096061356,161.24135002256978
upward_base,f_gasoline,gasoline f,-188.79273884702047,0.98,0.87,-185.01688407008007,140.27997451963572,-0.01041131654175173,0.07884798818854538,0.37880562591070954,0.03385522124535758,0.30132196726436844,0.0,0.13040324767787148,-188.79273884702047,161.24135002256978
upward_base,f_gasoline,gasoline f,-179.28944673342738,0.98,0.87,-175.70365779875883,140.27997451963572,0.01160201895314222,0.07896334655893533,0.35823666871946325,0.03377990434785798,0.30132196726436844,0.0,0.13065065097396114,-179.28944673342738,161.24135002256978
upward_base,f_gasoline,gasoline f,-169.7861546198343,0.98,0.87,-166.3904315274376,140.27997451963572,0.03247865636376115,0.07908183784704208,0.33872982654664513,0.03370847657352742,0.30132196726436844,0.0,0.130886794099224,-169.7861546198343,161.24135002256978
upward_base,f_gasoline,gasoline f,-160.2828625062412,0.97,0.87,-155.47437663105396,140.27997451963572,0.05550123839062758,0.0782759929458452,0.3172178433102831,0.034332383076004426,0.30132196726436844,0.0,0.13110823749785475,-160.2828625062412,161.24135002256978
upward_base,f_gasoline,gasoline f,-150.7795703926481,0.97,0.87,-146.25618328086867,140.27997451963572,0.07372675867869802,0.0784246735491403,0.3001881684261445,0.03418917163802142,0.30132196726436844,0.0,0.13130845659272872,-150.7795703926481,161.24135002256978
upward_base,f_gasoline,gasoline f,-141.27627827905496,0.97,0.87,-137.03798993068332,140.27997451963572,0.09083866044584585,0.07858040321729813,0.2841990433346327,0.03405471072716878,0.30132196726436844,0.0,0.13149913083155226,-141.27627827905496,161.24135002256978
upward_base,f_gasoline,gasoline f,-131.77298616546187,0.97,0.87,-127.81979658049801,140.27997451963572,0.10683694369207085,0.07874318195031868,0.26925046803574787,0.03392900034344653,0.30132196726436844,0.0,0.13168026021432533,-131.77298616546187,161.24135002256978
upward_base,f_gasoline,gasoline f,-122.26969405186878,0.97,0.87,-118.60160323031272,140.27997451963572,0.121721608417373,0.07891300974820198,0.2553424425294902,0.033812040486854635,0.30132196726436844,0.0,0.131851844741048,-122.26969405186878,161.24135002256978
upward_base,f_gasoline,gasoline f,-112.76640193827569,0.96,0.87,-108.25574586074465,140.27997451963572,0.13710082322617095,0.07843147727033664,0.24097231624351595,0.034182980658011536,0.30132196726436844,0.0,0.13200159411040052,-112.76640193827569,161.24135002256978
upward_base,f_gasoline,gasoline f,-103.2631098246826,0.96,0.87,-99.13258543169529,140.27997451963572,0.14949861826610464,0.0786411029863784,0.22938798748509617,0.034006165009422815,0.30132196726436844,0.0,0.1321426401685617,-103.2631098246826,161.24135002256978
upward_base,f_gasoline,gasoline f,-93.75981771108951,0.95,0.87,-89.07182682553503,140.27997451963572,0.16190586311658084,0.07833797171647669,0.2177948289539889,0.03427078813391634,0.30132196726436844,0.0,0.13227190319755516,-93.75981771108951,161.24135002256978
upward_base,f_gasoline,gasoline f,-84.25652559749642,0.95,0.87,-80.0436993176216,140.27997451963572,0.17191037693744804,0.07859465426535943,0.20844674917078743,0.03404312772260962,0.30132196726436844,0.0,0.13238614589342879,-84.25652559749642,161.24135002256978
upward_base,f_gasoline,gasoline f,-74.75323348390333,0.94,0.87,-70.26803947486913,140.27997451963572,0.18153876982211986,0.07844512688135698,0.19945011160483322,0.0341706510450374,0.30132196726436844,0.0,0.13248777110295262,-74.75323348390333,161.24135002256978
upward_base,f_gasoline,gasoline f,-65.24994137031024,0.93,0.87,-60.68244547438852,140.27997451963572,0.18976386561774997,0.07840120964101381,0.19176469549179317,0.03421075627297831,0.30132196726436844,0.0,0.1325770823813172,-65.24994137031024,161.24135002256978
upward_base,f_gasoline,gasoline f,-55.74664925671709,0.92,0.87,-51.286917316179725,140.27997451963572,0.1966572933722537,0.07845883271721416,0.18532357163683602,0.03415839122812414,0.30132196726436844,0.0,0.1326533427031327,-55.74664925671709,161.24135002256978
upward_base,f_gasoline,gasoline f,-46.243357143124,0.9,0.87,-41.6190214288116,140.27997451963572,0.20254288688099964,0.0783712221975437,0.17982415420622663,0.03423887970342889,0.30132196726436844,0.0,0.13271651837542783,-46.243357143124,161.24135002256978
upward_base,f_gasoline,gasoline f,-36.74006502953091,0.87,0.87,-31.963856575691892,140.27997451963572,0.20719822561436743,0.07829247194858732,0.17547426987635742,0.03431573014619983,0.30132196726436844,0.0,0.13276711080831335,-36.74006502953091,161.24135002256978
upward_base,f_gasoline,gasoline f,-27.23677291593782,0.83,0.87,-22.60652152022839,140.27997451963572,0.21054421043577723,0.07836811731141662,0.17234782778991842,0.0342418266711329,0.30132196726436844,0.0,0.13280399157876888,-27.23677291593782,161.24135002256978
upward_base,f_gasoline,gasoline f,-17.73348080234473,0.73,0.87,-12.945440985711652,140.27997451963572,0.21279484044275054,0.07828642104284227,0.17024487014056505,0.0343218212943907,0.30132196726436844,0.0,0.13282832003081946,-17.73348080234473,161.24135002256978
upward_base,f_gasoline,gasoline f,-8.230188688751639,0.42,0.87,-3.4566792492756884,140.27997451963572,0.21381466239462066,0.07829385400421246,0.16929196256889903,0.03431434272191847,0.30132196726436844,0.0,0.13283946482566977,-8.230188688751639,161.24135002256978
upward_base,f_gasoline,gasoline f,1.2731034248414517,1.0,0.87,1.2731034248414517,140.27997451963572,0.2139035776394413,0.08172680000983353,0.16922872856109908,0.033087781799455124,0.2977471134898751,0.0,0.1326156669166173,1.2731034248414517,161.24135002256978
upward_base,f_gasoline,gasoline f,10.776395538434599,1.0,0.87,10.776395538434599,140.27997451963572,0.21465391727980349,0.08172680000983353,0.169929835576212,0.033087781799455124,0.2717359827612683,0.0,0.12852238623776202,10.776395538434599,161.24135002256978
upward_base,f_gasoline,gasoline f,20.27968765202769,1.0,0.87,20.27968765202769,140.27997451963572,0.2165878242715556,0.08172680000983353,0.17173685160676436,0.033087781799455124,0.24691353026599727,0.0,0.1250087979922676,20.27968765202769,161.24135002256978
upward_base,f_gasoline,gasoline f,29.78297976562078,1.0,0.88,29.78297976562078,141.89238801986141,0.22465063716817157,0.07458424440225445,0.17856222094800278,0.02819313952142921,0.22643869860132085,0.0,0.1220714901068631,29.78297976562078,161.24135002256978
upward_base,f_gasoline,gasoline f,39.28627187921387,1.0,0.88,39.28627187921387,141.89238801986141,0.22895167886270354,0.07458424440225445,0.18258105500943403,0.02819313952142921,0.20383119502339994,0.0,0.11969021880320349,39.28627187921387,161.24135002256978
upward_base,f_gasoline,gasoline f,48.78956399280696,1.0,0.88,48.78956399280696,141.89238801986141,0.23443628790862542,0.07458424440225445,0.18770579808630472,0.02819313952142921,0.18241236967881466,0.0,0.11788863993290469,48.78956399280696,161.24135002256978
upward_base,f_gasoline,gasoline f,58.29285610640005,1.0,0.88,58.29285610640005,141.89238801986141,0.2411044643059372,0.07458424440225445,0.19393645017861483,0.02819313952142921,0.16218222256756484,0.0,0.11666675349596672,58.29285610640005,161.24135002256978
upward_base,f_gasoline,gasoline f,67.79614821999314,1.0,0.88,67.79614821999314,141.89238801986141,0.24895620805463894,0.07458424440225445,0.20127301128636438,0.02819313952142921,0.14314075368965062,0.0,0.11602455949238957,67.79614821999314,161.24135002256978
upward_base,f_gasoline,gasoline f,77.29944033358623,1.0,0.88,77.29944033358623,141.89238801986141,0.2579915191547306,0.07458424440225445,0.2097154814095534,0.02819313952142921,0.125287963045072,0.0,0.11596205792217325,77.29944033358623,161.24135002256978
upward_base,f_gasoline,gasoline f,86.80273244717932,1.0,0.89,86.80273244717932,143.5048015200871,0.27321225431458296,0.0677903185408334,0.22322101849251694,0.023690068625645377,0.11083053746579984,0.0,0.11645736623989637,86.80273244717932,161.24135002256978
upward_base,f_gasoline,gasoline f,96.30602456077247,1.0,0.89,96.30602456077247,143.5048015200871,0.28461470011745454,0.0677903185408334,0.23387530664658485,0.023690068625645377,0.09519269573857139,0.0,0.1175271816115149,96.30602456077247,161.24135002256978
upward_base,f_gasoline,gasoline f,105.8093166743655,0.99,0.89,104.75122350762184,143.5048015200871,0.29574083811174096,0.06881882415780234,0.24427141659373297,0.023750333099901464,0.08229349120189791,0.0,0.11914581719417922,105.8093166743655,161.24135002256978
upward_base,f_gasoline,gasoline f,115.31260878795865,0.98,0.89,113.00635661219948,143.5048015200871,0.3075199401815542,0.07015690175954009,0.255277647170717,0.023976372443410766,0.07059186088270186,0.0,0.12125378707298728,115.31260878795865,161.24135002256978
upward_base,f_gasoline,gasoline f,124.8159009015518,0.96,0.89,119.82326486548972,143.5048015200871,0.3179201117638371,0.07349513996249929,0.2649954241112998,0.025031824072347317,0.06160506475195621,0.0,0.1238412607769899,124.8159009015518,161.24135002256978
upward_base,f_gasoline,gasoline f,134.31919301514483,0.96,0.89,128.94642529453904,143.5048015200871,0.33279170849992723,0.07401805745021761,0.27889123906860463,0.025243920740663887,0.050534935473041415,0.0,0.1269133102054091,134.31919301514483,161.24135002256978
upward_base,f_gasoline,gasoline f,143.82248512873798,0.95,0.9,136.6313608723011,145.1172150203128,0.35122363628989234,0.07024747857321785,0.2953891741371846,0.022362171105871263,0.043437337276106415,0.0,0.130443299563712,143.82248512873798,161.24135002256978
upward_base,f_gasoline,gasoline f,153.32577724233101,0.94,0.9,144.12623060779114,145.1172150203128,0.36501192664839127,0.07353504609489701,0.3082727625506816,0.024134177703884298,0.035792648976105165,0.0,0.13445776032899315,153.32577724233101,161.24135002256978
upward_base,f_gasoline,gasoline f,162.82906935592416,0.93,0.9,151.4310345010095,145.1172150203128,0.37915894847981507,0.07753478035752949,0.32149154470669233,0.02657172990743172,0.029053279886391024,0.0,0.13896838055630986,162.82906935592416,161.24135002256978
upward_base,f_gasoline,gasoline f,172.3323614695172,0.93,0.9,160.269096166651,145.1172150203128,0.39721026307245566,0.07882764789544174,0.3383584441907741,0.027411842989434845,0.021838245872145515,0.0,0.14394107400337525,172.3323614695172,161.24135002256978
upward_base,f_gasoline,gasoline f,181.83565358311034,0.92,0.9,167.28880129646151,145.1172150203128,0.4122770888896061,0.0839935776751086,0.3524366785098221,0.030969300499081902,0.01684021066085802,0.0,0.14941947603907937,181.83565358311034,161.24135002256978
upward_base,f_gasoline,gasoline f,191.33894569670338,0.92,0.9,176.03183004096712,145.1172150203128,0.4319458330793209,0.08568188546188214,0.3708148819101045,0.032191042996577254,0.011522109961442487,0.0,0.1553592922348878,191.33894569670338,161.24135002256978
upward_base,f_gasoline,gasoline f,200.84223781029652,0.92,0.91,184.77485878547282,146.7296285205385,0.4577312416934168,0.08132365356301895,0.3941757119435671,0.02975508333347781,0.0077868670501869625,0.0,0.16179542626394453,200.84223781029652,161.24135002256978
upward_base,f_gasoline,gasoline f,210.34552992388967,0.91,0.91,191.4144322307396,146.7296285205385,0.47409795333791227,0.08832190913114212,0.4094685416583184,0.03515010317014608,0.005070940444026633,0.0,0.16868490795692417,210.34552992388967,161.24135002256978
upward_base,f_gasoline,gasoline f,219.8488220374827,0.91,0.91,200.06242805410926,146.7296285205385,0.49628177631518805,0.09054998123156813,0.430196800002612,0.03693263525105865,0.0024035076098490615,0.0,0.1760607834017126,219.8488220374827,161.24135002256978
upward_base,f_gasoline,gasoline f,229.35211415107585,0.91,0.91,208.71042387747903,146.7296285205385,0.51944571141615,0.09284149491575866,0.45184086160259135,0.03879392207614456,0.0007204192206966079,0.0,0.18394040153855679,229.35211415107585,161.24135002256978
upward_base,f_gasoline,gasoline f,238.8554062646689,0.9,0.91,214.969865638202,146.7296285205385,0.5368232670056614,0.10210902078370708,0.46807820996318256,0.046568915875371604,0.00011627521443005476,0.0,0.1922826148070587,238.8554062646689,161.24135002256978
upward_base,f_gasoline,gasoline f,248.35869837826203,0.9,0.91,223.52282854043582,146.7296285205385,0.5613982809800008,0.10499690115027176,0.49104076420807274,0.04906125700306616,0.0,0.0,0.20108286722356847,248.35869837826203,161.24135002256978
upward_base,f_gasoline,gasoline f,257.86199049185507,0.9,0.91,232.07579144266955,146.7296285205385,0.5869319845089661,0.10796310445975539,0.5148991047554686,0.05165082620998696,0.0,0.0,0.2102408366556961,257.86199049185507,161.24135002256978
upward_base,f_gasoline,gasoline f,267.3652826054482,0.9,0.91,240.6287543449034,146.7296285205385,0.6134243775925573,0.11100763071215819,0.5396532316053707,0.05433762349613409,0.0,0.0,0.21973714390103663,267.3652826054482,161.24135002256978
upward_base,f_gasoline,gasoline f,276.86857471904125,0.9,0.91,249.18171724713713,146.7296285205385,0.6408754602307739,0.11413047990748013,0.5653031447577784,0.05712164886150752,0.0,0.0,0.2295717889595899,276.86857471904125,161.24135002256978
upward_base,f_gasoline,gasoline f,286.3718668326344,0.9,0.91,257.73468014937094,146.7296285205385,0.6692852324236168,0.11733165204572131,0.5918488442126923,0.0600029023061074,0.0,0.0,0.2397447718313562,286.3718668326344,161.24135002256978
upward_base,f_gasoline,gasoline f,295.87515894622754,0.9,0.91,266.2876430516048,146.7296285205385,0.6986536941710855,0.12061114712688155,0.6192903299701124,0.0629813838299335,0.0,0.0,0.25025609251633535,295.87515894622754,161.24135002256978
upward_base,f_gasoline,gasoline f,305.3784510598206,0.9,0.91,274.8406059538385,146.7296285205385,0.72898084547318,0.12396896515096092,0.6476276020300379,0.06605709343298591,0.0,0.0,0.2611057510145274,305.3784510598206,161.24135002256978
upward_base,f_gasoline,gasoline f,314.8817431734137,0.9,0.91,283.39356885607236,146.7296285205385,0.7602666863299005,0.12740510611795947,0.6768606603924698,0.06923003111526466,0.0,0.0,0.2722937473259323,314.8817431734137,161.24135002256978
upward_base,f_gasoline,gasoline f,324.38503528700676,0.9,0.91,291.9465317583061,146.7296285205385,0.7925112167412462,0.13091957002787716,0.7069895050574073,0.07250019687676973,0.0,0.0,0.28382008145054993,324.38503528700676,161.24135002256978
upward_base,f_gasoline,gasoline f,333.8883274005999,0.9,0.91,300.49949466053994,146.7296285205385,0.8257144367072183,0.13451235688071395,0.7380141360248511,0.07586759071750113,0.0,0.0,0.29568475338838063,333.8883274005999,161.24135002256978
upward_base,f_gasoline,gasoline f,343.39161951419294,0.9,0.91,309.05245756277367,146.7296285205385,0.8598763462278158,0.13818346667646994,0.7699345532948003,0.07933221263745883,0.0,0.0,0.307887763139424,343.39161951419294,161.24135002256978
upward_base,f_gasoline,gasoline f,352.8949116277861,0.9,0.91,317.6054204650075,146.7296285205385,0.8949969453030397,0.14193289941514503,0.802750756867256,0.08289406263664287,0.0,0.0,0.3204291107036805,352.8949116277861,161.24135002256978
upward_base,f_diesel,diesel f,-391.4387644885913,0.91,1.0,152.72769207748797,-391.4387644885913,-1.5126098701568176,0.039949691005851676,1.4604200663754492,0.01228149865700914,0.0,0.0,6.897646915382007e-06,167.8326286565802,-391.4387644885913
upward_base,f_diesel,diesel f,-382.3016147813076,0.91,1.0,152.72769207748797,-382.3016147813076,-1.435765663560195,0.039949691005851676,1.3996257093317819,0.01228149865700914,0.0,0.0,0.00268187257240795,167.8326286565802,-382.3016147813076
upward_base,f_diesel,diesel f,-373.1644650740239,0.91,1.0,152.72769207748797,-373.1644650740239,-1.3607363732807831,0.039949691005851676,1.3402672012021657,0.01228149865700914,0.0,0.0,0.005293669597373923,167.8326286565802,-373.1644650740239
upward_base,f_diesel,diesel f,-364.0273153667402,0.91,1.0,152.72769207748797,-364.0273153667402,-1.2875219993185814,0.039949691005851676,1.2823445419866006,0.01228149865700914,0.0,0.0,0.007842288721813327,167.8326286565802,-364.0273153667402
upward_base,f_diesel,diesel f,-354.8901656594565,0.91,1.0,152.72769207748797,-354.8901656594565,-1.2161225416735897,0.039949691005851676,1.2258577316850865,0.01228149865700914,0.0,0.0,0.010327729945726276,167.8326286565802,-354.8901656594565
upward_base,f_diesel,diesel f,-345.7530159521728,0.91,1.0,152.72769207748797,-345.7530159521728,-1.1465380003458092,0.039949691005851676,1.1708067702976237,0.01228149865700914,0.0,0.0,0.012749993269112546,167.8326286565802,-345.7530159521728
upward_base,f_diesel,diesel f,-336.6158662448891,0.91,1.0,152.72769207748797,-336.6158662448891,-1.0787683753352388,0.039949691005851676,1.1171916578242111,0.01228149865700914,0.0,0.0,0.015109078691972193,167.8326286565802,-336.6158662448891
upward_base,f_diesel,diesel f,-327.47871653760546,0.91,1.0,152.72769207748797,-327.47871653760546,-1.0128136666418794,0.039949691005851676,1.0650123942648506,0.01228149865700914,0.0,0.0,0.017404986214305328,167.8326286565802,-327.47871653760546
upward_base,f_diesel,diesel f,-318.34156683032177,0.91,1.0,152.72769207748797,-318.34156683032177,-0.9486738742657304,0.039949691005851676,1.0142689796195403,0.01228149865700914,0.0,0.0,0.019637715836111784,167.8326286565802,-318.34156683032177
upward_base,f_diesel,diesel f,-309.20441712303807,0.91,1.0,152.72769207748797,-309.20441712303807,-0.8863489982067912,0.039949691005851676,0.9649614138882813,0.01228149865700914,0.0,0.0,0.021807267557391784,167.8326286565802,-309.20441712303807
upward_base,f_diesel,diesel f,-300.0672674157544,0.91,1.0,152.72769207748797,-300.0672674157544,-0.8258390384650627,0.039949691005851676,0.9170896970710731,0.01228149865700914,0.0,0.0,0.023913641378145188,167.8326286565802,-300.0672674157544
upward_base,f_diesel,diesel f,-290.9301177084707,0.91,1.0,152.72769207748797,-290.9301177084707,-0.7671439950405446,0.039949691005851676,0.870653829167916,0.01228149865700914,0.0,0.0,0.025956837298371997,167.8326286565802,-290.9301177084707
upward_base,f_diesel,diesel f,-281.792968001187,0.91,0.99,152.72769207748797,-278.9750383211751,-0.693088007309062,0.03561545135872711,0.812065337481061,0.012879481053982313,0.0,0.0,0.02791204376411806,167.8326286565802,-281.792968001187
upward_base,f_diesel,diesel f,-272.6558182939033,0.91,0.99,152.72769207748797,-269.92926011096426,-0.6391185942136883,0.03573928578948468,0.7693680943904997,0.012841330550410684,0.0,0.0,0.029805019419451125,167.8326286565802,-272.6558182939033
upward_base,f_diesel,diesel f,-263.5186685866196,0.91,0.99,152.72769207748797,-260.8834819007534,-0.5869279806008121,0.03586423974336908,0.7280781268205994,0.012804437464552518,0.0,0.0,0.031636470571284804,167.8326286565802,-263.5186685866196
upward_base,f_diesel,diesel f,-254.38151887933589,0.91,0.99,152.72769207748797,-251.83770369054253,-0.5365161664704341,0.03599031322038038,0.6881954347713605,0.012768801796407797,0.0,0.0,0.03340639721961908,167.8326286565802,-254.38151887933589
upward_base,f_diesel,diesel f,-245.2443691720522,0.91,0.99,152.72769207748797,-242.79192548033166,-0.4878831518225538,0.03611750622051857,0.6497200182427828,0.012734423545976517,0.0,0.0,0.035114799364454004,167.8326286565802,-245.2443691720522
upward_base,f_diesel,diesel f,-236.1072194647685,0.91,0.99,152.72769207748797,-233.74614727012082,-0.4410289366571717,0.036245818743783714,0.6126518772348668,0.012701302713258669,0.0,0.0,0.03676167700578955,167.8326286565802,-236.1072194647685
upward_base,f_diesel,diesel f,-226.9700697574848,0.91,0.99,152.72769207748797,-224.70036905990995,-0.39595352097428754,0.03637525079017571,0.576991011747612,0.012669439298254273,0.0,0.0,0.03834703014362573,167.8326286565802,-226.9700697574848
upward_base,f_diesel,diesel f,-217.8329200502011,0.91,0.99,152.72769207748797,-215.65459084969908,-0.35265690477390127,0.036505802359694604,0.5427374217810188,0.01263883330096332,0.0,0.0,0.03987085877796255,167.8326286565802,-217.8329200502011
upward_base,f_diesel,diesel f,-208.6957703429174,0.91,0.99,152.72769207748797,-206.60881263948824,-0.31113908805601315,0.03663747345234044,0.5098911073350868,0.0126094847213858,0.0,0.0,0.04133316290879997,167.8326286565802,-208.6957703429174
upward_base,f_diesel,diesel f,-199.55862063563373,0.91,0.99,152.72769207748797,-197.5630344292774,-0.271400070820623,0.03677026406811309,0.4784520684098163,0.012581393559521733,0.0,0.0,0.042733942536138,167.8326286565802,-199.55862063563373
upward_base,f_diesel,diesel f,-190.42147092835003,0.91,0.98,152.72769207748797,-186.61304150978302,-0.22567553736881338,0.034344889276193585,0.44227766131473956,0.013373743290457004,0.0,0.0,0.044053459418762785,167.8326286565802,-190.42147092835003
upward_base,f_diesel,diesel f,-181.28432122106634,0.91,0.98,152.72769207748797,-177.658634796645,-0.1902213652364937,0.034569405597883185,0.41422852534520244,0.013271437984708256,0.0,0.0,0.045308000615216684,167.8326286565802,-181.28432122106634
upward_base,f_diesel,diesel f,-172.14717151378264,0.91,0.98,152.72769207748797,-168.704228083507,-0.1565102387352228,0.034798400012080385,0.38755837867271964,0.013174162349813277,0.0,0.0,0.046503450383231726,167.8326286565802,-172.14717151378264
upward_base,f_diesel,diesel f,-163.01002180649894,0.91,0.98,152.72769207748797,-159.74982137036895,-0.12454215786500074,0.035031872518785145,0.36226722129729144,0.013081916385772082,0.0,0.0,0.04763980872280797,167.8326286565802,-163.01002180649894
upward_base,f_diesel,diesel f,-153.87287209921524,0.91,0.98,152.72769207748797,-150.79541465723094,-0.09431712262582773,0.03526982311799754,0.3383550532189179,0.012994700092584643,0.0,0.0,0.048717075633945374,167.8326286565802,-153.87287209921524
upward_base,f_diesel,diesel f,-144.73572239193155,0.91,0.97,152.72769207748797,-140.39365072017358,-0.061395048819775214,0.03371489318976153,0.3123091559648875,0.013701281986803286,0.0,0.0,0.049721713720279496,167.8326286565802,-144.73572239193155
upward_base,f_diesel,diesel f,-135.59857268464788,0.91,0.97,152.72769207748797,-131.53061550410843,-0.03519901343032292,0.034033731709461265,0.2915844819897268,0.013527678845973523,0.0,0.0,0.05065781318580643,167.8326286565802,-135.59857268464788
upward_base,f_diesel,diesel f,-126.46142297736418,0.91,0.97,152.72769207748797,-122.66758028804325,-0.010710632803733971,0.03436264593730311,0.2722107982577966,0.013365392464564736,0.0,0.0,0.051538033975988384,167.8326286565802,-126.46142297736418
upward_base,f_diesel,diesel f,-117.32427327008048,0.91,0.96,152.72769207748797,-112.63130233927725,0.014957700704330376,0.03332144645086979,0.2519036091915258,0.013940030542463013,0.0,0.0,0.05235379781486481,167.8326286565802,-117.32427327008048
upward_base,f_diesel,diesel f,-108.18712356279678,0.91,0.96,152.72769207748797,-103.85963862028491,0.03559851516554275,0.033731606045038415,0.23557388051576406,0.013691758786788672,0.0,0.0,0.05309929341885563,167.8326286565802,-108.18712356279678
upward_base,f_diesel,diesel f,-99.04997385551309,0.91,0.95,152.72769207748797,-94.09747516273742,0.056603497307065424,0.03304107207460027,0.218956045020229,0.014128540934384575,0.0,0.0,0.05378819255604653,167.8326286565802,-99.04997385551309
upward_base,f_diesel,diesel f,-89.91282414822939,0.91,0.95,152.72769207748797,-85.41718294081792,0.07354061051947901,0.03354067114282345,0.2055564544261121,0.013803487201815541,0.0,0.0,0.054406870548371664,167.8326286565802,-89.91282414822939
upward_base,f_diesel,diesel f,-80.77567444094569,0.91,0.94,152.72769207748797,-75.92913397448895,0.09018014230849289,0.033154450423121075,0.19239229174653774,0.0140503518243149,0.0,0.0,0.05496287271707775,167.8326286565802,-80.77567444094569
upward_base,f_diesel,diesel f,-71.638524733662,0.91,0.93,152.72769207748797,-66.62382800230566,0.10459837505191869,0.03297521963260311,0.18098548272131396,0.014175225977035164,0.0,0.0,0.055455717230478464,167.8326286565802,-71.638524733662
upward_base,f_diesel,diesel f,-62.5013750263783,0.91,0.92,152.72769207748797,-57.50126502426804,0.11690620778623871,0.032990616831265106,0.17124829092998284,0.014164225067545347,0.0,0.0,0.05588489010250531,167.8326286565802,-62.5013750263783
upward_base,f_diesel,diesel f,-53.3642253190946,0.91,0.9,152.72769207748797,-48.027802787185145,0.1277726145591213,0.032642872619464997,0.1626514657119139,0.014426010828572868,0.0,0.0,0.05624882728651216,167.8326286565802,-53.3642253190946
upward_base,f_diesel,diesel f,-44.2270756118109,0.91,0.88,152.72769207748797,-38.91982653839359,0.13638026779561693,0.03267243695523134,0.15584162581188699,0.014402627438141932,0.0,0.0,0.056549493000146174,167.8326286565802,-44.2270756118109
upward_base,f_diesel,diesel f,-35.089925904527206,0.91,0.84,152.72769207748797,-29.47553775980285,0.14340130142823898,0.03236690682276852,0.15028702066490668,0.014655237654252749,0.0,0.0,0.05678507776169447,167.8326286565802,-35.089925904527206
upward_base,f_diesel,diesel f,-25.95277619724351,0.91,0.78,152.72769207748797,-20.24316543384994,0.14839058549387674,0.032274751872522094,0.14633980941356436,0.01473643989927971,0.0,0.0,0.056956931113207133,167.8326286565802,-25.95277619724351
upward_base,f_diesel,diesel f,-16.815626489959868,0.91,0.65,152.72769207748797,-10.930157218473914,0.1515461583304368,0.03210775505469236,0.14384331644161974,0.014889995348279677,0.0,0.0,0.05706453752917141,167.8326286565802,-16.815626489959868
upward_base,f_diesel,diesel f,-7.678476782676171,0.91,0.21,152.72769207748797,-1.6124801243619957,0.15281644473311223,0.03194063828059612,0.14283834484346986,0.015052472527457693,0.0,0.0,0.05710798339743929,167.8326286565802,-7.678476782676171
upward_base,f_diesel,diesel f,1.4586729246075265,0.91,1.0,152.72769207748797,1.4586729246075265,0.1528678332349211,0.039949691005851655,0.14283428288580957,0.01228149865700914,0.0,0.0,0.057988884297265224,167.8326286565802,1.4586729246075265
upward_base,f_diesel,diesel f,10.595822631891224,0.91,1.0,152.72769207748797,10.595822631891224,0.15406502827834864,0.039949691005851655,0.14378142914633507,0.01228149865700914,0.0,0.0,0.05834627451459073,167.8326286565802,10.595822631891224
upward_base,f_diesel,diesel f,19.73297233917492,0.91,1.0,152.72769207748797,19.73297233917492,0.15707713963898662,0.039949691005851655,0.14616442432091162,0.01228149865700914,0.0,0.0,0.05924545893712648,167.8326286565802,19.73297233917492
upward_base,f_diesel,diesel f,28.87012204645862,0.91,1.0,152.72769207748797,28.87012204645862,0.1619041673168351,0.039949691005851655,0.1499832684095391,0.01228149865700914,0.0,0.0,0.06068643756487247,167.8326286565802,28.87012204645862
upward_base,f_diesel,diesel f,38.007271753742316,0.91,1.0,152.72769207748797,38.007271753742316,0.16854611131189404,0.039949691005851655,0.1552379614122176,0.01228149865700914,0.0,0.0,0.06266921039782872,167.8326286565802,38.007271753742316
upward_base,f_diesel,diesel f,47.14442146102601,0.91,0.99,152.72769207748797,46.672977246415755,0.17652222214114624,0.04077879043594422,0.16154816423751076,0.012298236084873083,0.0,0.0,0.0651912354832457,167.8326286565802,47.14442146102601
upward_base,f_diesel,diesel f,56.28157116830971,0.91,0.97,152.72769207748797,54.593124033260416,0.18523993276507636,0.04305682920397964,0.16844507469761394,0.012496184314795485,0.0,0.0,0.06820633683024421,167.8326286565802,56.28157116830971
upward_base,f_diesel,diesel f,65.41872087559341,0.91,0.96,152.72769207748797,62.801972040569666,0.19571452917206697,0.04492798864001678,0.17673192392227477,0.012797145277841494,0.0,0.0,0.07169526450203331,167.8326286565802,65.41872087559341
upward_base,f_diesel,diesel f,74.5558705828771,0.91,0.95,152.72769207748797,70.82807705373325,0.207372261893198,0.04731941573833604,0.18595479701521173,0.013327980740539787,0.00018657825136103373,0.0,0.07569350560644107,167.8326286565802,74.5558705828771
upward_base,f_diesel,diesel f,83.6930202901608,0.91,0.94,152.72769207748797,78.67143907275116,0.2201174771890516,0.0503127885015926,0.19603801868684506,0.014180429198388547,0.000891737363390221,0.0,0.08025674182321131,167.8326286565802,83.6930202901608
upward_base,f_diesel,diesel f,92.8301699974445,0.92,0.93,154.40601836405378,86.33205809762339,0.23723438080712336,0.050372420370615824,0.21006369577380968,0.012883719675877425,0.0017124379776934475,0.0,0.08537777576751993,167.8326286565802,92.8301699974445
upward_base,f_diesel,diesel f,101.9673197047282,0.92,0.92,154.40601836405378,93.80993412834995,0.25187631163249136,0.05486845558180351,0.22164748080888375,0.014714965660766854,0.0032295590802134655,0.0,0.09105612879402647,167.8326286565802,101.9673197047282
upward_base,f_diesel,diesel f,111.1044694120119,0.92,0.92,154.40601836405378,102.21611185905095,0.2697872143970048,0.056966272175729915,0.23581747313317292,0.015653272245917185,0.0055048188203148055,0.0,0.0972881751286899,167.8326286565802,111.1044694120119
upward_base,f_diesel,diesel f,120.24161911929554,0.92,0.91,154.40601836405378,109.41987339855893,0.28635841485465846,0.06286028032238847,0.24892757631314452,0.018522969309288873,0.007934498789346614,0.0,0.10410062326480445,167.8326286565802,120.24161911929554
upward_base,f_diesel,diesel f,129.37876882657923,0.92,0.91,154.40601836405378,117.73467963218711,0.3068879306997867,0.06551916588702504,0.2651692524459189,0.019914215250697434,0.011289552810472357,0.0,0.11146335284898337,167.8326286565802,129.37876882657923
upward_base,f_diesel,diesel f,138.51591853386293,0.93,0.91,156.08434465061958,126.04948586581527,0.3323349748873966,0.06488221720392294,0.28579050662119915,0.019132960423745012,0.01419037295674228,0.0,0.11938850534883427,167.8326286565802,138.51591853386293
upward_base,f_diesel,diesel f,147.65306824114663,0.93,0.9,156.08434465061958,132.88776141703198,0.35158123061122,0.07304975888420405,0.30101694715652594,0.023847276304168212,0.017755476707561575,0.0,0.12787511494394654,167.8326286565802,147.65306824114663
upward_base,f_diesel,diesel f,156.79021794843032,0.93,0.9,156.08434465061958,141.1111961535873,0.3760722740674439,0.07649285596764337,0.3203927375536524,0.02594208920018691,0.02257128507069472,0.0,0.13691187364327015,167.8326286565802,156.79021794843032
upward_base,f_diesel,diesel f,165.92736765571402,0.93,0.9,156.08434465061958,149.33463089014262,0.40203339974060837,0.08004790536377257,0.3409315655711602,0.028162643867549794,0.02796426079627246,0.0,0.14652329588989385,167.8326286565802,165.92736765571402
upward_base,f_diesel,diesel f,175.06451736299772,0.94,0.9,157.7626709371854,157.55806562669795,0.4329161183237801,0.08057267466990507,0.3658584752150922,0.028537835583527064,0.032366698358340974,0.0,0.15670863369177418,167.8326286565802,175.06451736299772
upward_base,f_diesel,diesel f,184.20166707028142,0.94,0.9,157.7626709371854,165.7815003632533,0.46181740843082547,0.08435162869141415,0.3887233784733627,0.031009873793578443,0.03876772867287235,0.0,0.16744500301034212,167.8326286565802,184.20166707028142
upward_base,f_diesel,diesel f,193.3388167775651,0.94,0.89,157.7626709371854,172.07154693203296,0.4849160707266995,0.09684461937691831,0.40699760349357617,0.03951898785973116,0.0440534057836119,0.0,0.1787217812067561,167.8326286565802,193.3388167775651
upward_base,f_diesel,diesel f,202.4759664848488,0.94,0.89,157.7626709371854,180.20361017151544,0.5160538684327091,0.10151449706012505,0.431631892467754,0.04281444918054647,0.05138746303593142,0.0,0.19056702836284428,167.8326286565802,202.4759664848488
upward_base,f_diesel,diesel f,211.6131161921325,0.94,0.89,157.7626709371854,188.33567341099794,0.5486292613535813,0.10631983704168649,0.45740351736675167,0.04626205804468825,0.05928593296453791,0.0,0.2029834344618742,167.8326286565802,211.6131161921325
upward_base,f_diesel,diesel f,220.7502658994162,0.95,0.89,159.44099722375117,196.46773665048042,0.5861306747352493,0.1083626901372473,0.4875720146458744,0.048193956609846794,0.06552605082909929,0.0,0.21596423115955277,167.8326286565802,220.7502658994162
upward_base,f_diesel,diesel f,229.8874156066999,0.95,0.89,159.44099722375117,204.59979988996292,0.6215812580858462,0.1134389547155184,0.5156183113945116,0.051945860560641634,0.07440869130918766,0.0,0.22949884601095086,167.8326286565802,229.8874156066999
upward_base,f_diesel,diesel f,239.0245653139836,0.95,0.89,159.44099722375117,212.7318631294454,0.6584694366513054,0.11865068159214454,0.5448019440679686,0.055849912054763126,0.083855744465563,0.0,0.2436046198052907,167.8326286565802,239.0245653139836
upward_base,f_diesel,diesel f,248.1617150212673,0.95,0.89,159.44099722375117,220.8639263689279,0.6967952104316271,0.12399787076712535,0.5751229126662455,0.05990611109221106,0.09386721029822526,0.0,0.2582815525425723,167.8326286565802,248.1617150212673
upward_base,f_diesel,diesel f,257.298864728551,0.95,0.88,159.44099722375117,226.42300096112487,0.7238219611018847,0.1441331926916323,0.59650479690643,0.07558097873379496,0.10103583710387211,0.0,0.2735127944229355,167.8326286565802,257.298864728551
upward_base,f_diesel,diesel f,266.4360144358347,0.96,0.88,161.11932351031697,234.46369270353452,0.7676276022316536,0.14799339969734282,0.6316660950482992,0.07940571615100055,0.10900967672623603,0.0,0.2892837483090886,167.8326286565802,266.4360144358347
upward_base,f_diesel,diesel f,275.5731641431184,0.96,0.88,161.11932351031697,242.5043844459442,0.8093133747586699,0.1546684839993514,0.6646452856846419,0.08477613268083166,0.12025385798921356,0.0,0.30560952251878465,167.8326286565802,275.5731641431184
upward_base,f_diesel,diesel f,284.7103138504021,0.96,0.88,161.11932351031697,250.54507618835385,0.8524046184817337,0.1615047796316337,0.6987363977200254,0.0903276173613986,0.13204983975278,0.0,0.32250387549126175,167.8326286565802,284.7103138504021
upward_base,f_diesel,diesel f,293.8474635576858,0.96,0.88,161.11932351031697,258.5857679307635,0.8969013334008454,0.16850228659418945,0.7339394311544499,0.0960601701927013,0.14439762201693557,0.0,0.3399668072265202,167.8326286565802,293.8474635576858
upward_base,f_diesel,diesel f,302.9846132649695,0.96,0.88,161.11932351031697,266.62645967317314,0.9428035195160048,0.17566100488701886,0.7702543859879157,0.10197379117473966,0.1572972047816802,0.0,0.35799831772455976,167.8326286565802,302.9846132649695
upward_base,f_diesel,diesel f,312.1217629722532,0.97,0.88,162.79764979688278,274.6671514155828,0.9936734311788799,0.18057155176242798,0.8110097835742529,0.10700711622604386,0.16720894406683315,0.0,0.37657847113473947,167.8326286565802,312.1217629722532
upward_base,f_diesel,diesel f,321.2589126795369,0.97,0.88,162.79764979688278,282.70784315799244,1.0423865596861353,0.18805269271580444,0.849548581205801,0.1132828735095537,0.18106909836650767,0.0,0.39572330091396685,167.8326286565802,321.2589126795369
upward_base,f_diesel,diesel f,330.3960623868206,0.97,0.88,162.79764979688278,290.7485349004021,1.092505159389438,0.19569504499945434,0.8891993002363897,0.11973969894379922,0.19548105316677128,0.0,0.4154367094559752,167.8326286565802,330.3960623868206
upward_base,f_diesel,diesel f,339.5332120941043,0.97,0.88,162.79764979688278,298.78922664281174,1.1440292302887887,0.20349860861337785,0.92996194066602,0.1263775925287805,0.21044480846762403,0.0,0.43571869676076497,167.8326286565802,339.5332120941043
upward_base,S_gasoline_lag,"lagged S, gasoline",-19.77198122459403,0.88,0.9,147.69271321779058,145.1172150203128,0.3718316760333373,0.058120456994538286,0.31464504235291874,0.041412344502342054,0.03241449204282748,0.0,0.1364040019876606,167.8326286565802,161.24135002256978
upward_base,S_gasoline_lag,"lagged S, gasoline",-19.023686620251684,0.88,0.9,147.69271321779058,145.1172150203128,0.3718316760333373,0.05841852139259207,0.31464504235291874,0.041412344502342054,0.03241449204282748,0.0,0.13645367938733624,167.8326286565802,161.24135002256978
upward_base,S_gasoline_lag,"lagged S, gasoline",-18.275392015909343,0.88,0.9,147.69271321779058,145.1172150203128,0.3718316760333373,0.05874038059547958,0.31464504235291874,0.041412344502342054,0.03241449204282748,0.0,0.13650732258781748,167.8326286565802,161.24135002256978
upward_base,S_gasoline_lag,"lagged S, gasoline",-17.527097411567,0.88,0.9,147.69271321779058,145.1172150203128,0.3718316760333373,0.05908603460320085,0.31464504235291874,0.041412344502342054,0.03241449204282748,0.0,0.13656493158910438,167.8326286565802,161.24135002256978
upward_base,S_gasoline_lag,"lagged S, gasoline",-16.778802807224654,0.88,0.9,147.69271321779058,145.1172150203128,0.3718316760333373,0.05945548341575585,0.31464504235291874,0.041412344502342054,0.03241449204282748,0.0,0.13662650639119686,167.8326286565802,161.24135002256978
upward_base,S_gasoline_lag,"lagged S, gasoline",-16.03050820288231,0.88,0.9,147.69271321779058,145.1172150203128,0.3718316760333373,0.05984872703314462,0.31464504235291874,0.041412344502342054,0.03241449204282748,0.0,0.13669204699409498,167.8326286565802,161.24135002256978
upward_base,S_gasoline_lag,"lagged S, gasoline",-15.282213598539968,0.88,0.9,147.69271321779058,145.1172150203128,0.3718316760333373,0.06026576545536712,0.31464504235291874,0.041412344502342054,0.03241449204282748,0.0,0.13676155339779875,167.8326286565802,161.24135002256978
upward_base,S_gasoline_lag,"lagged S, gasoline",-14.533918994197624,0.89,0.9,149.3710395043564,145.1172150203128,0.3750986139620689,0.05937814714710701,0.3176976241126492,0.03792500537751228,0.030882717120635575,0.0,0.1368303512866621,167.8326286565802,161.24135002256978
upward_base,S_gasoline_lag,"lagged S, gasoline",-13.785624389855279,0.89,0.9,149.3710395043564,145.1172150203128,0.3750986139620689,0.05976653430082562,0.3176976241126492,0.03792500537751228,0.030882717120635575,0.0,0.13689508247894852,167.8326286565802,161.24135002256978
upward_base,S_gasoline_lag,"lagged S, gasoline",-13.037329785512936,0.89,0.9,149.3710395043564,145.1172150203128,0.3750986139620689,0.06017871625937796,0.3176976241126492,0.03792500537751228,0.030882717120635575,0.0,0.1369637794720406,167.8326286565802,161.24135002256978
upward_base,S_gasoline_lag,"lagged S, gasoline",-12.289035181170593,0.89,0.9,149.3710395043564,145.1172150203128,0.3750986139620689,0.06061469302276408,0.3176976241126492,0.03792500537751228,0.030882717120635575,0.0,0.13703644226593828,167.8326286565802,161.24135002256978
upward_base,S_gasoline_lag,"lagged S, gasoline",-11.540740576828249,0.89,0.9,149.3710395043564,145.1172150203128,0.3750986139620689,0.06107446459098392,0.3176976241126492,0.03792500537751228,0.030882717120635575,0.0,0.1371130708606416,167.8326286565802,161.24135002256978
upward_base,S_gasoline_lag,"lagged S, gasoline",-10.792445972485906,0.89,0.9,149.3710395043564,145.1172150203128,0.3750986139620689,0.06155803096403754,0.3176976241126492,0.03792500537751228,0.030882717120635575,0.0,0.13719366525615054,167.8326286565802,161.24135002256978
upward_base,S_gasoline_lag,"lagged S, gasoline",-10.044151368143561,0.89,0.9,149.3710395043564,145.1172150203128,0.3750986139620689,0.06206539214192487,0.3176976241126492,0.03792500537751228,0.030882717120635575,0.0,0.13727822545246507,167.8326286565802,161.24135002256978
upward_base,S_gasoline_lag,"lagged S, gasoline",-9.295856763801218,0.89,0.9,149.3710395043564,145.1172150203128,0.3750986139620689,0.06259654812464598,0.3176976241126492,0.03792500537751228,0.030882717120635575,0.0,0.13736675144958527,167.8326286565802,161.24135002256978
upward_base,S_gasoline_lag,"lagged S, gasoline",-8.547562159458874,0.89,0.9,149.3710395043564,145.1172150203128,0.3750986139620689,0.06315149891220082,0.3176976241126492,0.03792500537751228,0.030882717120635575,0.0,0.13745924324751108,167.8326286565802,161.24135002256978
upward_base,S_gasoline_lag,"lagged S, gasoline",-7.799267555116531,0.9,0.9,151.0493657909222,145.1172150203128,0.3784024664436675,0.061959908284061456,0.320784698321642,0.034740913133102506,0.02938801615577682,0.0,0.13754600038970835,167.8326286565802,161.24135002256978
upward_base,S_gasoline_lag,"lagged S, gasoline",-7.050972950774188,0.9,0.9,151.0493657909222,145.1172150203128,0.3784024664436675,0.06248620780311242,0.320784698321642,0.034740913133102506,0.02938801615577682,0.0,0.13763371697621685,167.8326286565802,161.24135002256978
upward_base,S_gasoline_lag,"lagged S, gasoline",-6.302678346431843,0.9,0.9,151.0493657909222,145.1172150203128,0.3784024664436675,0.06303630212699711,0.320784698321642,0.034740913133102506,0.02938801615577682,0.0,0.13772539936353095,167.8326286565802,161.24135002256978
upward_base,S_gasoline_lag,"lagged S, gasoline",-5.554383742089501,0.9,0.9,151.0493657909222,145.1172150203128,0.3784024664436675,0.06361019125571556,0.320784698321642,0.034740913133102506,0.02938801615577682,0.0,0.1378210475516507,167.8326286565802,161.24135002256978
upward_base,S_gasoline_lag,"lagged S, gasoline",-4.806089137747156,0.9,0.9,151.0493657909222,145.1172150203128,0.3784024664436675,0.06420787518926774,0.320784698321642,0.034740913133102506,0.02938801615577682,0.0,0.13792066154057606,167.8326286565802,161.24135002256978
upward_base,S_gasoline_lag,"lagged S, gasoline",-4.057794533404813,0.9,0.9,151.0493657909222,145.1172150203128,0.3784024664436675,0.0648293539276537,0.320784698321642,0.034740913133102506,0.02938801615577682,0.0,0.13802424133030705,167.8326286565802,161.24135002256978
upward_base,S_gasoline_lag,"lagged S, gasoline",-3.3094999290624685,0.9,0.9,151.0493657909222,145.1172150203128,0.3784024664436675,0.06547462747087336,0.320784698321642,0.034740913133102506,0.02938801615577682,0.0,0.13813178692084366,167.8326286565802,161.24135002256978
upward_base,S_gasoline_lag,"lagged S, gasoline",-2.561205324720124,0.9,0.9,151.0493657909222,145.1172150203128,0.3784024664436675,0.0661436958189268,0.320784698321642,0.034740913133102506,0.02938801615577682,0.0,0.1382432983121859,167.8326286565802,161.24135002256978
upward_base,S_gasoline_lag,"lagged S, gasoline",-1.8129107203777828,0.91,0.9,152.72769207748797,145.1172150203128,0.3817432334781331,0.0647005789442459,0.3239062649798974,0.03186006776911275,0.027930389148251314,0.0,0.13835675571994,167.8326286565802,161.24135002256978
upward_base,S_gasoline_lag,"lagged S, gasoline",-1.0646161160354382,0.91,0.9,152.72769207748797,145.1172150203128,0.3817432334781331,0.06534099602379544,0.3239062649798974,0.03186006776911275,0.027930389148251314,0.0,0.13846349189986493,167.8326286565802,161.24135002256978
upward_base,S_gasoline_lag,"lagged S, gasoline",-0.3163215116930935,0.91,0.9,152.72769207748797,145.1172150203128,0.3817432334781331,0.06600520790817874,0.3239062649798974,0.03186006776911275,0.027930389148251314,0.0,0.13857419388059547,167.8326286565802,161.24135002256978
upward_base,S_gasoline_lag,"lagged S, gasoline",0.43197309264924755,0.91,0.9,152.72769207748797,145.1172150203128,0.3817432334781331,0.06669321459739574,0.3239062649798974,0.03186006776911275,0.027930389148251314,0.0,0.13868886166213162,167.8326286565802,161.24135002256978
upward_base,S_gasoline_lag,"lagged S, gasoline",1.1802676969915922,0.91,0.9,152.72769207748797,145.1172150203128,0.3817432334781331,0.06740501609144656,0.3239062649798974,0.03186006776911275,0.027930389148251314,0.0,0.13880749524447344,167.8326286565802,161.24135002256978
upward_base,S_gasoline_lag,"lagged S, gasoline",1.9285623013339368,0.91,0.9,152.72769207748797,145.1172150203128,0.3817432334781331,0.06814061239033106,0.3239062649798974,0.03186006776911275,0.027930389148251314,0.0,0.13893009462762085,167.8326286565802,161.24135002256978
upward_base,S_gasoline_lag,"lagged S, gasoline",2.6768569056762814,0.91,0.9,152.72769207748797,145.1172150203128,0.3817432334781331,0.06890000349404936,0.3239062649798974,0.03186006776911275,0.027930389148251314,0.0,0.1390566598115739,167.8326286565802,161.24135002256978
upward_base,S_gasoline_lag,"lagged S, gasoline",3.4251515100186225,0.91,0.9,152.72769207748797,145.1172150203128,0.3817432334781331,0.06968318940260138,0.3239062649798974,0.03186006776911275,0.027930389148251314,0.0,0.13918719079633257,167.8326286565802,161.24135002256978
upward_base,S_gasoline_lag,"lagged S, gasoline",4.173446114360967,0.91,0.9,152.72769207748797,145.1172150203128,0.3817432334781331,0.07049017011598711,0.3239062649798974,0.03186006776911275,0.027930389148251314,0.0,0.1393216875818969,167.8326286565802,161.24135002256978
upward_base,S_gasoline_lag,"lagged S, gasoline",4.921740718703312,0.92,0.9,154.40601836405378,145.1172150203128,0.3851209150654658,0.06874308092142699,0.32706232408741526,0.029282469285542928,0.02650983609805887,0.0,0.13945310424298488,167.8326286565802,161.24135002256978
upward_base,S_gasoline_lag,"lagged S, gasoline",5.670035323045653,0.92,0.9,154.40601836405378,145.1172150203128,0.3851209150654658,0.06952141036630885,0.32706232408741526,0.029282469285542928,0.02650983609805887,0.0,0.13958282581713186,167.8326286565802,161.24135002256978
upward_base,S_gasoline_lag,"lagged S, gasoline",6.4183299273879975,0.92,0.9,154.40601836405378,145.1172150203128,0.3851209150654658,0.07032353461602449,0.32706232408741526,0.029282469285542928,0.02650983609805887,0.0,0.13971651319208447,167.8326286565802,161.24135002256978
upward_base,S_gasoline_lag,"lagged S, gasoline",7.166624531730342,0.92,0.9,154.40601836405378,145.1172150203128,0.3851209150654658,0.07114945367057383,0.32706232408741526,0.029282469285542928,0.02650983609805887,0.0,0.1398541663678427,167.8326286565802,161.24135002256978
upward_base,S_gasoline_lag,"lagged S, gasoline",7.914919136072687,0.92,0.9,154.40601836405378,145.1172150203128,0.3851209150654658,0.07199916752995698,0.32706232408741526,0.029282469285542928,0.02650983609805887,0.0,0.13999578534440657,167.8326286565802,161.24135002256978
upward_base,S_gasoline_lag,"lagged S, gasoline",8.663213740415028,0.92,0.9,154.40601836405378,145.1172150203128,0.3851209150654658,0.07287267619417383,0.32706232408741526,0.029282469285542928,0.02650983609805887,0.0,0.14014137012177605,167.8326286565802,161.24135002256978
upward_base,S_gasoline_lag,"lagged S, gasoline",9.411508344757372,0.92,0.9,154.40601836405378,145.1172150203128,0.3851209150654658,0.07376997966322447,0.32706232408741526,0.029282469285542928,0.02650983609805887,0.0,0.14029092069995117,167.8326286565802,161.24135002256978
upward_base,S_gasoline_lag,"lagged S, gasoline",10.159802949099717,0.92,0.9,154.40601836405378,145.1172150203128,0.3851209150654658,0.0746910779371088,0.32706232408741526,0.029282469285542928,0.02650983609805887,0.0,0.14044443707893187,167.8326286565802,161.24135002256978
upward_base,S_gasoline_lag,"lagged S, gasoline",10.908097553442058,0.92,0.9,154.40601836405378,145.1172150203128,0.3851209150654658,0.07563597101582689,0.32706232408741526,0.029282469285542928,0.02650983609805887,0.0,0.1406019192587182,167.8326286565802,161.24135002256978
upward_base,S_gasoline_lag,"lagged S, gasoline",11.656392157784403,0.93,0.9,156.08434465061958,145.1172150203128,0.3885355112056655,0.07358490950138756,0.33025287564419564,0.027008117682393085,0.02512635700519967,0.0,0.1407512951731402,167.8326286565802,161.24135002256978
upward_base,S_gasoline_lag,"lagged S, gasoline",12.404686762126744,0.93,0.9,156.08434465061958,145.1172150203128,0.3885355112056655,0.07450115131160175,0.33025287564419564,0.027008117682393085,0.02512635700519967,0.0,0.14090400214150922,167.8326286565802,161.24135002256978
upward_base,S_gasoline_lag,"lagged S, gasoline",13.152981366469092,0.93,0.9,156.08434465061958,145.1172150203128,0.3885355112056655,0.07544118792664974,0.33025287564419564,0.027008117682393085,0.02512635700519967,0.0,0.1410606749106839,167.8326286565802,161.24135002256978
upward_base,S_gasoline_lag,"lagged S, gasoline",13.901275970811433,0.93,0.9,156.08434465061958,145.1172150203128,0.3885355112056655,0.07640501934653142,0.33025287564419564,0.027008117682393085,0.02512635700519967,0.0,0.14122131348066416,167.8326286565802,161.24135002256978
upward_base,S_gasoline_lag,"lagged S, gasoline",14.649570575153781,0.93,0.9,156.08434465061958,145.1172150203128,0.3885355112056655,0.07739264557124689,0.33025287564419564,0.027008117682393085,0.02512635700519967,0.0,0.14138591785145008,167.8326286565802,161.24135002256978
upward_base,S_gasoline_lag,"lagged S, gasoline",15.397865179496122,0.93,0.9,156.08434465061958,145.1172150203128,0.3885355112056655,0.07840406660079607,0.33025287564419564,0.027008117682393085,0.02512635700519967,0.0,0.14155448802304163,167.8326286565802,161.24135002256978
upward_base,S_gasoline_lag,"lagged S, gasoline",16.146159783838463,0.93,0.9,156.08434465061958,145.1172150203128,0.3885355112056655,0.07943928243517899,0.33025287564419564,0.027008117682393085,0.02512635700519967,0.0,0.14172702399543877,167.8326286565802,161.24135002256978
upward_base,S_gasoline_lag,"lagged S, gasoline",16.89445438818081,0.93,0.9,156.08434465061958,145.1172150203128,0.3885355112056655,0.08049829307439572,0.33025287564419564,0.027008117682393085,0.02512635700519967,0.0,0.14190352576864154,167.8326286565802,161.24135002256978
upward_base,S_gasoline_lag,"lagged S, gasoline",17.642748992523153,0.94,0.9,157.7626709371854,145.1172150203128,0.39198702189873214,0.07819570531341476,0.3334779196502385,0.02503701295966322,0.023779951869673535,0.0,0.1420796019486203,167.8326286565802,161.24135002256978
upward_base,S_gasoline_lag,"lagged S, gasoline",18.391043596865494,0.94,0.9,157.7626709371854,145.1172150203128,0.39198702189873214,0.07922606468412757,0.3334779196502385,0.02503701295966322,0.023779951869673535,0.0,0.14225132851040578,167.8326286565802,161.24135002256978
upward_base,S_gasoline_lag,"lagged S, gasoline",19.139338201207842,0.94,0.9,157.7626709371854,145.1172150203128,0.39198702189873214,0.0802802188596741,0.3334779196502385,0.02503701295966322,0.023779951869673535,0.0,0.14242702087299686,167.8326286565802,161.24135002256978
upward_base,S_gasoline_lag,"lagged S, gasoline",19.887632805550183,0.94,0.9,157.7626709371854,145.1172150203128,0.39198702189873214,0.08135816784005444,0.3334779196502385,0.02503701295966322,0.023779951869673535,0.0,0.1426066790363936,167.8326286565802,161.24135002256978
upward_base,S_gasoline_lag,"lagged S, gasoline",20.635927409892524,0.94,0.9,157.7626709371854,145.1172150203128,0.39198702189873214,0.08245991162526844,0.3334779196502385,0.02503701295966322,0.023779951869673535,0.0,0.14279030300059592,167.8326286565802,161.24135002256978
upward_base,S_gasoline_lag,"lagged S, gasoline",21.384222014234872,0.94,0.9,157.7626709371854,145.1172150203128,0.39198702189873214,0.08358545021531627,0.3334779196502385,0.02503701295966322,0.023779951869673535,0.0,0.14297789276560388,167.8326286565802,161.24135002256978
upward_base,S_gasoline_lag,"lagged S, gasoline",22.132516618577213,0.94,0.9,157.7626709371854,145.1172150203128,0.39198702189873214,0.0847347836101978,0.3334779196502385,0.02503701295966322,0.023779951869673535,0.0,0.14316944833141748,167.8326286565802,161.24135002256978
upward_base,S_gasoline_lag,"lagged S, gasoline",22.880811222919554,0.94,0.9,157.7626709371854,145.1172150203128,0.39198702189873214,0.08590791180991306,0.3334779196502385,0.02503701295966322,0.023779951869673535,0.0,0.1433649696980367,167.8326286565802,161.24135002256978
upward_base,S_gasoline_lag,"lagged S, gasoline",23.629105827261903,0.94,0.9,157.7626709371854,145.1172150203128,0.39198702189873214,0.08710483481446211,0.3334779196502385,0.02503701295966322,0.023779951869673535,0.0,0.14356445686546154,167.8326286565802,161.24135002256978
upward_base,S_gasoline_lag,"lagged S, gasoline",24.377400431604244,0.95,0.9,159.44099722375117,145.1172150203128,0.39547544714466587,0.08449827473360197,0.3367374561055438,0.023369155117353362,0.02247062069148064,0.0,0.14375849229877422,167.8326286565802,161.24135002256978
upward_base,S_gasoline_lag,"lagged S, gasoline",25.125695035946592,0.95,0.9,159.44099722375117,145.1172150203128,0.39547544714466587,0.08566654646964714,0.3367374561055438,0.023369155117353362,0.02247062069148064,0.0,0.14395320425478175,167.8326286565802,161.24135002256978
upward_base,S_gasoline_lag,"lagged S, gasoline",25.873989640288933,0.95,0.9,159.44099722375117,145.1172150203128,0.39547544714466587,0.08685861301052601,0.3367374561055438,0.023369155117353362,0.02247062069148064,0.0,0.1441518820115949,167.8326286565802,161.24135002256978
upward_base,S_gasoline_lag,"lagged S, gasoline",26.622284244631274,0.95,0.9,159.44099722375117,145.1172150203128,0.39547544714466587,0.08807447435623868,0.3367374561055438,0.023369155117353362,0.02247062069148064,0.0,0.14435452556921366,167.8326286565802,161.24135002256978
upward_base,S_gasoline_lag,"lagged S, gasoline",27.370578848973622,0.95,0.9,159.44099722375117,145.1172150203128,0.39547544714466587,0.08931413050678502,0.3367374561055438,0.023369155117353362,0.02247062069148064,0.0,0.14456113492763809,167.8326286565802,161.24135002256978
upward_base,S_gasoline_lag,"lagged S, gasoline",28.118873453315963,0.95,0.9,159.44099722375117,145.1172150203128,0.39547544714466587,0.09057758146216512,0.3367374561055438,0.023369155117353362,0.02247062069148064,0.0,0.1447717100868681,167.8326286565802,161.24135002256978
upward_base,S_gasoline_lag,"lagged S, gasoline",28.867168057658304,0.95,0.9,159.44099722375117,145.1172150203128,0.39547544714466587,0.09186482722237904,0.3367374561055438,0.023369155117353362,0.02247062069148064,0.0,0.14498625104690374,167.8326286565802,161.24135002256978
upward_base,S_gasoline_lag,"lagged S, gasoline",29.615462662000652,0.95,0.9,159.44099722375117,145.1172150203128,0.39547544714466587,0.09317586778742665,0.3367374561055438,0.023369155117353362,0.02247062069148064,0.0,0.14520475780774503,167.8326286565802,161.24135002256978
upward_base,S_gasoline_lag,"lagged S, gasoline",30.363757266342994,0.96,0.9,161.11932351031697,145.1172150203128,0.3990007869434666,0.09031778146002492,0.34003148501011154,0.022004544155463452,0.02119836347062082,0.0,0.1454254935066145,167.8326286565802,161.24135002256978
upward_base,S_gasoline_lag,"lagged S, gasoline",31.112051870685335,0.96,0.9,161.11932351031697,145.1172150203128,0.3990007869434666,0.09160017075656861,0.34003148501011154,0.022004544155463452,0.02119836347062082,0.0,0.14563922505603843,167.8326286565802,161.24135002256978
upward_base,S_gasoline_lag,"lagged S, gasoline",31.860346475027683,0.96,0.9,161.11932351031697,145.1172150203128,0.3990007869434666,0.09290635485794614,0.34003148501011154,0.022004544155463452,0.02119836347062082,0.0,0.14585692240626805,167.8326286565802,161.24135002256978
upward_base,S_gasoline_lag,"lagged S, gasoline",32.608641079370024,0.96,0.9,161.11932351031697,145.1172150203128,0.3990007869434666,0.09423633376415733,0.34003148501011154,0.022004544155463452,0.02119836347062082,0.0,0.14607858555730324,167.8326286565802,161.24135002256978
upward_base,S_gasoline_lag,"lagged S, gasoline",33.35693568371237,0.96,0.9,161.11932351031697,145.1172150203128,0.3990007869434666,0.09559010747520234,0.34003148501011154,0.022004544155463452,0.02119836347062082,0.0,0.14630421450914408,167.8326286565802,161.24135002256978
upward_base,S_gasoline_lag,"lagged S, gasoline",34.10523028805471,0.96,0.9,161.11932351031697,145.1172150203128,0.3990007869434666,0.09696767599108103,0.34003148501011154,0.022004544155463452,0.02119836347062082,0.0,0.14653380926179052,167.8326286565802,161.24135002256978
upward_base,S_gasoline_lag,"lagged S, gasoline",34.853524892397054,0.96,0.9,161.11932351031697,145.1172150203128,0.3990007869434666,0.09836903931179344,0.34003148501011154,0.022004544155463452,0.02119836347062082,0.0,0.14676736981524258,167.8326286565802,161.24135002256978
upward_base,S_gasoline_lag,"lagged S, gasoline",35.6018194967394,0.96,0.9,161.11932351031697,145.1172150203128,0.3990007869434666,0.09979419743733971,0.34003148501011154,0.022004544155463452,0.02119836347062082,0.0,0.1470048961695003,167.8326286565802,161.24135002256978
upward_base,S_gasoline_lag,"lagged S, gasoline",36.35011410108174,0.96,0.9,161.11932351031697,145.1172150203128,0.3990007869434666,0.10124315036771964,0.34003148501011154,0.022004544155463452,0.02119836347062082,0.0,0.14724638832456363,167.8326286565802,161.24135002256978
upward_base,S_gasoline_lag,"lagged S, gasoline",37.098408705424085,0.97,0.9,162.79764979688278,145.1172150203128,0.40256304129513437,0.0980810917204387,0.3433600063639419,0.020943180073993522,0.019963180207094155,0.0,0.14748508327676707,167.8326286565802,161.24135002256978
upward_base,S_gasoline_lag,"lagged S, gasoline",37.84670330976643,0.97,0.9,162.79764979688278,145.1172150203128,0.40256304129513437,0.09950139338231473,0.3433600063639419,0.020943180073993522,0.019963180207094155,0.0,0.14772180022041306,167.8326286565802,161.24135002256978
upward_base,S_gasoline_lag,"lagged S, gasoline",38.594997914108774,0.97,0.9,162.79764979688278,145.1172150203128,0.40256304129513437,0.10094548984902452,0.3433600063639419,0.020943180073993522,0.019963180207094155,0.0,0.1479624829648647,167.8326286565802,161.24135002256978
upward_base,S_gasoline_lag,"lagged S, gasoline",39.343292518451115,0.97,0.9,162.79764979688278,145.1172150203128,0.40256304129513437,0.10241338112056812,0.3433600063639419,0.020943180073993522,0.019963180207094155,0.0,0.14820713151012196,167.8326286565802,161.24135002256978
upward_base,S_gasoline_lag,"lagged S, gasoline",40.09158712279346,0.97,0.9,162.79764979688278,145.1172150203128,0.40256304129513437,0.10390506719694546,0.3433600063639419,0.020943180073993522,0.019963180207094155,0.0,0.14845574585618487,167.8326286565802,161.24135002256978
upward_base,S_diesel_lag,"lagged S, diesel",0.2681327931275753,0.93,0.87,156.08434465061958,140.27997451963572,0.3735299410805531,0.051800175609718065,0.3183814018111903,0.0405173303697446,0.0220582835627621,0.0,0.13438118873899466,167.8326286565802,161.24135002256978
upward_base,S_diesel_lag,"lagged S, diesel",0.9138478645691102,0.93,0.87,156.08434465061958,140.27997451963572,0.3735299410805531,0.05309573722246538,0.3183814018111903,0.0405173303697446,0.0220582835627621,0.0,0.13459711567445254,167.8326286565802,161.24135002256978
upward_base,S_diesel_lag,"lagged S, diesel",1.559562936010645,0.93,0.87,156.08434465061958,140.27997451963572,0.3735299410805531,0.05441869498391492,0.3183814018111903,0.0405173303697446,0.0220582835627621,0.0,0.1348176086346941,167.8326286565802,161.24135002256978
upward_base,S_diesel_lag,"lagged S, diesel",2.2052780074521796,0.93,0.87,156.08434465061958,140.27997451963572,0.3735299410805531,0.05576904889406664,0.3183814018111903,0.0405173303697446,0.0220582835627621,0.0,0.13504266761971942,167.8326286565802,161.24135002256978
upward_base,S_diesel_lag,"lagged S, diesel",2.8509930788937146,0.93,0.87,156.08434465061958,140.27997451963572,0.3735299410805531,0.05714679895292057,0.3183814018111903,0.0405173303697446,0.0220582835627621,0.0,0.1352722926295284,167.8326286565802,161.24135002256978
upward_base,S_diesel_lag,"lagged S, diesel",3.4967081503352495,0.93,0.87,156.08434465061958,140.27997451963572,0.3735299410805531,0.058551945160476675,0.3183814018111903,0.0405173303697446,0.0220582835627621,0.0,0.1355064836641211,167.8326286565802,161.24135002256978
upward_base,S_diesel_lag,"lagged S, diesel",4.1424232217767845,0.93,0.88,156.08434465061958,141.89238801986141,0.37847527963402705,0.054999654696652946,0.3222938461064368,0.03562268809171868,0.023058785179604,0.0,0.1357417089514065,167.8326286565802,161.24135002256978
upward_base,S_diesel_lag,"lagged S, diesel",4.78813829321832,0.93,0.88,156.08434465061958,141.89238801986141,0.37847527963402705,0.056361863408982166,0.3222938461064368,0.03562268809171868,0.023058785179604,0.0,0.1359687437367947,167.8326286565802,161.24135002256978
upward_base,S_diesel_lag,"lagged S, diesel",5.433853364659854,0.93,0.88,156.08434465061958,141.89238801986141,0.37847527963402705,0.0577514682700136,0.3222938461064368,0.03562268809171868,0.023058785179604,0.0,0.13620034454696658,167.8326286565802,161.24135002256978
upward_base,S_diesel_lag,"lagged S, diesel",6.079568436101389,0.93,0.88,156.08434465061958,141.89238801986141,0.37847527963402705,0.05916846927974721,0.3222938461064368,0.03562268809171868,0.023058785179604,0.0,0.13643651138192223,167.8326286565802,161.24135002256978
upward_base,S_diesel_lag,"lagged S, diesel",6.725283507542924,0.93,0.88,156.08434465061958,141.89238801986141,0.37847527963402705,0.06061286643818302,0.3222938461064368,0.03562268809171868,0.023058785179604,0.0,0.13667724424166153,167.8326286565802,161.24135002256978
upward_base,S_diesel_lag,"lagged S, diesel",7.370998578984459,0.93,0.88,156.08434465061958,141.89238801986141,0.37847527963402705,0.06208465974532104,0.3222938461064368,0.03562268809171868,0.023058785179604,0.0,0.13692254312618451,167.8326286565802,161.24135002256978
upward_base,S_diesel_lag,"lagged S, diesel",8.016713650425993,0.93,0.88,156.08434465061958,141.89238801986141,0.37847527963402705,0.06358384920116124,0.3222938461064368,0.03562268809171868,0.023058785179604,0.0,0.13717240803549122,167.8326286565802,161.24135002256978
upward_base,S_diesel_lag,"lagged S, diesel",8.662428721867528,0.93,0.88,156.08434465061958,141.89238801986141,0.37847527963402705,0.06511043480570365,0.3222938461064368,0.03562268809171868,0.023058785179604,0.0,0.1374268389695816,167.8326286565802,161.24135002256978
upward_base,S_diesel_lag,"lagged S, diesel",9.308143793309064,0.93,0.88,156.08434465061958,141.89238801986141,0.37847527963402705,0.06666441655894825,0.3222938461064368,0.03562268809171868,0.023058785179604,0.0,0.1376858359284557,167.8326286565802,161.24135002256978
upward_base,S_diesel_lag,"lagged S, diesel",9.953858864750599,0.93,0.89,156.08434465061958,143.5048015200871,0.38347713634239783,0.06273002325328945,0.32625100405077195,0.031119617195934847,0.02408147632708322,0.0,0.13794320952824618,167.8326286565802,161.24135002256978
upward_base,S_diesel_lag,"lagged S, diesel",10.599573936192133,0.93,0.89,156.08434465061958,143.5048015200871,0.38347713634239783,0.06424106751130718,0.32625100405077195,0.031119617195934847,0.02408147632708322,0.0,0.13819505023791578,167.8326286565802,161.24135002256978
upward_base,S_diesel_lag,"lagged S, diesel",11.245289007633668,0.93,0.89,156.08434465061958,143.5048015200871,0.38347713634239783,0.06577950791802706,0.32625100405077195,0.031119617195934847,0.02408147632708322,0.0,0.1384514569723691,167.8326286565802,161.24135002256978
upward_base,S_diesel_lag,"lagged S, diesel",11.891004079075202,0.93,0.89,156.08434465061958,143.5048015200871,0.38347713634239783,0.06734534447344918,0.32625100405077195,0.031119617195934847,0.02408147632708322,0.0,0.13871242973160613,167.8326286565802,161.24135002256978
upward_base,S_diesel_lag,"lagged S, diesel",12.536719150516738,0.93,0.89,156.08434465061958,143.5048015200871,0.38347713634239783,0.06893857717757348,0.32625100405077195,0.031119617195934847,0.02408147632708322,0.0,0.13897796851562683,167.8326286565802,161.24135002256978
upward_base,S_diesel_lag,"lagged S, diesel",13.182434221958273,0.93,0.89,156.08434465061958,143.5048015200871,0.38347713634239783,0.07055920603039997,0.32625100405077195,0.031119617195934847,0.02408147632708322,0.0,0.13924807332443123,167.8326286565802,161.24135002256978
upward_base,S_diesel_lag,"lagged S, diesel",13.828149293399807,0.93,0.89,156.08434465061958,143.5048015200871,0.38347713634239783,0.07220723103192868,0.32625100405077195,0.031119617195934847,0.02408147632708322,0.0,0.13952274415801935,167.8326286565802,161.24135002256978
upward_base,S_diesel_lag,"lagged S, diesel",14.473864364841342,0.93,0.89,156.08434465061958,143.5048015200871,0.38347713634239783,0.07388265218215956,0.32625100405077195,0.031119617195934847,0.02408147632708322,0.0,0.13980198101639119,167.8326286565802,161.24135002256978
upward_base,S_diesel_lag,"lagged S, diesel",15.119579436282876,0.93,0.89,156.08434465061958,143.5048015200871,0.38347713634239783,0.07558546948109263,0.32625100405077195,0.031119617195934847,0.02408147632708322,0.0,0.14008578389954668,167.8326286565802,161.24135002256978
upward_base,S_diesel_lag,"lagged S, diesel",15.76529450772441,0.93,0.9,156.08434465061958,145.1172150203128,0.3885355112056655,0.07126897333359879,0.33025287564419564,0.027008117682393085,0.02512635700519967,0.0,0.14036530581184206,167.8326286565802,161.24135002256978
upward_base,S_diesel_lag,"lagged S, diesel",16.411009579165945,0.93,0.9,156.08434465061958,145.1172150203128,0.3885355112056655,0.07292885313730497,0.33025287564419564,0.027008117682393085,0.02512635700519967,0.0,0.1406419524457931,167.8326286565802,161.24135002256978
upward_base,S_diesel_lag,"lagged S, diesel",17.056724650607478,0.93,0.9,156.08434465061958,145.1172150203128,0.3885355112056655,0.07461612908971338,0.33025287564419564,0.027008117682393085,0.02512635700519967,0.0,0.14092316510452782,167.8326286565802,161.24135002256978
upward_base,S_diesel_lag,"lagged S, diesel",17.702439722049014,0.93,0.9,156.08434465061958,145.1172150203128,0.3885355112056655,0.07633080119082397,0.33025287564419564,0.027008117682393085,0.02512635700519967,0.0,0.14120894378804627,167.8326286565802,161.24135002256978
upward_base,S_diesel_lag,"lagged S, diesel",18.34815479349055,0.93,0.9,156.08434465061958,145.1172150203128,0.3885355112056655,0.07807286944063675,0.33025287564419564,0.027008117682393085,0.02512635700519967,0.0,0.14149928849634838,167.8326286565802,161.24135002256978
upward_base,S_diesel_lag,"lagged S, diesel",18.993869864932083,0.93,0.9,156.08434465061958,145.1172150203128,0.3885355112056655,0.07984233383915174,0.33025287564419564,0.027008117682393085,0.02512635700519967,0.0,0.14179419922943423,167.8326286565802,161.24135002256978
upward_base,S_diesel_lag,"lagged S, diesel",19.63958493637362,0.93,0.9,156.08434465061958,145.1172150203128,0.3885355112056655,0.08163919438636891,0.33025287564419564,0.027008117682393085,0.02512635700519967,0.0,0.14209367598730374,167.8326286565802,161.24135002256978
upward_base,S_diesel_lag,"lagged S, diesel",20.285300007815152,0.93,0.9,156.08434465061958,145.1172150203128,0.3885355112056655,0.08346345108228817,0.33025287564419564,0.027008117682393085,0.02512635700519967,0.0,0.14239771876995697,167.8326286565802,161.24135002256978
upward_base,S_diesel_lag,"lagged S, diesel",20.93101507925669,0.93,0.9,156.08434465061958,145.1172150203128,0.3885355112056655,0.08531510392690984,0.33025287564419564,0.027008117682393085,0.02512635700519967,0.0,0.1427063275773939,167.8326286565802,161.24135002256978
upward_base,S_diesel_lag,"lagged S, diesel",21.576730150698225,0.93,0.91,156.08434465061958,146.7296285205385,0.39365040422382996,0.08061650493758096,0.3342994608867078,0.02328818955109339,0.026193427213953263,0.0,0.14300799780219417,167.8326286565802,161.24135002256978
upward_base,S_diesel_lag,"lagged S, diesel",22.222445222139758,0.93,0.91,156.08434465061958,146.7296285205385,0.39365040422382996,0.0824252202869755,0.3342994608867078,0.02328818955109339,0.026193427213953263,0.0,0.14330945036042658,167.8326286565802,161.24135002256978
upward_base,S_diesel_lag,"lagged S, diesel",22.868160293581294,0.93,0.91,156.08434465061958,146.7296285205385,0.39365040422382996,0.08426133178507249,0.3342994608867078,0.02328818955109339,0.026193427213953263,0.0,0.14361546894344274,167.8326286565802,161.24135002256978
upward_base,S_diesel_lag,"lagged S, diesel",23.513875365022827,0.93,0.91,156.08434465061958,146.7296285205385,0.39365040422382996,0.08612483943187145,0.3342994608867078,0.02328818955109339,0.026193427213953263,0.0,0.14392605355124258,167.8326286565802,161.24135002256978
upward_base,S_diesel_lag,"lagged S, diesel",24.159590436464363,0.93,0.91,156.08434465061958,146.7296285205385,0.39365040422382996,0.08801574322737274,0.3342994608867078,0.02328818955109339,0.026193427213953263,0.0,0.14424120418382613,167.8326286565802,161.24135002256978
upward_base,S_diesel_lag,"lagged S, diesel",24.8053055079059,0.93,0.91,156.08434465061958,146.7296285205385,0.39365040422382996,0.08993404317157633,0.3342994608867078,0.02328818955109339,0.026193427213953263,0.0,0.1445609208411934,167.8326286565802,161.24135002256978
upward_base,S_diesel_lag,"lagged S, diesel",25.451020579347432,0.93,0.91,156.08434465061958,146.7296285205385,0.39365040422382996,0.09187973926448184,0.3342994608867078,0.02328818955109339,0.026193427213953263,0.0,0.1448852035233443,167.8326286565802,161.24135002256978
upward_base,S_diesel_lag,"lagged S, diesel",26.09673565078897,0.93,0.91,156.08434465061958,146.7296285205385,0.39365040422382996,0.09385283150608972,0.3342994608867078,0.02328818955109339,0.026193427213953263,0.0,0.14521405223027894,167.8326286565802,161.24135002256978
upward_base,S_diesel_lag,"lagged S, diesel",26.7424507222305,0.93,0.91,156.08434465061958,146.7296285205385,0.39365040422382996,0.09585331989639977,0.3342994608867078,0.02328818955109339,0.026193427213953263,0.0,0.1455474669619973,167.8326286565802,161.24135002256978
upward_base,S_diesel_lag,"lagged S, diesel",27.388165793672037,0.93,0.92,156.08434465061958,148.3420420207642,0.3988218153968912,0.0907726180652358,0.3383907597783085,0.019959832802035764,0.02728268695334418,0.0,0.14587128549930253,167.8326286565802,161.24135002256978
upward_base,S_diesel_lag,"lagged S, diesel",28.033880865113574,0.93,0.92,156.08434465061958,148.3420420207642,0.3988218153968912,0.09273016896031896,0.3383907597783085,0.019959832802035764,0.02728268695334418,0.0,0.1461975439818164,167.8326286565802,161.24135002256978
upward_base,S_diesel_lag,"lagged S, diesel",28.679595936555106,0.93,0.92,156.08434465061958,148.3420420207642,0.3988218153968912,0.09471511600410433,0.3383907597783085,0.019959832802035764,0.02728268695334418,0.0,0.14652836848911396,167.8326286565802,161.24135002256978
upward_base,S_diesel_lag,"lagged S, diesel",29.325311007996643,0.93,0.92,156.08434465061958,148.3420420207642,0.3988218153968912,0.0967274591965919,0.3383907597783085,0.019959832802035764,0.02728268695334418,0.0,0.14686375902119522,167.8326286565802,161.24135002256978
upward_base,S_diesel_lag,"lagged S, diesel",29.971026079438175,0.93,0.92,156.08434465061958,148.3420420207642,0.3988218153968912,0.09876719853778164,0.3383907597783085,0.019959832802035764,0.02728268695334418,0.0,0.14720371557806017,167.8326286565802,161.24135002256978
upward_base,S_diesel_lag,"lagged S, diesel",30.61674115087971,0.93,0.92,156.08434465061958,148.3420420207642,0.3988218153968912,0.10083433402767361,0.3383907597783085,0.019959832802035764,0.02728268695334418,0.0,0.14754823815970883,167.8326286565802,161.24135002256978
upward_base,S_diesel_lag,"lagged S, diesel",31.262456222321244,0.93,0.92,156.08434465061958,148.3420420207642,0.3988218153968912,0.10292886566626773,0.3383907597783085,0.019959832802035764,0.02728268695334418,0.0,0.14789732676614117,167.8326286565802,161.24135002256978
upward_base,S_diesel_lag,"lagged S, diesel",31.90817129376278,0.93,0.92,156.08434465061958,148.3420420207642,0.3988218153968912,0.10505079345356406,0.3383907597783085,0.019959832802035764,0.02728268695334418,0.0,0.14825098139735723,167.8326286565802,161.24135002256978
upward_base,S_diesel_lag,"lagged S, diesel",32.55388636520432,0.93,0.93,156.08434465061958,149.9544555209899,0.40404974472484934,0.09965832242449416,0.34252677231899775,0.017023047435220227,0.02839413622337232,0.0,0.1486086705211556,167.8326286565802,161.24135002256978
upward_base,S_diesel_lag,"lagged S, diesel",33.19960143664586,0.93,0.93,156.08434465061958,149.9544555209899,0.40404974472484934,0.10173731271656358,0.34252677231899775,0.017023047435220227,0.02839413622337232,0.0,0.14895516890316715,167.8326286565802,161.24135002256978
upward_base,S_diesel_lag,"lagged S, diesel",33.845316508087386,0.93,0.93,156.08434465061958,149.9544555209899,0.40404974472484934,0.10384369915733525,0.34252677231899775,0.017023047435220227,0.02839413622337232,0.0,0.14930623330996243,167.8326286565802,161.24135002256978
upward_base,S_diesel_lag,"lagged S, diesel",34.49103157952892,0.93,0.93,156.08434465061958,149.9544555209899,0.40404974472484934,0.1059774817468091,0.34252677231899775,0.017023047435220227,0.02839413622337232,0.0,0.1496618637415414,167.8326286565802,161.24135002256978
upward_base,S_diesel_lag,"lagged S, diesel",35.13674665097046,0.93,0.93,156.08434465061958,149.9544555209899,0.40404974472484934,0.10813866048498512,0.34252677231899775,0.017023047435220227,0.02839413622337232,0.0,0.15002206019790407,167.8326286565802,161.24135002256978
upward_base,S_diesel_lag,"lagged S, diesel",35.782461722411995,0.93,0.93,156.08434465061958,149.9544555209899,0.40404974472484934,0.11032723537186338,0.34252677231899775,0.017023047435220227,0.02839413622337232,0.0,0.15038682267905046,167.8326286565802,161.24135002256978
upward_base,S_diesel_lag,"lagged S, diesel",36.42817679385353,0.93,0.93,156.08434465061958,149.9544555209899,0.40404974472484934,0.11254320640744381,0.34252677231899775,0.017023047435220227,0.02839413622337232,0.0,0.1507561511849805,167.8326286565802,161.24135002256978
upward_base,S_diesel_lag,"lagged S, diesel",37.07389186529506,0.93,0.93,156.08434465061958,149.9544555209899,0.40404974472484934,0.11478657359172645,0.34252677231899775,0.017023047435220227,0.02839413622337232,0.0,0.1511300457156943,167.8326286565802,161.24135002256978
upward_base,S_diesel_lag,"lagged S, diesel",37.7196069367366,0.93,0.93,156.08434465061958,149.9544555209899,0.40404974472484934,0.11705733692471126,0.34252677231899775,0.017023047435220227,0.02839413622337232,0.0,0.15150850627119175,167.8326286565802,161.24135002256978
upward_base,S_diesel_lag,"lagged S, diesel",38.36532200817813,0.93,0.94,156.08434465061958,151.56686902121558,0.40933419220770423,0.11128276305380642,0.3467074985087754,0.014477833450646795,0.029527775024037604,0.0,0.15188834370749504,167.8326286565802,161.24135002256978
upward_base,S_diesel_lag,"lagged S, diesel",39.01103707961967,0.93,0.94,156.08434465061958,151.56686902121558,0.40933419220770423,0.11351058889156436,0.3467074985087754,0.014477833450646795,0.029527775024037604,0.0,0.15225964801378802,167.8326286565802,161.24135002256978
upward_base,S_diesel_lag,"lagged S, diesel",39.656752151061205,0.93,0.94,156.08434465061958,151.56686902121558,0.40933419220770423,0.1157658108780245,0.3467074985087754,0.014477833450646795,0.029527775024037604,0.0,0.15263551834486472,167.8326286565802,161.24135002256978
upward_base,S_diesel_lag,"lagged S, diesel",40.302467222502735,0.93,0.94,156.08434465061958,151.56686902121558,0.40933419220770423,0.11804842901318681,0.3467074985087754,0.014477833450646795,0.029527775024037604,0.0,0.1530159547007251,167.8326286565802,161.24135002256978
upward_base,S_diesel_lag,"lagged S, diesel",40.94818229394427,0.93,0.94,156.08434465061958,151.56686902121558,0.40933419220770423,0.12035844329705137,0.3467074985087754,0.014477833450646795,0.029527775024037604,0.0,0.1534009570813692,167.8326286565802,161.24135002256978
upward_base,S_diesel_lag,"lagged S, diesel",41.59389736538581,0.93,0.94,156.08434465061958,151.56686902121558,0.40933419220770423,0.12269585372961807,0.3467074985087754,0.014477833450646795,0.029527775024037604,0.0,0.15379052548679698,167.8326286565802,161.24135002256978
upward_base,S_diesel_lag,"lagged S, diesel",42.23961243682734,0.93,0.94,156.08434465061958,151.56686902121558,0.40933419220770423,0.12506066031088697,0.3467074985087754,0.014477833450646795,0.029527775024037604,0.0,0.15418465991700847,167.8326286565802,161.24135002256978
upward_base,S_diesel_lag,"lagged S, diesel",42.88532750826888,0.93,0.94,156.08434465061958,151.56686902121558,0.40933419220770423,0.12745286304085812,0.3467074985087754,0.014477833450646795,0.029527775024037604,0.0,0.15458336037200365,167.8326286565802,161.24135002256978
upward_base,S_diesel_lag,"lagged S, diesel",43.53104257971041,0.93,0.94,156.08434465061958,151.56686902121558,0.40933419220770423,0.12987246191953142,0.3467074985087754,0.014477833450646795,0.029527775024037604,0.0,0.15498662685178255,167.8326286565802,161.24135002256978
upward_base,S_diesel_lag,"lagged S, diesel",44.176757651151945,0.93,0.95,156.08434465061958,153.17928252144128,0.41467515784545617,0.12371578520679138,0.3509329383476418,0.01232419084831539,0.03068360335534022,0.0,0.15538861260059075,167.8326286565802,161.24135002256978
upward_base,S_diesel_lag,"lagged S, diesel",44.82247272259348,0.93,0.95,156.08434465061958,153.17928252144128,0.41467515784545617,0.1260924465902378,0.3509329383476418,0.01232419084831539,0.03068360335534022,0.0,0.15578472283116515,167.8326286565802,161.24135002256978
upward_base,S_diesel_lag,"lagged S, diesel",45.46818779403502,0.93,0.95,156.08434465061958,153.17928252144128,0.41467515784545617,0.1284965041223864,0.3509329383476418,0.01232419084831539,0.03068360335534022,0.0,0.15618539908652326,167.8326286565802,161.24135002256978
upward_base,S_diesel_lag,"lagged S, diesel",46.113902865476554,0.93,0.95,156.08434465061958,153.17928252144128,0.41467515784545617,0.13092795780323724,0.3509329383476418,0.01232419084831539,0.03068360335534022,0.0,0.1565906413666651,167.8326286565802,161.24135002256978
upward_base,S_diesel_lag,"lagged S, diesel",46.75961793691808,0.93,0.95,156.08434465061958,153.17928252144128,0.41467515784545617,0.13338680763279023,0.3509329383476418,0.01232419084831539,0.03068360335534022,0.0,0.15700044967159058,167.8326286565802,161.24135002256978
upward_base,S_diesel_lag,"lagged S, diesel",47.40533300835962,0.93,0.95,156.08434465061958,153.17928252144128,0.41467515784545617,0.13587305361104549,0.3509329383476418,0.01232419084831539,0.03068360335534022,0.0,0.15741482400129977,167.8326286565802,161.24135002256978
upward_base,S_diesel_lag,"lagged S, diesel",48.051048079801156,0.93,0.95,156.08434465061958,153.17928252144128,0.41467515784545617,0.13838669573800286,0.3509329383476418,0.01232419084831539,0.03068360335534022,0.0,0.1578337643557927,167.8326286565802,161.24135002256978
upward_base,S_diesel_lag,"lagged S, diesel",48.69676315124269,0.93,0.95,156.08434465061958,153.17928252144128,0.41467515784545617,0.14092773401366246,0.3509329383476418,0.01232419084831539,0.03068360335534022,0.0,0.15825727073506926,167.8326286565802,161.24135002256978
upward_base,S_diesel_lag,"lagged S, diesel",49.34247822268423,0.93,0.95,156.08434465061958,153.17928252144128,0.41467515784545617,0.14349616843802426,0.3509329383476418,0.01232419084831539,0.03068360335534022,0.0,0.15868534313912958,167.8326286565802,161.24135002256978
upward_base,S_diesel_lag,"lagged S, diesel",49.98819329412576,0.93,0.96,156.08434465061958,154.79169602166698,0.42007264163810487,0.13695738888344916,0.35520309183559656,0.01056211962822606,0.031861621217279965,0.0,0.1591094772004427,167.8326286565802,161.24135002256978
upward_base,S_diesel_lag,"lagged S, diesel",50.633908365567294,0.93,0.96,156.08434465061958,154.79169602166698,0.42007264163810487,0.13948288581258408,0.35520309183559656,0.01056211962822606,0.031861621217279965,0.0,0.15953039335529853,167.8326286565802,161.24135002256978
upward_base,S_diesel_lag,"lagged S, diesel",51.27962343700883,0.93,0.96,156.08434465061958,154.79169602166698,0.42007264163810487,0.14203577889042118,0.35520309183559656,0.01056211962822606,0.031861621217279965,0.0,0.15995587553493804,167.8326286565802,161.24135002256978
upward_base,S_diesel_lag,"lagged S, diesel",51.925338508450366,0.93,0.96,156.08434465061958,154.79169602166698,0.42007264163810487,0.14461606811696046,0.35520309183559656,0.01056211962822606,0.031861621217279965,0.0,0.16038592373936125,167.8326286565802,161.24135002256978
upward_base,prev_u_gasoline,"previous u, gasoline",-393.4071035992978,0.88,0.9,147.69271321779058,145.1172150203128,0.3718316760333373,0.09758611194782399,1.0158705295244925,0.041412344502342054,0.03241449204282748,0.0,0.2598525256751371,167.8326286565802,161.24135002256978
upward_base,prev_u_gasoline,"previous u, gasoline",-384.393938626157,0.88,0.9,147.69271321779058,145.1172150203128,0.3718316760333373,0.09758611194782399,0.9908394502733331,0.041412344502342054,0.03241449204282748,0.0,0.25568067913327724,167.8326286565802,161.24135002256978
upward_base,prev_u_gasoline,"previous u, gasoline",-375.38077365301626,0.88,0.9,147.69271321779058,145.1172150203128,0.3718316760333373,0.09758611194782399,0.9662288184529503,0.041412344502342054,0.03241449204282748,0.0,0.2515789071632134,167.8326286565802,161.24135002256978
upward_base,prev_u_gasoline,"previous u, gasoline",-366.3676086798755,0.88,0.9,147.69271321779058,145.1172150203128,0.3718316760333373,0.09758611194782399,0.9420386340633443,0.041412344502342054,0.03241449204282748,0.0,0.2475472097649458,167.8326286565802,161.24135002256978
upward_base,prev_u_gasoline,"previous u, gasoline",-357.3544437067347,0.88,0.9,147.69271321779058,145.1172150203128,0.3718316760333373,0.09758611194782399,0.918268897104515,0.041412344502342054,0.03241449204282748,0.0,0.24358558693847424,167.8326286565802,161.24135002256978
upward_base,prev_u_gasoline,"previous u, gasoline",-348.3412787335939,0.89,0.9,149.3710395043564,145.1172150203128,0.3750986139620689,0.09322246345348259,0.9009979766724018,0.03792500537751228,0.030882717120635575,0.0,0.23968779609768343,167.8326286565802,161.24135002256978
upward_base,prev_u_gasoline,"previous u, gasoline",-339.32811376045316,0.89,0.9,149.3710395043564,145.1172150203128,0.3750986139620689,0.09322246345348259,0.8779908437663712,0.03792500537751228,0.030882717120635575,0.0,0.23585327394667832,167.8326286565802,161.24135002256978
upward_base,prev_u_gasoline,"previous u, gasoline",-330.3149487873124,0.89,0.9,149.3710395043564,145.1172150203128,0.3750986139620689,0.09322246345348259,0.8554041582911169,0.03792500537751228,0.030882717120635575,0.0,0.2320888263674693,167.8326286565802,161.24135002256978
upward_base,prev_u_gasoline,"previous u, gasoline",-321.30178381417164,0.89,0.9,149.3710395043564,145.1172150203128,0.3750986139620689,0.09322246345348259,0.8332379202466395,0.03792500537751228,0.030882717120635575,0.0,0.22839445336005637,167.8326286565802,161.24135002256978
upward_base,prev_u_gasoline,"previous u, gasoline",-312.2886188410308,0.89,0.9,149.3710395043564,145.1172150203128,0.3750986139620689,0.09322246345348259,0.8114921296329388,0.03792500537751228,0.030882717120635575,0.0,0.2247701549244396,167.8326286565802,161.24135002256978
upward_base,prev_u_gasoline,"previous u, gasoline",-303.27545386789006,0.89,0.9,149.3710395043564,145.1172150203128,0.3750986139620689,0.09322246345348259,0.7901667864500149,0.03792500537751228,0.030882717120635575,0.0,0.22121593106061896,167.8326286565802,161.24135002256978
upward_base,prev_u_gasoline,"previous u, gasoline",-294.2622888947493,0.89,0.9,149.3710395043564,145.1172150203128,0.3750986139620689,0.09322246345348259,0.769261890697868,0.03792500537751228,0.030882717120635575,0.0,0.21773178176859448,167.8326286565802,161.24135002256978
upward_base,prev_u_gasoline,"previous u, gasoline",-285.24912392160854,0.89,0.9,149.3710395043564,145.1172150203128,0.3750986139620689,0.09322246345348259,0.7487774423764976,0.03792500537751228,0.030882717120635575,0.0,0.21431770704836609,167.8326286565802,161.24135002256978
upward_base,prev_u_gasoline,"previous u, gasoline",-276.2359589484678,0.9,0.9,151.0493657909222,145.1172150203128,0.3784024664436675,0.08910309817747214,0.7341999765610641,0.034740913133102506,0.02938801615577682,0.0,0.21097241174518044,167.8326286565802,161.24135002256978
upward_base,prev_u_gasoline,"previous u, gasoline",-267.222793975327,0.9,0.9,151.0493657909222,145.1172150203128,0.3784024664436675,0.08910309817747214,0.7144781322924918,0.034740913133102506,0.02938801615577682,0.0,0.2076854377004184,167.8326286565802,161.24135002256978
upward_base,prev_u_gasoline,"previous u, gasoline",-258.20962900218626,0.9,0.9,151.0493657909222,145.1172150203128,0.3784024664436675,0.08910309817747214,0.6951767354546966,0.034740913133102506,0.02938801615577682,0.0,0.20446853822745253,167.8326286565802,161.24135002256978
upward_base,prev_u_gasoline,"previous u, gasoline",-249.19646402904547,0.9,0.9,151.0493657909222,145.1172150203128,0.3784024664436675,0.08910309817747214,0.6762957860476779,0.034740913133102506,0.02938801615577682,0.0,0.20132171332628274,167.8326286565802,161.24135002256978
upward_base,prev_u_gasoline,"previous u, gasoline",-240.1832990559047,0.9,0.9,151.0493657909222,145.1172150203128,0.3784024664436675,0.08910309817747214,0.6578352840714363,0.034740913133102506,0.02938801615577682,0.0,0.19824496299690914,167.8326286565802,161.24135002256978
upward_base,prev_u_gasoline,"previous u, gasoline",-231.17013408276392,0.9,0.9,151.0493657909222,145.1172150203128,0.3784024664436675,0.08910309817747214,0.6397952295259712,0.034740913133102506,0.02938801615577682,0.0,0.19523828723933162,167.8326286565802,161.24135002256978
upward_base,prev_u_gasoline,"previous u, gasoline",-222.15696910962316,0.9,0.9,151.0493657909222,145.1172150203128,0.3784024664436675,0.08910309817747214,0.622175622411283,0.034740913133102506,0.02938801615577682,0.0,0.19230168605355025,167.8326286565802,161.24135002256978
upward_base,prev_u_gasoline,"previous u, gasoline",-213.1438041364824,0.9,0.9,151.0493657909222,145.1172150203128,0.3784024664436675,0.08910309817747214,0.6049764627273716,0.034740913133102506,0.02938801615577682,0.0,0.18943515943956502,167.8326286565802,161.24135002256978
upward_base,prev_u_gasoline,"previous u, gasoline",-204.1306391633416,0.9,0.9,151.0493657909222,145.1172150203128,0.3784024664436675,0.08910309817747214,0.5881977504742368,0.034740913133102506,0.02938801615577682,0.0,0.1866387073973759,167.8326286565802,161.24135002256978
upward_base,prev_u_gasoline,"previous u, gasoline",-195.11747419020085,0.91,0.9,152.72769207748797,145.1172150203128,0.3817432334781331,0.08522801611979273,0.5766558958975038,0.03186006776911275,0.027930389148251314,0.0,0.1839029337354655,167.8326286565802,161.24135002256978
upward_base,prev_u_gasoline,"previous u, gasoline",-186.1043092170601,0.91,0.9,152.72769207748797,145.1172150203128,0.3817432334781331,0.08522801611979273,0.5606397876971675,0.03186006776911275,0.027930389148251314,0.0,0.18123358236874282,167.8326286565802,161.24135002256978
upward_base,prev_u_gasoline,"previous u, gasoline",-177.0911442439193,0.91,0.9,152.72769207748797,145.1172150203128,0.3817432334781331,0.08522801611979273,0.5450441269276078,0.03186006776911275,0.027930389148251314,0.0,0.1786343055738162,167.8326286565802,161.24135002256978
upward_base,prev_u_gasoline,"previous u, gasoline",-168.07797927077854,0.91,0.9,152.72769207748797,145.1172150203128,0.3817432334781331,0.08522801611979273,0.5298689135888249,0.03186006776911275,0.027930389148251314,0.0,0.17610510335068572,167.8326286565802,161.24135002256978
upward_base,prev_u_gasoline,"previous u, gasoline",-159.06481429763778,0.91,0.9,152.72769207748797,145.1172150203128,0.3817432334781331,0.08522801611979273,0.5151141476808189,0.03186006776911275,0.027930389148251314,0.0,0.17364597569935136,167.8326286565802,161.24135002256978
upward_base,prev_u_gasoline,"previous u, gasoline",-150.05164932449702,0.91,0.9,152.72769207748797,145.1172150203128,0.3817432334781331,0.08522801611979273,0.5007798292035897,0.03186006776911275,0.027930389148251314,0.0,0.17125692261981318,167.8326286565802,161.24135002256978
upward_base,prev_u_gasoline,"previous u, gasoline",-141.03848435135623,0.91,0.9,152.72769207748797,145.1172150203128,0.3817432334781331,0.08522801611979273,0.48686595815713696,0.03186006776911275,0.027930389148251314,0.0,0.16893794411207105,167.8326286565802,161.24135002256978
upward_base,prev_u_gasoline,"previous u, gasoline",-132.02531937821544,0.91,0.9,152.72769207748797,145.1172150203128,0.3817432334781331,0.08522801611979273,0.47337253454146105,0.03186006776911275,0.027930389148251314,0.0,0.16668904017612507,167.8326286565802,161.24135002256978
upward_base,prev_u_gasoline,"previous u, gasoline",-123.01215440507468,0.92,0.9,154.40601836405378,145.1172150203128,0.3851209150654658,0.08159721728044418,0.4645241345814076,0.029282469285542928,0.02650983609805887,0.0,0.1645057620518198,167.8326286565802,161.24135002256978
upward_base,prev_u_gasoline,"previous u, gasoline",-113.99898943193392,0.92,0.9,154.40601836405378,145.1172150203128,0.3851209150654658,0.08159721728044418,0.4517933150185301,0.029282469285542928,0.02650983609805887,0.0,0.16238395879134024,167.8326286565802,161.24135002256978
upward_base,prev_u_gasoline,"previous u, gasoline",-104.98582445879316,0.92,0.9,154.40601836405378,145.1172150203128,0.3851209150654658,0.08159721728044418,0.43948294288642936,0.029282469285542928,0.02650983609805887,0.0,0.16033223010265676,167.8326286565802,161.24135002256978
upward_base,prev_u_gasoline,"previous u, gasoline",-95.9726594856524,0.92,0.9,154.40601836405378,145.1172150203128,0.3851209150654658,0.08159721728044418,0.4275930181851054,0.029282469285542928,0.02650983609805887,0.0,0.15835057598576943,167.8326286565802,161.24135002256978
upward_base,prev_u_gasoline,"previous u, gasoline",-86.95949451251164,0.92,0.9,154.40601836405378,145.1172150203128,0.3851209150654658,0.08159721728044418,0.41612354091455817,0.029282469285542928,0.02650983609805887,0.0,0.15643899644067824,167.8326286565802,161.24135002256978
upward_base,prev_u_gasoline,"previous u, gasoline",-77.94632953937088,0.92,0.9,154.40601836405378,145.1172150203128,0.3851209150654658,0.08159721728044418,0.4050745110747876,0.029282469285542928,0.02650983609805887,0.0,0.15459749146738314,167.8326286565802,161.24135002256978
upward_base,prev_u_gasoline,"previous u, gasoline",-68.93316456623006,0.92,0.9,154.40601836405378,145.1172150203128,0.3851209150654658,0.08159721728044418,0.394445928665794,0.029282469285542928,0.02650983609805887,0.0,0.15282606106588423,167.8326286565802,161.24135002256978
upward_base,prev_u_gasoline,"previous u, gasoline",-59.9199995930893,0.92,0.9,154.40601836405378,145.1172150203128,0.3851209150654658,0.08159721728044418,0.384237793687577,0.029282469285542928,0.02650983609805887,0.0,0.15112470523618138,167.8326286565802,161.24135002256978
upward_base,prev_u_gasoline,"previous u, gasoline",-50.90683461994854,0.92,0.9,154.40601836405378,145.1172150203128,0.3851209150654658,0.08159721728044418,0.37445010614013685,0.029282469285542928,0.02650983609805887,0.0,0.1494934239782747,167.8326286565802,161.24135002256978
upward_base,prev_u_gasoline,"previous u, gasoline",-41.89366964680778,0.93,0.9,156.08434465061958,145.1172150203128,0.3885355112056655,0.0782107016594266,0.3686373174187843,0.027008117682393085,0.02512635700519967,0.0,0.14791966749524482,167.8326286565802,161.24135002256978
upward_base,prev_u_gasoline,"previous u, gasoline",-32.88050467366702,0.93,0.9,156.08434465061958,145.1172150203128,0.3885355112056655,0.0782107016594266,0.3596122339241424,0.027008117682393085,0.02512635700519967,0.0,0.14641548691280448,167.8326286565802,161.24135002256978
upward_base,prev_u_gasoline,"previous u, gasoline",-23.86733970052626,0.93,0.9,156.08434465061958,145.1172150203128,0.3885355112056655,0.0782107016594266,0.35100759786027724,0.027008117682393085,0.02512635700519967,0.0,0.1449813809021603,167.8326286565802,161.24135002256978
upward_base,prev_u_gasoline,"previous u, gasoline",-14.854174727385441,0.93,0.9,156.08434465061958,145.1172150203128,0.3885355112056655,0.0782107016594266,0.34282340922718885,0.027008117682393085,0.02512635700519967,0.0,0.14361734946331223,167.8326286565802,161.24135002256978
upward_base,prev_u_gasoline,"previous u, gasoline",-5.841009754244681,0.93,0.9,156.08434465061958,145.1172150203128,0.3885355112056655,0.0782107016594266,0.3350596680248773,0.027008117682393085,0.02512635700519967,0.0,0.1423233925962603,167.8326286565802,161.24135002256978
upward_base,prev_u_gasoline,"previous u, gasoline",3.17215521889608,0.93,0.9,156.08434465061958,145.1172150203128,0.3885355112056655,0.0782107016594266,0.32771637425334244,0.027008117682393085,0.02512635700519967,0.0,0.1410995103010045,167.8326286565802,161.24135002256978
upward_base,prev_u_gasoline,"previous u, gasoline",12.18532019203684,0.93,0.9,156.08434465061958,145.1172150203128,0.3885355112056655,0.0782107016594266,0.3207935279125844,0.027008117682393085,0.02512635700519967,0.0,0.13994570257754482,167.8326286565802,161.24135002256978
upward_base,prev_u_gasoline,"previous u, gasoline",21.1984851651776,0.93,0.9,156.08434465061958,145.1172150203128,0.3885355112056655,0.0782107016594266,0.31429112900260314,0.027008117682393085,0.02512635700519967,0.0,0.13886196942588128,167.8326286565802,161.24135002256978
upward_base,prev_u_gasoline,"previous u, gasoline",30.21165013831836,0.94,0.9,157.7626709371854,145.1172150203128,0.39198702189873214,0.07506846925673998,0.3111717948979299,0.02503701295966322,0.023779951869673535,0.0,0.1378407084804564,167.8326286565802,161.24135002256978
upward_base,prev_u_gasoline,"previous u, gasoline",39.22481511145918,0.94,0.9,157.7626709371854,145.1172150203128,0.39198702189873214,0.07506846925673998,0.30543200004074683,0.02503701295966322,0.023779951869673535,0.0,0.13688407600425925,167.8326286565802,161.24135002256978
upward_base,prev_u_gasoline,"previous u, gasoline",48.23798008459994,0.94,0.9,157.7626709371854,145.1172150203128,0.39198702189873214,0.07506846925673998,0.3001126526143406,0.02503701295966322,0.023779951869673535,0.0,0.1359975180998582,167.8326286565802,161.24135002256978
upward_base,prev_u_gasoline,"previous u, gasoline",57.2511450577407,0.94,0.9,157.7626709371854,145.1172150203128,0.39198702189873214,0.07506846925673998,0.2952137526187111,0.02503701295966322,0.023779951869673535,0.0,0.13518103476725327,167.8326286565802,161.24135002256978
upward_base,prev_u_gasoline,"previous u, gasoline",66.26431003088146,0.94,0.9,157.7626709371854,145.1172150203128,0.39198702189873214,0.07506846925673998,0.2907353000538584,0.02503701295966322,0.023779951869673535,0.0,0.13443462600644449,167.8326286565802,161.24135002256978
upward_base,prev_u_gasoline,"previous u, gasoline",75.27747500402222,0.94,0.9,157.7626709371854,145.1172150203128,0.39198702189873214,0.07506846925673998,0.28667729491978244,0.02503701295966322,0.023779951869673535,0.0,0.13375829181743185,167.8326286565802,161.24135002256978
upward_base,prev_u_gasoline,"previous u, gasoline",84.29063997716298,0.94,0.9,157.7626709371854,145.1172150203128,0.39198702189873214,0.07506846925673998,0.28303973721648323,0.02503701295966322,0.023779951869673535,0.0,0.1331520322002153,167.8326286565802,161.24135002256978
upward_base,prev_u_gasoline,"previous u, gasoline",93.30380495030374,0.94,0.9,157.7626709371854,145.1172150203128,0.39198702189873214,0.07506846925673998,0.2798226269439609,0.02503701295966322,0.023779951869673535,0.0,0.1326158471547949,167.8326286565802,161.24135002256978
upward_base,prev_u_gasoline,"previous u, gasoline",102.31696992344456,0.95,0.9,159.44099722375117,145.1172150203128,0.39547544714466587,0.07217052007238435,0.27939674745596693,0.023369155117353362,0.02247062069148064,0.0,0.13214708174697515,167.8326286565802,161.24135002256978
upward_base,prev_u_gasoline,"previous u, gasoline",111.33013489658532,0.95,0.9,159.44099722375117,145.1172150203128,0.39547544714466587,0.07217052007238435,0.2769422412362428,0.023369155117353362,0.02247062069148064,0.0,0.13173799737702113,167.8326286565802,161.24135002256978
upward_base,prev_u_gasoline,"previous u, gasoline",120.34329986972602,0.95,0.9,159.44099722375117,145.1172150203128,0.39547544714466587,0.07217052007238435,0.2749081824472954,0.023369155117353362,0.02247062069148064,0.0,0.13139898757886323,167.8326286565802,161.24135002256978
upward_base,prev_u_gasoline,"previous u, gasoline",129.3564648428669,0.95,0.9,159.44099722375117,145.1172150203128,0.39547544714466587,0.07217052007238435,0.2732945710891248,0.023369155117353362,0.02247062069148064,0.0,0.13113005235250147,167.8326286565802,161.24135002256978
upward_base,prev_u_gasoline,"previous u, gasoline",138.36962981600766,0.95,0.9,159.44099722375117,145.1172150203128,0.39547544714466587,0.07217052007238435,0.272101407161731,0.023369155117353362,0.02247062069148064,0.0,0.13093119169793582,167.8326286565802,161.24135002256978
upward_base,prev_u_gasoline,"previous u, gasoline",147.38279478914842,0.95,0.9,159.44099722375117,145.1172150203128,0.39547544714466587,0.07217052007238435,0.2713286906651139,0.023369155117353362,0.02247062069148064,0.0,0.13080240561516632,167.8326286565802,161.24135002256978
upward_base,prev_u_gasoline,"previous u, gasoline",156.39595976228918,0.95,0.9,159.44099722375117,145.1172150203128,0.39547544714466587,0.07217052007238435,0.2709764215992736,0.023369155117353362,0.02247062069148064,0.0,0.13074369410419293,167.8326286565802,161.24135002256978
upward_base,prev_u_gasoline,"previous u, gasoline",165.40912473542994,0.95,0.9,159.44099722375117,145.1172150203128,0.39547544714466587,0.07217052007238435,0.2710445999642101,0.023369155117353362,0.02247062069148064,0.0,0.13075505716501568,167.8326286565802,161.24135002256978
upward_base,prev_u_gasoline,"previous u, gasoline",174.4222897085707,0.95,0.9,159.44099722375117,145.1172150203128,0.39547544714466587,0.07217052007238435,0.27153322575992334,0.023369155117353362,0.02247062069148064,0.0,0.13083649479763457,167.8326286565802,161.24135002256978
upward_base,prev_u_gasoline,"previous u, gasoline",183.43545468171146,0.96,0.9,161.11932351031697,145.1172150203128,0.3990007869434666,0.06951685410635965,0.2741429575106302,0.022004544155463452,0.02119836347062082,0.0,0.13097725103109006,167.8326286565802,161.24135002256978
upward_base,prev_u_gasoline,"previous u, gasoline",192.44861965485222,0.96,0.9,161.11932351031697,145.1172150203128,0.3990007869434666,0.06951685410635965,0.2753941873591418,0.022004544155463452,0.02119836347062082,0.0,0.13118578933917532,167.8326286565802,161.24135002256978
upward_base,prev_u_gasoline,"previous u, gasoline",201.46178462799298,0.96,0.9,161.11932351031697,145.1172150203128,0.3990007869434666,0.06951685410635965,0.27706586463843,0.022004544155463452,0.02119836347062082,0.0,0.1314644022190567,167.8326286565802,161.24135002256978
upward_base,prev_u_gasoline,"previous u, gasoline",210.47494960113374,0.96,0.9,161.11932351031697,145.1172150203128,0.3990007869434666,0.06951685410635965,0.2791579893484951,0.022004544155463452,0.02119836347062082,0.0,0.1318130896707342,167.8326286565802,161.24135002256978
upward_base,prev_u_gasoline,"previous u, gasoline",219.4881145742745,0.96,0.9,161.11932351031697,145.1172150203128,0.3990007869434666,0.06951685410635965,0.2816705614893369,0.022004544155463452,0.02119836347062082,0.0,0.13223185169420784,167.8326286565802,161.24135002256978
upward_base,prev_u_gasoline,"previous u, gasoline",228.50127954741527,0.96,0.9,161.11932351031697,145.1172150203128,0.3990007869434666,0.06951685410635965,0.2846035810609555,0.022004544155463452,0.02119836347062082,0.0,0.1327206882894776,167.8326286565802,161.24135002256978
upward_base,prev_u_gasoline,"previous u, gasoline",237.51444452055603,0.96,0.9,161.11932351031697,145.1172150203128,0.3990007869434666,0.06951685410635965,0.2879570480633508,0.022004544155463452,0.02119836347062082,0.0,0.13327959945654352,167.8326286565802,161.24135002256978
upward_base,prev_u_gasoline,"previous u, gasoline",246.5276094936969,0.96,0.9,161.11932351031697,145.1172150203128,0.3990007869434666,0.06951685410635965,0.29173096249652297,0.022004544155463452,0.02119836347062082,0.0,0.13390858519540552,167.8326286565802,161.24135002256978
upward_base,prev_u_gasoline,"previous u, gasoline",255.54077446683766,0.97,0.9,162.79764979688278,145.1172150203128,0.40256304129513437,0.06710747135866588,0.2970341488639093,0.020943180073993522,0.019963180207094155,0.0,0.13460183696646616,167.8326286565802,161.24135002256978
upward_base,prev_u_gasoline,"previous u, gasoline",264.5539394399784,0.97,0.9,162.79764979688278,145.1172150203128,0.40256304129513437,0.06710747135866588,0.30157066734987964,0.020943180073993522,0.019963180207094155,0.0,0.13535792338079455,167.8326286565802,161.24135002256978
upward_base,prev_u_gasoline,"previous u, gasoline",273.5671044131192,0.97,0.9,162.79764979688278,145.1172150203128,0.40256304129513437,0.06710747135866588,0.30652763326662685,0.020943180073993522,0.019963180207094155,0.0,0.1361840843669191,167.8326286565802,161.24135002256978
upward_base,prev_u_gasoline,"previous u, gasoline",282.58026938625994,0.97,0.9,162.79764979688278,145.1172150203128,0.40256304129513437,0.06710747135866588,0.31190504661415075,0.020943180073993522,0.019963180207094155,0.0,0.13708031992483974,167.8326286565802,161.24135002256978
upward_base,prev_u_gasoline,"previous u, gasoline",291.5934343594007,0.97,0.9,162.79764979688278,145.1172150203128,0.40256304129513437,0.06710747135866588,0.31770290739245144,0.020943180073993522,0.019963180207094155,0.0,0.13804663005455653,167.8326286565802,161.24135002256978
upward_base,prev_u_gasoline,"previous u, gasoline",300.60659933254146,0.97,0.9,162.79764979688278,145.1172150203128,0.40256304129513437,0.06710747135866588,0.32392121560152887,0.020943180073993522,0.019963180207094155,0.0,0.13908301475606943,167.8326286565802,161.24135002256978
upward_base,prev_u_gasoline,"previous u, gasoline",309.6197643056822,0.97,0.9,162.79764979688278,145.1172150203128,0.40256304129513437,0.06710747135866588,0.3305599712413831,0.020943180073993522,0.019963180207094155,0.0,0.14018947402937845,167.8326286565802,161.24135002256978
upward_base,prev_u_gasoline,"previous u, gasoline",318.632929278823,0.97,0.9,162.79764979688278,145.1172150203128,0.40256304129513437,0.06710747135866588,0.3376191743120141,0.020943180073993522,0.019963180207094155,0.0,0.14136600787448364,167.8326286565802,161.24135002256978
upward_base,prev_u_gasoline,"previous u, gasoline",327.6460942519638,0.98,0.9,164.4759760834486,145.1172150203128,0.4061622101996692,0.06494237182930307,0.34561581529607976,0.020185062872943575,0.01876507090090072,0.0,0.1426117551831493,167.8326286565802,161.24135002256978
upward_base,prev_u_diesel,"previous u, diesel",-387.7473910922218,0.93,0.85,156.08434465061958,137.05514751918432,0.3638088184382959,0.1139234796973218,1.236659112174966,0.051481329072522626,0.020123848920989836,0.0,0.29766609805068256,167.8326286565802,161.24135002256978
upward_base,prev_u_diesel,"previous u, diesel",-379.1815484196013,0.93,0.85,156.08434465061958,137.05514751918432,0.3638088184382959,0.1139234796973218,1.2044840138229371,0.051481329072522626,0.020123848920989836,0.0,0.29230358165867776,167.8326286565802,161.24135002256978
upward_base,prev_u_diesel,"previous u, diesel",-370.6157057469808,0.93,0.85,156.08434465061958,137.05514751918432,0.3638088184382959,0.1139234796973218,1.1728383995120717,0.051481329072522626,0.020123848920989836,0.0,0.28702931260686687,167.8326286565802,161.24135002256978
upward_base,prev_u_diesel,"previous u, diesel",-362.04986307436025,0.93,0.85,156.08434465061958,137.05514751918432,0.3638088184382959,0.1139234796973218,1.1417222692423699,0.051481329072522626,0.020123848920989836,0.0,0.2818432908952499,167.8326286565802,161.24135002256978
upward_base,prev_u_diesel,"previous u, diesel",-353.48402040173977,0.93,0.85,156.08434465061958,137.05514751918432,0.3638088184382959,0.1139234796973218,1.1111356230138312,0.051481329072522626,0.020123848920989836,0.0,0.2767455165238268,167.8326286565802,161.24135002256978
upward_base,prev_u_diesel,"previous u, diesel",-344.9181777291193,0.93,0.85,156.08434465061958,137.05514751918432,0.3638088184382959,0.1139234796973218,1.0810784608264554,0.051481329072522626,0.020123848920989836,0.0,0.2717359894925975,167.8326286565802,161.24135002256978
upward_base,prev_u_diesel,"previous u, diesel",-336.35233505649876,0.93,0.85,156.08434465061958,137.05514751918432,0.3638088184382959,0.1139234796973218,1.051550782680243,0.051481329072522626,0.020123848920989836,0.0,0.26681470980156213,167.8326286565802,161.24135002256978
upward_base,prev_u_diesel,"previous u, diesel",-327.7864923838782,0.93,0.86,156.08434465061958,138.66756101941002,0.368641120681976,0.1060836645974268,1.030189600985832,0.04580354403001258,0.021079971476557352,0.0,0.2619663169619673,167.8326286565802,161.24135002256978
upward_base,prev_u_diesel,"previous u, diesel",-319.22064971125775,0.93,0.86,156.08434465061958,138.66756101941002,0.368641120681976,0.1060836645974268,1.0016212221270877,0.04580354403001258,0.021079971476557352,0.0,0.2572049204855099,167.8326286565802,161.24135002256978
upward_base,prev_u_diesel,"previous u, diesel",-310.6548070386373,0.93,0.86,156.08434465061958,138.66756101941002,0.368641120681976,0.1060836645974268,0.9735823273095071,0.04580354403001258,0.021079971476557352,0.0,0.25253177134924654,167.8326286565802,161.24135002256978
upward_base,prev_u_diesel,"previous u, diesel",-302.08896436601674,0.93,0.86,156.08434465061958,138.66756101941002,0.368641120681976,0.1060836645974268,0.9460729165330894,0.04580354403001258,0.021079971476557352,0.0,0.24794686955317694,167.8326286565802,161.24135002256978
upward_base,prev_u_diesel,"previous u, diesel",-293.5231216933962,0.93,0.86,156.08434465061958,138.66756101941002,0.368641120681976,0.1060836645974268,0.9190929897978349,0.04580354403001258,0.021079971476557352,0.0,0.24345021509730116,167.8326286565802,161.24135002256978
upward_base,prev_u_diesel,"previous u, diesel",-284.95727902077573,0.93,0.86,156.08434465061958,138.66756101941002,0.368641120681976,0.1060836645974268,0.8926425471037439,0.04580354403001258,0.021079971476557352,0.0,0.23904180798161936,167.8326286565802,161.24135002256978
upward_base,prev_u_diesel,"previous u, diesel",-276.39143634815525,0.93,0.86,156.08434465061958,138.66756101941002,0.368641120681976,0.1060836645974268,0.8667215884508161,0.04580354403001258,0.021079971476557352,0.0,0.23472164820613137,167.8326286565802,161.24135002256978
upward_base,prev_u_diesel,"previous u, diesel",-267.8255936755347,0.93,0.86,156.08434465061958,138.66756101941002,0.368641120681976,0.1060836645974268,0.8413301138390515,0.04580354403001258,0.021079971476557352,0.0,0.23048973577083728,167.8326286565802,161.24135002256978
upward_base,prev_u_diesel,"previous u, diesel",-259.2597510029142,0.93,0.87,156.08434465061958,140.27997451963572,0.3735299410805531,0.09859247924368976,0.8233524989693104,0.0405173303697446,0.0220582835627621,0.0,0.2263417555376766,167.8326286565802,161.24135002256978
upward_base,prev_u_diesel,"previous u, diesel",-250.6939083302937,0.93,0.87,156.08434465061958,140.27997451963572,0.3735299410805531,0.09859247924368976,0.798920323645014,0.0405173303697446,0.0220582835627621,0.0,0.22226972631696051,167.8326286565802,161.24135002256978
upward_base,prev_u_diesel,"previous u, diesel",-242.1280656576732,0.93,0.87,156.08434465061958,140.27997451963572,0.3735299410805531,0.09859247924368976,0.7750176323618809,0.0405173303697446,0.0220582835627621,0.0,0.21828594443643834,167.8326286565802,161.24135002256978
upward_base,prev_u_diesel,"previous u, diesel",-233.5622229850527,0.93,0.87,156.08434465061958,140.27997451963572,0.3735299410805531,0.09859247924368976,0.7516444251199114,0.0405173303697446,0.0220582835627621,0.0,0.21439040989611008,167.8326286565802,161.24135002256978
upward_base,prev_u_diesel,"previous u, diesel",-224.9963803124322,0.93,0.87,156.08434465061958,140.27997451963572,0.3735299410805531,0.09859247924368976,0.7288007019191046,0.0405173303697446,0.0220582835627621,0.0,0.21058312269597562,167.8326286565802,161.24135002256978
upward_base,prev_u_diesel,"previous u, diesel",-216.4305376398117,0.93,0.87,156.08434465061958,140.27997451963572,0.3735299410805531,0.09859247924368976,0.7064864627594611,0.0405173303697446,0.0220582835627621,0.0,0.20686408283603505,167.8326286565802,161.24135002256978
upward_base,prev_u_diesel,"previous u, diesel",-207.86469496719118,0.93,0.87,156.08434465061958,140.27997451963572,0.3735299410805531,0.09859247924368976,0.6847017076409813,0.0405173303697446,0.0220582835627621,0.0,0.2032332903162884,167.8326286565802,161.24135002256978
upward_base,prev_u_diesel,"previous u, diesel",-199.29885229457068,0.93,0.87,156.08434465061958,140.27997451963572,0.3735299410805531,0.09859247924368976,0.6634464365636644,0.0405173303697446,0.0220582835627621,0.0,0.19969074513673563,167.8326286565802,161.24135002256978
upward_base,prev_u_diesel,"previous u, diesel",-190.73300962195017,0.93,0.87,156.08434465061958,140.27997451963572,0.3735299410805531,0.09859247924368976,0.6427206495275106,0.0405173303697446,0.0220582835627621,0.0,0.19623644729737666,167.8326286565802,161.24135002256978
upward_base,prev_u_diesel,"previous u, diesel",-182.16716694932967,0.93,0.88,156.08434465061958,141.89238801986141,0.37847527963402705,0.09144992363611071,0.6285564167287445,0.03562268809171868,0.023058785179604,0.0,0.19286051554503406,167.8326286565802,161.24135002256978
upward_base,prev_u_diesel,"previous u, diesel",-173.60132427670916,0.93,0.88,156.08434465061958,141.89238801986141,0.37847527963402705,0.09144992363611071,0.6087899289800595,0.03562268809171868,0.023058785179604,0.0,0.18956610092025322,167.8326286565802,161.24135002256978
upward_base,prev_u_diesel,"previous u, diesel",-165.03548160408866,0.93,0.88,156.08434465061958,141.89238801986141,0.37847527963402705,0.09144992363611071,0.5895529252725372,0.03562268809171868,0.023058785179604,0.0,0.1863599336356662,167.8326286565802,161.24135002256978
upward_base,prev_u_diesel,"previous u, diesel",-156.46963893146815,0.93,0.88,156.08434465061958,141.89238801986141,0.37847527963402705,0.09144992363611071,0.5708454056061784,0.03562268809171868,0.023058785179604,0.0,0.18324201369127305,167.8326286565802,161.24135002256978
upward_base,prev_u_diesel,"previous u, diesel",-147.90379625884765,0.93,0.88,156.08434465061958,141.89238801986141,0.37847527963402705,0.09144992363611071,0.552667369980983,0.03562268809171868,0.023058785179604,0.0,0.18021234108707382,167.8326286565802,161.24135002256978
upward_base,prev_u_diesel,"previous u, diesel",-139.33795358622714,0.93,0.88,156.08434465061958,141.89238801986141,0.37847527963402705,0.09144992363611071,0.5350188183969506,0.03562268809171868,0.023058785179604,0.0,0.17727091582306842,167.8326286565802,161.24135002256978
upward_base,prev_u_diesel,"previous u, diesel",-130.77211091360664,0.93,0.88,156.08434465061958,141.89238801986141,0.37847527963402705,0.09144992363611071,0.5178997508540815,0.03562268809171868,0.023058785179604,0.0,0.17441773789925688,167.8326286565802,161.24135002256978
upward_base,prev_u_diesel,"previous u, diesel",-122.20626824098616,0.93,0.88,156.08434465061958,141.89238801986141,0.37847527963402705,0.09144992363611071,0.5013101673523758,0.03562268809171868,0.023058785179604,0.0,0.17165280731563928,167.8326286565802,161.24135002256978
upward_base,prev_u_diesel,"previous u, diesel",-113.64042556836563,0.93,0.88,156.08434465061958,141.89238801986141,0.37847527963402705,0.09144992363611071,0.48525006789183317,0.03562268809171868,0.023058785179604,0.0,0.16897612407221552,167.8326286565802,161.24135002256978
upward_base,prev_u_diesel,"previous u, diesel",-105.0745828957451,0.93,0.89,156.08434465061958,143.5048015200871,0.38347713634239783,0.08465599777468966,0.474899217164042,0.031119617195934847,0.02408147632708322,0.0,0.16637224080069118,167.8326286565802,161.24135002256978
upward_base,prev_u_diesel,"previous u, diesel",-96.50874022312462,0.93,0.89,156.08434465061958,143.5048015200871,0.38347713634239783,0.08465599777468966,0.45979841699096785,0.031119617195934847,0.02408147632708322,0.0,0.1638554407718455,167.8326286565802,161.24135002256978
upward_base,prev_u_diesel,"previous u, diesel",-87.94289755050414,0.93,0.89,156.08434465061958,143.5048015200871,0.38347713634239783,0.08465599777468966,0.44522710085905676,0.031119617195934847,0.02408147632708322,0.0,0.16142688808319366,167.8326286565802,161.24135002256978
upward_base,prev_u_diesel,"previous u, diesel",-79.37705487788361,0.93,0.89,156.08434465061958,143.5048015200871,0.38347713634239783,0.08465599777468966,0.4311852687683089,0.031119617195934847,0.02408147632708322,0.0,0.1590865827347357,167.8326286565802,161.24135002256978
upward_base,prev_u_diesel,"previous u, diesel",-70.81121220526308,0.93,0.89,156.08434465061958,143.5048015200871,0.38347713634239783,0.08465599777468966,0.4176729207187243,0.031119617195934847,0.02408147632708322,0.0,0.15683452472647158,167.8326286565802,161.24135002256978
upward_base,prev_u_diesel,"previous u, diesel",-62.2453695326426,0.93,0.89,156.08434465061958,143.5048015200871,0.38347713634239783,0.08465599777468966,0.40469005671030306,0.031119617195934847,0.02408147632708322,0.0,0.15467071405840138,167.8326286565802,161.24135002256978
upward_base,prev_u_diesel,"previous u, diesel",-53.67952686002212,0.93,0.89,156.08434465061958,143.5048015200871,0.38347713634239783,0.08465599777468966,0.3922366767430451,0.031119617195934847,0.02408147632708322,0.0,0.15259515073052504,167.8326286565802,161.24135002256978
upward_base,prev_u_diesel,"previous u, diesel",-45.11368418740159,0.93,0.89,156.08434465061958,143.5048015200871,0.38347713634239783,0.08465599777468966,0.38031278081695025,0.031119617195934847,0.02408147632708322,0.0,0.15060783474284256,167.8326286565802,161.24135002256978
upward_base,prev_u_diesel,"previous u, diesel",-36.547841514781055,0.93,0.9,156.08434465061958,145.1172150203128,0.3885355112056655,0.0782107016594266,0.37334549691382923,0.027008117682393085,0.02512635700519967,0.0,0.1487043640777523,167.8326286565802,161.24135002256978
upward_base,prev_u_diesel,"previous u, diesel",-27.98199884216058,0.93,0.9,156.08434465061958,145.1172150203128,0.3885355112056655,0.0782107016594266,0.3623809002752027,0.027008117682393085,0.02512635700519967,0.0,0.14687693130464788,167.8326286565802,161.24135002256978
upward_base,prev_u_diesel,"previous u, diesel",-19.416156169540102,0.93,0.9,156.08434465061958,145.1172150203128,0.3885355112056655,0.0782107016594266,0.35194578767773943,0.027008117682393085,0.02512635700519967,0.0,0.14513774587173733,167.8326286565802,161.24135002256978
upward_base,prev_u_diesel,"previous u, diesel",-10.850313496919568,0.93,0.9,156.08434465061958,145.1172150203128,0.3885355112056655,0.0782107016594266,0.34204015912143937,0.027008117682393085,0.02512635700519967,0.0,0.14348680777902065,167.8326286565802,161.24135002256978
upward_base,prev_u_diesel,"previous u, diesel",-2.284470824299035,0.93,0.9,156.08434465061958,145.1172150203128,0.3885355112056655,0.0782107016594266,0.3326640146063025,0.027008117682393085,0.02512635700519967,0.0,0.14192411702649785,167.8326286565802,161.24135002256978
upward_base,prev_u_diesel,"previous u, diesel",6.281371848321442,0.93,0.9,156.08434465061958,145.1172150203128,0.3885355112056655,0.0782107016594266,0.323817354132329,0.027008117682393085,0.02512635700519967,0.0,0.14044967361416894,167.8326286565802,161.24135002256978
upward_base,prev_u_diesel,"previous u, diesel",14.847214520941918,0.93,0.9,156.08434465061958,145.1172150203128,0.3885355112056655,0.0782107016594266,0.31550017769951877,0.027008117682393085,0.02512635700519967,0.0,0.13906347754203388,167.8326286565802,161.24135002256978
upward_base,prev_u_diesel,"previous u, diesel",23.41305719356245,0.93,0.9,156.08434465061958,145.1172150203128,0.3885355112056655,0.0782107016594266,0.30771248530787165,0.027008117682393085,0.02512635700519967,0.0,0.1377655288100927,167.8326286565802,161.24135002256978
upward_base,prev_u_diesel,"previous u, diesel",31.978899866182985,0.93,0.9,156.08434465061958,145.1172150203128,0.3885355112056655,0.0782107016594266,0.3004542769573879,0.027008117682393085,0.02512635700519967,0.0,0.1365558274183454,167.8326286565802,161.24135002256978
upward_base,prev_u_diesel,"previous u, diesel",40.54474253880346,0.93,0.91,156.08434465061958,146.7296285205385,0.39365040422382996,0.07211403529032152,0.2973003751252421,0.02328818955109339,0.026193427213953263,0.0,0.13542440523407331,167.8326286565802,161.24135002256978
upward_base,prev_u_diesel,"previous u, diesel",49.11058521142394,0.93,0.91,156.08434465061958,146.7296285205385,0.39365040422382996,0.07211403529032152,0.2910014660622265,0.02328818955109339,0.026193427213953263,0.0,0.13437458705690403,167.8326286565802,161.24135002256978
upward_base,prev_u_diesel,"previous u, diesel",57.67642788404447,0.93,0.91,156.08434465061958,146.7296285205385,0.39365040422382996,0.07211403529032152,0.28523204104037425,0.02328818955109339,0.026193427213953263,0.0,0.13341301621992868,167.8326286565802,161.24135002256978
upward_base,prev_u_diesel,"previous u, diesel",66.242270556665,0.93,0.91,156.08434465061958,146.7296285205385,0.39365040422382996,0.07211403529032152,0.27999210005968517,0.02328818955109339,0.026193427213953263,0.0,0.13253969272314714,167.8326286565802,161.24135002256978
upward_base,prev_u_diesel,"previous u, diesel",74.80811322928548,0.93,0.91,156.08434465061958,146.7296285205385,0.39365040422382996,0.07211403529032152,0.27528164312015935,0.02328818955109339,0.026193427213953263,0.0,0.1317546165665595,167.8326286565802,161.24135002256978
upward_base,prev_u_diesel,"previous u, diesel",83.37395590190596,0.93,0.91,156.08434465061958,146.7296285205385,0.39365040422382996,0.07211403529032152,0.27110067022179685,0.02328818955109339,0.026193427213953263,0.0,0.13105778775016577,167.8326286565802,161.24135002256978
upward_base,prev_u_diesel,"previous u, diesel",91.93979857452649,0.93,0.91,156.08434465061958,146.7296285205385,0.39365040422382996,0.07211403529032152,0.26744918136459755,0.02328818955109339,0.026193427213953263,0.0,0.1304492062739659,167.8326286565802,161.24135002256978
upward_base,prev_u_diesel,"previous u, diesel",100.50564124714703,0.93,0.91,156.08434465061958,146.7296285205385,0.39365040422382996,0.07211403529032152,0.2643271765485615,0.02328818955109339,0.026193427213953263,0.0,0.12992887213795987,167.8326286565802,161.24135002256978
upward_base,prev_u_diesel,"previous u, diesel",109.0714839197675,0.93,0.91,156.08434465061958,146.7296285205385,0.39365040422382996,0.07211403529032152,0.26173465577368876,0.02328818955109339,0.026193427213953263,0.0,0.12949678534214776,167.8326286565802,161.24135002256978
upward_base,prev_u_diesel,"previous u, diesel",117.63732659238798,0.93,0.92,156.08434465061958,148.3420420207642,0.3988218153968912,0.06636599866737443,0.262394136012518,0.019959832802035764,0.02728268695334418,0.0,0.12913741163869388,167.8326286565802,161.24135002256978
upward_base,prev_u_diesel,"previous u, diesel",126.20316926500851,0.93,0.92,156.08434465061958,148.3420420207642,0.3988218153968912,0.06636599866737443,0.2607609145251134,0.019959832802035764,0.02728268695334418,0.0,0.12886520805745977,167.8326286565802,161.24135002256978
upward_base,prev_u_diesel,"previous u, diesel",134.76901193762905,0.93,0.92,156.08434465061958,148.3420420207642,0.3988218153968912,0.06636599866737443,0.25965717707887215,0.019959832802035764,0.02728268695334418,0.0,0.12868125181641957,167.8326286565802,161.24135002256978
upward_base,prev_u_diesel,"previous u, diesel",143.33485461024947,0.93,0.92,156.08434465061958,148.3420420207642,0.3988218153968912,0.06636599866737443,0.25908292367379415,0.019959832802035764,0.02728268695334418,0.0,0.12858554291557323,167.8326286565802,161.24135002256978
upward_base,prev_u_diesel,"previous u, diesel",151.90069728287,0.93,0.92,156.08434465061958,148.3420420207642,0.3988218153968912,0.06636599866737443,0.2590381543098794,0.019959832802035764,0.02728268695334418,0.0,0.12857808135492077,167.8326286565802,161.24135002256978
upward_base,prev_u_diesel,"previous u, diesel",160.46653995549053,0.93,0.92,156.08434465061958,148.3420420207642,0.3988218153968912,0.06636599866737443,0.25952286898712784,0.019959832802035764,0.02728268695334418,0.0,0.12865886713446217,167.8326286565802,161.24135002256978
upward_base,prev_u_diesel,"previous u, diesel",169.03238262811107,0.93,0.92,156.08434465061958,148.3420420207642,0.3988218153968912,0.06636599866737443,0.2605370677055396,0.019959832802035764,0.02728268695334418,0.0,0.12882790025419746,167.8326286565802,161.24135002256978
upward_base,prev_u_diesel,"previous u, diesel",177.5982253007316,0.93,0.92,156.08434465061958,148.3420420207642,0.3988218153968912,0.06636599866737443,0.2620807504651146,0.019959832802035764,0.02728268695334418,0.0,0.12908518071412664,167.8326286565802,161.24135002256978
upward_base,prev_u_diesel,"previous u, diesel",186.16406797335202,0.93,0.93,156.08434465061958,149.9544555209899,0.40404974472484934,0.06096659179058534,0.26612379752861387,0.017023047435220227,0.02839413622337232,0.0,0.1294262196171068,167.8326286565802,161.24135002256978
upward_base,prev_u_diesel,"previous u, diesel",194.72991064597255,0.93,0.93,156.08434465061958,149.9544555209899,0.40404974472484934,0.06096659179058534,0.2686267795756571,0.017023047435220227,0.02839413622337232,0.0,0.12984338329161402,167.8326286565802,161.24135002256978
upward_base,prev_u_diesel,"previous u, diesel",203.29575331859309,0.93,0.93,156.08434465061958,149.9544555209899,0.40404974472484934,0.06096659179058534,0.27165924566386357,0.017023047435220227,0.02839413622337232,0.0,0.13034879430631507,167.8326286565802,161.24135002256978
upward_base,prev_u_diesel,"previous u, diesel",211.8615959912135,0.93,0.93,156.08434465061958,149.9544555209899,0.40404974472484934,0.06096659179058534,0.27522119579323323,0.017023047435220227,0.02839413622337232,0.0,0.13094245266121002,167.8326286565802,161.24135002256978
upward_base,prev_u_diesel,"previous u, diesel",220.42743866383404,0.93,0.93,156.08434465061958,149.9544555209899,0.40404974472484934,0.06096659179058534,0.27931262996376627,0.017023047435220227,0.02839413622337232,0.0,0.13162435835629888,167.8326286565802,161.24135002256978
upward_base,prev_u_diesel,"previous u, diesel",228.99328133645457,0.93,0.93,156.08434465061958,149.9544555209899,0.40404974472484934,0.06096659179058534,0.2839335481754625,0.017023047435220227,0.02839413622337232,0.0,0.13239451139158157,167.8326286565802,161.24135002256978
upward_base,prev_u_diesel,"previous u, diesel",237.5591240090751,0.93,0.93,156.08434465061958,149.9544555209899,0.40404974472484934,0.06096659179058534,0.289083950428322,0.017023047435220227,0.02839413622337232,0.0,0.13325291176705817,167.8326286565802,161.24135002256978
upward_base,prev_u_diesel,"previous u, diesel",246.12496668169564,0.93,0.93,156.08434465061958,149.9544555209899,0.40404974472484934,0.06096659179058534,0.2947638367223448,0.017023047435220227,0.02839413622337232,0.0,0.13419955948272863,167.8326286565802,161.24135002256978
upward_base,prev_u_diesel,"previous u, diesel",254.69080935431606,0.93,0.93,156.08434465061958,149.9544555209899,0.40404974472484934,0.06096659179058534,0.3009732070575308,0.017023047435220227,0.02839413622337232,0.0,0.13523445453859295,167.8326286565802,161.24135002256978
upward_base,prev_u_diesel,"previous u, diesel",263.2566520269366,0.93,0.94,156.08434465061958,151.56686902121558,0.40933419220770423,0.05591581465995433,0.30882963619200504,0.014477833450646795,0.029527775024037604,0.0,0.1363475419223913,167.8326286565802,161.24135002256978
upward_base,prev_u_diesel,"previous u, diesel",271.8224946995571,0.93,0.94,156.08434465061958,151.56686902121558,0.40933419220770423,0.05591581465995433,0.31599830581465926,0.014477833450646795,0.029527775024037604,0.0,0.13754232019283366,167.8326286565802,161.24135002256978
upward_base,prev_u_diesel,"previous u, diesel",280.38833737217755,0.93,0.94,156.08434465061958,151.56686902121558,0.40933419220770423,0.05591581465995433,0.32369645947847675,0.014477833450646795,0.029527775024037604,0.0,0.1388253458034699,167.8326286565802,161.24135002256978
upward_base,prev_u_diesel,"previous u, diesel",288.9541800447981,0.93,0.94,156.08434465061958,151.56686902121558,0.40933419220770423,0.05591581465995433,0.3319240971834575,0.014477833450646795,0.029527775024037604,0.0,0.14019661875430003,167.8326286565802,161.24135002256978
upward_base,prev_u_diesel,"previous u, diesel",297.5200227174186,0.93,0.94,156.08434465061958,151.56686902121558,0.40933419220770423,0.05591581465995433,0.3406812189296015,0.014477833450646795,0.029527775024037604,0.0,0.14165613904532404,167.8326286565802,161.24135002256978
upward_base,cpi_yoy,CPI YoY,-0.003,0.91,0.91,152.72769207748797,146.7296285205385,0.38685812649629764,0.07913134975068765,0.32795285022240955,0.028140139637813057,2.4403283369278954,0.0,0.5437351338391837,167.8326286565802,161.24135002256978
upward_base,cpi_yoy,CPI YoY,-0.0024875,0.91,0.91,152.72769207748797,146.7296285205385,0.38685812649629764,0.07913134975068765,0.32795285022240955,0.028140139637813057,2.4403283369278954,0.0,0.5437351338391837,167.8326286565802,161.24135002256978
upward_base,cpi_yoy,CPI YoY,-0.001975,0.91,0.91,152.72769207748797,146.7296285205385,0.38685812649629764,0.07913134975068765,0.32795285022240955,0.028140139637813057,2.4403283369278954,0.0,0.5437351338391837,167.8326286565802,161.24135002256978
upward_base,cpi_yoy,CPI YoY,-0.0014624999999999998,1.0,0.79,167.8326286565802,127.38066651783014,0.36093766669072264,0.15141791573215346,0.31199118829321704,0.086341489784377,2.257788475819333,0.0,0.5280794560533003,167.8326286565802,161.24135002256978
upward_base,cpi_yoy,CPI YoY,-0.0009499999999999999,1.0,0.8,167.8326286565802,128.99308001805582,0.36543086000502173,0.14148632215531057,0.3155459233957553,0.07831427644841456,2.1572943776843556,0.0,0.5096786266148094,167.8326286565802,161.24135002256978
upward_base,cpi_yoy,CPI YoY,-0.00043749999999999995,1.0,0.8,167.8326286565802,128.99308001805582,0.36543086000502173,0.14148632215531057,0.3155459233957553,0.07831427644841456,2.0495397622410474,0.0,0.4917195240409247,167.8326286565802,161.24135002256978
upward_base,cpi_yoy,CPI YoY,7.500000000000041e-05,1.0,0.8,167.8326286565802,128.99308001805582,0.36543086000502173,0.14148632215531057,0.3155459233957553,0.07831427644841456,1.9445456459883461,0.0,0.47422050466547455,167.8326286565802,161.24135002256978
upward_base,cpi_yoy,CPI YoY,0.0005875000000000003,1.0,0.81,167.8326286565802,130.60549351828152,0.36998057147421776,0.1319033583246256,0.3191453721473822,0.07067863449469415,1.8513652516722168,0.0,0.4571788646855226,167.8326286565802,161.24135002256978
upward_base,cpi_yoy,CPI YoY,0.0011000000000000003,1.0,0.81,167.8326286565802,130.60549351828152,0.36998057147421776,0.1319033583246256,0.3191453721473822,0.07067863449469415,1.7516446379798267,0.0,0.4405587624034576,167.8326286565802,161.24135002256978
upward_base,cpi_yoy,CPI YoY,0.0016125000000000002,1.0,0.81,167.8326286565802,130.60549351828152,0.36998057147421776,0.1319033583246256,0.3191453721473822,0.07067863449469415,1.6546845234780432,0.0,0.42439874331982697,167.8326286565802,161.24135002256978
upward_base,cpi_yoy,CPI YoY,0.002125,1.0,0.81,167.8326286565802,130.60549351828152,0.36998057147421776,0.1319033583246256,0.3191453721473822,0.07067863449469415,1.5604849081668661,0.0,0.40869880743463083,167.8326286565802,161.24135002256978
upward_base,cpi_yoy,CPI YoY,0.0026375,1.0,0.82,167.8326286565802,132.21790701850722,0.3745868010983106,0.1226690242400986,0.3227895345480976,0.06343456392321578,1.4771312210392897,0.0,0.3934351908081686,167.8326286565802,161.24135002256978
upward_base,cpi_yoy,CPI YoY,0.003150000000000001,1.0,0.82,167.8326286565802,132.21790701850722,0.3745868010983106,0.1226690242400986,0.3227895345480976,0.06343456392321578,1.3882051082884246,0.0,0.3786141720163577,167.8326286565802,161.24135002256978
upward_base,cpi_yoy,CPI YoY,0.003662500000000001,1.0,0.82,167.8326286565802,132.21790701850722,0.3745868010983106,0.1226690242400986,0.3227895345480976,0.06343456392321578,1.302039494728165,0.0,0.36425323642298113,167.8326286565802,161.24135002256978
upward_base,cpi_yoy,CPI YoY,0.004175000000000001,1.0,0.83,167.8326286565802,133.83032051873292,0.37924954887730034,0.11378331990172962,0.3264784105979015,0.05658206473397952,1.225999511419438,0.0,0.350348809255058,167.8326286565802,161.24135002256978
upward_base,cpi_yoy,CPI YoY,0.004687500000000001,1.0,0.83,167.8326286565802,133.83032051873292,0.37924954887730034,0.11378331990172962,0.3264784105979015,0.05658206473397952,1.14510740041949,0.0,0.3368667907550667,167.8326286565802,161.24135002256978
upward_base,cpi_yoy,CPI YoY,0.005200000000000001,1.0,0.83,167.8326286565802,133.83032051873292,0.37924954887730034,0.11378331990172962,0.3264784105979015,0.05658206473397952,1.0669757886101487,0.0,0.32384485545350983,167.8326286565802,161.24135002256978
upward_base,cpi_yoy,CPI YoY,0.005712500000000001,1.0,0.83,167.8326286565802,133.83032051873292,0.37924954887730034,0.11378331990172962,0.3264784105979015,0.05658206473397952,0.9916046759914144,0.0,0.31128300335038744,167.8326286565802,161.24135002256978
upward_base,cpi_yoy,CPI YoY,0.0062250000000000005,1.0,0.84,167.8326286565802,135.44273401895862,0.3839688148111869,0.10524624530951858,0.33021200029679393,0.050121136926985305,0.9253913998712404,0.0,0.2991565995359541,167.8326286565802,161.24135002256978
upward_base,cpi_yoy,CPI YoY,0.006737500000000001,1.0,0.84,167.8326286565802,135.44273401895862,0.3839688148111869,0.10524624530951858,0.33021200029679393,0.050121136926985305,0.8552937898128169,0.0,0.2874736645262168,167.8326286565802,161.24135002256978
upward_base,cpi_yoy,CPI YoY,0.00725,1.0,0.84,167.8326286565802,135.44273401895862,0.3839688148111869,0.10524624530951858,0.33021200029679393,0.050121136926985305,0.7879566789450003,0.0,0.2762508127149141,167.8326286565802,161.24135002256978
upward_base,cpi_yoy,CPI YoY,0.007762500000000001,1.0,0.85,167.8326286565802,137.05514751918432,0.38874459889997026,0.09705780046346556,0.33399030364477494,0.04405178050223316,0.7290571066436751,0.0,0.26548359835901975,167.8326286565802,161.24135002256978
upward_base,cpi_yoy,CPI YoY,0.008275000000000001,1.0,0.85,167.8326286565802,137.05514751918432,0.38874459889997026,0.09705780046346556,0.33399030364477494,0.04405178050223316,0.6669934983361695,0.0,0.25513966364110213,167.8326286565802,161.24135002256978
upward_base,cpi_yoy,CPI YoY,0.0087875,1.0,0.85,167.8326286565802,137.05514751918432,0.38874459889997026,0.09705780046346556,0.33399030364477494,0.04405178050223316,0.6076903892192705,0.0,0.24525581212161898,167.8326286565802,161.24135002256978
upward_base,cpi_yoy,CPI YoY,0.009300000000000003,1.0,0.85,167.8326286565802,137.05514751918432,0.38874459889997026,0.09705780046346556,0.33399030364477494,0.04405178050223316,0.5511477792929782,0.0,0.23583204380057027,167.8326286565802,161.24135002256978
upward_base,cpi_yoy,CPI YoY,0.009812500000000002,1.0,0.86,167.8326286565802,138.66756101941002,0.39357690114365046,0.08921798536357055,0.33781332064184444,0.038373995459723115,0.5020749141802062,0.0,0.22684285279816574,167.8326286565802,161.24135002256978
upward_base,cpi_yoy,CPI YoY,0.010325,1.0,0.86,167.8326286565802,138.66756101941002,0.39357690114365046,0.08921798536357055,0.33781332064184444,0.038373995459723115,0.4508058068142254,0.0,0.21829800157050228,167.8326286565802,161.24135002256978
upward_base,cpi_yoy,CPI YoY,0.0108375,1.0,0.86,167.8326286565802,138.66756101941002,0.39357690114365046,0.08921798536357055,0.33781332064184444,0.038373995459723115,0.40229719863885105,0.0,0.2102132335412732,167.8326286565802,161.24135002256978
upward_base,cpi_yoy,CPI YoY,0.011350000000000002,0.99,0.87,166.1543023700144,140.27997451963572,0.3947927235319587,0.08340333310253441,0.33824905258638477,0.033239405239665114,0.3657269847161075,0.0,0.20256858319610835,167.8326286565802,161.24135002256978
upward_base,cpi_yoy,CPI YoY,0.011862500000000002,0.99,0.87,166.1543023700144,140.27997451963572,0.3947927235319587,0.08340333310253441,0.33824905258638477,0.033239405239665114,0.3221719687554618,0.0,0.19530941386933406,167.8326286565802,161.24135002256978
upward_base,cpi_yoy,CPI YoY,0.012375,0.98,0.87,164.4759760834486,140.27997451963572,0.3911566400745568,0.08532414941356624,0.33485154633402936,0.033694275560295084,0.28596365262277074,0.0,0.18849837733420297,167.8326286565802,161.24135002256978
upward_base,cpi_yoy,CPI YoY,0.012887500000000003,0.98,0.87,164.4759760834486,140.27997451963572,0.3911566400745568,0.08532414941356624,0.33485154633402936,0.033694275560295084,0.24760972469775575,0.0,0.18210605601336713,167.8326286565802,161.24135002256978
upward_base,cpi_yoy,CPI YoY,0.013400000000000002,0.97,0.88,162.79764979688278,141.89238801986141,0.392502809723496,0.08034669333535,0.3354009768261832,0.02955775048331912,0.21910694962630137,0.0,0.17615252999910821,167.8326286565802,161.24135002256978
upward_base,cpi_yoy,CPI YoY,0.013912500000000001,0.97,0.88,162.79764979688278,141.89238801986141,0.392502809723496,0.08034669333535,0.3354009768261832,0.02955775048331912,0.18570661391601503,0.0,0.17058580738072715,167.8326286565802,161.24135002256978
upward_base,cpi_yoy,CPI YoY,0.014425000000000004,0.96,0.88,161.11932351031697,141.89238801986141,0.3889405553718282,0.08275607608304375,0.33207245547235287,0.030619114564789048,0.15847616650654092,0.0,0.16547739466642575,167.8326286565802,161.24135002256978
upward_base,cpi_yoy,CPI YoY,0.014937500000000003,0.96,0.88,161.11932351031697,141.89238801986141,0.3889405553718282,0.08275607608304375,0.33207245547235287,0.030619114564789048,0.1302769188318854,0.0,0.16077752005398316,167.8326286565802,161.24135002256978
upward_base,cpi_yoy,CPI YoY,0.015450000000000002,0.96,0.89,161.11932351031697,143.5048015200871,0.393942412080199,0.0759621502216227,0.33602961341668797,0.026116043669005214,0.10700625829482487,0.0,0.15650941294705656,167.8326286565802,161.24135002256978
upward_base,cpi_yoy,CPI YoY,0.0159625,0.95,0.89,159.44099722375117,143.5048015200871,0.39041707228139827,0.0786158161876474,0.33273558451212015,0.027480654630895125,0.08659592715179315,0.0,0.1526408424606423,167.8326286565802,161.24135002256978
upward_base,cpi_yoy,CPI YoY,0.016475000000000004,0.95,0.89,159.44099722375117,143.5048015200871,0.39041707228139827,0.0786158161876474,0.33273558451212015,0.027480654630895125,0.06611077088247276,0.0,0.14922664974908892,167.8326286565802,161.24135002256978
upward_base,cpi_yoy,CPI YoY,0.016987500000000003,0.94,0.89,157.7626709371854,143.5048015200871,0.38692864703546453,0.08151376537200303,0.32947604805681485,0.029148512473204984,0.05029878104123997,0.0,0.1462276256631212,167.8326286565802,161.24135002256978
upward_base,cpi_yoy,CPI YoY,0.0175,0.94,0.9,157.7626709371854,145.1172150203128,0.39198702189873214,0.07506846925673998,0.3334779196502385,0.02503701295966322,0.036272370882610754,0.0,0.14364046577466405,167.8326286565802,161.24135002256978
upward_base,cpi_yoy,CPI YoY,0.018012500000000004,0.93,0.9,156.08434465061958,145.1172150203128,0.3885355112056655,0.0782107016594266,0.33025287564419564,0.027008117682393085,0.02483990846279614,0.0,0.1414745191090795,167.8326286565802,161.24135002256978
upward_base,cpi_yoy,CPI YoY,0.018525000000000003,0.93,0.9,156.08434465061958,145.1172150203128,0.3885355112056655,0.0782107016594266,0.33025287564419564,0.027008117682393085,0.014509432443835237,0.0,0.13975277310591933,167.8326286565802,161.24135002256978
upward_base,cpi_yoy,CPI YoY,0.019037500000000002,0.92,0.91,154.40601836405378,146.7296285205385,0.3902358080836303,0.07550055091133911,0.3311089093299275,0.025562541154243234,0.008270035349853813,0.0,0.13844630747149894,167.8326286565802,161.24135002256978
upward_base,cpi_yoy,CPI YoY,0.01955,0.92,0.91,154.40601836405378,146.7296285205385,0.3902358080836303,0.07550055091133911,0.3311089093299275,0.025562541154243234,0.002893151545621525,0.0,0.13755016017079358,167.8326286565802,161.24135002256978
upward_base,cpi_yoy,CPI YoY,0.020062500000000004,0.91,0.91,152.72769207748797,146.7296285205385,0.38685812649629764,0.07913134975068765,0.32795285022240955,0.028140139637813057,0.00043855784902398654,0.0,0.13708683732603857,167.8326286565802,161.24135002256978
upward_base,cpi_yoy,CPI YoY,0.020575000000000003,0.91,0.91,152.72769207748797,146.7296285205385,0.38685812649629764,0.07913134975068765,0.32795285022240955,0.028140139637813057,0.0,0.0,0.13701374435120126,167.8326286565802,161.24135002256978
upward_base,cpi_yoy,CPI YoY,0.021087500000000002,0.91,0.91,152.72769207748797,146.7296285205385,0.38685812649629764,0.07913134975068765,0.32795285022240955,0.028140139637813057,0.0,0.0,0.13701374435120126,167.8326286565802,161.24135002256978
upward_base,cpi_yoy,CPI YoY,0.021600000000000005,0.91,0.91,152.72769207748797,146.7296285205385,0.38685812649629764,0.07913134975068765,0.32795285022240955,0.028140139637813057,0.0,0.0,0.13701374435120126,167.8326286565802,161.24135002256978
upward_base,cpi_yoy,CPI YoY,0.022112500000000004,0.91,0.91,152.72769207748797,146.7296285205385,0.38685812649629764,0.07913134975068765,0.32795285022240955,0.028140139637813057,0.0,0.0,0.13701374435120126,167.8326286565802,161.24135002256978
upward_base,cpi_yoy,CPI YoY,0.022625000000000003,0.91,0.91,152.72769207748797,146.7296285205385,0.38685812649629764,0.07913134975068765,0.32795285022240955,0.028140139637813057,0.0,0.0,0.13701374435120126,167.8326286565802,161.24135002256978
upward_base,cpi_yoy,CPI YoY,0.023137500000000002,0.91,0.91,152.72769207748797,146.7296285205385,0.38685812649629764,0.07913134975068765,0.32795285022240955,0.028140139637813057,0.0,0.0,0.13701374435120126,167.8326286565802,161.24135002256978
upward_base,cpi_yoy,CPI YoY,0.023650000000000004,0.91,0.91,152.72769207748797,146.7296285205385,0.38685812649629764,0.07913134975068765,0.32795285022240955,0.028140139637813057,0.0,0.0,0.13701374435120126,167.8326286565802,161.24135002256978
upward_base,cpi_yoy,CPI YoY,0.024162500000000003,0.91,0.91,152.72769207748797,146.7296285205385,0.38685812649629764,0.07913134975068765,0.32795285022240955,0.028140139637813057,0.0,0.0,0.13701374435120126,167.8326286565802,161.24135002256978
upward_base,cpi_yoy,CPI YoY,0.024675000000000002,0.91,0.91,152.72769207748797,146.7296285205385,0.38685812649629764,0.07913134975068765,0.32795285022240955,0.028140139637813057,0.0,0.0,0.13701374435120126,167.8326286565802,161.24135002256978
upward_base,cpi_yoy,CPI YoY,0.0251875,0.91,0.91,152.72769207748797,146.7296285205385,0.38685812649629764,0.07913134975068765,0.32795285022240955,0.028140139637813057,0.0,0.0,0.13701374435120126,167.8326286565802,161.24135002256978
upward_base,cpi_yoy,CPI YoY,0.025700000000000004,0.91,0.91,152.72769207748797,146.7296285205385,0.38685812649629764,0.07913134975068765,0.32795285022240955,0.028140139637813057,0.0,0.0,0.13701374435120126,167.8326286565802,161.24135002256978
upward_base,cpi_yoy,CPI YoY,0.026212500000000003,0.91,0.91,152.72769207748797,146.7296285205385,0.38685812649629764,0.07913134975068765,0.32795285022240955,0.028140139637813057,0.0,0.0,0.13701374435120126,167.8326286565802,161.24135002256978
upward_base,cpi_yoy,CPI YoY,0.026725000000000002,0.91,0.91,152.72769207748797,146.7296285205385,0.38685812649629764,0.07913134975068765,0.32795285022240955,0.028140139637813057,0.0,0.0,0.13701374435120126,167.8326286565802,161.24135002256978
upward_base,cpi_yoy,CPI YoY,0.027237500000000005,0.91,0.91,152.72769207748797,146.7296285205385,0.38685812649629764,0.07913134975068765,0.32795285022240955,0.028140139637813057,0.0,0.0,0.13701374435120126,167.8326286565802,161.24135002256978
upward_base,cpi_yoy,CPI YoY,0.027750000000000004,0.91,0.91,152.72769207748797,146.7296285205385,0.38685812649629764,0.07913134975068765,0.32795285022240955,0.028140139637813057,0.0,0.0,0.13701374435120126,167.8326286565802,161.24135002256978
upward_base,cpi_yoy,CPI YoY,0.028262500000000006,0.91,0.91,152.72769207748797,146.7296285205385,0.38685812649629764,0.07913134975068765,0.32795285022240955,0.028140139637813057,0.0,0.0,0.13701374435120126,167.8326286565802,161.24135002256978
upward_base,cpi_yoy,CPI YoY,0.028775000000000005,0.91,0.91,152.72769207748797,146.7296285205385,0.38685812649629764,0.07913134975068765,0.32795285022240955,0.028140139637813057,0.0,0.0,0.13701374435120126,167.8326286565802,161.24135002256978
upward_base,cpi_yoy,CPI YoY,0.029287500000000005,0.91,0.91,152.72769207748797,146.7296285205385,0.38685812649629764,0.07913134975068765,0.32795285022240955,0.028140139637813057,0.0,0.0,0.13701374435120126,167.8326286565802,161.24135002256978
upward_base,cpi_yoy,CPI YoY,0.029800000000000004,0.91,0.91,152.72769207748797,146.7296285205385,0.38685812649629764,0.07913134975068765,0.32795285022240955,0.028140139637813057,0.0,0.0,0.13701374435120126,167.8326286565802,161.24135002256978
upward_base,cpi_yoy,CPI YoY,0.030312500000000003,0.91,0.91,152.72769207748797,146.7296285205385,0.38685812649629764,0.07913134975068765,0.32795285022240955,0.028140139637813057,0.0,0.0,0.13701374435120126,167.8326286565802,161.24135002256978
upward_base,cpi_yoy,CPI YoY,0.030825,0.91,0.91,152.72769207748797,146.7296285205385,0.38685812649629764,0.07913134975068765,0.32795285022240955,0.028140139637813057,0.0,0.0,0.13701374435120126,167.8326286565802,161.24135002256978
upward_base,cpi_yoy,CPI YoY,0.0313375,0.91,0.91,152.72769207748797,146.7296285205385,0.38685812649629764,0.07913134975068765,0.32795285022240955,0.028140139637813057,0.0003015089197306529,0.0,0.13706399583782303,167.8326286565802,161.24135002256978
upward_base,cpi_yoy,CPI YoY,0.03185,0.9,0.92,151.0493657909222,148.3420420207642,0.3886887706348932,0.07725839518541998,0.3289225824557549,0.02769262825274519,0.0021976765503767025,0.0,0.13746000884653162,167.8326286565802,161.24135002256978
upward_base,cpi_yoy,CPI YoY,0.0323625,0.9,0.92,151.0493657909222,148.3420420207642,0.3886887706348932,0.07725839518541998,0.3289225824557549,0.02769262825274519,0.007061224679693478,0.0,0.13827060020141774,167.8326286565802,161.24135002256978
upward_base,cpi_yoy,CPI YoY,0.032875,0.89,0.92,149.3710395043564,148.3420420207642,0.38538491815329456,0.08137776046143043,0.32583550824676205,0.030876720497154963,0.013660313748261169,0.0,0.13952253685115046,167.8326286565802,161.24135002256978
upward_base,cpi_yoy,CPI YoY,0.0333875,0.89,0.92,149.3710395043564,148.3420420207642,0.38538491815329456,0.08137776046143043,0.32583550824676205,0.030876720497154963,0.02372494991320865,0.0,0.14119997621197505,167.8326286565802,161.24135002256978
upward_base,cpi_yoy,CPI YoY,0.0339,0.88,0.93,147.69271321779058,149.9544555209899,0.3873459095525212,0.08034200207898273,0.3269189390277209,0.03142727425516919,0.03368855639514382,0.0,0.14328711355158957,167.8326286565802,161.24135002256978
upward_base,cpi_yoy,CPI YoY,0.0344125,0.88,0.93,147.69271321779058,149.9544555209899,0.3873459095525212,0.08034200207898273,0.3269189390277209,0.03142727425516919,0.04870678477481993,0.0,0.14579015161486894,167.8326286565802,161.24135002256978
upward_base,cpi_yoy,CPI YoY,0.034925,0.87,0.93,146.01438693122478,149.9544555209899,0.38411588617665654,0.0849499337916551,0.323900849717253,0.035217860260418926,0.06428374256660481,0.0,0.14874471208543133,167.8326286565802,161.24135002256978
upward_base,cpi_yoy,CPI YoY,0.035437500000000004,0.87,0.94,146.01438693122478,151.56686902121558,0.3894003336595115,0.07989915666102408,0.32808157590703063,0.0326726462758455,0.08257761910193281,0.0,0.15210522193422402,167.8326286565802,161.24135002256978
upward_base,cpi_yoy,CPI YoY,0.03595,0.86,0.94,144.33606064465897,151.56686902121558,0.38620722483651393,0.08475137159202738,0.32509797904582527,0.03676647916151521,0.10253410431513565,0.0,0.1558928598251695,167.8326286565802,161.24135002256978
upward_base,cpi_yoy,CPI YoY,0.0364625,0.86,0.94,144.33606064465897,151.56686902121558,0.38620722483651393,0.08475137159202738,0.32509797904582527,0.03676647916151521,0.1277070129451711,0.0,0.16008834459684207,167.8326286565802,161.24135002256978
upward_base,cpi_yoy,CPI YoY,0.036975,0.86,0.94,144.33606064465897,151.56686902121558,0.38620722483651393,0.08475137159202738,0.32509797904582527,0.03676647916151521,0.15564042076581325,0.0,0.1647439125669491,167.8326286565802,161.24135002256978
upward_base,cpi_yoy,CPI YoY,0.0374875,0.85,0.95,142.65773435809317,153.17928252144128,0.38839199620413534,0.08514572235688855,0.3263743144727486,0.0390099163252735,0.17979996637393242,0.0,0.16978698595549635,167.8326286565802,161.24135002256978
upward_base,cpi_yoy,CPI YoY,0.038,0.85,0.95,142.65773435809317,153.17928252144128,0.38839199620413534,0.08514572235688855,0.3263743144727486,0.0390099163252735,0.2126869664093032,0.0,0.17526815262805814,167.8326286565802,161.24135002256978
upward_base,oil_import_dependency,oil import dependency,0.648945454723228,0.93,0.9,156.08434465061958,145.1172150203128,0.3885355112056655,0.0782107016594266,0.33025287564419564,0.027008117682393085,0.02512635700519967,0.0,0.1415222605328134,167.8326286565802,161.24135002256978
upward_base,oil_import_dependency,oil import dependency,0.6501388575534445,0.93,0.9,156.08434465061958,145.1172150203128,0.3885355112056655,0.0782107016594266,0.33025287564419564,0.027008117682393085,0.02512635700519967,0.0,0.1415222605328134,167.8326286565802,161.24135002256978
upward_base,oil_import_dependency,oil import dependency,0.651332260383661,0.93,0.9,156.08434465061958,145.1172150203128,0.3885355112056655,0.0782107016594266,0.33025287564419564,0.027008117682393085,0.02512635700519967,0.0,0.1415222605328134,167.8326286565802,161.24135002256978
upward_base,oil_import_dependency,oil import dependency,0.6525256632138775,0.93,0.9,156.08434465061958,145.1172150203128,0.3885355112056655,0.0782107016594266,0.33025287564419564,0.027008117682393085,0.02512635700519967,0.0,0.1415222605328134,167.8326286565802,161.24135002256978
upward_base,oil_import_dependency,oil import dependency,0.6537190660440941,0.93,0.9,156.08434465061958,145.1172150203128,0.3885355112056655,0.0782107016594266,0.33025287564419564,0.027008117682393085,0.02512635700519967,0.0,0.1415222605328134,167.8326286565802,161.24135002256978
upward_base,oil_import_dependency,oil import dependency,0.6549124688743106,0.93,0.9,156.08434465061958,145.1172150203128,0.3885355112056655,0.0782107016594266,0.33025287564419564,0.027008117682393085,0.02512635700519967,0.0,0.1415222605328134,167.8326286565802,161.24135002256978
upward_base,oil_import_dependency,oil import dependency,0.6561058717045272,0.93,0.9,156.08434465061958,145.1172150203128,0.3885355112056655,0.0782107016594266,0.33025287564419564,0.027008117682393085,0.02512635700519967,0.0,0.1415222605328134,167.8326286565802,161.24135002256978
upward_base,oil_import_dependency,oil import dependency,0.6572992745347437,0.93,0.9,156.08434465061958,145.1172150203128,0.3885355112056655,0.0782107016594266,0.33025287564419564,0.027008117682393085,0.02512635700519967,0.0,0.1415222605328134,167.8326286565802,161.24135002256978
upward_base,oil_import_dependency,oil import dependency,0.6584926773649602,0.93,0.9,156.08434465061958,145.1172150203128,0.3885355112056655,0.0782107016594266,0.33025287564419564,0.027008117682393085,0.02512635700519967,0.0,0.1415222605328134,167.8326286565802,161.24135002256978
upward_base,oil_import_dependency,oil import dependency,0.6596860801951767,0.93,0.9,156.08434465061958,145.1172150203128,0.3885355112056655,0.0782107016594266,0.33025287564419564,0.027008117682393085,0.02512635700519967,0.0,0.1415222605328134,167.8326286565802,161.24135002256978
upward_base,oil_import_dependency,oil import dependency,0.6608794830253933,0.93,0.9,156.08434465061958,145.1172150203128,0.3885355112056655,0.0782107016594266,0.33025287564419564,0.027008117682393085,0.02512635700519967,0.0,0.1415222605328134,167.8326286565802,161.24135002256978
upward_base,oil_import_dependency,oil import dependency,0.6620728858556099,0.93,0.9,156.08434465061958,145.1172150203128,0.3885355112056655,0.0782107016594266,0.33025287564419564,0.027008117682393085,0.02512635700519967,0.0,0.1415222605328134,167.8326286565802,161.24135002256978
upward_base,oil_import_dependency,oil import dependency,0.6632662886858264,0.93,0.9,156.08434465061958,145.1172150203128,0.3885355112056655,0.0782107016594266,0.33025287564419564,0.027008117682393085,0.02512635700519967,0.0,0.1415222605328134,167.8326286565802,161.24135002256978
upward_base,oil_import_dependency,oil import dependency,0.6644596915160429,0.93,0.9,156.08434465061958,145.1172150203128,0.3885355112056655,0.0782107016594266,0.33025287564419564,0.027008117682393085,0.02512635700519967,0.0,0.1415222605328134,167.8326286565802,161.24135002256978
upward_base,oil_import_dependency,oil import dependency,0.6656530943462594,0.93,0.9,156.08434465061958,145.1172150203128,0.3885355112056655,0.0782107016594266,0.33025287564419564,0.027008117682393085,0.02512635700519967,0.0,0.1415222605328134,167.8326286565802,161.24135002256978
upward_base,oil_import_dependency,oil import dependency,0.6668464971764759,0.93,0.9,156.08434465061958,145.1172150203128,0.3885355112056655,0.0782107016594266,0.33025287564419564,0.027008117682393085,0.02512635700519967,0.0,0.1415222605328134,167.8326286565802,161.24135002256978
upward_base,oil_import_dependency,oil import dependency,0.6680399000066926,0.93,0.9,156.08434465061958,145.1172150203128,0.3885355112056655,0.0782107016594266,0.33025287564419564,0.027008117682393085,0.02512635700519967,0.0,0.1415222605328134,167.8326286565802,161.24135002256978
upward_base,oil_import_dependency,oil import dependency,0.6692333028369091,0.93,0.9,156.08434465061958,145.1172150203128,0.3885355112056655,0.0782107016594266,0.33025287564419564,0.027008117682393085,0.02512635700519967,0.0,0.1415222605328134,167.8326286565802,161.24135002256978
upward_base,oil_import_dependency,oil import dependency,0.6704267056671256,0.93,0.9,156.08434465061958,145.1172150203128,0.3885355112056655,0.0782107016594266,0.33025287564419564,0.027008117682393085,0.02512635700519967,0.0,0.1415222605328134,167.8326286565802,161.24135002256978
upward_base,oil_import_dependency,oil import dependency,0.6716201084973421,0.93,0.9,156.08434465061958,145.1172150203128,0.3885355112056655,0.0782107016594266,0.33025287564419564,0.027008117682393085,0.02512635700519967,0.0,0.1415222605328134,167.8326286565802,161.24135002256978
upward_base,oil_import_dependency,oil import dependency,0.6728135113275586,0.93,0.9,156.08434465061958,145.1172150203128,0.3885355112056655,0.0782107016594266,0.33025287564419564,0.027008117682393085,0.02512635700519967,0.0,0.1415222605328134,167.8326286565802,161.24135002256978
upward_base,oil_import_dependency,oil import dependency,0.6740069141577751,0.93,0.9,156.08434465061958,145.1172150203128,0.3885355112056655,0.0782107016594266,0.33025287564419564,0.027008117682393085,0.02512635700519967,0.0,0.1415222605328134,167.8326286565802,161.24135002256978
upward_base,oil_import_dependency,oil import dependency,0.6752003169879918,0.93,0.9,156.08434465061958,145.1172150203128,0.3885355112056655,0.0782107016594266,0.33025287564419564,0.027008117682393085,0.02512635700519967,0.0,0.1415222605328134,167.8326286565802,161.24135002256978
upward_base,oil_import_dependency,oil import dependency,0.6763937198182083,0.93,0.9,156.08434465061958,145.1172150203128,0.3885355112056655,0.0782107016594266,0.33025287564419564,0.027008117682393085,0.02512635700519967,0.0,0.1415222605328134,167.8326286565802,161.24135002256978
upward_base,oil_import_dependency,oil import dependency,0.6775871226484248,0.93,0.9,156.08434465061958,145.1172150203128,0.3885355112056655,0.0782107016594266,0.33025287564419564,0.027008117682393085,0.02512635700519967,0.0,0.1415222605328134,167.8326286565802,161.24135002256978
upward_base,oil_import_dependency,oil import dependency,0.6787805254786413,0.93,0.9,156.08434465061958,145.1172150203128,0.3885355112056655,0.0782107016594266,0.33025287564419564,0.027008117682393085,0.02512635700519967,0.0,0.1415222605328134,167.8326286565802,161.24135002256978
upward_base,oil_import_dependency,oil import dependency,0.6799739283088578,0.93,0.9,156.08434465061958,145.1172150203128,0.3885355112056655,0.0782107016594266,0.33025287564419564,0.027008117682393085,0.02512635700519967,0.0,0.1415222605328134,167.8326286565802,161.24135002256978
upward_base,oil_import_dependency,oil import dependency,0.6811673311390744,0.93,0.9,156.08434465061958,145.1172150203128,0.3885355112056655,0.0782107016594266,0.33025287564419564,0.027008117682393085,0.02512635700519967,0.0,0.1415222605328134,167.8326286565802,161.24135002256978
upward_base,oil_import_dependency,oil import dependency,0.682360733969291,0.93,0.9,156.08434465061958,145.1172150203128,0.3885355112056655,0.0782107016594266,0.33025287564419564,0.027008117682393085,0.02512635700519967,0.0,0.1415222605328134,167.8326286565802,161.24135002256978
upward_base,oil_import_dependency,oil import dependency,0.6835541367995075,0.93,0.9,156.08434465061958,145.1172150203128,0.3885355112056655,0.0782107016594266,0.33025287564419564,0.027008117682393085,0.02512635700519967,0.0,0.1415222605328134,167.8326286565802,161.24135002256978
upward_base,oil_import_dependency,oil import dependency,0.684747539629724,0.93,0.9,156.08434465061958,145.1172150203128,0.3885355112056655,0.0782107016594266,0.33025287564419564,0.027008117682393085,0.02512635700519967,0.0,0.1415222605328134,167.8326286565802,161.24135002256978
upward_base,oil_import_dependency,oil import dependency,0.6859409424599405,0.93,0.9,156.08434465061958,145.1172150203128,0.3885355112056655,0.0782107016594266,0.33025287564419564,0.027008117682393085,0.02512635700519967,0.0,0.1415222605328134,167.8326286565802,161.24135002256978
upward_base,oil_import_dependency,oil import dependency,0.687134345290157,0.93,0.9,156.08434465061958,145.1172150203128,0.3885355112056655,0.0782107016594266,0.33025287564419564,0.027008117682393085,0.02512635700519967,0.0,0.1415222605328134,167.8326286565802,161.24135002256978
upward_base,oil_import_dependency,oil import dependency,0.6883277481203736,0.93,0.9,156.08434465061958,145.1172150203128,0.3885355112056655,0.0782107016594266,0.33025287564419564,0.027008117682393085,0.02512635700519967,0.0,0.1415222605328134,167.8326286565802,161.24135002256978
upward_base,oil_import_dependency,oil import dependency,0.6895211509505901,0.93,0.9,156.08434465061958,145.1172150203128,0.3885355112056655,0.0782107016594266,0.33025287564419564,0.027008117682393085,0.02512635700519967,0.0,0.1415222605328134,167.8326286565802,161.24135002256978
upward_base,oil_import_dependency,oil import dependency,0.6907145537808067,0.93,0.9,156.08434465061958,145.1172150203128,0.3885355112056655,0.0782107016594266,0.33025287564419564,0.027008117682393085,0.02512635700519967,0.0,0.1415222605328134,167.8326286565802,161.24135002256978
upward_base,oil_import_dependency,oil import dependency,0.6919079566110232,0.93,0.9,156.08434465061958,145.1172150203128,0.3885355112056655,0.0782107016594266,0.33025287564419564,0.027008117682393085,0.02512635700519967,0.0,0.1415222605328134,167.8326286565802,161.24135002256978
upward_base,oil_import_dependency,oil import dependency,0.6931013594412397,0.93,0.9,156.08434465061958,145.1172150203128,0.3885355112056655,0.0782107016594266,0.33025287564419564,0.027008117682393085,0.02512635700519967,0.0,0.1415222605328134,167.8326286565802,161.24135002256978
upward_base,oil_import_dependency,oil import dependency,0.6942947622714563,0.93,0.9,156.08434465061958,145.1172150203128,0.3885355112056655,0.0782107016594266,0.33025287564419564,0.027008117682393085,0.02512635700519967,0.0,0.1415222605328134,167.8326286565802,161.24135002256978
upward_base,oil_import_dependency,oil import dependency,0.6954881651016728,0.93,0.9,156.08434465061958,145.1172150203128,0.3885355112056655,0.0782107016594266,0.33025287564419564,0.027008117682393085,0.02512635700519967,0.0,0.1415222605328134,167.8326286565802,161.24135002256978
upward_base,oil_import_dependency,oil import dependency,0.6966815679318894,0.93,0.9,156.08434465061958,145.1172150203128,0.3885355112056655,0.0782107016594266,0.33025287564419564,0.027008117682393085,0.02512635700519967,0.0,0.1415222605328134,167.8326286565802,161.24135002256978
upward_base,oil_import_dependency,oil import dependency,0.6978749707621059,0.93,0.9,156.08434465061958,145.1172150203128,0.3885355112056655,0.0782107016594266,0.33025287564419564,0.027008117682393085,0.02512635700519967,0.0,0.1415222605328134,167.8326286565802,161.24135002256978
upward_base,oil_import_dependency,oil import dependency,0.6990683735923224,0.93,0.9,156.08434465061958,145.1172150203128,0.3885355112056655,0.0782107016594266,0.33025287564419564,0.027008117682393085,0.02512635700519967,0.0,0.1415222605328134,167.8326286565802,161.24135002256978
upward_base,oil_import_dependency,oil import dependency,0.700261776422539,0.93,0.9,156.08434465061958,145.1172150203128,0.3885355112056655,0.0782107016594266,0.33025287564419564,0.027008117682393085,0.02512635700519967,0.0,0.1415222605328134,167.8326286565802,161.24135002256978
upward_base,oil_import_dependency,oil import dependency,0.7014551792527555,0.93,0.9,156.08434465061958,145.1172150203128,0.3885355112056655,0.0782107016594266,0.33025287564419564,0.027008117682393085,0.02512635700519967,0.0,0.1415222605328134,167.8326286565802,161.24135002256978
upward_base,oil_import_dependency,oil import dependency,0.702648582082972,0.93,0.9,156.08434465061958,145.1172150203128,0.3885355112056655,0.0782107016594266,0.33025287564419564,0.027008117682393085,0.02512635700519967,0.0,0.1415222605328134,167.8326286565802,161.24135002256978
upward_base,oil_import_dependency,oil import dependency,0.7038419849131885,0.93,0.9,156.08434465061958,145.1172150203128,0.3885355112056655,0.0782107016594266,0.33025287564419564,0.027008117682393085,0.02512635700519967,0.0,0.1415222605328134,167.8326286565802,161.24135002256978
upward_base,oil_import_dependency,oil import dependency,0.7050353877434051,0.93,0.9,156.08434465061958,145.1172150203128,0.3885355112056655,0.0782107016594266,0.33025287564419564,0.027008117682393085,0.02512635700519967,0.0,0.1415222605328134,167.8326286565802,161.24135002256978
upward_base,oil_import_dependency,oil import dependency,0.7062287905736216,0.93,0.9,156.08434465061958,145.1172150203128,0.3885355112056655,0.0782107016594266,0.33025287564419564,0.027008117682393085,0.02512635700519967,0.0,0.1415222605328134,167.8326286565802,161.24135002256978
upward_base,oil_import_dependency,oil import dependency,0.7074221934038382,0.93,0.9,156.08434465061958,145.1172150203128,0.3885355112056655,0.0782107016594266,0.33025287564419564,0.027008117682393085,0.02512635700519967,0.0,0.1415222605328134,167.8326286565802,161.24135002256978
upward_base,oil_import_dependency,oil import dependency,0.7086155962340547,0.93,0.9,156.08434465061958,145.1172150203128,0.3885355112056655,0.0782107016594266,0.33025287564419564,0.027008117682393085,0.02512635700519967,0.0,0.1415222605328134,167.8326286565802,161.24135002256978
upward_base,oil_import_dependency,oil import dependency,0.7098089990642712,0.93,0.9,156.08434465061958,145.1172150203128,0.3885355112056655,0.0782107016594266,0.33025287564419564,0.027008117682393085,0.02512635700519967,0.0,0.1415222605328134,167.8326286565802,161.24135002256978
upward_base,oil_import_dependency,oil import dependency,0.7110024018944877,0.93,0.9,156.08434465061958,145.1172150203128,0.3885355112056655,0.0782107016594266,0.33025287564419564,0.027008117682393085,0.02512635700519967,0.0,0.1415222605328134,167.8326286565802,161.24135002256978
upward_base,oil_import_dependency,oil import dependency,0.7121958047247043,0.93,0.9,156.08434465061958,145.1172150203128,0.3885355112056655,0.0782107016594266,0.33025287564419564,0.027008117682393085,0.02512635700519967,0.0,0.1415222605328134,167.8326286565802,161.24135002256978
upward_base,oil_import_dependency,oil import dependency,0.7133892075549209,0.93,0.9,156.08434465061958,145.1172150203128,0.3885355112056655,0.0782107016594266,0.33025287564419564,0.027008117682393085,0.02512635700519967,0.0,0.1415222605328134,167.8326286565802,161.24135002256978
upward_base,oil_import_dependency,oil import dependency,0.7145826103851374,0.93,0.9,156.08434465061958,145.1172150203128,0.3885355112056655,0.0782107016594266,0.33025287564419564,0.027008117682393085,0.02512635700519967,0.0,0.1415222605328134,167.8326286565802,161.24135002256978
upward_base,oil_import_dependency,oil import dependency,0.7157760132153539,0.93,0.9,156.08434465061958,145.1172150203128,0.3885355112056655,0.0782107016594266,0.33025287564419564,0.027008117682393085,0.02512635700519967,0.0,0.1415222605328134,167.8326286565802,161.24135002256978
upward_base,oil_import_dependency,oil import dependency,0.7169694160455704,0.93,0.9,156.08434465061958,145.1172150203128,0.3885355112056655,0.0782107016594266,0.33025287564419564,0.027008117682393085,0.02512635700519967,0.0,0.1415222605328134,167.8326286565802,161.24135002256978
upward_base,oil_import_dependency,oil import dependency,0.7181628188757869,0.93,0.9,156.08434465061958,145.1172150203128,0.3885355112056655,0.0782107016594266,0.33025287564419564,0.027008117682393085,0.02512635700519967,0.0,0.1415222605328134,167.8326286565802,161.24135002256978
upward_base,oil_import_dependency,oil import dependency,0.7193562217060036,0.93,0.9,156.08434465061958,145.1172150203128,0.3885355112056655,0.0782107016594266,0.33025287564419564,0.027008117682393085,0.02512635700519967,0.0,0.1415222605328134,167.8326286565802,161.24135002256978
upward_base,oil_import_dependency,oil import dependency,0.7205496245362201,0.93,0.9,156.08434465061958,145.1172150203128,0.3885355112056655,0.0782107016594266,0.33025287564419564,0.027008117682393085,0.02512635700519967,0.0,0.1415222605328134,167.8326286565802,161.24135002256978
upward_base,oil_import_dependency,oil import dependency,0.7217430273664366,0.93,0.9,156.08434465061958,145.1172150203128,0.3885355112056655,0.0782107016594266,0.33025287564419564,0.027008117682393085,0.02512635700519967,0.0,0.1415222605328134,167.8326286565802,161.24135002256978
upward_base,oil_import_dependency,oil import dependency,0.7229364301966531,0.93,0.9,156.08434465061958,145.1172150203128,0.3885355112056655,0.0782107016594266,0.33025287564419564,0.027008117682393085,0.02512635700519967,0.0,0.1415222605328134,167.8326286565802,161.24135002256978
upward_base,oil_import_dependency,oil import dependency,0.7241298330268696,0.93,0.9,156.08434465061958,145.1172150203128,0.3885355112056655,0.0782107016594266,0.33025287564419564,0.027008117682393085,0.02512635700519967,0.0,0.1415222605328134,167.8326286565802,161.24135002256978
upward_base,oil_import_dependency,oil import dependency,0.7253232358570861,0.93,0.9,156.08434465061958,145.1172150203128,0.3885355112056655,0.0782107016594266,0.33025287564419564,0.027008117682393085,0.02512635700519967,0.0,0.1415222605328134,167.8326286565802,161.24135002256978
upward_base,oil_import_dependency,oil import dependency,0.7265166386873028,0.93,0.9,156.08434465061958,145.1172150203128,0.3885355112056655,0.0782107016594266,0.33025287564419564,0.027008117682393085,0.02512635700519967,0.0,0.1415222605328134,167.8326286565802,161.24135002256978
upward_base,oil_import_dependency,oil import dependency,0.7277100415175193,0.93,0.9,156.08434465061958,145.1172150203128,0.3885355112056655,0.0782107016594266,0.33025287564419564,0.027008117682393085,0.02512635700519967,0.0,0.1415222605328134,167.8326286565802,161.24135002256978
upward_base,oil_import_dependency,oil import dependency,0.7289034443477358,0.93,0.9,156.08434465061958,145.1172150203128,0.3885355112056655,0.0782107016594266,0.33025287564419564,0.027008117682393085,0.02512635700519967,0.0,0.1415222605328134,167.8326286565802,161.24135002256978
upward_base,oil_import_dependency,oil import dependency,0.7300968471779523,0.93,0.9,156.08434465061958,145.1172150203128,0.3885355112056655,0.0782107016594266,0.33025287564419564,0.027008117682393085,0.02512635700519967,0.0,0.1415222605328134,167.8326286565802,161.24135002256978
upward_base,oil_import_dependency,oil import dependency,0.7312902500081688,0.93,0.9,156.08434465061958,145.1172150203128,0.3885355112056655,0.0782107016594266,0.33025287564419564,0.027008117682393085,0.02512635700519967,0.0,0.1415222605328134,167.8326286565802,161.24135002256978
upward_base,oil_import_dependency,oil import dependency,0.7324836528383853,0.93,0.9,156.08434465061958,145.1172150203128,0.3885355112056655,0.0782107016594266,0.33025287564419564,0.027008117682393085,0.02512635700519967,0.0,0.1415222605328134,167.8326286565802,161.24135002256978
upward_base,oil_import_dependency,oil import dependency,0.7336770556686019,0.93,0.9,156.08434465061958,145.1172150203128,0.3885355112056655,0.0782107016594266,0.33025287564419564,0.027008117682393085,0.02512635700519967,0.0,0.1415222605328134,167.8326286565802,161.24135002256978
upward_base,oil_import_dependency,oil import dependency,0.7348704584988185,0.93,0.9,156.08434465061958,145.1172150203128,0.3885355112056655,0.0782107016594266,0.33025287564419564,0.027008117682393085,0.02512635700519967,0.0,0.1415222605328134,167.8326286565802,161.24135002256978
upward_base,oil_import_dependency,oil import dependency,0.736063861329035,0.93,0.9,156.08434465061958,145.1172150203128,0.3885355112056655,0.0782107016594266,0.33025287564419564,0.027008117682393085,0.02512635700519967,0.0,0.1415222605328134,167.8326286565802,161.24135002256978
upward_base,oil_import_dependency,oil import dependency,0.7372572641592515,0.93,0.9,156.08434465061958,145.1172150203128,0.3885355112056655,0.0782107016594266,0.33025287564419564,0.027008117682393085,0.02512635700519967,0.0,0.1415222605328134,167.8326286565802,161.24135002256978
upward_base,oil_import_dependency,oil import dependency,0.738450666989468,0.93,0.9,156.08434465061958,145.1172150203128,0.3885355112056655,0.0782107016594266,0.33025287564419564,0.027008117682393085,0.02512635700519967,0.0,0.1415222605328134,167.8326286565802,161.24135002256978
upward_base,oil_import_dependency,oil import dependency,0.7396440698196846,0.93,0.9,156.08434465061958,145.1172150203128,0.3885355112056655,0.0782107016594266,0.33025287564419564,0.027008117682393085,0.02512635700519967,0.0,0.1415222605328134,167.8326286565802,161.24135002256978
upward_base,oil_import_dependency,oil import dependency,0.7408374726499012,0.93,0.9,156.08434465061958,145.1172150203128,0.3885355112056655,0.0782107016594266,0.33025287564419564,0.027008117682393085,0.02512635700519967,0.0,0.1415222605328134,167.8326286565802,161.24135002256978
upward_base,oil_import_dependency,oil import dependency,0.7420308754801177,0.93,0.9,156.08434465061958,145.1172150203128,0.3885355112056655,0.0782107016594266,0.33025287564419564,0.027008117682393085,0.02512635700519967,0.0,0.1415222605328134,167.8326286565802,161.24135002256978
upward_base,oil_import_dependency,oil import dependency,0.7432242783103342,0.93,0.9,156.08434465061958,145.1172150203128,0.3885355112056655,0.0782107016594266,0.33025287564419564,0.027008117682393085,0.02512635700519967,0.0,0.1415222605328134,167.8326286565802,161.24135002256978
upward_base,oil_import_dependency,oil import dependency,0.7444176811405507,0.93,0.9,156.08434465061958,145.1172150203128,0.3885355112056655,0.0782107016594266,0.33025287564419564,0.027008117682393085,0.02512635700519967,0.0,0.1415222605328134,167.8326286565802,161.24135002256978
upward_base,brent_pressure_h,Brent pressure,0.0,0.93,0.9,156.08434465061958,145.1172150203128,0.3885355112056655,0.0782107016594266,0.33025287564419564,0.027008117682393085,0.02512635700519967,0.0,0.1415222605328134,167.8326286565802,161.24135002256978
upward_base,brent_pressure_h,Brent pressure,0.005113951612903225,0.93,0.9,156.08434465061958,145.1172150203128,0.3885355112056655,0.0782107016594266,0.33025287564419564,0.027008117682393085,0.02512635700519967,0.0,0.1415222605328134,167.8326286565802,161.24135002256978
upward_base,brent_pressure_h,Brent pressure,0.01022790322580645,0.93,0.9,156.08434465061958,145.1172150203128,0.3885355112056655,0.0782107016594266,0.33025287564419564,0.027008117682393085,0.02512635700519967,0.0,0.1415222605328134,167.8326286565802,161.24135002256978
upward_base,brent_pressure_h,Brent pressure,0.015341854838709675,0.93,0.9,156.08434465061958,145.1172150203128,0.3885355112056655,0.0782107016594266,0.33025287564419564,0.027008117682393085,0.02512635700519967,0.0,0.1415222605328134,167.8326286565802,161.24135002256978
upward_base,brent_pressure_h,Brent pressure,0.0204558064516129,0.93,0.9,156.08434465061958,145.1172150203128,0.3885355112056655,0.0782107016594266,0.33025287564419564,0.027008117682393085,0.02512635700519967,0.0,0.1415222605328134,167.8326286565802,161.24135002256978
upward_base,brent_pressure_h,Brent pressure,0.025569758064516127,0.93,0.9,156.08434465061958,145.1172150203128,0.3885355112056655,0.0782107016594266,0.33025287564419564,0.027008117682393085,0.02512635700519967,0.0,0.1415222605328134,167.8326286565802,161.24135002256978
upward_base,brent_pressure_h,Brent pressure,0.03068370967741935,0.93,0.9,156.08434465061958,145.1172150203128,0.3885355112056655,0.0782107016594266,0.33025287564419564,0.027008117682393085,0.02512635700519967,0.0,0.1415222605328134,167.8326286565802,161.24135002256978
upward_base,brent_pressure_h,Brent pressure,0.03579766129032257,0.93,0.9,156.08434465061958,145.1172150203128,0.3885355112056655,0.0782107016594266,0.33025287564419564,0.027008117682393085,0.02512635700519967,0.0,0.1415222605328134,167.8326286565802,161.24135002256978
upward_base,brent_pressure_h,Brent pressure,0.0409116129032258,0.93,0.9,156.08434465061958,145.1172150203128,0.3885355112056655,0.0782107016594266,0.33025287564419564,0.027008117682393085,0.02512635700519967,0.0,0.1415222605328134,167.8326286565802,161.24135002256978
upward_base,brent_pressure_h,Brent pressure,0.046025564516129026,0.93,0.9,156.08434465061958,145.1172150203128,0.3885355112056655,0.0782107016594266,0.33025287564419564,0.027008117682393085,0.02512635700519967,0.0,0.1415222605328134,167.8326286565802,161.24135002256978
upward_base,brent_pressure_h,Brent pressure,0.05113951612903225,0.93,0.9,156.08434465061958,145.1172150203128,0.3885355112056655,0.0782107016594266,0.33025287564419564,0.027008117682393085,0.02512635700519967,0.0,0.1415222605328134,167.8326286565802,161.24135002256978
upward_base,brent_pressure_h,Brent pressure,0.05625346774193547,0.93,0.9,156.08434465061958,145.1172150203128,0.3885355112056655,0.0782107016594266,0.33025287564419564,0.027008117682393085,0.02512635700519967,0.0,0.1415222605328134,167.8326286565802,161.24135002256978
upward_base,brent_pressure_h,Brent pressure,0.0613674193548387,0.93,0.9,156.08434465061958,145.1172150203128,0.3885355112056655,0.0782107016594266,0.33025287564419564,0.027008117682393085,0.02512635700519967,0.0,0.1415222605328134,167.8326286565802,161.24135002256978
upward_base,brent_pressure_h,Brent pressure,0.06648137096774193,0.93,0.9,156.08434465061958,145.1172150203128,0.3885355112056655,0.0782107016594266,0.33025287564419564,0.027008117682393085,0.02512635700519967,0.0,0.1415222605328134,167.8326286565802,161.24135002256978
upward_base,brent_pressure_h,Brent pressure,0.07159532258064515,0.93,0.9,156.08434465061958,145.1172150203128,0.3885355112056655,0.0782107016594266,0.33025287564419564,0.027008117682393085,0.02512635700519967,0.0,0.1415222605328134,167.8326286565802,161.24135002256978
upward_base,brent_pressure_h,Brent pressure,0.07670927419354838,0.93,0.9,156.08434465061958,145.1172150203128,0.3885355112056655,0.0782107016594266,0.33025287564419564,0.027008117682393085,0.02512635700519967,0.0,0.1415222605328134,167.8326286565802,161.24135002256978
upward_base,brent_pressure_h,Brent pressure,0.0818232258064516,0.93,0.9,156.08434465061958,145.1172150203128,0.3885355112056655,0.0782107016594266,0.33025287564419564,0.027008117682393085,0.02512635700519967,0.0,0.1415222605328134,167.8326286565802,161.24135002256978
upward_base,brent_pressure_h,Brent pressure,0.08693717741935482,0.93,0.9,156.08434465061958,145.1172150203128,0.3885355112056655,0.0782107016594266,0.33025287564419564,0.027008117682393085,0.02512635700519967,0.0,0.1415222605328134,167.8326286565802,161.24135002256978
upward_base,brent_pressure_h,Brent pressure,0.09205112903225805,0.93,0.9,156.08434465061958,145.1172150203128,0.3885355112056655,0.0782107016594266,0.33025287564419564,0.027008117682393085,0.02512635700519967,0.0,0.1415222605328134,167.8326286565802,161.24135002256978
upward_base,brent_pressure_h,Brent pressure,0.09716508064516127,0.93,0.9,156.08434465061958,145.1172150203128,0.3885355112056655,0.0782107016594266,0.33025287564419564,0.027008117682393085,0.02512635700519967,0.0,0.1415222605328134,167.8326286565802,161.24135002256978
upward_base,brent_pressure_h,Brent pressure,0.1022790322580645,0.93,0.9,156.08434465061958,145.1172150203128,0.3885355112056655,0.0782107016594266,0.33025287564419564,0.027008117682393085,0.02512635700519967,0.0,0.1415222605328134,167.8326286565802,161.24135002256978
upward_base,brent_pressure_h,Brent pressure,0.10739298387096773,0.93,0.9,156.08434465061958,145.1172150203128,0.3885355112056655,0.0782107016594266,0.33025287564419564,0.027008117682393085,0.02512635700519967,0.0,0.1415222605328134,167.8326286565802,161.24135002256978
upward_base,brent_pressure_h,Brent pressure,0.11250693548387095,0.93,0.9,156.08434465061958,145.1172150203128,0.3885355112056655,0.0782107016594266,0.33025287564419564,0.027008117682393085,0.02512635700519967,0.0,0.1415222605328134,167.8326286565802,161.24135002256978
upward_base,brent_pressure_h,Brent pressure,0.11762088709677418,0.93,0.9,156.08434465061958,145.1172150203128,0.3885355112056655,0.0782107016594266,0.33025287564419564,0.027008117682393085,0.02512635700519967,0.0,0.1415222605328134,167.8326286565802,161.24135002256978
upward_base,brent_pressure_h,Brent pressure,0.1227348387096774,0.93,0.9,156.08434465061958,145.1172150203128,0.3885355112056655,0.0782107016594266,0.33025287564419564,0.027008117682393085,0.02512635700519967,0.0,0.1415222605328134,167.8326286565802,161.24135002256978
upward_base,brent_pressure_h,Brent pressure,0.12784879032258062,0.93,0.9,156.08434465061958,145.1172150203128,0.3885355112056655,0.0782107016594266,0.33025287564419564,0.027008117682393085,0.02512635700519967,0.0,0.1415222605328134,167.8326286565802,161.24135002256978
upward_base,brent_pressure_h,Brent pressure,0.13296274193548385,0.93,0.9,156.08434465061958,145.1172150203128,0.3885355112056655,0.0782107016594266,0.33025287564419564,0.027008117682393085,0.02512635700519967,0.0,0.1415222605328134,167.8326286565802,161.24135002256978
upward_base,brent_pressure_h,Brent pressure,0.13807669354838709,0.93,0.9,156.08434465061958,145.1172150203128,0.3885355112056655,0.0782107016594266,0.33025287564419564,0.027008117682393085,0.02512635700519967,0.0,0.1415222605328134,167.8326286565802,161.24135002256978
upward_base,brent_pressure_h,Brent pressure,0.1431906451612903,0.93,0.9,156.08434465061958,145.1172150203128,0.3885355112056655,0.0782107016594266,0.33025287564419564,0.027008117682393085,0.02512635700519967,0.0,0.1415222605328134,167.8326286565802,161.24135002256978
upward_base,brent_pressure_h,Brent pressure,0.14830459677419353,0.93,0.9,156.08434465061958,145.1172150203128,0.3885355112056655,0.0782107016594266,0.33025287564419564,0.027008117682393085,0.02512635700519967,0.0,0.1415222605328134,167.8326286565802,161.24135002256978
upward_base,brent_pressure_h,Brent pressure,0.15341854838709676,0.93,0.9,156.08434465061958,145.1172150203128,0.3885355112056655,0.0782107016594266,0.33025287564419564,0.027008117682393085,0.02512635700519967,0.0,0.1415222605328134,167.8326286565802,161.24135002256978
upward_base,brent_pressure_h,Brent pressure,0.15853249999999997,0.93,0.9,156.08434465061958,145.1172150203128,0.3885355112056655,0.0782107016594266,0.33025287564419564,0.027008117682393085,0.02512635700519967,0.0,0.1415222605328134,167.8326286565802,161.24135002256978
upward_base,brent_pressure_h,Brent pressure,0.1636464516129032,0.93,0.9,156.08434465061958,145.1172150203128,0.3885355112056655,0.0782107016594266,0.33025287564419564,0.027008117682393085,0.02512635700519967,0.0,0.1415222605328134,167.8326286565802,161.24135002256978
upward_base,brent_pressure_h,Brent pressure,0.16876040322580643,0.93,0.9,156.08434465061958,145.1172150203128,0.3885355112056655,0.0782107016594266,0.33025287564419564,0.027008117682393085,0.02512635700519967,0.0,0.1415222605328134,167.8326286565802,161.24135002256978
upward_base,brent_pressure_h,Brent pressure,0.17387435483870964,0.93,0.9,156.08434465061958,145.1172150203128,0.3885355112056655,0.0782107016594266,0.33025287564419564,0.027008117682393085,0.02512635700519967,0.0,0.1415222605328134,167.8326286565802,161.24135002256978
upward_base,brent_pressure_h,Brent pressure,0.17898830645161287,0.93,0.9,156.08434465061958,145.1172150203128,0.3885355112056655,0.0782107016594266,0.33025287564419564,0.027008117682393085,0.02512635700519967,0.0,0.1415222605328134,167.8326286565802,161.24135002256978
upward_base,brent_pressure_h,Brent pressure,0.1841022580645161,0.93,0.9,156.08434465061958,145.1172150203128,0.3885355112056655,0.0782107016594266,0.33025287564419564,0.027008117682393085,0.02512635700519967,0.0,0.1415222605328134,167.8326286565802,161.24135002256978
upward_base,brent_pressure_h,Brent pressure,0.1892162096774193,0.93,0.9,156.08434465061958,145.1172150203128,0.3885355112056655,0.0782107016594266,0.33025287564419564,0.027008117682393085,0.02512635700519967,0.0,0.1415222605328134,167.8326286565802,161.24135002256978
upward_base,brent_pressure_h,Brent pressure,0.19433016129032255,0.93,0.9,156.08434465061958,145.1172150203128,0.3885355112056655,0.0782107016594266,0.33025287564419564,0.027008117682393085,0.02512635700519967,0.0,0.1415222605328134,167.8326286565802,161.24135002256978
upward_base,brent_pressure_h,Brent pressure,0.19944411290322578,0.93,0.9,156.08434465061958,145.1172150203128,0.3885355112056655,0.0782107016594266,0.33025287564419564,0.027008117682393085,0.02512635700519967,0.0,0.1415222605328134,167.8326286565802,161.24135002256978
upward_base,brent_pressure_h,Brent pressure,0.204558064516129,0.93,0.9,156.08434465061958,145.1172150203128,0.3885355112056655,0.0782107016594266,0.33025287564419564,0.027008117682393085,0.02512635700519967,0.0,0.1415222605328134,167.8326286565802,161.24135002256978
upward_base,brent_pressure_h,Brent pressure,0.20967201612903222,0.93,0.9,156.08434465061958,145.1172150203128,0.3885355112056655,0.0782107016594266,0.33025287564419564,0.027008117682393085,0.02512635700519967,0.0,0.1415222605328134,167.8326286565802,161.24135002256978
upward_base,brent_pressure_h,Brent pressure,0.21478596774193545,0.93,0.9,156.08434465061958,145.1172150203128,0.3885355112056655,0.0782107016594266,0.33025287564419564,0.027008117682393085,0.02512635700519967,0.0,0.1415222605328134,167.8326286565802,161.24135002256978
upward_base,brent_pressure_h,Brent pressure,0.21989991935483869,0.93,0.9,156.08434465061958,145.1172150203128,0.3885355112056655,0.0782107016594266,0.33025287564419564,0.027008117682393085,0.02512635700519967,0.0,0.1415222605328134,167.8326286565802,161.24135002256978
upward_base,brent_pressure_h,Brent pressure,0.2250138709677419,0.93,0.9,156.08434465061958,145.1172150203128,0.3885355112056655,0.0782107016594266,0.33025287564419564,0.027008117682393085,0.02512635700519967,0.0,0.1415222605328134,167.8326286565802,161.24135002256978
upward_base,brent_pressure_h,Brent pressure,0.23012782258064512,0.93,0.9,156.08434465061958,145.1172150203128,0.3885355112056655,0.0782107016594266,0.33025287564419564,0.027008117682393085,0.02512635700519967,0.0,0.1415222605328134,167.8326286565802,161.24135002256978
upward_base,brent_pressure_h,Brent pressure,0.23524177419354836,0.93,0.9,156.08434465061958,145.1172150203128,0.3885355112056655,0.0782107016594266,0.33025287564419564,0.027008117682393085,0.02512635700519967,0.0,0.1415222605328134,167.8326286565802,161.24135002256978
upward_base,brent_pressure_h,Brent pressure,0.24035572580645156,0.93,0.9,156.08434465061958,145.1172150203128,0.3885355112056655,0.0782107016594266,0.33025287564419564,0.027008117682393085,0.02512635700519967,0.0,0.1415222605328134,167.8326286565802,161.24135002256978
upward_base,brent_pressure_h,Brent pressure,0.2454696774193548,0.93,0.9,156.08434465061958,145.1172150203128,0.3885355112056655,0.0782107016594266,0.33025287564419564,0.027008117682393085,0.02512635700519967,0.0,0.1415222605328134,167.8326286565802,161.24135002256978
upward_base,brent_pressure_h,Brent pressure,0.250583629032258,0.93,0.9,156.08434465061958,145.1172150203128,0.3885355112056655,0.0782107016594266,0.33025287564419564,0.027008117682393085,0.02512635700519967,0.0,0.1415222605328134,167.8326286565802,161.24135002256978
upward_base,brent_pressure_h,Brent pressure,0.25569758064516124,0.93,0.9,156.08434465061958,145.1172150203128,0.3885355112056655,0.0782107016594266,0.33025287564419564,0.027008117682393085,0.02512635700519967,0.0,0.1415222605328134,167.8326286565802,161.24135002256978
upward_base,brent_pressure_h,Brent pressure,0.26081153225806447,0.93,0.9,156.08434465061958,145.1172150203128,0.3885355112056655,0.0782107016594266,0.33025287564419564,0.027008117682393085,0.02512635700519967,0.0,0.1415222605328134,167.8326286565802,161.24135002256978
upward_base,brent_pressure_h,Brent pressure,0.2659254838709677,0.93,0.9,156.08434465061958,145.1172150203128,0.3885355112056655,0.0782107016594266,0.33025287564419564,0.027008117682393085,0.02512635700519967,0.0,0.1415222605328134,167.8326286565802,161.24135002256978
upward_base,brent_pressure_h,Brent pressure,0.27103943548387094,0.93,0.9,156.08434465061958,145.1172150203128,0.3885355112056655,0.0782107016594266,0.33025287564419564,0.027008117682393085,0.02512635700519967,0.0,0.1415222605328134,167.8326286565802,161.24135002256978
upward_base,brent_pressure_h,Brent pressure,0.27615338709677417,0.93,0.9,156.08434465061958,145.1172150203128,0.3885355112056655,0.0782107016594266,0.33025287564419564,0.027008117682393085,0.02512635700519967,0.0,0.1415222605328134,167.8326286565802,161.24135002256978
upward_base,brent_pressure_h,Brent pressure,0.28126733870967735,0.93,0.9,156.08434465061958,145.1172150203128,0.3885355112056655,0.0782107016594266,0.33025287564419564,0.027008117682393085,0.02512635700519967,0.0,0.1415222605328134,167.8326286565802,161.24135002256978
upward_base,brent_pressure_h,Brent pressure,0.2863812903225806,0.93,0.9,156.08434465061958,145.1172150203128,0.3885355112056655,0.0782107016594266,0.33025287564419564,0.027008117682393085,0.02512635700519967,0.0,0.1415222605328134,167.8326286565802,161.24135002256978
upward_base,brent_pressure_h,Brent pressure,0.2914952419354838,0.93,0.9,156.08434465061958,145.1172150203128,0.3885355112056655,0.0782107016594266,0.33025287564419564,0.027008117682393085,0.02512635700519967,0.0,0.1415222605328134,167.8326286565802,161.24135002256978
upward_base,brent_pressure_h,Brent pressure,0.29660919354838705,0.93,0.9,156.08434465061958,145.1172150203128,0.3885355112056655,0.0782107016594266,0.33025287564419564,0.027008117682393085,0.02512635700519967,0.0,0.1415222605328134,167.8326286565802,161.24135002256978
upward_base,brent_pressure_h,Brent pressure,0.3017231451612903,0.93,0.9,156.08434465061958,145.1172150203128,0.3885355112056655,0.0782107016594266,0.33025287564419564,0.027008117682393085,0.02512635700519967,0.0,0.1415222605328134,167.8326286565802,161.24135002256978
upward_base,brent_pressure_h,Brent pressure,0.3068370967741935,0.93,0.9,156.08434465061958,145.1172150203128,0.3885355112056655,0.0782107016594266,0.33025287564419564,0.027008117682393085,0.02512635700519967,0.0,0.1415222605328134,167.8326286565802,161.24135002256978
upward_base,brent_pressure_h,Brent pressure,0.3119510483870967,0.93,0.9,156.08434465061958,145.1172150203128,0.3885355112056655,0.0782107016594266,0.33025287564419564,0.027008117682393085,0.02512635700519967,0.0,0.1415222605328134,167.8326286565802,161.24135002256978
upward_base,brent_pressure_h,Brent pressure,0.31706499999999993,0.93,0.9,156.08434465061958,145.1172150203128,0.3885355112056655,0.0782107016594266,0.33025287564419564,0.027008117682393085,0.02512635700519967,0.0,0.1415222605328134,167.8326286565802,161.24135002256978
upward_base,brent_pressure_h,Brent pressure,0.32217895161290316,0.93,0.9,156.08434465061958,145.1172150203128,0.3885355112056655,0.0782107016594266,0.33025287564419564,0.027008117682393085,0.02512635700519967,0.0,0.1415222605328134,167.8326286565802,161.24135002256978
upward_base,brent_pressure_h,Brent pressure,0.3272929032258064,0.93,0.9,156.08434465061958,145.1172150203128,0.3885355112056655,0.0782107016594266,0.33025287564419564,0.027008117682393085,0.02512635700519967,0.0,0.1415222605328134,167.8326286565802,161.24135002256978
upward_base,brent_pressure_h,Brent pressure,0.33240685483870963,0.93,0.9,156.08434465061958,145.1172150203128,0.3885355112056655,0.0782107016594266,0.33025287564419564,0.027008117682393085,0.02512635700519967,0.0,0.1415222605328134,167.8326286565802,161.24135002256978
upward_base,brent_pressure_h,Brent pressure,0.33752080645161286,0.93,0.9,156.08434465061958,145.1172150203128,0.3885355112056655,0.0782107016594266,0.33025287564419564,0.027008117682393085,0.02512635700519967,0.0,0.1415222605328134,167.8326286565802,161.24135002256978
upward_base,brent_pressure_h,Brent pressure,0.3426347580645161,0.93,0.9,156.08434465061958,145.1172150203128,0.3885355112056655,0.0782107016594266,0.33025287564419564,0.027008117682393085,0.02512635700519967,0.0,0.1415222605328134,167.8326286565802,161.24135002256978
upward_base,brent_pressure_h,Brent pressure,0.3477487096774193,0.93,0.9,156.08434465061958,145.1172150203128,0.3885355112056655,0.0782107016594266,0.33025287564419564,0.027008117682393085,0.02512635700519967,0.0,0.1415222605328134,167.8326286565802,161.24135002256978
upward_base,brent_pressure_h,Brent pressure,0.3528626612903225,0.93,0.9,156.08434465061958,145.1172150203128,0.3885355112056655,0.0782107016594266,0.33025287564419564,0.027008117682393085,0.02512635700519967,0.0,0.1415222605328134,167.8326286565802,161.24135002256978
upward_base,brent_pressure_h,Brent pressure,0.35797661290322574,0.93,0.9,156.08434465061958,145.1172150203128,0.3885355112056655,0.0782107016594266,0.33025287564419564,0.027008117682393085,0.02512635700519967,0.0,0.1415222605328134,167.8326286565802,161.24135002256978
upward_base,brent_pressure_h,Brent pressure,0.363090564516129,0.93,0.9,156.08434465061958,145.1172150203128,0.3885355112056655,0.0782107016594266,0.33025287564419564,0.027008117682393085,0.02512635700519967,0.0,0.1415222605328134,167.8326286565802,161.24135002256978
upward_base,brent_pressure_h,Brent pressure,0.3682045161290322,0.93,0.9,156.08434465061958,145.1172150203128,0.3885355112056655,0.0782107016594266,0.33025287564419564,0.027008117682393085,0.02512635700519967,0.0,0.1415222605328134,167.8326286565802,161.24135002256978
upward_base,brent_pressure_h,Brent pressure,0.37331846774193544,0.93,0.9,156.08434465061958,145.1172150203128,0.3885355112056655,0.0782107016594266,0.33025287564419564,0.027008117682393085,0.02512635700519967,0.0,0.1415222605328134,167.8326286565802,161.24135002256978
upward_base,brent_pressure_h,Brent pressure,0.3784324193548386,0.93,0.9,156.08434465061958,145.1172150203128,0.3885355112056655,0.0782107016594266,0.33025287564419564,0.027008117682393085,0.02512635700519967,0.0,0.1415222605328134,167.8326286565802,161.24135002256978
upward_base,brent_pressure_h,Brent pressure,0.38354637096774186,0.93,0.9,156.08434465061958,145.1172150203128,0.3885355112056655,0.0782107016594266,0.33025287564419564,0.027008117682393085,0.02512635700519967,0.0,0.1415222605328134,167.8326286565802,161.24135002256978
upward_base,brent_pressure_h,Brent pressure,0.3886603225806451,0.93,0.9,156.08434465061958,145.1172150203128,0.3885355112056655,0.0782107016594266,0.33025287564419564,0.027008117682393085,0.02512635700519967,0.0,0.1415222605328134,167.8326286565802,161.24135002256978
upward_base,brent_pressure_h,Brent pressure,0.3937742741935483,0.93,0.9,156.08434465061958,145.1172150203128,0.3885355112056655,0.0782107016594266,0.33025287564419564,0.027008117682393085,0.02512635700519967,0.0,0.1415222605328134,167.8326286565802,161.24135002256978
upward_base,brent_pressure_h,Brent pressure,0.39888822580645156,0.93,0.9,156.08434465061958,145.1172150203128,0.3885355112056655,0.0782107016594266,0.33025287564419564,0.027008117682393085,0.02512635700519967,0.0,0.1415222605328134,167.8326286565802,161.24135002256978
upward_base,brent_pressure_h,Brent pressure,0.4040021774193548,0.93,0.9,156.08434465061958,145.1172150203128,0.3885355112056655,0.0782107016594266,0.33025287564419564,0.027008117682393085,0.02512635700519967,0.0,0.1415222605328134,167.8326286565802,161.24135002256978
upward_base,brent_pressure_h,Brent pressure,0.409116129032258,0.93,0.9,156.08434465061958,145.1172150203128,0.3885355112056655,0.0782107016594266,0.33025287564419564,0.027008117682393085,0.02512635700519967,0.0,0.1415222605328134,167.8326286565802,161.24135002256978
upward_base,processing_shortage_b,processing shortage,0.0,0.93,0.9,156.08434465061958,145.1172150203128,0.3885355112056655,0.0782107016594266,0.33025287564419564,0.027008117682393085,0.02512635700519967,0.0,0.1415222605328134,167.8326286565802,161.24135002256978
upward_base,processing_shortage_b,processing shortage,0.0007766714354118987,0.93,0.9,156.08434465061958,145.1172150203128,0.3885355112056655,0.0782107016594266,0.33025287564419564,0.027008117682393085,0.02512635700519967,0.0,0.1415222605328134,167.8326286565802,161.24135002256978
upward_base,processing_shortage_b,processing shortage,0.0015533428708237975,0.93,0.9,156.08434465061958,145.1172150203128,0.3885355112056655,0.0782107016594266,0.33025287564419564,0.027008117682393085,0.02512635700519967,0.0,0.1415222605328134,167.8326286565802,161.24135002256978
upward_base,processing_shortage_b,processing shortage,0.002330014306235696,0.93,0.9,156.08434465061958,145.1172150203128,0.3885355112056655,0.0782107016594266,0.33025287564419564,0.027008117682393085,0.02512635700519967,0.0,0.1415222605328134,167.8326286565802,161.24135002256978
upward_base,processing_shortage_b,processing shortage,0.003106685741647595,0.93,0.9,156.08434465061958,145.1172150203128,0.3885355112056655,0.0782107016594266,0.33025287564419564,0.027008117682393085,0.02512635700519967,0.0,0.1415222605328134,167.8326286565802,161.24135002256978
upward_base,processing_shortage_b,processing shortage,0.003883357177059494,0.93,0.9,156.08434465061958,145.1172150203128,0.3885355112056655,0.0782107016594266,0.33025287564419564,0.027008117682393085,0.02512635700519967,0.0,0.1415222605328134,167.8326286565802,161.24135002256978
upward_base,processing_shortage_b,processing shortage,0.004660028612471392,0.93,0.9,156.08434465061958,145.1172150203128,0.3885355112056655,0.0782107016594266,0.33025287564419564,0.027008117682393085,0.02512635700519967,0.0,0.1415222605328134,167.8326286565802,161.24135002256978
upward_base,processing_shortage_b,processing shortage,0.005436700047883291,0.93,0.9,156.08434465061958,145.1172150203128,0.3885355112056655,0.0782107016594266,0.33025287564419564,0.027008117682393085,0.02512635700519967,0.0,0.1415222605328134,167.8326286565802,161.24135002256978
upward_base,processing_shortage_b,processing shortage,0.00621337148329519,0.93,0.9,156.08434465061958,145.1172150203128,0.3885355112056655,0.0782107016594266,0.33025287564419564,0.027008117682393085,0.02512635700519967,0.0,0.1415222605328134,167.8326286565802,161.24135002256978
upward_base,processing_shortage_b,processing shortage,0.006990042918707089,0.93,0.9,156.08434465061958,145.1172150203128,0.3885355112056655,0.0782107016594266,0.33025287564419564,0.027008117682393085,0.02512635700519967,0.0,0.1415222605328134,167.8326286565802,161.24135002256978
upward_base,processing_shortage_b,processing shortage,0.007766714354118988,0.93,0.9,156.08434465061958,145.1172150203128,0.3885355112056655,0.0782107016594266,0.33025287564419564,0.027008117682393085,0.02512635700519967,0.0,0.1415222605328134,167.8326286565802,161.24135002256978
upward_base,processing_shortage_b,processing shortage,0.008543385789530886,0.93,0.9,156.08434465061958,145.1172150203128,0.3885355112056655,0.0782107016594266,0.33025287564419564,0.027008117682393085,0.02512635700519967,0.0,0.1415222605328134,167.8326286565802,161.24135002256978
upward_base,processing_shortage_b,processing shortage,0.009320057224942785,0.93,0.9,156.08434465061958,145.1172150203128,0.3885355112056655,0.0782107016594266,0.33025287564419564,0.027008117682393085,0.02512635700519967,0.0,0.1415222605328134,167.8326286565802,161.24135002256978
upward_base,processing_shortage_b,processing shortage,0.010096728660354683,0.93,0.9,156.08434465061958,145.1172150203128,0.3885355112056655,0.0782107016594266,0.33025287564419564,0.027008117682393085,0.02512635700519967,0.0,0.1415222605328134,167.8326286565802,161.24135002256978
upward_base,processing_shortage_b,processing shortage,0.010873400095766582,0.93,0.9,156.08434465061958,145.1172150203128,0.3885355112056655,0.0782107016594266,0.33025287564419564,0.027008117682393085,0.02512635700519967,0.0,0.1415222605328134,167.8326286565802,161.24135002256978
upward_base,processing_shortage_b,processing shortage,0.011650071531178481,0.93,0.9,156.08434465061958,145.1172150203128,0.3885355112056655,0.0782107016594266,0.33025287564419564,0.027008117682393085,0.02512635700519967,0.0,0.1415222605328134,167.8326286565802,161.24135002256978
upward_base,processing_shortage_b,processing shortage,0.01242674296659038,0.93,0.9,156.08434465061958,145.1172150203128,0.3885355112056655,0.0782107016594266,0.33025287564419564,0.027008117682393085,0.02512635700519967,0.0,0.1415222605328134,167.8326286565802,161.24135002256978
upward_base,processing_shortage_b,processing shortage,0.013203414402002279,0.93,0.9,156.08434465061958,145.1172150203128,0.3885355112056655,0.0782107016594266,0.33025287564419564,0.027008117682393085,0.02512635700519967,0.0,0.1415222605328134,167.8326286565802,161.24135002256978
upward_base,processing_shortage_b,processing shortage,0.013980085837414178,0.93,0.9,156.08434465061958,145.1172150203128,0.3885355112056655,0.0782107016594266,0.33025287564419564,0.027008117682393085,0.02512635700519967,0.0,0.1415222605328134,167.8326286565802,161.24135002256978
upward_base,processing_shortage_b,processing shortage,0.014756757272826077,0.93,0.9,156.08434465061958,145.1172150203128,0.3885355112056655,0.0782107016594266,0.33025287564419564,0.027008117682393085,0.02512635700519967,0.0,0.1415222605328134,167.8326286565802,161.24135002256978
upward_base,processing_shortage_b,processing shortage,0.015533428708237975,0.93,0.9,156.08434465061958,145.1172150203128,0.3885355112056655,0.0782107016594266,0.33025287564419564,0.027008117682393085,0.02512635700519967,0.0,0.1415222605328134,167.8326286565802,161.24135002256978
upward_base,processing_shortage_b,processing shortage,0.016310100143649874,0.93,0.9,156.08434465061958,145.1172150203128,0.3885355112056655,0.0782107016594266,0.33025287564419564,0.027008117682393085,0.02512635700519967,0.0,0.1415222605328134,167.8326286565802,161.24135002256978
upward_base,processing_shortage_b,processing shortage,0.01708677157906177,0.93,0.9,156.08434465061958,145.1172150203128,0.3885355112056655,0.0782107016594266,0.33025287564419564,0.027008117682393085,0.02512635700519967,0.0,0.1415222605328134,167.8326286565802,161.24135002256978
upward_base,processing_shortage_b,processing shortage,0.017863443014473672,0.93,0.9,156.08434465061958,145.1172150203128,0.3885355112056655,0.0782107016594266,0.33025287564419564,0.027008117682393085,0.02512635700519967,0.0,0.1415222605328134,167.8326286565802,161.24135002256978
upward_base,processing_shortage_b,processing shortage,0.01864011444988557,0.93,0.9,156.08434465061958,145.1172150203128,0.3885355112056655,0.0782107016594266,0.33025287564419564,0.027008117682393085,0.02512635700519967,0.0,0.1415222605328134,167.8326286565802,161.24135002256978
upward_base,processing_shortage_b,processing shortage,0.01941678588529747,0.93,0.9,156.08434465061958,145.1172150203128,0.3885355112056655,0.0782107016594266,0.33025287564419564,0.027008117682393085,0.02512635700519967,0.0,0.1415222605328134,167.8326286565802,161.24135002256978
upward_base,processing_shortage_b,processing shortage,0.020193457320709367,0.93,0.9,156.08434465061958,145.1172150203128,0.3885355112056655,0.0782107016594266,0.33025287564419564,0.027008117682393085,0.02512635700519967,0.0,0.1415222605328134,167.8326286565802,161.24135002256978
upward_base,processing_shortage_b,processing shortage,0.020970128756121267,0.93,0.9,156.08434465061958,145.1172150203128,0.3885355112056655,0.0782107016594266,0.33025287564419564,0.027008117682393085,0.02512635700519967,0.0,0.1415222605328134,167.8326286565802,161.24135002256978
upward_base,processing_shortage_b,processing shortage,0.021746800191533164,0.93,0.9,156.08434465061958,145.1172150203128,0.3885355112056655,0.0782107016594266,0.33025287564419564,0.027008117682393085,0.02512635700519967,0.0,0.1415222605328134,167.8326286565802,161.24135002256978
upward_base,processing_shortage_b,processing shortage,0.022523471626945065,0.93,0.9,156.08434465061958,145.1172150203128,0.3885355112056655,0.0782107016594266,0.33025287564419564,0.027008117682393085,0.02512635700519967,0.0,0.1415222605328134,167.8326286565802,161.24135002256978
upward_base,processing_shortage_b,processing shortage,0.023300143062356962,0.93,0.9,156.08434465061958,145.1172150203128,0.3885355112056655,0.0782107016594266,0.33025287564419564,0.027008117682393085,0.02512635700519967,0.0,0.1415222605328134,167.8326286565802,161.24135002256978
upward_base,processing_shortage_b,processing shortage,0.024076814497768863,0.93,0.9,156.08434465061958,145.1172150203128,0.3885355112056655,0.0782107016594266,0.33025287564419564,0.027008117682393085,0.02512635700519967,0.0,0.1415222605328134,167.8326286565802,161.24135002256978
upward_base,processing_shortage_b,processing shortage,0.02485348593318076,0.93,0.9,156.08434465061958,145.1172150203128,0.3885355112056655,0.0782107016594266,0.33025287564419564,0.027008117682393085,0.02512635700519967,0.0,0.1415222605328134,167.8326286565802,161.24135002256978
upward_base,processing_shortage_b,processing shortage,0.025630157368592657,0.93,0.9,156.08434465061958,145.1172150203128,0.3885355112056655,0.0782107016594266,0.33025287564419564,0.027008117682393085,0.02512635700519967,0.0,0.1415222605328134,167.8326286565802,161.24135002256978
upward_base,processing_shortage_b,processing shortage,0.026406828804004558,0.93,0.9,156.08434465061958,145.1172150203128,0.3885355112056655,0.0782107016594266,0.33025287564419564,0.027008117682393085,0.02512635700519967,0.0,0.1415222605328134,167.8326286565802,161.24135002256978
upward_base,processing_shortage_b,processing shortage,0.027183500239416455,0.93,0.9,156.08434465061958,145.1172150203128,0.3885355112056655,0.0782107016594266,0.33025287564419564,0.027008117682393085,0.02512635700519967,0.0,0.1415222605328134,167.8326286565802,161.24135002256978
upward_base,processing_shortage_b,processing shortage,0.027960171674828355,0.93,0.9,156.08434465061958,145.1172150203128,0.3885355112056655,0.0782107016594266,0.33025287564419564,0.027008117682393085,0.02512635700519967,0.0,0.1415222605328134,167.8326286565802,161.24135002256978
upward_base,processing_shortage_b,processing shortage,0.028736843110240252,0.93,0.9,156.08434465061958,145.1172150203128,0.3885355112056655,0.0782107016594266,0.33025287564419564,0.027008117682393085,0.02512635700519967,0.0,0.1415222605328134,167.8326286565802,161.24135002256978
upward_base,processing_shortage_b,processing shortage,0.029513514545652153,0.93,0.9,156.08434465061958,145.1172150203128,0.3885355112056655,0.0782107016594266,0.33025287564419564,0.027008117682393085,0.02512635700519967,0.0,0.1415222605328134,167.8326286565802,161.24135002256978
upward_base,processing_shortage_b,processing shortage,0.03029018598106405,0.93,0.9,156.08434465061958,145.1172150203128,0.3885355112056655,0.0782107016594266,0.33025287564419564,0.027008117682393085,0.02512635700519967,0.0,0.1415222605328134,167.8326286565802,161.24135002256978
upward_base,processing_shortage_b,processing shortage,0.03106685741647595,0.93,0.9,156.08434465061958,145.1172150203128,0.3885355112056655,0.0782107016594266,0.33025287564419564,0.027008117682393085,0.02512635700519967,0.0,0.1415222605328134,167.8326286565802,161.24135002256978
upward_base,processing_shortage_b,processing shortage,0.03184352885188785,0.93,0.9,156.08434465061958,145.1172150203128,0.3885355112056655,0.0782107016594266,0.33025287564419564,0.027008117682393085,0.02512635700519967,0.0,0.1415222605328134,167.8326286565802,161.24135002256978
upward_base,processing_shortage_b,processing shortage,0.03262020028729975,0.93,0.9,156.08434465061958,145.1172150203128,0.3885355112056655,0.0782107016594266,0.33025287564419564,0.027008117682393085,0.02512635700519967,0.0,0.1415222605328134,167.8326286565802,161.24135002256978
upward_base,processing_shortage_b,processing shortage,0.03339687172271165,0.93,0.9,156.08434465061958,145.1172150203128,0.3885355112056655,0.0782107016594266,0.33025287564419564,0.027008117682393085,0.02512635700519967,0.0,0.1415222605328134,167.8326286565802,161.24135002256978
upward_base,processing_shortage_b,processing shortage,0.03417354315812354,0.93,0.9,156.08434465061958,145.1172150203128,0.3885355112056655,0.0782107016594266,0.33025287564419564,0.027008117682393085,0.02512635700519967,0.0,0.1415222605328134,167.8326286565802,161.24135002256978
upward_base,processing_shortage_b,processing shortage,0.03495021459353544,0.93,0.9,156.08434465061958,145.1172150203128,0.3885355112056655,0.0782107016594266,0.33025287564419564,0.027008117682393085,0.02512635700519967,9.272923894704506e-07,0.14152241508154498,167.8326286565802,161.24135002256978
upward_base,processing_shortage_b,processing shortage,0.035726886028947344,0.93,0.9,156.08434465061958,145.1172150203128,0.3885355112056655,0.0782107016594266,0.33025287564419564,0.027008117682393085,0.02512635700519967,0.0001228681247872076,0.14154273855361127,167.8326286565802,161.24135002256978
upward_base,processing_shortage_b,processing shortage,0.036503557464359244,0.93,0.9,156.08434465061958,145.1172150203128,0.3885355112056655,0.0782107016594266,0.33025287564419564,0.027008117682393085,0.02512635700519967,0.00044970371639808536,0.14159721115221308,167.8326286565802,161.24135002256978
upward_base,processing_shortage_b,processing shortage,0.03728022889977114,0.93,0.9,156.08434465061958,145.1172150203128,0.3885355112056655,0.0782107016594266,0.33025287564419564,0.027008117682393085,0.02512635700519967,0.000981434067222098,0.1416858328773504,167.8326286565802,161.24135002256978
upward_base,processing_shortage_b,processing shortage,0.03805690033518304,0.93,0.9,156.08434465061958,145.1172150203128,0.3885355112056655,0.0782107016594266,0.33025287564419564,0.027008117682393085,0.02512635700519967,0.0017180591772592549,0.14180860372902326,167.8326286565802,161.24135002256978
upward_base,processing_shortage_b,processing shortage,0.03883357177059494,0.93,0.9,156.08434465061958,145.1172150203128,0.3885355112056655,0.0782107016594266,0.33025287564419564,0.027008117682393085,0.02512635700519967,0.0026595790465095527,0.14196552370723164,167.8326286565802,161.24135002256978
upward_base,processing_shortage_b,processing shortage,0.03961024320600683,0.93,0.9,156.08434465061958,145.1172150203128,0.3885355112056655,0.0782107016594266,0.33025287564419564,0.027008117682393085,0.02512635700519967,0.0038059936749729796,0.14215659281197554,167.8326286565802,161.24135002256978
upward_base,processing_shortage_b,processing shortage,0.040386914641418734,0.93,0.9,156.08434465061958,145.1172150203128,0.3885355112056655,0.0782107016594266,0.33025287564419564,0.027008117682393085,0.02512635700519967,0.005157303062649556,0.14238181104325498,167.8326286565802,161.24135002256978
upward_base,processing_shortage_b,processing shortage,0.041163586076830634,0.93,0.9,156.08434465061958,145.1172150203128,0.3885355112056655,0.0782107016594266,0.33025287564419564,0.027008117682393085,0.02512635700519967,0.006713507209539274,0.14264117840106993,167.8326286565802,161.24135002256978
upward_base,processing_shortage_b,processing shortage,0.041940257512242535,0.93,0.9,156.08434465061958,145.1172150203128,0.3885355112056655,0.0782107016594266,0.33025287564419564,0.027008117682393085,0.02512635700519967,0.00847460611564213,0.1429346948854204,167.8326286565802,161.24135002256978
upward_base,processing_shortage_b,processing shortage,0.04271692894765443,0.93,0.9,156.08434465061958,145.1172150203128,0.3885355112056655,0.0782107016594266,0.33025287564419564,0.027008117682393085,0.02512635700519967,0.01044059978095811,0.14326236049630642,167.8326286565802,161.24135002256978
upward_base,processing_shortage_b,processing shortage,0.04349360038306633,0.93,0.9,156.08434465061958,145.1172150203128,0.3885355112056655,0.0782107016594266,0.33025287564419564,0.027008117682393085,0.02512635700519967,0.01261148820548725,0.14362417523372792,167.8326286565802,161.24135002256978
upward_base,processing_shortage_b,processing shortage,0.04427027181847823,0.93,0.9,156.08434465061958,145.1172150203128,0.3885355112056655,0.0782107016594266,0.33025287564419564,0.027008117682393085,0.02512635700519967,0.014987271389229527,0.14402013909768496,167.8326286565802,161.24135002256978
upward_base,processing_shortage_b,processing shortage,0.04504694325389013,0.93,0.9,156.08434465061958,145.1172150203128,0.3885355112056655,0.0782107016594266,0.33025287564419564,0.027008117682393085,0.02512635700519967,0.017567949332184946,0.14445025208817755,167.8326286565802,161.24135002256978
upward_base,processing_shortage_b,processing shortage,0.045823614689302024,0.93,0.9,156.08434465061958,145.1172150203128,0.3885355112056655,0.0782107016594266,0.33025287564419564,0.027008117682393085,0.02512635700519967,0.020353522034353477,0.14491451420520562,167.8326286565802,161.24135002256978
upward_base,processing_shortage_b,processing shortage,0.046600286124713924,0.93,0.9,156.08434465061958,145.1172150203128,0.3885355112056655,0.0782107016594266,0.33025287564419564,0.027008117682393085,0.02512635700519967,0.023343989495735178,0.14541292544876924,167.8326286565802,161.24135002256978
upward_base,processing_shortage_b,processing shortage,0.047376957560125825,0.93,0.9,156.08434465061958,145.1172150203128,0.3885355112056655,0.0782107016594266,0.33025287564419564,0.027008117682393085,0.02512635700519967,0.026539351716330015,0.14594548581886838,167.8326286565802,161.24135002256978
upward_base,processing_shortage_b,processing shortage,0.048153628995537726,0.93,0.9,156.08434465061958,145.1172150203128,0.3885355112056655,0.0782107016594266,0.33025287564419564,0.027008117682393085,0.02512635700519967,0.029939608696137994,0.14651219531550305,167.8326286565802,161.24135002256978
upward_base,processing_shortage_b,processing shortage,0.04893030043094962,0.93,0.9,156.08434465061958,145.1172150203128,0.3885355112056655,0.0782107016594266,0.33025287564419564,0.027008117682393085,0.02512635700519967,0.03354476043515908,0.14711305393867324,167.8326286565802,161.24135002256978
upward_base,processing_shortage_b,processing shortage,0.04970697186636152,0.93,0.9,156.08434465061958,145.1172150203128,0.3885355112056655,0.0782107016594266,0.33025287564419564,0.027008117682393085,0.02512635700519967,0.03735480693339334,0.14774806168837895,167.8326286565802,161.24135002256978
upward_base,processing_shortage_b,processing shortage,0.05048364330177342,0.93,0.9,156.08434465061958,145.1172150203128,0.3885355112056655,0.0782107016594266,0.33025287564419564,0.027008117682393085,0.02512635700519967,0.04136974819084074,0.14841721856462017,167.8326286565802,161.24135002256978
upward_base,processing_shortage_b,processing shortage,0.051260314737185314,0.93,0.9,156.08434465061958,145.1172150203128,0.3885355112056655,0.0782107016594266,0.33025287564419564,0.027008117682393085,0.02512635700519967,0.045589584207501234,0.1491205245673969,167.8326286565802,161.24135002256978
upward_base,processing_shortage_b,processing shortage,0.052036986172597215,0.93,0.9,156.08434465061958,145.1172150203128,0.3885355112056655,0.0782107016594266,0.33025287564419564,0.027008117682393085,0.02512635700519967,0.05001431498337491,0.1498579796967092,167.8326286565802,161.24135002256978
upward_base,processing_shortage_b,processing shortage,0.052813657608009115,0.93,0.9,156.08434465061958,145.1172150203128,0.3885355112056655,0.0782107016594266,0.33025287564419564,0.027008117682393085,0.02512635700519967,0.054643940518461734,0.15062958395255702,167.8326286565802,161.24135002256978
upward_base,processing_shortage_b,processing shortage,0.053590329043421016,0.93,0.9,156.08434465061958,145.1172150203128,0.3885355112056655,0.0782107016594266,0.33025287564419564,0.027008117682393085,0.02512635700519967,0.05947846081276169,0.15143533733494033,167.8326286565802,161.24135002256978
upward_base,processing_shortage_b,processing shortage,0.05436700047883291,0.93,0.9,156.08434465061958,145.1172150203128,0.3885355112056655,0.0782107016594266,0.33025287564419564,0.027008117682393085,0.02512635700519967,0.06451787586627475,0.15227523984385918,167.8326286565802,161.24135002256978
upward_base,processing_shortage_b,processing shortage,0.05514367191424481,0.93,0.9,156.08434465061958,145.1172150203128,0.3885355112056655,0.0782107016594266,0.33025287564419564,0.027008117682393085,0.02512635700519967,0.06976218567900098,0.15314929147931355,167.8326286565802,161.24135002256978
upward_base,processing_shortage_b,processing shortage,0.05592034334965671,0.93,0.9,156.08434465061958,145.1172150203128,0.3885355112056655,0.0782107016594266,0.33025287564419564,0.027008117682393085,0.02512635700519967,0.07521139025094035,0.15405749224130344,167.8326286565802,161.24135002256978
upward_base,processing_shortage_b,processing shortage,0.05669701478506861,0.93,0.9,156.08434465061958,145.1172150203128,0.3885355112056655,0.0782107016594266,0.33025287564419564,0.027008117682393085,0.02512635700519967,0.08086548958209287,0.15499984212982887,167.8326286565802,161.24135002256978
upward_base,processing_shortage_b,processing shortage,0.057473686220480505,0.93,0.9,156.08434465061958,145.1172150203128,0.3885355112056655,0.0782107016594266,0.33025287564419564,0.027008117682393085,0.02512635700519967,0.0867244836724585,0.15597634114488979,167.8326286565802,161.24135002256978
upward_base,processing_shortage_b,processing shortage,0.058250357655892405,0.93,0.9,156.08434465061958,145.1172150203128,0.3885355112056655,0.0782107016594266,0.33025287564419564,0.027008117682393085,0.02512635700519967,0.0927883725220373,0.15698698928648627,167.8326286565802,161.24135002256978
upward_base,processing_shortage_b,processing shortage,0.059027029091304306,0.93,0.9,156.08434465061958,145.1172150203128,0.3885355112056655,0.0782107016594266,0.33025287564419564,0.027008117682393085,0.02512635700519967,0.09905715613082923,0.15803178655461825,167.8326286565802,161.24135002256978
upward_base,processing_shortage_b,processing shortage,0.05980370052671621,0.93,0.9,156.08434465061958,145.1172150203128,0.3885355112056655,0.0782107016594266,0.33025287564419564,0.027008117682393085,0.02512635700519967,0.1055308344988343,0.15911073294928577,167.8326286565802,161.24135002256978
upward_base,processing_shortage_b,processing shortage,0.0605803719621281,0.93,0.9,156.08434465061958,145.1172150203128,0.3885355112056655,0.0782107016594266,0.33025287564419564,0.027008117682393085,0.02512635700519967,0.11220940762605247,0.1602238284704888,167.8326286565802,161.24135002256978
upward_base,processing_shortage_b,processing shortage,0.06135704339754,0.93,0.9,156.08434465061958,145.1172150203128,0.3885355112056655,0.0782107016594266,0.33025287564419564,0.027008117682393085,0.02512635700519967,0.11909287551248382,0.16137107311822735,167.8326286565802,161.24135002256978
upward_base,processing_shortage_b,processing shortage,0.0621337148329519,0.93,0.9,156.08434465061958,145.1172150203128,0.3885355112056655,0.0782107016594266,0.33025287564419564,0.027008117682393085,0.02512635700519967,0.12618123815812832,0.16255246689250144,167.8326286565802,161.24135002256978
upward_base,omega_gasoline,gasoline consumption weight,0.41151626095937655,0.93,0.9,156.08434465061958,145.1172150203128,0.38946854039798473,0.07940529881631282,0.32973207198339266,0.02743062355504396,0.02512635700519967,0.0,0.1418604819596556,167.8326286565802,161.24135002256978
upward_base,omega_gasoline,gasoline consumption weight,0.4124368065874608,0.93,0.9,156.08434465061958,145.1172150203128,0.3894327165239607,0.07935943197912272,0.329752068361737,0.027414401343262326,0.02512635700519967,0.0,0.14184749586888035,167.8326286565802,161.24135002256978
upward_base,omega_gasoline,gasoline consumption weight,0.41335735221554504,0.93,0.9,156.08434465061958,145.1172150203128,0.3893968926499367,0.07931356514193262,0.3297720647400812,0.027398179131480703,0.02512635700519967,0.0,0.14183450977810508,167.8326286565802,161.24135002256978
upward_base,omega_gasoline,gasoline consumption weight,0.4142778978436293,0.93,0.9,156.08434465061958,145.1172150203128,0.3893610687759127,0.07926769830474252,0.32979206111842546,0.02738195691969907,0.02512635700519967,0.0,0.14182152368732986,167.8326286565802,161.24135002256978
upward_base,omega_gasoline,gasoline consumption weight,0.4151984434717136,0.93,0.9,156.08434465061958,145.1172150203128,0.38932524490188875,0.07922183146755239,0.32981205749676973,0.027365734707917443,0.02512635700519967,0.0,0.1418085375965546,167.8326286565802,161.24135002256978
upward_base,omega_gasoline,gasoline consumption weight,0.41611898909979783,0.93,0.9,156.08434465061958,145.1172150203128,0.3892894210278647,0.07917596463036229,0.329832053875114,0.02734951249613581,0.02512635700519967,0.0,0.14179555150577935,167.8326286565802,161.24135002256978
upward_base,omega_gasoline,gasoline consumption weight,0.4170395347278821,0.93,0.9,156.08434465061958,145.1172150203128,0.3892535971538407,0.07913009779317218,0.32985205025345815,0.027333290284354175,0.02512635700519967,0.0,0.14178256541500409,167.8326286565802,161.24135002256978
upward_base,omega_gasoline,gasoline consumption weight,0.4179600803559663,0.93,0.9,156.08434465061958,145.1172150203128,0.3892177732798167,0.07908423095598208,0.3298720466318025,0.02731706807257255,0.02512635700519967,0.0,0.14176957932422887,167.8326286565802,161.24135002256978
upward_base,omega_gasoline,gasoline consumption weight,0.41888062598405057,0.93,0.9,156.08434465061958,145.1172150203128,0.38918194940579276,0.07903836411879198,0.3298920430101467,0.027300845860790922,0.02512635700519967,0.0,0.1417565932334536,167.8326286565802,161.24135002256978
upward_base,omega_gasoline,gasoline consumption weight,0.4198011716121348,0.93,0.9,156.08434465061958,145.1172150203128,0.3891461255317687,0.07899249728160188,0.32991203938849095,0.027284623649009288,0.02512635700519967,0.0,0.14174360714267836,167.8326286565802,161.24135002256978
upward_base,omega_gasoline,gasoline consumption weight,0.4207217172402191,0.93,0.9,156.08434465061958,145.1172150203128,0.38911030165774474,0.07894663044441176,0.32993203576683516,0.027268401437227658,0.02512635700519967,0.0,0.1417306210519031,167.8326286565802,161.24135002256978
upward_base,omega_gasoline,gasoline consumption weight,0.42164226286830336,0.93,0.9,156.08434465061958,145.1172150203128,0.3890744777837207,0.07890076360722165,0.32995203214517943,0.027252179225446024,0.02512635700519967,0.0,0.14171763496112785,167.8326286565802,161.24135002256978
upward_base,omega_gasoline,gasoline consumption weight,0.4225628084963876,0.93,0.9,156.08434465061958,145.1172150203128,0.3890386539096967,0.07885489677003153,0.32997202852352364,0.0272359570136644,0.02512635700519967,0.0,0.14170464887035258,167.8326286565802,161.24135002256978
upward_base,omega_gasoline,gasoline consumption weight,0.42348335412447186,0.93,0.9,156.08434465061958,145.1172150203128,0.3890028300356727,0.07880902993284143,0.32999202490186796,0.027219734801882767,0.02512635700519967,0.0,0.14169166277957737,167.8326286565802,161.24135002256978
upward_base,omega_gasoline,gasoline consumption weight,0.4244038997525561,0.93,0.9,156.08434465061958,145.1172150203128,0.38896700616164864,0.07876316309565133,0.3300120212802122,0.027203512590101137,0.02512635700519967,0.0,0.1416786766888021,167.8326286565802,161.24135002256978
upward_base,omega_gasoline,gasoline consumption weight,0.42532444538064035,0.93,0.9,156.08434465061958,145.1172150203128,0.38893118228762463,0.07871729625846122,0.3300320176585564,0.027187290378319504,0.02512635700519967,0.0,0.14166569059802686,167.8326286565802,161.24135002256978
upward_base,omega_gasoline,gasoline consumption weight,0.4262449910087246,0.93,0.9,156.08434465061958,145.1172150203128,0.3888953584136007,0.07867142942127112,0.33005201403690065,0.027171068166537877,0.02512635700519967,0.0,0.14165270450725162,167.8326286565802,161.24135002256978
upward_base,omega_gasoline,gasoline consumption weight,0.4271655366368089,0.93,0.9,156.08434465061958,145.1172150203128,0.3888595345395766,0.078625562584081,0.3300720104152449,0.027154845954756243,0.02512635700519967,0.0,0.14163971841647635,167.8326286565802,161.24135002256978
upward_base,omega_gasoline,gasoline consumption weight,0.42808608226489314,0.93,0.9,156.08434465061958,145.1172150203128,0.3888237106655527,0.0785796957468909,0.33009200679358913,0.02713862374297462,0.02512635700519967,0.0,0.1416267323257011,167.8326286565802,161.24135002256978
upward_base,omega_gasoline,gasoline consumption weight,0.4290066278929774,0.93,0.9,156.08434465061958,145.1172150203128,0.38878788679152865,0.0785338289097008,0.3301120031719334,0.027122401531192986,0.02512635700519967,0.0,0.14161374623492587,167.8326286565802,161.24135002256978
upward_base,omega_gasoline,gasoline consumption weight,0.42992717352106163,0.93,0.9,156.08434465061958,145.1172150203128,0.38875206291750464,0.07848796207251069,0.33013199955027767,0.027106179319411356,0.02512635700519967,0.0,0.1416007601441506,167.8326286565802,161.24135002256978
upward_base,omega_gasoline,gasoline consumption weight,0.4308477191491459,0.93,0.9,156.08434465061958,145.1172150203128,0.3887162390434806,0.07844209523532057,0.3301519959286219,0.027089957107629722,0.02512635700519967,0.0,0.14158777405337536,167.8326286565802,161.24135002256978
upward_base,omega_gasoline,gasoline consumption weight,0.4317682647772301,0.93,0.9,156.08434465061958,145.1172150203128,0.38868041516945667,0.07839622839813049,0.33017199230696614,0.027073734895848096,0.02512635700519967,0.0,0.14157478796260012,167.8326286565802,161.24135002256978
upward_base,omega_gasoline,gasoline consumption weight,0.4326888104053144,0.93,0.9,156.08434465061958,145.1172150203128,0.3886445912954326,0.07835036156094037,0.33019198868531036,0.027057512684066462,0.02512635700519967,0.0,0.14156180187182488,167.8326286565802,161.24135002256978
upward_base,omega_gasoline,gasoline consumption weight,0.4336093560333987,0.93,0.9,156.08434465061958,145.1172150203128,0.38860876742140865,0.07830449472375026,0.3302119850636546,0.027041290472284835,0.02512635700519967,0.0,0.1415488157810496,167.8326286565802,161.24135002256978
upward_base,omega_gasoline,gasoline consumption weight,0.4345299016614829,0.93,0.9,156.08434465061958,145.1172150203128,0.3885729435473846,0.07825862788656014,0.33023198144199883,0.0270250682605032,0.02512635700519967,0.0,0.14153582969027437,167.8326286565802,161.24135002256978
upward_base,omega_gasoline,gasoline consumption weight,0.43545044728956717,0.93,0.9,156.08434465061958,145.1172150203128,0.38853711967336063,0.07821276104937004,0.33025197782034316,0.027008846048721575,0.02512635700519967,0.0,0.14152284359949913,167.8326286565802,161.24135002256978
upward_base,omega_gasoline,gasoline consumption weight,0.4363709929176514,0.93,0.9,156.08434465061958,145.1172150203128,0.3885012957993366,0.07816689421217994,0.33027197419868737,0.026992623836939945,0.02512635700519967,0.0,0.14150985750872389,167.8326286565802,161.24135002256978
upward_base,omega_gasoline,gasoline consumption weight,0.43729153854573566,0.93,0.9,156.08434465061958,145.1172150203128,0.3884654719253126,0.07812102737498983,0.33029197057703163,0.02697640162515831,0.02512635700519967,0.0,0.14149687141794862,167.8326286565802,161.24135002256978
upward_base,omega_gasoline,gasoline consumption weight,0.4382120841738199,0.93,0.9,156.08434465061958,145.1172150203128,0.38842964805128855,0.07807516053779971,0.33031196695537585,0.026960179413376677,0.02512635700519967,0.0,0.14148388532717332,167.8326286565802,161.24135002256978
upward_base,omega_gasoline,gasoline consumption weight,0.43913262980190415,0.93,0.9,156.08434465061958,145.1172150203128,0.38839382417726465,0.07802929370060963,0.3303319633337201,0.02694395720159505,0.02512635700519967,0.0,0.1414708992363981,167.8326286565802,161.24135002256978
upward_base,omega_gasoline,gasoline consumption weight,0.44005317542998845,0.93,0.9,156.08434465061958,145.1172150203128,0.3883580003032405,0.07798342686341951,0.3303519597120643,0.02692773498981342,0.02512635700519967,0.0,0.14145791314562287,167.8326286565802,161.24135002256978
upward_base,omega_gasoline,gasoline consumption weight,0.4409737210580727,0.93,0.9,156.08434465061958,145.1172150203128,0.3883221764292166,0.07793756002622941,0.33037195609040865,0.02691151277803179,0.02512635700519967,0.0,0.14144492705484765,167.8326286565802,161.24135002256978
upward_base,omega_gasoline,gasoline consumption weight,0.44189426668615694,0.93,0.9,156.08434465061958,145.1172150203128,0.38828635255519256,0.0778916931890393,0.3303919524687528,0.02689529056625016,0.02512635700519967,0.0,0.14143194096407238,167.8326286565802,161.24135002256978
upward_base,omega_gasoline,gasoline consumption weight,0.4428148123142412,0.93,0.9,156.08434465061958,145.1172150203128,0.3882505286811686,0.0778458263518492,0.330411948847097,0.026879068354468526,0.02512635700519967,0.0,0.14141895487329711,167.8326286565802,161.24135002256978
upward_base,omega_gasoline,gasoline consumption weight,0.44373535794232544,0.93,0.9,156.08434465061958,145.1172150203128,0.3882147048071446,0.07779995951465908,0.33043194522544134,0.026862846142686903,0.02512635700519967,0.0,0.14140596878252187,167.8326286565802,161.24135002256978
upward_base,omega_gasoline,gasoline consumption weight,0.4446559035704097,0.93,0.9,156.08434465061958,145.1172150203128,0.3881788809331206,0.07775409267746898,0.3304519416037856,0.02684662393090527,0.02512635700519967,0.0,0.14139298269174663,167.8326286565802,161.24135002256978
upward_base,omega_gasoline,gasoline consumption weight,0.445576449198494,0.93,0.9,156.08434465061958,145.1172150203128,0.3881430570590966,0.07770822584027887,0.3304719379821298,0.026830401719123643,0.02512635700519967,0.0,0.1413799966009714,167.8326286565802,161.24135002256978
upward_base,omega_gasoline,gasoline consumption weight,0.44649699482657823,0.93,0.9,156.08434465061958,145.1172150203128,0.38810723318507256,0.07766235900308877,0.330491934360474,0.02681417950734201,0.02512635700519967,0.0,0.14136701051019612,167.8326286565802,161.24135002256978
upward_base,omega_gasoline,gasoline consumption weight,0.4474175404546625,0.93,0.9,156.08434465061958,145.1172150203128,0.3880714093110485,0.07761649216589867,0.3305119307388183,0.026797957295560376,0.02512635700519967,0.0,0.14135402441942085,167.8326286565802,161.24135002256978
upward_base,omega_gasoline,gasoline consumption weight,0.4483380860827467,0.93,0.9,156.08434465061958,145.1172150203128,0.38803558543702454,0.07757062532870855,0.3305319271171625,0.026781735083778745,0.02512635700519967,0.0,0.1413410383286456,167.8326286565802,161.24135002256978
upward_base,omega_gasoline,gasoline consumption weight,0.44925863171083097,0.93,0.9,156.08434465061958,145.1172150203128,0.38799976156300053,0.07752475849151844,0.3305519234955068,0.026765512871997122,0.02512635700519967,0.0,0.1413280522378704,167.8326286565802,161.24135002256978
upward_base,omega_gasoline,gasoline consumption weight,0.4501791773389152,0.93,0.9,156.08434465061958,145.1172150203128,0.3879639376889765,0.07747889165432835,0.330571919873851,0.02674929066021549,0.02512635700519967,0.0,0.1413150661470951,167.8326286565802,161.24135002256978
upward_base,omega_gasoline,gasoline consumption weight,0.4510997229669995,0.93,0.9,156.08434465061958,145.1172150203128,0.38792811381495257,0.07743302481713824,0.3305919162521953,0.026733068448433858,0.02512635700519967,0.0,0.1413020800563199,167.8326286565802,161.24135002256978
upward_base,omega_gasoline,gasoline consumption weight,0.45202026859508376,0.93,0.9,156.08434465061958,145.1172150203128,0.38789228994092856,0.07738715797994812,0.3306119126305395,0.026716846236652225,0.02512635700519967,0.0,0.14128909396554462,167.8326286565802,161.24135002256978
upward_base,omega_gasoline,gasoline consumption weight,0.452940814223168,0.93,0.9,156.08434465061958,145.1172150203128,0.38785646606690455,0.07734129114275802,0.3306319090088838,0.026700624024870598,0.02512635700519967,0.0,0.14127610787476938,167.8326286565802,161.24135002256978
upward_base,omega_gasoline,gasoline consumption weight,0.45386135985125226,0.93,0.9,156.08434465061958,145.1172150203128,0.38782064219288054,0.07729542430556792,0.330651905387228,0.026684401813088968,0.02512635700519967,0.0,0.14126312178399414,167.8326286565802,161.24135002256978
upward_base,omega_gasoline,gasoline consumption weight,0.4547819054793365,0.93,0.9,156.08434465061958,145.1172150203128,0.38778481831885653,0.0772495574683778,0.33067190176557226,0.026668179601307337,0.02512635700519967,0.0,0.14125013569321887,167.8326286565802,161.24135002256978
upward_base,omega_gasoline,gasoline consumption weight,0.45570245110742075,0.93,0.9,156.08434465061958,145.1172150203128,0.3877489944448325,0.07720369063118769,0.3306918981439165,0.026651957389525704,0.02512635700519967,0.0,0.14123714960244363,167.8326286565802,161.24135002256978
upward_base,omega_gasoline,gasoline consumption weight,0.456622996735505,0.93,0.9,156.08434465061958,145.1172150203128,0.38771317057080856,0.07715782379399758,0.33071189452226074,0.026635735177744077,0.02512635700519967,0.0,0.1412241635116684,167.8326286565802,161.24135002256978
upward_base,omega_gasoline,gasoline consumption weight,0.4575435423635893,0.93,0.9,156.08434465061958,145.1172150203128,0.3876773466967845,0.07711195695680749,0.330731890900605,0.026619512965962443,0.02512635700519967,0.0,0.14121117742089312,167.8326286565802,161.24135002256978
upward_base,omega_gasoline,gasoline consumption weight,0.45846408799167354,0.93,0.9,156.08434465061958,145.1172150203128,0.38764152282276054,0.07706609011961739,0.3307518872789493,0.02660329075418082,0.02512635700519967,0.0,0.1411981913301179,167.8326286565802,161.24135002256978
upward_base,omega_gasoline,gasoline consumption weight,0.4593846336197578,0.93,0.9,156.08434465061958,145.1172150203128,0.3876056989487365,0.07702022328242727,0.3307718836572935,0.026587068542399186,0.02512635700519967,0.0,0.14118520523934264,167.8326286565802,161.24135002256978
upward_base,omega_gasoline,gasoline consumption weight,0.46030517924784203,0.93,0.9,156.08434465061958,145.1172150203128,0.38756987507471247,0.07697435644523716,0.33079188003563764,0.026570846330617556,0.02512635700519967,0.0,0.14117221914856737,167.8326286565802,161.24135002256978
upward_base,omega_gasoline,gasoline consumption weight,0.4612257248759263,0.93,0.9,156.08434465061958,145.1172150203128,0.38753405120068846,0.07692848960804706,0.33081187641398196,0.026554624118835923,0.02512635700519967,0.0,0.14115923305779213,167.8326286565802,161.24135002256978
upward_base,omega_gasoline,gasoline consumption weight,0.4621462705040105,0.93,0.9,156.08434465061958,145.1172150203128,0.38749822732666456,0.07688262277085696,0.33083187279232623,0.026538401907054296,0.02512635700519967,0.0,0.14114624696701691,167.8326286565802,161.24135002256978
upward_base,omega_gasoline,gasoline consumption weight,0.46306681613209477,0.93,0.9,156.08434465061958,145.1172150203128,0.3874624034526405,0.07683675593366684,0.3308518691706705,0.026522179695272662,0.02512635700519967,0.0,0.14113326087624165,167.8326286565802,161.24135002256978
upward_base,omega_gasoline,gasoline consumption weight,0.4639873617601791,0.93,0.9,156.08434465061958,145.1172150203128,0.38742657957861654,0.07679088909647673,0.3308718655490147,0.026505957483491036,0.02512635700519967,0.0,0.1411202747854664,167.8326286565802,161.24135002256978
upward_base,omega_gasoline,gasoline consumption weight,0.4649079073882633,0.93,0.9,156.08434465061958,145.1172150203128,0.38739075570459247,0.07674502225928663,0.330891861927359,0.026489735271709402,0.02512635700519967,0.0,0.14110728869469114,167.8326286565802,161.24135002256978
upward_base,omega_gasoline,gasoline consumption weight,0.46582845301634757,0.93,0.9,156.08434465061958,145.1172150203128,0.38735493183056846,0.07669915542209653,0.3309118583057032,0.026473513059927775,0.02512635700519967,0.0,0.1410943026039159,167.8326286565802,161.24135002256978
upward_base,omega_gasoline,gasoline consumption weight,0.4667489986444318,0.93,0.9,156.08434465061958,145.1172150203128,0.38731910795654445,0.07665328858490641,0.33093185468404746,0.026457290848146145,0.02512635700519967,0.0,0.14108131651314063,167.8326286565802,161.24135002256978
upward_base,omega_gasoline,gasoline consumption weight,0.46766954427251606,0.93,0.9,156.08434465061958,145.1172150203128,0.3872832840825205,0.0766074217477163,0.33095185106239167,0.02644106863636451,0.02512635700519967,0.0,0.14106833042236538,167.8326286565802,161.24135002256978
upward_base,omega_gasoline,gasoline consumption weight,0.4685900899006003,0.93,0.9,156.08434465061958,145.1172150203128,0.38724746020849643,0.07656155491052621,0.330971847440736,0.026424846424582878,0.02512635700519967,0.0,0.14105534433159014,167.8326286565802,161.24135002256978
upward_base,omega_gasoline,gasoline consumption weight,0.46951063552868455,0.93,0.9,156.08434465061958,145.1172150203128,0.3872116363344725,0.0765156880733361,0.33099184381908014,0.026408624212801254,0.02512635700519967,0.0,0.1410423582408149,167.8326286565802,161.24135002256978
upward_base,omega_gasoline,gasoline consumption weight,0.47043118115676885,0.93,0.9,156.08434465061958,145.1172150203128,0.3871758124604484,0.07646982123614599,0.33101184019742447,0.02639240200101962,0.02512635700519967,0.0,0.14102937215003963,167.8326286565802,161.24135002256978
upward_base,omega_gasoline,gasoline consumption weight,0.4713517267848531,0.93,0.9,156.08434465061958,145.1172150203128,0.38713998858642445,0.07642395439895588,0.3310318365757687,0.026376179789237994,0.02512635700519967,0.0,0.1410163860592644,167.8326286565802,161.24135002256978
upward_base,omega_gasoline,gasoline consumption weight,0.47227227241293734,0.93,0.9,156.08434465061958,145.1172150203128,0.3871041647124004,0.07637808756176578,0.33105183295411295,0.02635995757745636,0.02512635700519967,0.0,0.14100339996848915,167.8326286565802,161.24135002256978
upward_base,omega_gasoline,gasoline consumption weight,0.4731928180410216,0.93,0.9,156.08434465061958,145.1172150203128,0.38706834083837643,0.07633222072457567,0.33107182933245716,0.02634373536567473,0.02512635700519967,0.0,0.14099041387771388,167.8326286565802,161.24135002256978
upward_base,omega_gasoline,gasoline consumption weight,0.47411336366910584,0.93,0.9,156.08434465061958,145.1172150203128,0.38703251696435237,0.07628635388738557,0.3310918257108015,0.026327513153893103,0.02512635700519967,0.0,0.14097742778693864,167.8326286565802,161.24135002256978
upward_base,omega_gasoline,gasoline consumption weight,0.47503390929719014,0.93,0.9,156.08434465061958,145.1172150203128,0.38699669309032847,0.07624048705019544,0.33111182208914564,0.026311290942111473,0.02512635700519967,0.0,0.1409644416961634,167.8326286565802,161.24135002256978
upward_base,omega_gasoline,gasoline consumption weight,0.47595445492527433,0.93,0.9,156.08434465061958,145.1172150203128,0.3869608692163044,0.07619462021300535,0.3311318184674899,0.026295068730329843,0.02512635700519967,0.0,0.14095145560538813,167.8326286565802,161.24135002256978
upward_base,omega_gasoline,gasoline consumption weight,0.47687500055335863,0.93,0.9,156.08434465061958,145.1172150203128,0.38692504534228045,0.07614875337581524,0.33115181484583417,0.02627884651854821,0.02512635700519967,0.0,0.14093846951461292,167.8326286565802,161.24135002256978
upward_base,omega_gasoline,gasoline consumption weight,0.4777955461814429,0.93,0.9,156.08434465061958,145.1172150203128,0.3868892214682564,0.07610288653862513,0.3311718112241783,0.026262624306766576,0.02512635700519967,0.0,0.14092548342383762,167.8326286565802,161.24135002256978
upward_base,omega_gasoline,gasoline consumption weight,0.4787160918095271,0.93,0.9,156.08434465061958,145.1172150203128,0.38685339759423243,0.07605701970143502,0.33119180760252265,0.026246402094984946,0.02512635700519967,0.0,0.14091249733306238,167.8326286565802,161.24135002256978
upward_base,omega_gasoline,gasoline consumption weight,0.47963663743761137,0.93,0.9,156.08434465061958,145.1172150203128,0.3868175737202084,0.07601115286424492,0.33121180398086697,0.026230179883203322,0.02512635700519967,0.0,0.14089951124228717,167.8326286565802,161.24135002256978
upward_base,omega_gasoline,gasoline consumption weight,0.4805571830656956,0.93,0.9,156.08434465061958,145.1172150203128,0.3867817498461844,0.07596528602705482,0.3312318003592111,0.02621395767142169,0.02512635700519967,0.0,0.1408865251515119,167.8326286565802,161.24135002256978
upward_base,omega_gasoline,gasoline consumption weight,0.4814777286937799,0.93,0.9,156.08434465061958,145.1172150203128,0.38674592597216034,0.07591941918986471,0.33125179673755534,0.02619773545964006,0.02512635700519967,0.0,0.14087353906073663,167.8326286565802,161.24135002256978
upward_base,omega_gasoline,gasoline consumption weight,0.4823982743218641,0.93,0.9,156.08434465061958,145.1172150203128,0.3867101020981364,0.0758735523526746,0.33127179311589966,0.026181513247858425,0.02512635700519967,0.0,0.14086055296996136,167.8326286565802,161.24135002256978
upward_base,omega_gasoline,gasoline consumption weight,0.4833188199499484,0.93,0.9,156.08434465061958,145.1172150203128,0.3866742782241123,0.0758276855154845,0.3312917894942438,0.026165291036076798,0.02512635700519967,0.0,0.14084756687918612,167.8326286565802,161.24135002256978
upward_base,omega_gasoline,gasoline consumption weight,0.48423936557803265,0.93,0.9,156.08434465061958,145.1172150203128,0.38663845435008837,0.0757818186782944,0.33131178587258814,0.026149068824295164,0.02512635700519967,0.0,0.1408345807884109,167.8326286565802,161.24135002256978
upward_base,omega_gasoline,gasoline consumption weight,0.4851599112061169,0.93,0.9,156.08434465061958,145.1172150203128,0.38660263047606436,0.07573595184110428,0.3313317822509323,0.026132846612513538,0.02512635700519967,0.0,0.14082159469763564,167.8326286565802,161.24135002256978
upward_base,energy_A_lag,lagged energy pressure A,0.0,0.93,0.9,156.08434465061958,145.1172150203128,0.3885355112056655,0.0782107016594266,0.33025287564419564,0.027008117682393085,0.02512635700519967,0.0,0.1415222605328134,167.8326286565802,161.24135002256978
upward_base,energy_A_lag,lagged energy pressure A,0.004197563626931833,0.93,0.9,156.08434465061958,145.1172150203128,0.3885355112056655,0.0782107016594266,0.33025287564419564,0.027008117682393085,0.02512635700519967,0.0,0.1415222605328134,167.8326286565802,161.24135002256978
upward_base,energy_A_lag,lagged energy pressure A,0.008395127253863667,0.93,0.9,156.08434465061958,145.1172150203128,0.3885355112056655,0.0782107016594266,0.33025287564419564,0.027008117682393085,0.02512635700519967,0.0,0.1415222605328134,167.8326286565802,161.24135002256978
upward_base,energy_A_lag,lagged energy pressure A,0.0125926908807955,0.93,0.9,156.08434465061958,145.1172150203128,0.3885355112056655,0.0782107016594266,0.33025287564419564,0.027008117682393085,0.02512635700519967,0.0,0.1415222605328134,167.8326286565802,161.24135002256978
upward_base,energy_A_lag,lagged energy pressure A,0.016790254507727333,0.93,0.9,156.08434465061958,145.1172150203128,0.3885355112056655,0.0782107016594266,0.33025287564419564,0.027008117682393085,0.02512635700519967,0.0,0.1415222605328134,167.8326286565802,161.24135002256978
upward_base,energy_A_lag,lagged energy pressure A,0.020987818134659168,0.93,0.9,156.08434465061958,145.1172150203128,0.3885355112056655,0.0782107016594266,0.33025287564419564,0.027008117682393085,0.02512635700519967,0.0,0.1415222605328134,167.8326286565802,161.24135002256978
upward_base,energy_A_lag,lagged energy pressure A,0.025185381761591,0.93,0.9,156.08434465061958,145.1172150203128,0.3885355112056655,0.0782107016594266,0.33025287564419564,0.027008117682393085,0.02512635700519967,0.0,0.1415222605328134,167.8326286565802,161.24135002256978
upward_base,energy_A_lag,lagged energy pressure A,0.029382945388522833,0.93,0.9,156.08434465061958,145.1172150203128,0.3885355112056655,0.0782107016594266,0.33025287564419564,0.027008117682393085,0.02512635700519967,0.0,0.1415222605328134,167.8326286565802,161.24135002256978
upward_base,energy_A_lag,lagged energy pressure A,0.03358050901545467,0.93,0.9,156.08434465061958,145.1172150203128,0.3885355112056655,0.0782107016594266,0.33025287564419564,0.027008117682393085,0.02512635700519967,0.0,0.1415222605328134,167.8326286565802,161.24135002256978
upward_base,energy_A_lag,lagged energy pressure A,0.0377780726423865,0.93,0.9,156.08434465061958,145.1172150203128,0.3885355112056655,0.0782107016594266,0.33025287564419564,0.027008117682393085,0.02512635700519967,0.0,0.1415222605328134,167.8326286565802,161.24135002256978
upward_base,energy_A_lag,lagged energy pressure A,0.041975636269318335,0.93,0.9,156.08434465061958,145.1172150203128,0.3885355112056655,0.0782107016594266,0.33025287564419564,0.027008117682393085,0.02512635700519967,0.0,0.1415222605328134,167.8326286565802,161.24135002256978
upward_base,energy_A_lag,lagged energy pressure A,0.04617319989625017,0.93,0.9,156.08434465061958,145.1172150203128,0.3885355112056655,0.0782107016594266,0.33025287564419564,0.027008117682393085,0.02512635700519967,0.0,0.1415222605328134,167.8326286565802,161.24135002256978
upward_base,energy_A_lag,lagged energy pressure A,0.050370763523182,0.93,0.9,156.08434465061958,145.1172150203128,0.3885355112056655,0.0782107016594266,0.33025287564419564,0.027008117682393085,0.02512635700519967,2.49403913854177e-05,0.14152641726471096,167.8326286565802,161.24135002256978
upward_base,energy_A_lag,lagged energy pressure A,0.05456832715011383,0.93,0.9,156.08434465061958,145.1172150203128,0.3885355112056655,0.0782107016594266,0.33025287564419564,0.027008117682393085,0.02512635700519967,0.0018736837164787406,0.14183454115222652,167.8326286565802,161.24135002256978
upward_base,energy_A_lag,lagged energy pressure A,0.058765890777045665,0.93,0.9,156.08434465061958,145.1172150203128,0.3885355112056655,0.0782107016594266,0.33025287564419564,0.027008117682393085,0.02512635700519967,0.006654986594518539,0.14263142496523315,167.8326286565802,161.24135002256978
upward_base,energy_A_lag,lagged energy pressure A,0.0629634544039775,0.93,0.9,156.08434465061958,145.1172150203128,0.3885355112056655,0.0782107016594266,0.33025287564419564,0.027008117682393085,0.02512635700519967,0.014368849025504817,0.14391706870373086,167.8326286565802,161.24135002256978
upward_base,energy_A_lag,lagged energy pressure A,0.06716101803090933,0.93,0.9,156.08434465061958,145.1172150203128,0.3885355112056655,0.0782107016594266,0.33025287564419564,0.027008117682393085,0.02512635700519967,0.02501527100943757,0.14569147236771965,167.8326286565802,161.24135002256978
upward_base,energy_A_lag,lagged energy pressure A,0.07135858165784116,0.93,0.9,156.08434465061958,145.1172150203128,0.3885355112056655,0.0782107016594266,0.33025287564419564,0.027008117682393085,0.02512635700519967,0.038594252546316765,0.14795463595719952,167.8326286565802,161.24135002256978
upward_base,energy_A_lag,lagged energy pressure A,0.075556145284773,0.93,0.9,156.08434465061958,145.1172150203128,0.3885355112056655,0.0782107016594266,0.33025287564419564,0.027008117682393085,0.02512635700519967,0.055105793636142514,0.15070655947217046,167.8326286565802,161.24135002256978
upward_base,energy_A_lag,lagged energy pressure A,0.07975370891170483,0.93,0.9,156.08434465061958,145.1172150203128,0.3885355112056655,0.0782107016594266,0.33025287564419564,0.027008117682393085,0.02512635700519967,0.07454989427891465,0.15394724291263248,167.8326286565802,161.24135002256978
upward_base,energy_A_lag,lagged energy pressure A,0.08395127253863667,0.93,0.9,156.08434465061958,145.1172150203128,0.3885355112056655,0.0782107016594266,0.33025287564419564,0.027008117682393085,0.02512635700519967,0.09692655447463336,0.1576766862785856,167.8326286565802,161.24135002256978
upward_base,energy_A_lag,lagged energy pressure A,0.0881488361655685,0.93,0.9,156.08434465061958,145.1172150203128,0.3885355112056655,0.0782107016594266,0.33025287564419564,0.027008117682393085,0.02512635700519967,0.12223577422329844,0.1618948895700298,167.8326286565802,161.24135002256978
upward_base,energy_A_lag,lagged energy pressure A,0.09234639979250034,0.93,0.9,156.08434465061958,145.1172150203128,0.3885355112056655,0.0782107016594266,0.33025287564419564,0.027008117682393085,0.02512635700519967,0.1504775535249101,0.16660185278696507,167.8326286565802,161.24135002256978
upward_base,energy_A_lag,lagged energy pressure A,0.09654396341943217,0.93,0.9,156.08434465061958,145.1172150203128,0.3885355112056655,0.0782107016594266,0.33025287564419564,0.027008117682393085,0.02512635700519967,0.18165189237946813,0.1717975759293914,167.8326286565802,161.24135002256978
upward_base,energy_A_lag,lagged energy pressure A,0.100741527046364,0.93,0.9,156.08434465061958,145.1172150203128,0.3885355112056655,0.0782107016594266,0.33025287564419564,0.027008117682393085,0.02512635700519967,0.21575879078697263,0.17748205899730882,167.8326286565802,161.24135002256978
upward_base,energy_A_lag,lagged energy pressure A,0.10493909067329583,0.93,0.9,156.08434465061958,145.1172150203128,0.3885355112056655,0.0782107016594266,0.33025287564419564,0.027008117682393085,0.02512635700519967,0.25279824874742374,0.18365530199071733,167.8326286565802,161.24135002256978
upward_base,energy_A_lag,lagged energy pressure A,0.10913665430022766,0.93,0.9,156.08434465061958,145.1172150203128,0.3885355112056655,0.0782107016594266,0.33025287564419564,0.027008117682393085,0.02512635700519967,0.29277026626082137,0.19031730490961693,167.8326286565802,161.24135002256978
upward_base,energy_A_lag,lagged energy pressure A,0.1133342179271595,0.93,0.9,156.08434465061958,145.1172150203128,0.3885355112056655,0.0782107016594266,0.33025287564419564,0.027008117682393085,0.02512635700519967,0.33567484332716524,0.19746806775400758,167.8326286565802,161.24135002256978
upward_base,energy_A_lag,lagged energy pressure A,0.11753178155409133,0.93,0.9,156.08434465061958,145.1172150203128,0.3885355112056655,0.0782107016594266,0.33025287564419564,0.027008117682393085,0.02512635700519967,0.38151197994645586,0.20510759052388935,167.8326286565802,161.24135002256978
upward_base,energy_A_lag,lagged energy pressure A,0.12172934518102317,0.93,0.9,156.08434465061958,145.1172150203128,0.3885355112056655,0.0782107016594266,0.33025287564419564,0.027008117682393085,0.02512635700519967,0.4302816761186929,0.21323587321926216,167.8326286565802,161.24135002256978
upward_base,energy_A_lag,lagged energy pressure A,0.125926908807955,0.93,0.9,156.08434465061958,145.1172150203128,0.3885355112056655,0.0782107016594266,0.33025287564419564,0.027008117682393085,0.02512635700519967,0.4819839318438763,0.22185291584012606,167.8326286565802,161.24135002256978
upward_base,energy_A_lag,lagged energy pressure A,0.13012447243488684,0.93,0.9,156.08434465061958,145.1172150203128,0.3885355112056655,0.0782107016594266,0.33025287564419564,0.027008117682393085,0.02512635700519967,0.5366187471220063,0.23095871838648105,167.8326286565802,161.24135002256978
upward_base,energy_A_lag,lagged energy pressure A,0.13432203606181867,0.93,0.9,156.08434465061958,145.1172150203128,0.3885355112056655,0.0782107016594266,0.33025287564419564,0.027008117682393085,0.02512635700519967,0.5941861219530826,0.24055328085832714,167.8326286565802,161.24135002256978
upward_base,energy_A_lag,lagged energy pressure A,0.1385195996887505,0.93,0.9,156.08434465061958,145.1172150203128,0.3885355112056655,0.0782107016594266,0.33025287564419564,0.027008117682393085,0.02512635700519967,0.6546860563371053,0.2506366032556642,167.8326286565802,161.24135002256978
upward_base,energy_A_lag,lagged energy pressure A,0.14271716331568232,0.93,0.9,156.08434465061958,145.1172150203128,0.3885355112056655,0.0782107016594266,0.33025287564419564,0.027008117682393085,0.02512635700519967,0.7181185502740746,0.2612086855784924,167.8326286565802,161.24135002256978
upward_base,energy_A_lag,lagged energy pressure A,0.14691472694261418,0.93,0.9,156.08434465061958,145.1172150203128,0.3885355112056655,0.0782107016594266,0.33025287564419564,0.027008117682393085,0.02512635700519967,0.7844836037639907,0.27226952782681174,167.8326286565802,161.24135002256978
upward_base,energy_A_lag,lagged energy pressure A,0.151112290569546,0.93,0.9,156.08434465061958,145.1172150203128,0.3885355112056655,0.0782107016594266,0.33025287564419564,0.027008117682393085,0.02512635700519967,0.8537812168068529,0.28381913000062214,167.8326286565802,161.24135002256978
upward_base,energy_A_lag,lagged energy pressure A,0.15530985419647783,0.93,0.9,156.08434465061958,145.1172150203128,0.3885355112056655,0.0782107016594266,0.33025287564419564,0.027008117682393085,0.02512635700519967,0.9260113894026616,0.29585749209992357,167.8326286565802,161.24135002256978
upward_base,energy_A_lag,lagged energy pressure A,0.15950741782340966,0.93,0.9,156.08434465061958,145.1172150203128,0.3885355112056655,0.0782107016594266,0.33025287564419564,0.027008117682393085,0.02512635700519967,1.0011741215514167,0.30838461412471607,167.8326286565802,161.24135002256978
upward_base,energy_A_lag,lagged energy pressure A,0.1637049814503415,0.93,0.9,156.08434465061958,145.1172150203128,0.3885355112056655,0.0782107016594266,0.33025287564419564,0.027008117682393085,0.02512635700519967,1.0792694132531189,0.32140049607499976,167.8326286565802,161.24135002256978
upward_base,energy_A_lag,lagged energy pressure A,0.16790254507727334,0.93,0.9,156.08434465061958,145.1172150203128,0.3885355112056655,0.0782107016594266,0.33025287564419564,0.027008117682393085,0.02512635700519967,1.160297264507767,0.3349051379507744,167.8326286565802,161.24135002256978
upward_base,energy_A_lag,lagged energy pressure A,0.17210010870420517,0.93,0.9,156.08434465061958,145.1172150203128,0.3885355112056655,0.0782107016594266,0.33025287564419564,0.027008117682393085,0.02512635700519967,1.2442576753153614,0.34889853975204016,167.8326286565802,161.24135002256978
upward_base,energy_A_lag,lagged energy pressure A,0.176297672331137,0.93,0.9,156.08434465061958,145.1172150203128,0.3885355112056655,0.0782107016594266,0.33025287564419564,0.027008117682393085,0.02512635700519967,1.3311506456759021,0.363380701478797,167.8326286565802,161.24135002256978
upward_base,energy_A_lag,lagged energy pressure A,0.18049523595806882,0.93,0.9,156.08434465061958,145.1172150203128,0.3885355112056655,0.0782107016594266,0.33025287564419564,0.027008117682393085,0.02512635700519967,1.4209761755893895,0.3783516231310448,167.8326286565802,161.24135002256978
upward_base,energy_A_lag,lagged energy pressure A,0.18469279958500068,0.93,0.9,156.08434465061958,145.1172150203128,0.3885355112056655,0.0782107016594266,0.33025287564419564,0.027008117682393085,0.02512635700519967,1.5137342650558245,0.393811304708784,167.8326286565802,161.24135002256978
upward_base,energy_A_lag,lagged energy pressure A,0.1888903632119325,0.93,0.9,156.08434465061958,145.1172150203128,0.3885355112056655,0.0782107016594266,0.33025287564419564,0.027008117682393085,0.02512635700519967,1.609424914075205,0.4097597462120141,167.8326286565802,161.24135002256978
upward_base,energy_A_lag,lagged energy pressure A,0.19308792683886433,0.93,0.9,156.08434465061958,145.1172150203128,0.3885355112056655,0.0782107016594266,0.33025287564419564,0.027008117682393085,0.02512635700519967,1.7080481226475317,0.4261969476407352,167.8326286565802,161.24135002256978
upward_base,energy_A_lag,lagged energy pressure A,0.19728549046579616,0.93,0.9,156.08434465061958,145.1172150203128,0.3885355112056655,0.0782107016594266,0.33025287564419564,0.027008117682393085,0.02512635700519967,1.809603890772805,0.4431229089949474,167.8326286565802,161.24135002256978
upward_base,energy_A_lag,lagged energy pressure A,0.201483054092728,0.93,0.9,156.08434465061958,145.1172150203128,0.3885355112056655,0.0782107016594266,0.33025287564419564,0.027008117682393085,0.02512635700519967,1.9140922184510245,0.46053763027465067,167.8326286565802,161.24135002256978
upward_base,energy_A_lag,lagged energy pressure A,0.20568061771965984,0.93,0.9,156.08434465061958,145.1172150203128,0.3885355112056655,0.0782107016594266,0.33025287564419564,0.027008117682393085,0.02512635700519967,2.021513105682192,0.47844111147984525,167.8326286565802,161.24135002256978
upward_base,energy_A_lag,lagged energy pressure A,0.20987818134659167,0.93,0.9,156.08434465061958,145.1172150203128,0.3885355112056655,0.0782107016594266,0.33025287564419564,0.027008117682393085,0.02512635700519967,2.1318665524663047,0.4968333526105307,167.8326286565802,161.24135002256978
upward_base,energy_A_lag,lagged energy pressure A,0.2140757449735235,0.93,0.9,156.08434465061958,145.1172150203128,0.3885355112056655,0.0782107016594266,0.33025287564419564,0.027008117682393085,0.02512635700519967,2.245152558803364,0.5157143536667073,167.8326286565802,161.24135002256978
upward_base,energy_A_lag,lagged energy pressure A,0.21827330860045532,0.93,0.9,156.08434465061958,145.1172150203128,0.3885355112056655,0.0782107016594266,0.33025287564419564,0.027008117682393085,0.02512635700519967,2.3613711246933704,0.535084114648375,167.8326286565802,161.24135002256978
upward_base,energy_A_lag,lagged energy pressure A,0.22247087222738718,0.93,0.9,156.08434465061958,145.1172150203128,0.3885355112056655,0.0782107016594266,0.33025287564419564,0.027008117682393085,0.02512635700519967,2.480522250136323,0.5549426355555338,167.8326286565802,161.24135002256978
upward_base,energy_A_lag,lagged energy pressure A,0.226668435854319,0.93,0.9,156.08434465061958,145.1172150203128,0.3885355112056655,0.0782107016594266,0.33025287564419564,0.027008117682393085,0.02512635700519967,2.6026059351322215,0.5752899163881835,167.8326286565802,161.24135002256978
upward_base,energy_A_lag,lagged energy pressure A,0.23086599948125083,0.93,0.9,156.08434465061958,145.1172150203128,0.3885355112056655,0.0782107016594266,0.33025287564419564,0.027008117682393085,0.02512635700519967,2.7276221796810676,0.5961259571463244,167.8326286565802,161.24135002256978
upward_base,energy_A_lag,lagged energy pressure A,0.23506356310818266,0.93,0.9,156.08434465061958,145.1172150203128,0.3885355112056655,0.0782107016594266,0.33025287564419564,0.027008117682393085,0.02512635700519967,2.8555709837828593,0.6174507578299564,167.8326286565802,161.24135002256978
upward_base,energy_A_lag,lagged energy pressure A,0.2392611267351145,0.93,0.9,156.08434465061958,145.1172150203128,0.3885355112056655,0.0782107016594266,0.33025287564419564,0.027008117682393085,0.02512635700519967,2.9864523474375972,0.6392643184390794,167.8326286565802,161.24135002256978
upward_base,energy_A_lag,lagged energy pressure A,0.24345869036204634,0.93,0.9,156.08434465061958,145.1172150203128,0.3885355112056655,0.0782107016594266,0.33025287564419564,0.027008117682393085,0.02512635700519967,3.120266270645283,0.6615666389736938,167.8326286565802,161.24135002256978
upward_base,energy_A_lag,lagged energy pressure A,0.24765625398897817,0.93,0.9,156.08434465061958,145.1172150203128,0.3885355112056655,0.0782107016594266,0.33025287564419564,0.027008117682393085,0.02512635700519967,3.2570127534059137,0.6843577194337989,167.8326286565802,161.24135002256978
upward_base,energy_A_lag,lagged energy pressure A,0.25185381761591,0.93,0.9,156.08434465061958,145.1172150203128,0.3885355112056655,0.0782107016594266,0.33025287564419564,0.027008117682393085,0.02512635700519967,3.3966917957194913,0.7076375598193951,167.8326286565802,161.24135002256978
upward_base,energy_A_lag,lagged energy pressure A,0.2560513812428418,0.93,0.9,156.08434465061958,145.1172150203128,0.3885355112056655,0.0782107016594266,0.33025287564419564,0.027008117682393085,0.02512635700519967,3.539303397586015,0.7314061601304824,167.8326286565802,161.24135002256978
upward_base,energy_A_lag,lagged energy pressure A,0.2602489448697737,0.93,0.9,156.08434465061958,145.1172150203128,0.3885355112056655,0.0782107016594266,0.33025287564419564,0.027008117682393085,0.02512635700519967,3.651903280774391,0.750172807328545,167.8326286565802,161.24135002256978
upward_base,energy_A_lag,lagged energy pressure A,0.2644465084967055,0.93,0.9,156.08434465061958,145.1172150203128,0.3885355112056655,0.0782107016594266,0.33025287564419564,0.027008117682393085,0.02512635700519967,3.651903280774391,0.750172807328545,167.8326286565802,161.24135002256978
upward_base,energy_A_lag,lagged energy pressure A,0.26864407212363733,0.93,0.9,156.08434465061958,145.1172150203128,0.3885355112056655,0.0782107016594266,0.33025287564419564,0.027008117682393085,0.02512635700519967,3.651903280774391,0.750172807328545,167.8326286565802,161.24135002256978
upward_base,energy_A_lag,lagged energy pressure A,0.2728416357505692,0.93,0.9,156.08434465061958,145.1172150203128,0.3885355112056655,0.0782107016594266,0.33025287564419564,0.027008117682393085,0.02512635700519967,3.651903280774391,0.750172807328545,167.8326286565802,161.24135002256978
upward_base,energy_A_lag,lagged energy pressure A,0.277039199377501,0.93,0.9,156.08434465061958,145.1172150203128,0.3885355112056655,0.0782107016594266,0.33025287564419564,0.027008117682393085,0.02512635700519967,3.651903280774391,0.750172807328545,167.8326286565802,161.24135002256978
upward_base,energy_A_lag,lagged energy pressure A,0.28123676300443284,0.93,0.9,156.08434465061958,145.1172150203128,0.3885355112056655,0.0782107016594266,0.33025287564419564,0.027008117682393085,0.02512635700519967,3.651903280774391,0.750172807328545,167.8326286565802,161.24135002256978
upward_base,energy_A_lag,lagged energy pressure A,0.28543432663136464,0.93,0.9,156.08434465061958,145.1172150203128,0.3885355112056655,0.0782107016594266,0.33025287564419564,0.027008117682393085,0.02512635700519967,3.651903280774391,0.750172807328545,167.8326286565802,161.24135002256978
upward_base,energy_A_lag,lagged energy pressure A,0.2896318902582965,0.93,0.9,156.08434465061958,145.1172150203128,0.3885355112056655,0.0782107016594266,0.33025287564419564,0.027008117682393085,0.02512635700519967,3.651903280774391,0.750172807328545,167.8326286565802,161.24135002256978
upward_base,energy_A_lag,lagged energy pressure A,0.29382945388522835,0.93,0.9,156.08434465061958,145.1172150203128,0.3885355112056655,0.0782107016594266,0.33025287564419564,0.027008117682393085,0.02512635700519967,3.651903280774391,0.750172807328545,167.8326286565802,161.24135002256978
upward_base,energy_A_lag,lagged energy pressure A,0.29802701751216015,0.93,0.9,156.08434465061958,145.1172150203128,0.3885355112056655,0.0782107016594266,0.33025287564419564,0.027008117682393085,0.02512635700519967,3.651903280774391,0.750172807328545,167.8326286565802,161.24135002256978
upward_base,energy_A_lag,lagged energy pressure A,0.302224581139092,0.93,0.9,156.08434465061958,145.1172150203128,0.3885355112056655,0.0782107016594266,0.33025287564419564,0.027008117682393085,0.02512635700519967,3.651903280774391,0.750172807328545,167.8326286565802,161.24135002256978
upward_base,energy_A_lag,lagged energy pressure A,0.3064221447660238,0.93,0.9,156.08434465061958,145.1172150203128,0.3885355112056655,0.0782107016594266,0.33025287564419564,0.027008117682393085,0.02512635700519967,3.651903280774391,0.750172807328545,167.8326286565802,161.24135002256978
upward_base,energy_A_lag,lagged energy pressure A,0.31061970839295566,0.93,0.9,156.08434465061958,145.1172150203128,0.3885355112056655,0.0782107016594266,0.33025287564419564,0.027008117682393085,0.02512635700519967,3.651903280774391,0.750172807328545,167.8326286565802,161.24135002256978
upward_base,energy_A_lag,lagged energy pressure A,0.3148172720198875,0.93,0.9,156.08434465061958,145.1172150203128,0.3885355112056655,0.0782107016594266,0.33025287564419564,0.027008117682393085,0.02512635700519967,3.651903280774391,0.750172807328545,167.8326286565802,161.24135002256978
upward_base,energy_A_lag,lagged energy pressure A,0.3190148356468193,0.93,0.9,156.08434465061958,145.1172150203128,0.3885355112056655,0.0782107016594266,0.33025287564419564,0.027008117682393085,0.02512635700519967,3.651903280774391,0.750172807328545,167.8326286565802,161.24135002256978
upward_base,energy_A_lag,lagged energy pressure A,0.32321239927375117,0.93,0.9,156.08434465061958,145.1172150203128,0.3885355112056655,0.0782107016594266,0.33025287564419564,0.027008117682393085,0.02512635700519967,3.651903280774391,0.750172807328545,167.8326286565802,161.24135002256978
upward_base,energy_A_lag,lagged energy pressure A,0.327409962900683,0.93,0.9,156.08434465061958,145.1172150203128,0.3885355112056655,0.0782107016594266,0.33025287564419564,0.027008117682393085,0.02512635700519967,3.651903280774391,0.750172807328545,167.8326286565802,161.24135002256978
upward_base,energy_A_lag,lagged energy pressure A,0.3316075265276148,0.93,0.9,156.08434465061958,145.1172150203128,0.3885355112056655,0.0782107016594266,0.33025287564419564,0.027008117682393085,0.02512635700519967,3.651903280774391,0.750172807328545,167.8326286565802,161.24135002256978
upward_base,energy_A_lag,lagged energy pressure A,0.3358050901545467,0.93,0.9,156.08434465061958,145.1172150203128,0.3885355112056655,0.0782107016594266,0.33025287564419564,0.027008117682393085,0.02512635700519967,3.651903280774391,0.750172807328545,167.8326286565802,161.24135002256978
downward_base,f_gasoline,gasoline f,-407.3684574596617,0.99,0.98,-403.29477288506513,-185.90385037810998,-1.4414101624345836,0.00742623865014434,1.2930227045276543,0.001977240148964746,0.06715426911777199,0.0,-0.011971618331674727,-407.3684574596617,-189.6978065082755
downward_base,f_gasoline,gasoline f,-397.86516534606864,0.99,0.98,-393.88651369260793,-185.90385037810998,-1.3922649527889204,0.007481071607427238,1.2471020981937824,0.0019360484663678054,0.06715426911777199,0.0,-0.011431910900595149,-397.86516534606864,-189.6978065082755
downward_base,f_gasoline,gasoline f,-388.36187323247555,0.99,0.98,-384.4782545001508,-185.90385037810998,-1.3442797575043541,0.007536687794139358,1.2022653932859424,0.0018958290645631037,0.06715426911777199,0.0,-0.010904596373656221,-388.36187323247555,-189.6978065082755
downward_base,f_gasoline,gasoline f,-378.85858111888246,0.99,0.98,-375.0699953076936,-185.90385037810998,-1.297454576580885,0.007593087210280638,1.1585125898041346,0.0018565819435506885,0.06715426911777199,0.0,-0.010389674750857817,-378.85858111888246,-189.6978065082755
downward_base,f_gasoline,gasoline f,-369.35528900528936,0.99,0.98,-365.66173611523647,-185.90385037810998,-1.2517894100185134,0.007650269855851142,1.1158436877483593,0.0018183071033305135,0.06715426911777199,0.0,-0.009887146032200088,-369.35528900528936,-189.6978065082755
downward_base,f_gasoline,gasoline f,-359.8519968916962,0.99,0.98,-356.25347692277927,-185.90385037810998,-1.2072842578172387,0.007708235730850838,1.0742586871186157,0.001781004543902602,0.06715426911777199,0.0,-0.009397010217682947,-359.8519968916962,-189.6978065082755
downward_base,f_gasoline,gasoline f,-350.3487047781031,0.99,0.98,-346.8452177303221,-185.90385037810998,-1.1639391199770615,0.007766984835279691,1.0337575879149046,0.0017446742652669756,0.06715426911777199,0.0,-0.00891926730730636,-350.3487047781031,-189.6978065082755
downward_base,f_gasoline,gasoline f,-340.84541266451004,0.99,0.98,-337.43695853786494,-185.90385037810998,-1.1217539964979817,0.00782651716913777,0.9943403901372257,0.001709316267423591,0.06715426911777199,0.0,-0.008453917301070422,-340.84541266451004,-189.6978065082755
downward_base,f_gasoline,gasoline f,-331.34212055091695,0.99,0.98,-328.02869934540774,-185.90385037810998,-1.0807288873799987,0.007886832732425006,0.9560070937855788,0.001674930550372491,0.06715426911777199,0.0,-0.008000960198975065,-331.34212055091695,-189.6978065082755
downward_base,f_gasoline,gasoline f,-321.83882843732385,0.99,0.98,-318.6204401529506,-185.90385037810998,-1.0408637926231137,0.007947931525141469,0.9187576988599644,0.001641517114113633,0.06715426911777199,0.0,-0.007560396001020356,-321.83882843732385,-189.6978065082755
downward_base,f_gasoline,gasoline f,-312.33553632373076,0.99,0.98,-309.21218096049347,-185.90385037810998,-1.0021587122273254,0.008009813547287123,0.8825922053603823,0.001609075958647039,0.06715426911777199,0.0,-0.007132224707206177,-312.33553632373076,-189.6978065082755
downward_base,f_gasoline,gasoline f,-302.8322442101377,0.99,0.98,-299.8039217680363,-185.90385037810998,-0.9646136461926346,0.00807247879886193,0.8475106132868321,0.001577607083972727,0.06715426911777199,0.0,-0.006716446317532638,-302.8322442101377,-189.6978065082755
downward_base,f_gasoline,gasoline f,-293.3289520965445,0.99,0.98,-290.3956625755791,-185.90385037810998,-0.9282285945190409,0.00813592727986597,0.8135129226393139,0.0015471104900906599,0.06715426911777199,0.0,-0.006313060831999772,-293.3289520965445,-189.6978065082755
downward_base,f_gasoline,gasoline f,-283.8256599829515,0.99,0.98,-280.987403383122,-185.90385037810998,-0.8930035572065448,0.008200158990299198,0.7805991334178285,0.0015175861770008565,0.06715426911777199,0.0,-0.005922068250607352,-283.8256599829515,-189.6978065082755
downward_base,f_gasoline,gasoline f,-274.32236786935835,0.99,0.98,-271.57914419066475,-185.90385037810998,-0.8589385342551455,0.00826517393016158,0.7487692456223745,0.0014890341447033335,0.06715426911777199,0.0,-0.005543468573355697,-274.32236786935835,-189.6978065082755
downward_base,f_gasoline,gasoline f,-264.81907575576525,0.99,0.98,-262.1708849982076,-185.90385037810998,-0.8260335256648439,0.008330972099453174,0.7180232592529532,0.0014614543931980566,0.06715426911777199,0.0,-0.005177261800244566,-264.81907575576525,-189.6978065082755
downward_base,f_gasoline,gasoline f,-255.31578364217216,0.99,0.98,-252.76262580575045,-185.90385037810998,-0.7942885314356393,0.008397553498173959,0.688361174309564,0.0014348469224850515,0.06715426911777199,0.0,-0.004823447931274044,-255.31578364217216,-189.6978065082755
downward_base,f_gasoline,gasoline f,-245.81249152857907,0.98,0.98,-240.8962416980075,-185.90385037810998,-0.7559036531441526,0.006974343268050018,0.6524948732416535,0.002384971045651955,0.06715426911777199,0.0,-0.004482532745170872,-245.81249152857907,-189.6978065082755
downward_base,f_gasoline,gasoline f,-236.30919941498598,0.98,0.98,-231.58301542668625,-185.90385037810998,-0.7270701291436094,0.007070904132139383,0.6255532259398391,0.0022863194091380388,0.06715426911777199,0.0,-0.004167568424120149,-236.30919941498598,-189.6978065082755
downward_base,f_gasoline,gasoline f,-226.80590730139286,0.98,0.98,-222.269789155365,-185.90385037810998,-0.6993733032273413,0.007170597913945528,0.5996736936564526,0.0021915568957931613,0.06715426911777199,0.0,-0.003863864273896317,-226.80590730139286,-189.6978065082755
downward_base,f_gasoline,gasoline f,-217.30261518779977,0.98,0.98,-212.95656288404376,-185.90385037810998,-0.6728131753953476,0.007273424613468424,0.5748562763914942,0.002100683505617351,0.06715426911777199,0.0,-0.003571420294499283,-217.30261518779977,-189.6978065082755
downward_base,f_gasoline,gasoline f,-207.79932307420668,0.98,0.98,-203.64333661272255,-185.90385037810998,-0.6473897456476292,0.007379384230708103,0.5511009741449638,0.0020136992386105804,0.06715426911777199,0.0,-0.0032902364859291114,-207.79932307420668,-189.6978065082755
downward_base,f_gasoline,gasoline f,-198.29603096061356,0.98,0.98,-194.33011034140128,-185.90385037810998,-0.6231030139841854,0.00748847676566453,0.5284077869168615,0.0019306040947728758,0.06715426911777199,0.0,-0.0030203128481857532,-198.29603096061356,-189.6978065082755
downward_base,f_gasoline,gasoline f,-188.79273884702047,0.98,0.98,-185.01688407008007,-185.90385037810998,-0.5999529804050168,0.00760070221833774,0.5067767147071873,0.001851398074104212,0.06715426911777199,0.0,-0.002761649381269257,-188.79273884702047,-189.6978065082755
downward_base,f_gasoline,gasoline f,-179.28944673342738,0.98,0.98,-175.70365779875883,-185.90385037810998,-0.5779396449101227,0.0077160605887277,0.48620775751594103,0.0017760811766046121,0.06715426911777199,0.0,-0.002514246085179561,-179.28944673342738,-189.6978065082755
downward_base,f_gasoline,gasoline f,-169.7861546198343,0.98,0.98,-166.3904315274376,-185.90385037810998,-0.5570630074995039,0.007834551876834442,0.4667009153431228,0.0017046534022740552,0.06715426911777199,0.0,-0.0022781029599167665,-169.7861546198343,-189.6978065082755
downward_base,f_gasoline,gasoline f,-160.2828625062412,0.97,0.98,-155.47437663105396,-185.90385037810998,-0.5340404254726374,0.007028706975637554,0.4451889321067608,0.0023285599047510614,0.06715426911777199,0.0,-0.002056659561286008,-160.2828625062412,-189.6978065082755
downward_base,f_gasoline,gasoline f,-150.7795703926481,0.97,0.98,-146.25618328086867,-185.90385037810998,-0.515814905184567,0.007177387578932668,0.42815925722262216,0.0021853484667680545,0.06715426911777199,0.0,-0.001856440466412002,-150.7795703926481,-189.6978065082755
downward_base,f_gasoline,gasoline f,-141.27627827905496,0.97,0.98,-137.03798993068332,-185.90385037810998,-0.4987030034174192,0.007333117247090505,0.41217013213111037,0.002050887555915418,0.06715426911777199,0.0,-0.0016657662275884836,-141.27627827905496,-189.6978065082755
downward_base,f_gasoline,gasoline f,-131.77298616546187,0.97,0.98,-127.81979658049801,-185.90385037810998,-0.48270472017119415,0.007495895980111049,0.39722155683222565,0.0019251771721931624,0.06715426911777199,0.0,-0.0014846368448153766,-131.77298616546187,-189.6978065082755
downward_base,f_gasoline,gasoline f,-122.26969405186878,0.97,0.98,-118.60160323031272,-185.90385037810998,-0.467820055445892,0.007665723777994333,0.38331353132596796,0.001808217315601264,0.06715426911777199,0.0,-0.0013130523180927434,-122.26969405186878,-189.6978065082755
downward_base,f_gasoline,gasoline f,-112.76640193827569,0.96,0.98,-108.25574586074465,-185.90385037810998,-0.45244084063709405,0.0071841913001290105,0.3689434050399936,0.0021791574867581712,0.06715426911777199,0.0,-0.0011633029487402094,-112.76640193827569,-189.6978065082755
downward_base,f_gasoline,gasoline f,-103.2631098246826,0.96,0.98,-99.13258543169529,-185.90385037810998,-0.4400430455971604,0.007393817016170757,0.35735907628157393,0.002002341838169448,0.06715426911777199,0.0,-0.0010222568905790437,-103.2631098246826,-189.6978065082755
downward_base,f_gasoline,gasoline f,-93.75981771108951,0.95,0.98,-89.07182682553503,-185.90385037810998,-0.4276358007466842,0.007090685746269054,0.3457659177504666,0.002266964962662974,0.06715426911777199,0.0,-0.000892993861585591,-93.75981771108951,-189.6978065082755
downward_base,f_gasoline,gasoline f,-84.25652559749642,0.95,0.98,-80.0436993176216,-185.90385037810998,-0.41763128692581697,0.007347368295151789,0.33641783796726515,0.002039304551356253,0.06715426911777199,0.0,-0.0007787511657119592,-84.25652559749642,-189.6978065082755
downward_base,f_gasoline,gasoline f,-74.75323348390333,0.94,0.98,-70.26803947486913,-185.90385037810998,-0.40800289404114515,0.007197840911149344,0.32742120040131095,0.002166827873784039,0.06715426911777199,0.0,-0.0006771259561881432,-74.75323348390333,-189.6978065082755
downward_base,f_gasoline,gasoline f,-65.24994137031024,0.93,0.98,-60.68244547438852,-185.90385037810998,-0.39977779824551507,0.007153923670806179,0.31973578428827093,0.0022069331017249396,0.06715426911777199,0.0,-0.0005878146778235064,-65.24994137031024,-189.6978065082755
downward_base,f_gasoline,gasoline f,-55.74664925671709,0.92,0.98,-51.286917316179725,-185.90385037810998,-0.3928843704910113,0.007211546747006521,0.3132946604333137,0.0021545680568707715,0.06715426911777199,0.0,-0.0005115543560080572,-55.74664925671709,-189.6978065082755
downward_base,f_gasoline,gasoline f,-46.243357143124,0.9,0.98,-41.6190214288116,-185.90385037810998,-0.38699877698226537,0.007123936227336054,0.3077952430027044,0.002235056532175527,0.06715426911777199,0.0,-0.000448378683712905,-46.243357143124,-189.6978065082755
downward_base,f_gasoline,gasoline f,-36.74006502953091,0.87,0.98,-31.963856575691892,-185.90385037810998,-0.3823434382488976,0.007045185978379685,0.3034453586728352,0.0023119069749464693,0.06715426911777199,0.0,-0.0003977862508273717,-36.74006502953091,-189.6978065082755
downward_base,f_gasoline,gasoline f,-27.23677291593782,0.83,0.98,-22.60652152022839,-185.90385037810998,-0.3789974534274878,0.007120831341208973,0.30031891658639615,0.0022380034998795363,0.06715426911777199,0.0,-0.00036090548037186546,-27.23677291593782,-189.6978065082755
downward_base,f_gasoline,gasoline f,-17.73348080234473,0.73,0.98,-12.945440985711652,-185.90385037810998,-0.37674682342051447,0.007039135072634624,0.2982159589370428,0.002317998123137335,0.06715426911777199,0.0,-0.00033657702832129086,-17.73348080234473,-189.6978065082755
downward_base,f_gasoline,gasoline f,-8.230188688751639,0.42,0.98,-3.4566792492756884,-185.90385037810998,-0.37572700146864435,0.0070465680340048254,0.29726305136537673,0.0023105195506651012,0.06715426911777199,0.0,-0.0003254322334709514,-8.230188688751639,-189.6978065082755
downward_base,f_gasoline,gasoline f,1.2731034248414517,1.0,0.98,1.2731034248414517,-185.90385037810998,-0.37563808622382366,0.010479514039625881,0.2971998173575768,0.001083958628201761,0.06547226043492142,0.0,-0.00023375596058296082,1.2731034248414517,-189.6978065082755
downward_base,f_gasoline,gasoline f,10.776395538434599,1.0,0.98,10.776395538434599,-185.90385037810998,-0.3748877465834615,0.010479514039625881,0.2979009243726898,0.001083958628201761,0.05359058649723025,0.0,-0.0019721271742856334,10.776395538434599,-189.6978065082755
downward_base,f_gasoline,gasoline f,20.27968765202769,1.0,0.98,20.27968765202769,-185.90385037810998,-0.3729538395917094,0.010479514039625881,0.2997079404032421,0.001083958628201761,0.04289759079287465,0.0,-0.0031308059546274938,20.27968765202769,-189.6978065082755
downward_base,f_gasoline,gasoline f,29.78297976562078,1.0,0.98,29.78297976562078,-185.90385037810998,-0.3698363652485674,0.010479514039625876,0.3026208654492339,0.001083958628201761,0.0333932733218546,0.0,-0.003709792301608548,29.78297976562078,-189.6978065082755
downward_base,f_gasoline,gasoline f,39.28627187921387,1.0,0.98,39.28627187921387,-185.90385037810998,-0.3655353235540354,0.010479514039625876,0.30663969951066516,0.001083958628201761,0.02507763408417008,0.0,-0.0037090862152287544,39.28627187921387,-189.6978065082755
downward_base,f_gasoline,gasoline f,48.78956399280696,1.0,0.98,48.78956399280696,-185.90385037810998,-0.36005071450811355,0.010479514039625876,0.31176444258753583,0.001083958628201761,0.017950673079821178,0.0,-0.0031286876954881504,48.78956399280696,-189.6978065082755
downward_base,f_gasoline,gasoline f,58.29285610640005,1.0,0.98,58.29285610640005,-185.90385037810998,-0.3533825381108018,0.010479514039625876,0.31799509467984594,0.001083958628201761,0.012012390308807745,0.0,-0.0019685967423867506,58.29285610640005,-189.6978065082755
downward_base,f_gasoline,gasoline f,67.79614821999314,0.98,0.98,66.44022525559328,-185.90385037810998,-0.34672346368894463,0.011815032337451683,0.3242172420117791,0.0011829240739524936,0.007867755275086711,0.0,-0.0002734183317791071,67.79614821999314,-189.6978065082755
downward_base,f_gasoline,gasoline f,77.29944033358623,0.96,0.98,74.20746272024279,-185.90385037810998,-0.33956509597610945,0.013757723085706016,0.33090592211110603,0.0015985781234639925,0.004729979729050359,0.0,0.0019045178455361607,77.29944033358623,-189.6978065082755
downward_base,f_gasoline,gasoline f,86.80273244717932,0.95,0.98,82.46259582482035,-185.90385037810998,-0.3310903847404756,0.015315959984834485,0.3388245754498679,0.002097917534760745,0.0022655425074373427,0.0,0.004568935122737481,86.80273244717932,-189.6978065082755
downward_base,f_gasoline,gasoline f,96.30602456077247,0.94,0.98,90.52766308712611,-185.90385037810998,-0.32194831635394067,0.017279015499153512,0.3473667981096598,0.0028812685232730926,0.0007240492930803072,0.0,0.007717135845204342,96.30602456077247,-189.6978065082755
downward_base,f_gasoline,gasoline f,105.8093166743655,0.93,0.98,98.40266450715993,-185.90385037810998,-0.31219915761784695,0.019718009826749663,0.3564762776221984,0.004036917866750098,4.497304046389268e-05,0.0,0.011346170123052524,105.8093166743655,-189.6978065082755
downward_base,f_gasoline,gasoline f,115.31260878795865,0.92,0.98,106.08760008492196,-185.90385037810998,-0.30190175505271466,0.022713461918859944,0.36609802861001967,0.005664819712448045,0.0,0.0,0.015429092531435491,115.31260878795865,-189.6978065082755
downward_base,f_gasoline,gasoline f,124.8159009015518,0.92,0.98,114.83062882942767,-185.90385037810998,-0.2892454107065148,0.024050882921355755,0.3779239422756266,0.006450980415009495,0.0,0.0,0.019863399150912824,124.8159009015518,-189.6978065082755
downward_base,f_gasoline,gasoline f,134.31919301514483,0.92,0.98,123.57365757393325,-185.90385037810998,-0.2755872949540987,0.02543843060731986,0.3906858973319013,0.007299367088275804,0.0,0.0,0.024639400012233026,134.31919301514483,-189.6978065082755
downward_base,f_gasoline,gasoline f,143.82248512873798,0.91,0.98,130.87846146715157,-185.90385037810998,-0.26340779504635287,0.02973292675672685,0.40206625412841324,0.010102829088008965,0.0,0.0,0.029749035821132683,143.82248512873798,-189.6978065082755
downward_base,f_gasoline,gasoline f,153.32577724233101,0.91,0.98,139.52645729052122,-185.90385037810998,-0.24808475693487908,0.03151690777080131,0.41638388968290907,0.011334077959708274,0.0,0.0,0.035191686413089916,153.32577724233101,-189.6978065082755
downward_base,f_gasoline,gasoline f,162.82906935592416,0.91,0.98,148.174453113891,-185.90385037810998,-0.23178160669971906,0.033364330368640276,0.4316173284930906,0.012644081575580909,0.0,0.0,0.040974022289598774,162.82906935592416,-189.6978065082755
downward_base,f_gasoline,gasoline f,172.3323614695172,0.91,0.98,156.82244893726065,-185.90385037810998,-0.21449834434087328,0.035275194550243735,0.44776657055895724,0.01403283993562687,0.0,0.0,0.04709604345065908,172.3323614695172,-189.6978065082755
downward_base,f_gasoline,gasoline f,181.83565358311034,0.91,0.98,165.47044476063041,-185.90385037810998,-0.19623496985834132,0.03724950031561173,0.4648316158805095,0.015500353039846147,0.0,0.0,0.053557749896270976,181.83565358311034,-189.6978065082755
downward_base,f_gasoline,gasoline f,191.33894569670338,0.91,0.98,174.11844058400007,-185.90385037810998,-0.17699148325212358,0.03928724766474421,0.482812464457747,0.017046620888238752,0.0,0.0,0.060359141626434375,191.33894569670338,-189.6978065082755
downward_base,f_gasoline,gasoline f,200.84223781029652,0.91,0.98,182.76643640736984,-185.90385037810998,-0.15676788452221954,0.04138843659764121,0.50170911629067,0.01867164348080468,0.0,0.0,0.06750021864114938,200.84223781029652,-189.6978065082755
downward_base,f_gasoline,gasoline f,210.34552992388967,0.9,0.98,189.3109769315007,-185.90385037810998,-0.14081176459614336,0.049146475324689076,0.5166182947645083,0.024900578615043956,0.0,0.0,0.07497559735134962,210.34552992388967,-189.6978065082755
downward_base,f_gasoline,gasoline f,219.8488220374827,0.9,0.98,197.86393983373443,-185.90385037810998,-0.11911281928568168,0.05179938686249613,0.5368934901018805,0.027101235505059464,0.0,0.0,0.0827802155306257,219.8488220374827,-189.6978065082755
downward_base,f_gasoline,gasoline f,229.35211415107585,0.9,0.98,206.41690273596828,-185.90385037810998,-0.09645518442059382,0.05453062134322234,0.5580644717417587,0.029399120474301297,0.0,0.0,0.09092317152311472,229.35211415107585,-189.6978065082755
downward_base,f_gasoline,gasoline f,238.8554062646689,0.9,0.98,214.969865638202,-185.90385037810998,-0.07283886000088045,0.05734017876686768,0.5801312396841427,0.03179423352276945,0.0,0.0,0.09940446532881653,238.8554062646689,-189.6978065082755
downward_base,f_gasoline,gasoline f,248.35869837826203,0.9,0.98,223.52282854043582,-185.90385037810998,-0.04826384602654099,0.060228059133432356,0.6030937939290328,0.03428657465046401,0.0,0.0,0.10822409694773133,248.35869837826203,-189.6978065082755
downward_base,f_gasoline,gasoline f,257.86199049185507,0.9,0.98,232.07579144266955,-185.90385037810998,-0.022730142497575833,0.063194262442916,0.6269521344764288,0.0368761438573848,0.0,0.0,0.11738206637985893,257.86199049185507,-189.6978065082755
downward_base,f_gasoline,gasoline f,267.3652826054482,0.9,0.98,240.6287543449034,-185.90385037810998,0.0037622505860153716,0.0662387886953188,0.6517062613263309,0.039562941143531934,0.0,0.0,0.12687837362519944,267.3652826054482,-189.6978065082755
downward_base,f_gasoline,gasoline f,276.86857471904125,0.9,0.98,249.18171724713713,-185.90385037810998,0.031213333224232077,0.06936163789064073,0.6773561744787386,0.04234696650890537,0.0,0.0,0.13671301868375274,276.86857471904125,-189.6978065082755
downward_base,f_gasoline,gasoline f,286.3718668326344,0.9,0.98,257.73468014937094,-185.90385037810998,0.05962310541707489,0.07256281002888192,0.7039018739336526,0.04522821995350525,0.0,0.0,0.14688600155551904,286.3718668326344,-189.6978065082755
downward_base,f_gasoline,gasoline f,295.87515894622754,0.9,0.98,266.2876430516048,-185.90385037810998,0.0889915671645437,0.07584230511004215,0.7313433596910726,0.048206701477331346,0.0,0.0,0.15739732224049824,295.87515894622754,-189.6978065082755
downward_base,f_gasoline,gasoline f,305.3784510598206,0.9,0.98,274.8406059538385,-185.90385037810998,0.11931871846663801,0.07920012313412153,0.7596806317509981,0.05128241108038375,0.0,0.0,0.16824698073869018,305.3784510598206,-189.6978065082755
downward_base,f_gasoline,gasoline f,314.8817431734137,0.9,0.98,283.39356885607236,-185.90385037810998,0.15060455932335856,0.08263626410112007,0.78891369011343,0.054455348762662496,0.0,0.0,0.17943497705009512,314.8817431734137,-189.6978065082755
downward_base,f_gasoline,gasoline f,324.38503528700676,0.9,0.98,291.9465317583061,-185.90385037810998,0.18284908973470435,0.08615072801103775,0.8190425347783675,0.05772551452416757,0.0,0.0,0.1909613111747128,324.38503528700676,-189.6978065082755
downward_base,f_gasoline,gasoline f,333.8883274005999,0.9,0.98,300.49949466053994,-185.90385037810998,0.21605230970067643,0.08974351486387458,0.8500671657458113,0.06109290836489897,0.0,0.0,0.20282598311254346,333.8883274005999,-189.6978065082755
downward_base,f_gasoline,gasoline f,343.39161951419294,0.9,0.98,309.05245756277367,-185.90385037810998,0.25021421922127396,0.09341462465963053,0.8819875830157605,0.06455753028485668,0.0,0.0,0.21502899286358687,343.39161951419294,-189.6978065082755
downward_base,f_gasoline,gasoline f,352.8949116277861,0.9,0.98,317.6054204650075,-185.90385037810998,0.2853348182964979,0.09716405739830565,0.9148037865882163,0.06811938028404071,0.0,0.0,0.22757034042784335,352.8949116277861,-189.6978065082755
downward_base,f_diesel,diesel f,-391.4387644885913,0.98,1.0,-192.69951909080746,-391.4387644885913,-1.9087736110190678,0.01309508260824864,1.5449580316330782,0.0008324969562965175,0.06715426911777199,0.0,-0.047122288450612046,-196.63216233755864,-391.4387644885913
downward_base,f_diesel,diesel f,-382.3016147813076,0.98,1.0,-192.69951909080746,-382.3016147813076,-1.8319294044224452,0.01309508260824864,1.4841636745894111,0.0008324969562965175,0.06715426911777199,0.0,-0.04444731352511948,-196.63216233755864,-382.3016147813076
downward_base,f_diesel,diesel f,-373.1644650740239,0.98,1.0,-192.69951909080746,-373.1644650740239,-1.7569001141430334,0.01309508260824864,1.424805166459795,0.0008324969562965175,0.06715426911777199,0.0,-0.041835516500153505,-196.63216233755864,-373.1644650740239
downward_base,f_diesel,diesel f,-364.0273153667402,0.98,1.0,-192.69951909080746,-364.0273153667402,-1.6836857401808314,0.01309508260824864,1.3668825072442297,0.0008324969562965175,0.06715426911777199,0.0,-0.039286897375714044,-196.63216233755864,-364.0273153667402
downward_base,f_diesel,diesel f,-354.8901656594565,0.98,1.0,-192.69951909080746,-354.8901656594565,-1.6122862825358397,0.01309508260824864,1.3103956969427155,0.0008324969562965175,0.06715426911777199,0.0,-0.036801456151801124,-196.63216233755864,-354.8901656594565
downward_base,f_diesel,diesel f,-345.7530159521728,0.98,1.0,-192.69951909080746,-345.7530159521728,-1.5427017412080595,0.01309508260824864,1.2553447355552525,0.0008324969562965175,0.06715426911777199,0.0,-0.034379192828414964,-196.63216233755864,-345.7530159521728
downward_base,f_diesel,diesel f,-336.6158662448891,0.98,1.0,-192.69951909080746,-336.6158662448891,-1.474932116197489,0.01309508260824864,1.2017296230818404,0.0008324969562965175,0.06715426911777199,0.0,-0.03202010740555526,-196.63216233755864,-336.6158662448891
downward_base,f_diesel,diesel f,-327.47871653760546,0.98,1.0,-192.69951909080746,-327.47871653760546,-1.4089774075041297,0.01309508260824864,1.1495503595224796,0.0008324969562965175,0.06715426911777199,0.0,-0.029724199883222127,-196.63216233755864,-327.47871653760546
downward_base,f_diesel,diesel f,-318.34156683032177,0.98,1.0,-192.69951909080746,-318.34156683032177,-1.3448376151279806,0.01309508260824864,1.0988069448771693,0.0008324969562965175,0.06715426911777199,0.0,-0.0274914702614157,-196.63216233755864,-318.34156683032177
downward_base,f_diesel,diesel f,-309.20441712303807,0.98,1.0,-192.69951909080746,-309.20441712303807,-1.2825127390690414,0.01309508260824864,1.0494993791459102,0.0008324969562965175,0.06715426911777199,0.0,-0.02532191854013567,-196.63216233755864,-309.20441712303807
downward_base,f_diesel,diesel f,-300.0672674157544,0.98,1.0,-192.69951909080746,-300.0672674157544,-1.2220027793273132,0.01309508260824864,1.001627662328702,0.0008324969562965175,0.06715426911777199,0.0,-0.023215544719382322,-196.63216233755864,-300.0672674157544
downward_base,f_diesel,diesel f,-290.9301177084707,0.98,1.0,-192.69951909080746,-290.9301177084707,-1.1633077359027948,0.01309508260824864,0.955191794425545,0.0008324969562965175,0.06715426911777199,0.0,-0.02117234879915543,-196.63216233755864,-290.9301177084707
downward_base,f_diesel,diesel f,-281.792968001187,0.98,0.99,-192.69951909080746,-278.9750383211751,-1.0892517481713122,0.008760842961124069,0.8966033027386898,0.0014304793532696914,0.06715426911777199,0.0,-0.01921714233340944,-196.63216233755864,-281.792968001187
downward_base,f_diesel,diesel f,-272.6558182939033,0.98,0.99,-192.69951909080746,-269.92926011096426,-1.0352823350759386,0.008884677391881642,0.8539060596481286,0.0013923288496980606,0.06715426911777199,0.0,-0.01732416667807636,-196.63216233755864,-272.6558182939033
downward_base,f_diesel,diesel f,-263.5186685866196,0.98,0.99,-192.69951909080746,-260.8834819007534,-0.9830917214630623,0.00900963134576604,0.8126160920782284,0.0013554357638398962,0.06715426911777199,0.0,-0.015492715526242666,-196.63216233755864,-263.5186685866196
downward_base,f_diesel,diesel f,-254.38151887933589,0.98,0.99,-192.69951909080746,-251.83770369054253,-0.9326799073326842,0.009135704822777339,0.7727334000289894,0.0013198000956951737,0.06715426911777199,0.0,-0.013722788877908393,-196.63216233755864,-254.38151887933589
downward_base,f_diesel,diesel f,-245.2443691720522,0.98,0.99,-192.69951909080746,-242.79192548033166,-0.8840468926848041,0.009262897822915535,0.7342579835004118,0.0012854218452638937,0.06715426911777199,0.0,-0.012014386733073467,-196.63216233755864,-245.2443691720522
downward_base,f_diesel,diesel f,-236.1072194647685,0.98,0.99,-192.69951909080746,-233.74614727012082,-0.837192677519422,0.009391210346180671,0.6971898424924957,0.0012523010125460455,0.06715426911777199,0.0,-0.010367509091737918,-196.63216233755864,-236.1072194647685
downward_base,f_diesel,diesel f,-226.9700697574848,0.98,0.99,-192.69951909080746,-224.70036905990995,-0.7921172618365377,0.009520642392572668,0.661528977005241,0.0012204375975416505,0.06715426911777199,0.0,-0.008782155953901702,-196.63216233755864,-226.9700697574848
downward_base,f_diesel,diesel f,-217.8329200502011,0.98,0.99,-192.69951909080746,-215.65459084969908,-0.7488206456361515,0.009651193962091562,0.6272753870386478,0.0011898316002506976,0.06715426911777199,0.0,-0.007258327319564906,-196.63216233755864,-217.8329200502011
downward_base,f_diesel,diesel f,-208.6957703429174,0.98,0.99,-192.69951909080746,-206.60881263948824,-0.7073028289182633,0.009782865054737399,0.5944290725927158,0.001160483020673178,0.06715426911777199,0.0,-0.005796023188727488,-196.63216233755864,-208.6957703429174
downward_base,f_diesel,diesel f,-199.55862063563373,0.98,0.99,-192.69951909080746,-197.5630344292774,-0.6675638116828732,0.00991565567051005,0.5629900336674453,0.0011323918588091097,0.06715426911777199,0.0,-0.004395243561389454,-196.63216233755864,-199.55862063563373
downward_base,f_diesel,diesel f,-190.42147092835003,0.98,0.98,-192.69951909080746,-186.61304150978302,-0.6218392782310636,0.007490280878590548,0.5268156265723686,0.0019247415897443829,0.06715426911777199,0.0,-0.003075726678764665,-196.63216233755864,-190.42147092835003
downward_base,f_diesel,diesel f,-181.28432122106634,0.98,0.98,-192.69951909080746,-177.658634796645,-0.5863851060987438,0.0077147972002801464,0.49876649060283135,0.0018224362839956332,0.06715426911777199,0.0,-0.001821185482310795,-196.63216233755864,-181.28432122106634
downward_base,f_diesel,diesel f,-172.14717151378264,0.98,0.98,-192.69951909080746,-168.704228083507,-0.552673979597473,0.007943791614477346,0.4720963439303486,0.0017251606491006542,0.06715426911777199,0.0,-0.0006257357142957255,-196.63216233755864,-172.14717151378264
downward_base,f_diesel,diesel f,-163.01002180649894,0.98,0.98,-192.69951909080746,-159.74982137036895,-0.520705898727251,0.008177264121182106,0.4468051865549204,0.001632914685059459,0.06715426911777199,0.0,0.0005106226252804894,-196.63216233755864,-163.01002180649894
downward_base,f_diesel,diesel f,-153.87287209921524,0.98,0.98,-192.69951909080746,-150.79541465723094,-0.4904808634880779,0.008415214720394502,0.4228930184765468,0.0015456983918720202,0.06715426911777199,0.0,0.0015878895364178983,-196.63216233755864,-153.87287209921524
downward_base,f_diesel,diesel f,-144.73572239193155,0.98,0.97,-192.69951909080746,-140.39365072017358,-0.45755878968202546,0.006860284792158488,0.3968471212225164,0.0022522802860906635,0.06715426911777199,0.0,0.002592527622752019,-196.63216233755864,-144.73572239193155
downward_base,f_diesel,diesel f,-135.59857268464788,0.98,0.97,-192.69951909080746,-131.53061550410843,-0.43136275429257315,0.007179123311858229,0.3761224472473558,0.002078677145260901,0.06715426911777199,0.0,0.00352862708827896,-196.63216233755864,-135.59857268464788
downward_base,f_diesel,diesel f,-126.46142297736418,0.98,0.97,-192.69951909080746,-122.66758028804325,-0.40687437366598417,0.007508037539700068,0.35674876351542556,0.0019163907638521129,0.06715426911777199,0.0,0.004408847878460923,-196.63216233755864,-126.46142297736418
downward_base,f_diesel,diesel f,-117.32427327008048,0.98,0.96,-192.69951909080746,-112.63130233927725,-0.38120604015791987,0.006466838053266752,0.33644157444915473,0.0024910288417503887,0.06715426911777199,0.0,0.005224611717337333,-196.63216233755864,-117.32427327008048
downward_base,f_diesel,diesel f,-108.18712356279678,0.98,0.96,-192.69951909080746,-103.85963862028491,-0.36056522569670746,0.006876997647435377,0.320111845773393,0.0022427570860760484,0.06715426911777199,0.0,0.005970107321328166,-196.63216233755864,-108.18712356279678
downward_base,f_diesel,diesel f,-99.04997385551309,0.98,0.95,-192.69951909080746,-94.09747516273742,-0.3395602435551848,0.006186463676997231,0.303494010277858,0.0026795392336719523,0.06715426911777199,0.0,0.006659006458519059,-196.63216233755864,-99.04997385551309
downward_base,f_diesel,diesel f,-89.91282414822939,0.98,0.95,-192.69951909080746,-85.41718294081792,-0.3226231303427712,0.006686062745220414,0.29009441968374106,0.0023544855011029204,0.06715426911777199,0.0,0.007277684450844194,-196.63216233755864,-89.91282414822939
downward_base,f_diesel,diesel f,-80.77567444094569,0.98,0.94,-192.69951909080746,-75.92913397448895,-0.30598359855375734,0.00629984202551804,0.27693025700416674,0.0026013501236022774,0.06715426911777199,0.0,0.00783368661955028,-196.63216233755864,-80.77567444094569
downward_base,f_diesel,diesel f,-71.638524733662,0.98,0.93,-192.69951909080746,-66.62382800230566,-0.29156536581033154,0.0061206112350000695,0.26552344797894295,0.0027262242763225414,0.06715426911777199,0.0,0.008326531132950997,-196.63216233755864,-71.638524733662
downward_base,f_diesel,diesel f,-62.5013750263783,0.98,0.92,-192.69951909080746,-57.50126502426804,-0.2792575330760115,0.006136008433662063,0.2557862561876118,0.002715223366832725,0.06715426911777199,0.0,0.00875570400497785,-196.63216233755864,-62.5013750263783
downward_base,f_diesel,diesel f,-53.3642253190946,0.98,0.9,-192.69951909080746,-48.027802787185145,-0.2683911263031289,0.005788264221861961,0.24718943096954285,0.0029770091278602437,0.06715426911777199,0.0,0.00911964118898469,-196.63216233755864,-53.3642253190946
downward_base,f_diesel,diesel f,-44.2270756118109,0.98,0.88,-192.69951909080746,-38.91982653839359,-0.2597834730666333,0.005817828557628299,0.24037959106951592,0.0029536257374293082,0.06715426911777199,0.0,0.009420306902618698,-196.63216233755864,-44.2270756118109
downward_base,f_diesel,diesel f,-35.089925904527206,0.98,0.84,-192.69951909080746,-29.47553775980285,-0.2527624394340113,0.005512298425165478,0.23482498592253562,0.0032062359535401258,0.06715426911777199,0.0,0.009655891664166985,-196.63216233755864,-35.089925904527206
downward_base,f_diesel,diesel f,-25.95277619724351,0.98,0.78,-192.69951909080746,-20.24316543384994,-0.24777315536837347,0.005420143474919051,0.2308777746711933,0.0032874381985670866,0.06715426911777199,0.0,0.009827745015679663,-196.63216233755864,-25.95277619724351
downward_base,f_diesel,diesel f,-16.815626489959868,0.98,0.65,-192.69951909080746,-10.930157218473914,-0.2446175825318134,0.005253146657089324,0.22838128169924868,0.003440993647567054,0.06715426911777199,0.0,0.00993535143164394,-196.63216233755864,-16.815626489959868
downward_base,f_diesel,diesel f,-7.678476782676171,0.98,0.21,-192.69951909080746,-1.6124801243619957,-0.24334729612913797,0.005086029882993082,0.2273763101010988,0.0036034708267450697,0.06715426911777199,0.0,0.009978797299911819,-196.63216233755864,-7.678476782676171
downward_base,f_diesel,diesel f,1.4586729246075265,0.98,1.0,-192.69951909080746,1.4586729246075265,-0.2432959076273291,0.013095082608248619,0.2273722481434385,0.0008324969562965175,0.06872508409755074,0.0,0.01112150069636754,-196.63216233755864,1.4586729246075265
downward_base,f_diesel,diesel f,10.595822631891224,0.98,1.0,-192.69951909080746,10.595822631891224,-0.2420987125839016,0.013095082608248619,0.22831939440396404,0.0008324969562965175,0.07897784615830632,0.0,0.01318768459048564,-196.63216233755864,10.595822631891224
downward_base,f_diesel,diesel f,19.73297233917492,0.98,0.96,-192.69951909080746,18.943653445607925,-0.2394184240091207,0.014500030818987267,0.23043987202761423,0.0008794142652187485,0.08896779592568572,0.0,0.015894781504730872,-196.63216233755864,19.73297233917492
downward_base,f_diesel,diesel f,28.87012204645862,0.98,0.93,-192.69951909080746,26.849213503206517,-0.2354835067496069,0.016859075042269307,0.23355293383678752,0.0011400509824984332,0.09897680480039688,0.0,0.019174226318724195,-196.63216233755864,28.87012204645862
downward_base,f_diesel,diesel f,38.007271753742316,0.98,0.91,-192.69951909080746,34.58661729590551,-0.23031670109838862,0.01978716247995333,0.23764058912593994,0.001713640184966776,0.10928942671994477,0.0,0.023019019568736025,-196.63216233755864,38.007271753742316
downward_base,f_diesel,diesel f,47.14442146102601,0.98,0.9,-192.69951909080746,42.429979314923415,-0.22375083967895465,0.022727249666672354,0.24283509032663092,0.0025062397426906607,0.12026477506311772,0.0,0.027430419186692822,-196.63216233755864,47.14442146102601
downward_base,f_diesel,diesel f,56.28157116830971,0.98,0.89,-192.69951909080746,50.09059833979564,-0.2160469983628044,0.02635686839684922,0.24892989044657102,0.003718826355424034,0.13149124978939974,0.0,0.03240830610423993,-196.63216233755864,56.28157116830971
downward_base,f_diesel,diesel f,65.41872087559341,0.98,0.89,-192.69951909080746,58.22266157927813,-0.20647312887973093,0.028994811604733238,0.256504140548452,0.0047320745263411765,0.1439566682000592,0.0,0.03795242766664243,-196.63216233755864,65.41872087559341
downward_base,f_diesel,diesel f,74.5558705828771,0.98,0.88,-192.69951909080746,65.60916611293186,-0.19653106887622943,0.03391300026417562,0.26436968009101264,0.006860233757433046,0.15576840552472063,0.0,0.044063375126852065,-196.63216233755864,74.5558705828771
downward_base,f_diesel,diesel f,83.6930202901608,0.98,0.88,-192.69951909080746,73.64985785534151,-0.18436019146621685,0.037202646630440164,0.2739985213474923,0.008428219121814148,0.16915560503515742,0.0,0.05073746677811451,-196.63216233755864,83.6930202901608
downward_base,f_diesel,diesel f,92.8301699974445,0.98,0.88,-192.69951909080746,81.69054959775116,-0.17078384286015647,0.04065350432697825,0.28473928400301307,0.010177272636930969,0.18309460504618305,0.0,0.057980137192158124,-196.63216233755864,92.8301699974445
downward_base,f_diesel,diesel f,101.9673197047282,0.98,0.88,-192.69951909080746,89.73124134016082,-0.15580202305804827,0.0442655733537898,0.29659196805757493,0.012107394302783485,0.19758540555779802,0.0,0.06579138636898296,-196.63216233755864,101.9673197047282
downward_base,f_diesel,diesel f,111.1044694120119,0.98,0.87,-192.69951909080746,96.66088838845035,-0.14176277608944793,0.05202677451430673,0.3076989471082354,0.016542557585183436,0.2105165983193052,0.0,0.07417035023959712,-196.63216233755864,111.1044694120119
downward_base,f_diesel,diesel f,120.24161911929554,0.98,0.87,-192.69951909080746,104.61020863378711,-0.12437209723511848,0.05647338641502295,0.3214573706293694,0.019232777005167814,0.22585531100791417,0.0,0.08310779130372595,-196.63216233755864,120.24161911929554
downward_base,f_diesel,diesel f,129.37876882657923,0.98,0.87,-192.69951909080746,112.55952887912393,-0.10560770822029232,0.061109197724185146,0.3363025881935487,0.022135500018723973,0.2417333545318745,0.0,0.0926121553746733,-196.63216233755864,129.37876882657923
downward_base,f_diesel,diesel f,138.51591853386293,0.98,0.87,-192.69951909080746,120.50884912446075,-0.08546960904496952,0.06593420844179336,0.35223459980077326,0.025250726625851903,0.2581507288911859,0.0,0.10268344245243911,-196.63216233755864,138.51591853386293
downward_base,f_diesel,diesel f,147.65306824114663,0.98,0.87,-192.69951909080746,128.45816936979756,-0.06395779970915016,0.07094841856784766,0.3692534054510429,0.028578456826551666,0.27510743408584826,0.0,0.11332165253702334,-196.63216233755864,147.65306824114663
downward_base,f_diesel,diesel f,156.79021794843032,0.98,0.87,-192.69951909080746,136.40748961513438,-0.04107228021283426,0.07615182810234793,0.38735900514435784,0.03211869062082317,0.2926034701158616,0.0,0.12452678562842598,-196.63216233755864,156.79021794843032
downward_base,f_diesel,diesel f,165.92736765571402,0.98,0.87,-192.69951909080746,144.3568098604712,-0.016813050556021617,0.08154443704529421,0.4065513988807179,0.03587142800866645,0.31063883698122624,0.0,0.13629884172664714,-196.63216233755864,165.92736765571402
downward_base,f_diesel,diesel f,175.06451736299772,0.98,0.87,-192.69951909080746,152.30613010580802,0.008819889261287614,0.08712624539668651,0.4268305866601232,0.039836668990081515,0.3292135346819419,0.0,0.14863782083168672,-196.63216233755864,175.06451736299772
downward_base,f_diesel,diesel f,184.20166707028142,0.98,0.87,-192.69951909080746,160.25545035114484,0.03582653923909333,0.09289725315652483,0.4481965684825737,0.044014413565068355,0.34832756321800845,0.0,0.16154372294354472,-196.63216233755864,184.20166707028142
downward_base,f_diesel,diesel f,193.3388167775651,0.98,0.87,-192.69951909080746,168.20477059648164,0.06420689937739567,0.09885746032480933,0.4706493443480693,0.0484046617336271,0.36798092258942616,0.0,0.1750165480622212,-196.63216233755864,193.3388167775651
downward_base,f_diesel,diesel f,202.4759664848488,0.98,0.87,-192.69951909080746,176.15409084181846,0.09396096967619463,0.1050068669015397,0.49418891425661016,0.053007413495757494,0.38817361279619494,0.0,0.18905629618771608,-196.63216233755864,202.4759664848488
downward_base,f_diesel,diesel f,211.6131161921325,0.98,0.87,-192.69951909080746,184.10341108715528,0.1250887501354903,0.11134547288671609,0.5188152782081963,0.05782266885145971,0.4089056338383148,0.0,0.20366296732002948,-196.63216233755864,211.6131161921325
downward_base,f_diesel,diesel f,220.7502658994162,0.98,0.87,-192.69951909080746,192.0527313324921,0.15759024075528244,0.11787327828033849,0.5445284362028275,0.06285042780073367,0.4301769857157857,0.0,0.21883656145916122,-196.63216233755864,220.7502658994162
downward_base,f_diesel,diesel f,229.8874156066999,0.98,0.87,-192.69951909080746,200.00205157782892,0.1914654415355713,0.1245902830824069,0.5713283882405039,0.06809069034357941,0.4519876684286079,0.0,0.2345770786051115,-196.63216233755864,229.8874156066999
downward_base,f_diesel,diesel f,239.0245653139836,0.98,0.87,-192.69951909080746,207.95137182316574,0.22671435247635677,0.13149648729292135,0.5992151343212256,0.07354345647999695,0.4743376819767808,0.0,0.25088451875788015,-196.63216233755864,239.0245653139836
downward_base,f_diesel,diesel f,248.1617150212673,0.98,0.87,-192.69951909080746,215.90069206850254,0.26333697357763863,0.13859189091188198,0.6281886744449924,0.07920872620998641,0.49722702636030497,0.0,0.2677588819174673,-196.63216233755864,248.1617150212673
downward_base,f_diesel,diesel f,257.298864728551,0.98,0.86,-192.69951909080746,221.27702366655384,0.2888845196969749,0.16230465068381916,0.6484003040415005,0.09854719817014976,0.513013415247595,0.0,0.2851916813066731,-196.63216233755864,257.298864728551
downward_base,f_diesel,diesel f,266.4360144358347,0.98,0.86,-192.69951909080746,229.13497241481784,0.32735470418094237,0.17080255284786167,0.6788355214070846,0.10561047790836296,0.5365303021325917,0.0,0.3031889264128071,-196.63216233755864,266.4360144358347
downward_base,f_diesel,diesel f,275.5731641431184,0.98,0.86,-192.69951909080746,236.9929211630818,0.36716720077311826,0.1795198815447767,0.7103326926295003,0.1129202115184111,0.5605741926981609,0.0,0.3217523631939944,-196.63216233755864,275.5731641431184
downward_base,f_diesel,diesel f,284.7103138504021,0.98,0.86,-192.69951909080746,244.8508699113458,0.40832200947350306,0.1884566367745638,0.7428918177087486,0.1204763990002938,0.5851450869443033,0.0,0.3408819916502353,-196.63216233755864,284.7103138504021
downward_base,f_diesel,diesel f,293.8474635576858,0.98,0.86,-192.69951909080746,252.70881865960976,0.45081913028209675,0.19761281853722346,0.7765128966448286,0.1282790403540114,0.6102429848710184,0.0,0.3605778117815296,-196.63216233755864,293.8474635576858
downward_base,f_diesel,diesel f,302.9846132649695,0.98,0.86,-192.69951909080746,260.5667674078737,0.4946585631988993,0.2069884268327555,0.8111959294377409,0.1363281355795637,0.6358678864783065,0.0,0.3808398235878775,-196.63216233755864,302.9846132649695
downward_base,f_diesel,diesel f,312.1217629722532,0.98,0.86,-192.69951909080746,268.4247161561377,0.5398403082239109,0.21658346166115955,0.8469409160874852,0.1446236846769506,0.6620197917661679,0.0,0.40166802706927884,-196.63216233755864,312.1217629722532
downward_base,f_diesel,diesel f,321.2589126795369,0.98,0.86,-192.69951909080746,276.2826649044017,0.5863643653571315,0.2263979230224359,0.8837478565940619,0.1531656876461722,0.688698700734602,0.0,0.4230624222257338,-196.63216233755864,321.2589126795369
downward_base,f_diesel,diesel f,330.3960623868206,0.98,0.86,-192.69951909080746,284.1406136526657,0.6342307345985607,0.2364318109165846,0.9216167509574706,0.1619541444872285,0.715904613383609,0.0,0.4450230090572421,-196.63216233755864,330.3960623868206
downward_base,f_diesel,diesel f,339.5332120941043,0.98,0.86,-192.69951909080746,291.99856240092964,0.6834394159481986,0.24668512534360598,0.960547599177711,0.17098905520011995,0.7436375297131887,0.0,0.4675497875638039,-196.63216233755864,339.5332120941043
downward_base,S_gasoline_lag,"lagged S, gasoline",-19.77198122459403,1.0,0.98,-196.63216233755864,-185.90385037810998,-0.6290004712504278,0.005534162286453008,0.5339182896789113,0.001083958628201761,0.06715426911777199,0.0,-0.0035516319231816123,-196.63216233755864,-189.6978065082755
downward_base,S_gasoline_lag,"lagged S, gasoline",-19.023686620251684,1.0,0.98,-196.63216233755864,-185.90385037810998,-0.6290004712504278,0.005534162286453008,0.5339182896789113,0.001083958628201761,0.06715426911777199,0.0,-0.0035516319231816123,-196.63216233755864,-189.6978065082755
downward_base,S_gasoline_lag,"lagged S, gasoline",-18.275392015909343,1.0,0.98,-196.63216233755864,-185.90385037810998,-0.6290004712504278,0.005534162286453008,0.5339182896789113,0.001083958628201761,0.06715426911777199,0.0,-0.0035516319231816123,-196.63216233755864,-189.6978065082755
downward_base,S_gasoline_lag,"lagged S, gasoline",-17.527097411567,1.0,0.98,-196.63216233755864,-185.90385037810998,-0.6290004712504278,0.005534162286453008,0.5339182896789113,0.001083958628201761,0.06715426911777199,0.0,-0.0035516319231816123,-196.63216233755864,-189.6978065082755
downward_base,S_gasoline_lag,"lagged S, gasoline",-16.778802807224654,1.0,0.98,-196.63216233755864,-185.90385037810998,-0.6290004712504278,0.005534162286453008,0.5339182896789113,0.001083958628201761,0.06715426911777199,0.0,-0.0035516319231816123,-196.63216233755864,-189.6978065082755
downward_base,S_gasoline_lag,"lagged S, gasoline",-16.03050820288231,1.0,0.98,-196.63216233755864,-185.90385037810998,-0.6290004712504278,0.005534162286453008,0.5339182896789113,0.001083958628201761,0.06715426911777199,0.0,-0.0035516319231816123,-196.63216233755864,-189.6978065082755
downward_base,S_gasoline_lag,"lagged S, gasoline",-15.282213598539968,1.0,0.98,-196.63216233755864,-185.90385037810998,-0.6290004712504278,0.005534162286453008,0.5339182896789113,0.001083958628201761,0.06715426911777199,0.0,-0.0035516319231816123,-196.63216233755864,-189.6978065082755
downward_base,S_gasoline_lag,"lagged S, gasoline",-14.533918994197624,1.0,0.98,-196.63216233755864,-185.90385037810998,-0.6290004712504278,0.005534162286453008,0.5339182896789113,0.001083958628201761,0.06715426911777199,0.0,-0.0035516319231816123,-196.63216233755864,-189.6978065082755
downward_base,S_gasoline_lag,"lagged S, gasoline",-13.785624389855279,1.0,0.98,-196.63216233755864,-185.90385037810998,-0.6290004712504278,0.005534162286453008,0.5339182896789113,0.001083958628201761,0.06715426911777199,0.0,-0.0035516319231816123,-196.63216233755864,-189.6978065082755
downward_base,S_gasoline_lag,"lagged S, gasoline",-13.037329785512936,1.0,0.98,-196.63216233755864,-185.90385037810998,-0.6290004712504278,0.005534162286453008,0.5339182896789113,0.001083958628201761,0.06715426911777199,0.0,-0.0035516319231816123,-196.63216233755864,-189.6978065082755
downward_base,S_gasoline_lag,"lagged S, gasoline",-12.289035181170593,1.0,0.98,-196.63216233755864,-185.90385037810998,-0.6290004712504278,0.005534162286453008,0.5339182896789113,0.001083958628201761,0.06715426911777199,0.0,-0.0035516319231816123,-196.63216233755864,-189.6978065082755
downward_base,S_gasoline_lag,"lagged S, gasoline",-11.540740576828249,1.0,0.98,-196.63216233755864,-185.90385037810998,-0.6290004712504278,0.005534162286453008,0.5339182896789113,0.001083958628201761,0.06715426911777199,0.0,-0.0035516319231816123,-196.63216233755864,-189.6978065082755
downward_base,S_gasoline_lag,"lagged S, gasoline",-10.792445972485906,1.0,0.98,-196.63216233755864,-185.90385037810998,-0.6290004712504278,0.005534162286453008,0.5339182896789113,0.001083958628201761,0.06715426911777199,0.0,-0.0035516319231816123,-196.63216233755864,-189.6978065082755
downward_base,S_gasoline_lag,"lagged S, gasoline",-10.044151368143561,1.0,0.98,-196.63216233755864,-185.90385037810998,-0.6290004712504278,0.005534162286453008,0.5339182896789113,0.001083958628201761,0.06715426911777199,0.0,-0.0035516319231816123,-196.63216233755864,-189.6978065082755
downward_base,S_gasoline_lag,"lagged S, gasoline",-9.295856763801218,1.0,0.98,-196.63216233755864,-185.90385037810998,-0.6290004712504278,0.005534162286453008,0.5339182896789113,0.001083958628201761,0.06715426911777199,0.0,-0.0035516319231816123,-196.63216233755864,-189.6978065082755
downward_base,S_gasoline_lag,"lagged S, gasoline",-8.547562159458874,1.0,0.98,-196.63216233755864,-185.90385037810998,-0.6290004712504278,0.005534162286453008,0.5339182896789113,0.001083958628201761,0.06715426911777199,0.0,-0.0035516319231816123,-196.63216233755864,-189.6978065082755
downward_base,S_gasoline_lag,"lagged S, gasoline",-7.799267555116531,1.0,0.98,-196.63216233755864,-185.90385037810998,-0.6290004712504278,0.005534162286453008,0.5339182896789113,0.001083958628201761,0.06715426911777199,0.0,-0.0035516319231816123,-196.63216233755864,-189.6978065082755
downward_base,S_gasoline_lag,"lagged S, gasoline",-7.050972950774188,1.0,0.98,-196.63216233755864,-185.90385037810998,-0.6290004712504278,0.005534162286453008,0.5339182896789113,0.001083958628201761,0.06715426911777199,0.0,-0.0035516319231816123,-196.63216233755864,-189.6978065082755
downward_base,S_gasoline_lag,"lagged S, gasoline",-6.302678346431843,1.0,0.98,-196.63216233755864,-185.90385037810998,-0.6290004712504278,0.005534162286453008,0.5339182896789113,0.001083958628201761,0.06715426911777199,0.0,-0.0035516319231816123,-196.63216233755864,-189.6978065082755
downward_base,S_gasoline_lag,"lagged S, gasoline",-5.554383742089501,1.0,0.98,-196.63216233755864,-185.90385037810998,-0.6290004712504278,0.005534162286453008,0.5339182896789113,0.001083958628201761,0.06715426911777199,0.0,-0.0035516319231816123,-196.63216233755864,-189.6978065082755
downward_base,S_gasoline_lag,"lagged S, gasoline",-4.806089137747156,1.0,0.98,-196.63216233755864,-185.90385037810998,-0.6290004712504278,0.005534162286453008,0.5339182896789113,0.001083958628201761,0.06715426911777199,0.0,-0.0035516319231816123,-196.63216233755864,-189.6978065082755
downward_base,S_gasoline_lag,"lagged S, gasoline",-4.057794533404813,1.0,0.98,-196.63216233755864,-185.90385037810998,-0.6290004712504278,0.005534162286453008,0.5339182896789113,0.001083958628201761,0.06715426911777199,0.0,-0.0035516319231816123,-196.63216233755864,-189.6978065082755
downward_base,S_gasoline_lag,"lagged S, gasoline",-3.3094999290624685,1.0,0.98,-196.63216233755864,-185.90385037810998,-0.6290004712504278,0.005534162286453008,0.5339182896789113,0.001083958628201761,0.06715426911777199,0.0,-0.0035516319231816123,-196.63216233755864,-189.6978065082755
downward_base,S_gasoline_lag,"lagged S, gasoline",-2.561205324720124,1.0,0.98,-196.63216233755864,-185.90385037810998,-0.6290004712504278,0.005534162286453008,0.5339182896789113,0.001083958628201761,0.06715426911777199,0.0,-0.0035516319231816123,-196.63216233755864,-189.6978065082755
downward_base,S_gasoline_lag,"lagged S, gasoline",-1.8129107203777828,1.0,0.98,-196.63216233755864,-185.90385037810998,-0.6290004712504278,0.005534162286453008,0.5339182896789113,0.001083958628201761,0.06715426911777199,0.0,-0.0035516319231816123,-196.63216233755864,-189.6978065082755
downward_base,S_gasoline_lag,"lagged S, gasoline",-1.0646161160354382,1.0,0.98,-196.63216233755864,-185.90385037810998,-0.6290004712504278,0.005534162286453008,0.5339182896789113,0.001083958628201761,0.06715426911777199,0.0,-0.0035516319231816123,-196.63216233755864,-189.6978065082755
downward_base,S_gasoline_lag,"lagged S, gasoline",-0.3163215116930935,1.0,0.98,-196.63216233755864,-185.90385037810998,-0.6290004712504278,0.005534162286453008,0.5339182896789113,0.001083958628201761,0.06715426911777199,0.0,-0.0035516319231816123,-196.63216233755864,-189.6978065082755
downward_base,S_gasoline_lag,"lagged S, gasoline",0.43197309264924755,1.0,0.98,-196.63216233755864,-185.90385037810998,-0.6290004712504278,0.005538127077603857,0.5339182896789113,0.001083958628201761,0.06715426911777199,0.0,-0.003550971124656478,-196.63216233755864,-189.6978065082755
downward_base,S_gasoline_lag,"lagged S, gasoline",1.1802676969915922,1.0,0.98,-196.63216233755864,-185.90385037810998,-0.6290004712504278,0.005563760668112122,0.5339182896789113,0.001083958628201761,0.06715426911777199,0.0,-0.00354669885957176,-196.63216233755864,-189.6978065082755
downward_base,S_gasoline_lag,"lagged S, gasoline",1.9285623013339368,1.0,0.98,-196.63216233755864,-185.90385037810998,-0.6290004712504278,0.005613189063454132,0.5339182896789113,0.001083958628201761,0.06715426911777199,0.0,-0.0035384607936814316,-196.63216233755864,-189.6978065082755
downward_base,S_gasoline_lag,"lagged S, gasoline",2.6768569056762814,1.0,0.98,-196.63216233755864,-185.90385037810998,-0.6290004712504278,0.005686412263629895,0.5339182896789113,0.001083958628201761,0.06715426911777199,0.0,-0.0035262569269854643,-196.63216233755864,-189.6978065082755
downward_base,S_gasoline_lag,"lagged S, gasoline",3.4251515100186225,1.0,0.98,-196.63216233755864,-185.90385037810998,-0.6290004712504278,0.0057834302686394,0.5339182896789113,0.001083958628201761,0.06715426911777199,0.0,-0.003510087259483886,-196.63216233755864,-189.6978065082755
downward_base,S_gasoline_lag,"lagged S, gasoline",4.173446114360967,1.0,0.98,-196.63216233755864,-185.90385037810998,-0.6290004712504278,0.005904243078482651,0.5339182896789113,0.001083958628201761,0.06715426911777199,0.0,-0.003489951791176669,-196.63216233755864,-189.6978065082755
downward_base,S_gasoline_lag,"lagged S, gasoline",4.921740718703312,1.0,0.98,-196.63216233755864,-185.90385037810998,-0.6290004712504278,0.006048850693159657,0.5339182896789113,0.001083958628201761,0.06715426911777199,0.0,-0.0034658505220638413,-196.63216233755864,-189.6978065082755
downward_base,S_gasoline_lag,"lagged S, gasoline",5.670035323045653,1.0,0.98,-196.63216233755864,-185.90385037810998,-0.6290004712504278,0.006217253112670402,0.5339182896789113,0.001083958628201761,0.06715426911777199,0.0,-0.0034377834521453748,-196.63216233755864,-189.6978065082755
downward_base,S_gasoline_lag,"lagged S, gasoline",6.4183299273879975,0.99,0.98,-194.66584071418305,-185.90385037810998,-0.6239587711350016,0.005810953726531278,0.5292073946003643,0.0012920828672758904,0.06715426911777199,0.0,-0.0034156784705097025,-196.63216233755864,-189.6978065082755
downward_base,S_gasoline_lag,"lagged S, gasoline",7.166624531730342,0.99,0.98,-194.66584071418305,-185.90385037810998,-0.6239587711350016,0.005937622190599719,0.5292073946003643,0.0012920828672758904,0.06715426911777199,0.0,-0.0033945670598316234,-196.63216233755864,-189.6978065082755
downward_base,S_gasoline_lag,"lagged S, gasoline",7.914919136072687,0.99,0.98,-194.66584071418305,-185.90385037810998,-0.6239587711350016,0.006088085459501916,0.5292073946003643,0.0012920828672758904,0.06715426911777199,0.0,-0.0033694898483479334,-196.63216233755864,-189.6978065082755
downward_base,S_gasoline_lag,"lagged S, gasoline",8.663213740415028,0.99,0.98,-194.66584071418305,-185.90385037810998,-0.6239587711350016,0.0062623435332378515,0.5292073946003643,0.0012920828672758904,0.06715426911777199,0.0,-0.0033404468360586047,-196.63216233755864,-189.6978065082755
downward_base,S_gasoline_lag,"lagged S, gasoline",9.411508344757372,0.99,0.98,-194.66584071418305,-185.90385037810998,-0.6239587711350016,0.006460396411807534,0.5292073946003643,0.0012920828672758904,0.06715426911777199,0.0,-0.003307438022963651,-196.63216233755864,-189.6978065082755
downward_base,S_gasoline_lag,"lagged S, gasoline",10.159802949099717,0.99,0.98,-194.66584071418305,-185.90385037810998,-0.6239587711350016,0.006682244095210974,0.5292073946003643,0.0012920828672758904,0.06715426911777199,0.0,-0.0032704634090630867,-196.63216233755864,-189.6978065082755
downward_base,S_gasoline_lag,"lagged S, gasoline",10.908097553442058,0.99,0.98,-194.66584071418305,-185.90385037810998,-0.6239587711350016,0.00692788658344815,0.5292073946003643,0.0012920828672758904,0.06715426911777199,0.0,-0.0032295229943568836,-196.63216233755864,-189.6978065082755
downward_base,S_gasoline_lag,"lagged S, gasoline",11.656392157784403,0.99,0.98,-194.66584071418305,-185.90385037810998,-0.6239587711350016,0.0071973238765190885,0.5292073946003643,0.0012920828672758904,0.06715426911777199,0.0,-0.0031846167788450695,-196.63216233755864,-189.6978065082755
downward_base,S_gasoline_lag,"lagged S, gasoline",12.404686762126744,0.98,0.98,-192.69951909080746,-185.90385037810998,-0.6189677413724944,0.006512783502260715,0.5245438452009987,0.0019164555844982784,0.06715426911777199,0.0,-0.0031400646611607855,-196.63216233755864,-189.6978065082755
downward_base,S_gasoline_lag,"lagged S, gasoline",13.152981366469092,0.98,0.98,-192.69951909080746,-185.90385037810998,-0.6189677413724944,0.006740486839889347,0.5245438452009987,0.0019164555844982784,0.06715426911777199,0.0,-0.003102114104889345,-196.63216233755864,-189.6978065082755
downward_base,S_gasoline_lag,"lagged S, gasoline",13.901275970811433,0.98,0.98,-192.69951909080746,-185.90385037810998,-0.6189677413724944,0.006991984982351713,0.5245438452009987,0.0019164555844982784,0.06715426911777199,0.0,-0.0030601977478122797,-196.63216233755864,-189.6978065082755
downward_base,S_gasoline_lag,"lagged S, gasoline",14.649570575153781,0.98,0.98,-192.69951909080746,-185.90385037810998,-0.6189677413724944,0.00726727792964784,0.5245438452009987,0.0019164555844982784,0.06715426911777199,0.0,-0.0030143155899295896,-196.63216233755864,-189.6978065082755
downward_base,S_gasoline_lag,"lagged S, gasoline",15.397865179496122,0.98,0.98,-192.69951909080746,-185.90385037810998,-0.6189677413724944,0.007566365681777701,0.5245438452009987,0.0019164555844982784,0.06715426911777199,0.0,-0.0029644676312412886,-196.63216233755864,-189.6978065082755
downward_base,S_gasoline_lag,"lagged S, gasoline",16.146159783838463,0.98,0.98,-192.69951909080746,-185.90385037810998,-0.6189677413724944,0.007889248238741306,0.5245438452009987,0.0019164555844982784,0.06715426911777199,0.0,-0.002910653871747349,-196.63216233755864,-189.6978065082755
downward_base,S_gasoline_lag,"lagged S, gasoline",16.89445438818081,0.98,0.98,-192.69951909080746,-185.90385037810998,-0.6189677413724944,0.00823592560053868,0.5245438452009987,0.0019164555844982784,0.06715426911777199,0.0,-0.0028528743114477843,-196.63216233755864,-189.6978065082755
downward_base,S_gasoline_lag,"lagged S, gasoline",17.642748992523153,0.98,0.98,-192.69951909080746,-185.90385037810998,-0.6189677413724944,0.008606397767169779,0.5245438452009987,0.0019164555844982784,0.06715426911777199,0.0,-0.002791128950342609,-196.63216233755864,-189.6978065082755
downward_base,S_gasoline_lag,"lagged S, gasoline",18.391043596865494,0.98,0.98,-192.69951909080746,-185.90385037810998,-0.6189677413724944,0.00900066473863465,0.5245438452009987,0.0019164555844982784,0.06715426911777199,0.0,-0.0027254177884317946,-196.63216233755864,-189.6978065082755
downward_base,S_gasoline_lag,"lagged S, gasoline",19.139338201207842,0.97,0.98,-190.73319746743186,-185.90385037810998,-0.6140273819629062,0.007972354615980984,0.5199276414808145,0.002957076779868925,0.06715426911777199,0.0,-0.002669339994744965,-196.63216233755864,-189.6978065082755
downward_base,S_gasoline_lag,"lagged S, gasoline",19.887632805550183,0.97,0.98,-190.73319746743186,-185.90385037810998,-0.6140273819629062,0.008324887632003546,0.5199276414808145,0.002957076779868925,0.06715426911777199,0.0,-0.0026105844920745382,-196.63216233755864,-189.6978065082755
downward_base,S_gasoline_lag,"lagged S, gasoline",20.635927409892524,0.97,0.98,-190.73319746743186,-185.90385037810998,-0.6140273819629062,0.008701215452859838,0.5199276414808145,0.002957076779868925,0.06715426911777199,0.0,-0.0025478631885984867,-196.63216233755864,-189.6978065082755
downward_base,S_gasoline_lag,"lagged S, gasoline",21.384222014234872,0.97,0.98,-190.73319746743186,-185.90385037810998,-0.6140273819629062,0.009101338078549898,0.5199276414808145,0.002957076779868925,0.06715426911777199,0.0,-0.0024811760843168103,-196.63216233755864,-189.6978065082755
downward_base,S_gasoline_lag,"lagged S, gasoline",22.132516618577213,0.97,0.98,-190.73319746743186,-185.90385037810998,-0.6140273819629062,0.009525255509073682,0.5199276414808145,0.002957076779868925,0.06715426911777199,0.0,-0.002410523179229509,-196.63216233755864,-189.6978065082755
downward_base,S_gasoline_lag,"lagged S, gasoline",22.880811222919554,0.97,0.98,-190.73319746743186,-185.90385037810998,-0.6140273819629062,0.009972967744431212,0.5199276414808145,0.002957076779868925,0.06715426911777199,0.0,-0.0023359044733365832,-196.63216233755864,-189.6978065082755
downward_base,S_gasoline_lag,"lagged S, gasoline",23.629105827261903,0.97,0.98,-190.73319746743186,-185.90385037810998,-0.6140273819629062,0.010444474784622518,0.5199276414808145,0.002957076779868925,0.06715426911777199,0.0,-0.0022573199666380325,-196.63216233755864,-189.6978065082755
downward_base,S_gasoline_lag,"lagged S, gasoline",24.377400431604244,0.97,0.98,-190.73319746743186,-185.90385037810998,-0.6140273819629062,0.01093977662964754,0.5199276414808145,0.002957076779868925,0.06715426911777199,0.0,-0.0021747696591338708,-196.63216233755864,-189.6978065082755
downward_base,S_gasoline_lag,"lagged S, gasoline",25.125695035946592,0.96,0.98,-188.7668758440563,-185.90385037810998,-0.6091376929062368,0.009633225518874685,0.5153587834398117,0.004413946453387807,0.06715426911777199,0.0,-0.002096244729398419,-196.63216233755864,-189.6978065082755
downward_base,S_gasoline_lag,"lagged S, gasoline",25.873989640288933,0.96,0.98,-188.7668758440563,-185.90385037810998,-0.6091376929062368,0.010086793408457407,0.5153587834398117,0.004413946453387807,0.06715426911777199,0.0,-0.002020650081134631,-196.63216233755864,-189.6978065082755
downward_base,S_gasoline_lag,"lagged S, gasoline",26.622284244631274,0.96,0.98,-188.7668758440563,-185.90385037810998,-0.6091376929062368,0.010564156102873876,0.5153587834398117,0.004413946453387807,0.06715426911777199,0.0,-0.0019410896320652318,-196.63216233755864,-189.6978065082755
downward_base,S_gasoline_lag,"lagged S, gasoline",27.370578848973622,0.96,0.98,-188.7668758440563,-185.90385037810998,-0.6091376929062368,0.01106531360212412,0.5153587834398117,0.004413946453387807,0.06715426911777199,0.0,-0.0018575633821901801,-196.63216233755864,-189.6978065082755
downward_base,S_gasoline_lag,"lagged S, gasoline",28.118873453315963,0.96,0.98,-188.7668758440563,-185.90385037810998,-0.6091376929062368,0.011590265906208083,0.5153587834398117,0.004413946453387807,0.06715426911777199,0.0,-0.0017700713315095314,-196.63216233755864,-189.6978065082755
downward_base,S_gasoline_lag,"lagged S, gasoline",28.867168057658304,0.96,0.98,-188.7668758440563,-185.90385037810998,-0.6091376929062368,0.012139013015125825,0.5153587834398117,0.004413946453387807,0.06715426911777199,0.0,-0.0016786134800232302,-196.63216233755864,-189.6978065082755
downward_base,S_gasoline_lag,"lagged S, gasoline",29.615462662000652,0.96,0.98,-188.7668758440563,-185.90385037810998,-0.6091376929062368,0.012711554928877284,0.5153587834398117,0.004413946453387807,0.06715426911777199,0.0,-0.0015831898277313319,-196.63216233755864,-189.6978065082755
downward_base,S_gasoline_lag,"lagged S, gasoline",30.363757266342994,0.96,0.98,-188.7668758440563,-185.90385037810998,-0.6091376929062368,0.013307891647462518,0.5153587834398117,0.004413946453387807,0.06715426911777199,0.0,-0.001483800374633781,-196.63216233755864,-189.6978065082755
downward_base,S_gasoline_lag,"lagged S, gasoline",31.112051870685335,0.95,0.98,-186.8005542206807,-185.90385037810998,-0.6042986742024862,0.011723099548570369,0.5108372710779902,0.0062870646050549655,0.06715426911777199,0.0,-0.0013828283088497834,-196.63216233755864,-189.6978065082755
downward_base,S_gasoline_lag,"lagged S, gasoline",31.860346475027683,0.95,0.98,-186.8005542206807,-185.90385037810998,-0.6042986742024862,0.012277702311713297,0.5108372710779902,0.0062870646050549655,0.06715426911777199,0.0,-0.0012903945149926339,-196.63216233755864,-189.6978065082755
downward_base,S_gasoline_lag,"lagged S, gasoline",32.608641079370024,0.95,0.98,-186.8005542206807,-185.90385037810998,-0.6042986742024862,0.012856099879689947,0.5108372710779902,0.0062870646050549655,0.06715426911777199,0.0,-0.0011939949203298595,-196.63216233755864,-189.6978065082755
downward_base,S_gasoline_lag,"lagged S, gasoline",33.35693568371237,0.95,0.98,-186.8005542206807,-185.90385037810998,-0.6042986742024862,0.013458292252500371,0.5108372710779902,0.0062870646050549655,0.06715426911777199,0.0,-0.0010936295248614603,-196.63216233755864,-189.6978065082755
downward_base,S_gasoline_lag,"lagged S, gasoline",34.10523028805471,0.95,0.98,-186.8005542206807,-185.90385037810998,-0.6042986742024862,0.014084279430144515,0.5108372710779902,0.0062870646050549655,0.06715426911777199,0.0,-0.0009892983285874363,-196.63216233755864,-189.6978065082755
downward_base,S_gasoline_lag,"lagged S, gasoline",34.853524892397054,0.95,0.98,-186.8005542206807,-185.90385037810998,-0.6042986742024862,0.014734061412622401,0.5108372710779902,0.0062870646050549655,0.06715426911777199,0.0,-0.0008810013315077875,-196.63216233755864,-189.6978065082755
downward_base,S_gasoline_lag,"lagged S, gasoline",35.6018194967394,0.95,0.98,-186.8005542206807,-185.90385037810998,-0.6042986742024862,0.015407638199934076,0.5108372710779902,0.0062870646050549655,0.06715426911777199,0.0,-0.0007687385336225001,-196.63216233755864,-189.6978065082755
downward_base,S_gasoline_lag,"lagged S, gasoline",36.35011410108174,0.95,0.98,-186.8005542206807,-185.90385037810998,-0.6042986742024862,0.016105009792079458,0.5108372710779902,0.0062870646050549655,0.06715426911777199,0.0,-0.0006525099349316017,-196.63216233755864,-189.6978065082755
downward_base,S_gasoline_lag,"lagged S, gasoline",37.098408705424085,0.95,0.98,-186.8005542206807,-185.90385037810998,-0.6042986742024862,0.016826176189058625,0.5108372710779902,0.0062870646050549655,0.06715426911777199,0.0,-0.0005323155354350784,-196.63216233755864,-189.6978065082755
downward_base,S_gasoline_lag,"lagged S, gasoline",37.84670330976643,0.94,0.98,-184.83423259730512,-185.90385037810998,-0.5995103258516543,0.01489761434177118,0.50636310439535,0.008576431234870383,0.06715426911777199,0.0,-0.0004198177936484502,-196.63216233755864,-189.6978065082755
downward_base,S_gasoline_lag,"lagged S, gasoline",38.594997914108774,0.94,0.98,-184.83423259730512,-185.90385037810998,-0.5995103258516543,0.015577046783308042,0.50636310439535,0.008576431234870383,0.06715426911777199,0.0,-0.00030657905339230053,-196.63216233755864,-189.6978065082755
downward_base,S_gasoline_lag,"lagged S, gasoline",39.343292518451115,0.94,0.98,-184.83423259730512,-185.90385037810998,-0.5995103258516543,0.016280274029678618,0.50636310439535,0.008576431234870383,0.06715426911777199,0.0,-0.00018937451233053994,-196.63216233755864,-189.6978065082755
downward_base,S_gasoline_lag,"lagged S, gasoline",40.09158712279346,0.94,0.98,-184.83423259730512,-185.90385037810998,-0.5995103258516543,0.017007296080882934,0.50636310439535,0.008576431234870383,0.06715426911777199,0.0,-6.820417046315454e-05,-196.63216233755864,-189.6978065082755
downward_base,S_diesel_lag,"lagged S, diesel",0.2681327931275753,0.98,1.0,-192.69951909080746,-189.6978065082755,-0.6344567967489875,0.0019760990369777592,0.5367978224952225,0.0008324969562965175,0.06715426911777199,0.0,-0.004616018190453109,-196.63216233755864,-189.6978065082755
downward_base,S_diesel_lag,"lagged S, diesel",0.9138478645691102,0.98,1.0,-192.69951909080746,-189.6978065082755,-0.6344567967489875,0.0020011733455184344,0.5367978224952225,0.0008324969562965175,0.06715426911777199,0.0,-0.0046118391390296675,-196.63216233755864,-189.6978065082755
downward_base,S_diesel_lag,"lagged S, diesel",1.559562936010645,0.98,1.0,-192.69951909080746,-189.6978065082755,-0.6344567967489875,0.002053643802761306,0.5367978224952225,0.0008324969562965175,0.06715426911777199,0.0,-0.004603094062822525,-196.63216233755864,-189.6978065082755
downward_base,S_diesel_lag,"lagged S, diesel",2.2052780074521796,0.98,1.0,-192.69951909080746,-189.6978065082755,-0.6344567967489875,0.0021335104087063734,0.5367978224952225,0.0008324969562965175,0.06715426911777199,0.0,-0.004589782961831683,-196.63216233755864,-189.6978065082755
downward_base,S_diesel_lag,"lagged S, diesel",2.8509930788937146,0.98,1.0,-192.69951909080746,-189.6978065082755,-0.6344567967489875,0.002240773163353637,0.5367978224952225,0.0008324969562965175,0.06715426911777199,0.0,-0.0045719058360571396,-196.63216233755864,-189.6978065082755
downward_base,S_diesel_lag,"lagged S, diesel",3.4967081503352495,0.98,1.0,-192.69951909080746,-189.6978065082755,-0.6344567967489875,0.0023754320667030973,0.5367978224952225,0.0008324969562965175,0.06715426911777199,0.0,-0.004549462685498896,-196.63216233755864,-189.6978065082755
downward_base,S_diesel_lag,"lagged S, diesel",4.1424232217767845,0.98,1.0,-192.69951909080746,-189.6978065082755,-0.6344567967489875,0.0025374871187547536,0.5367978224952225,0.0008324969562965175,0.06715426911777199,0.0,-0.004522453510156952,-196.63216233755864,-189.6978065082755
downward_base,S_diesel_lag,"lagged S, diesel",4.78813829321832,0.98,1.0,-192.69951909080746,-189.6978065082755,-0.6344567967489875,0.0027269383195086066,0.5367978224952225,0.0008324969562965175,0.06715426911777199,0.0,-0.004490878310031308,-196.63216233755864,-189.6978065082755
downward_base,S_diesel_lag,"lagged S, diesel",5.433853364659854,0.98,1.0,-192.69951909080746,-189.6978065082755,-0.6344567967489875,0.002943785668964655,0.5367978224952225,0.0008324969562965175,0.06715426911777199,0.0,-0.004454737085121964,-196.63216233755864,-189.6978065082755
downward_base,S_diesel_lag,"lagged S, diesel",6.079568436101389,0.98,1.0,-192.69951909080746,-189.6978065082755,-0.6344567967489875,0.0031880291671229004,0.5367978224952225,0.0008324969562965175,0.06715426911777199,0.0,-0.00441402983542892,-196.63216233755864,-189.6978065082755
downward_base,S_diesel_lag,"lagged S, diesel",6.725283507542924,0.98,1.0,-192.69951909080746,-189.6978065082755,-0.6344567967489875,0.0034596688139833416,0.5367978224952225,0.0008324969562965175,0.06715426911777199,0.0,-0.004368756560952189,-196.63216233755864,-189.6978065082755
downward_base,S_diesel_lag,"lagged S, diesel",7.370998578984459,0.98,1.0,-192.69951909080746,-189.6978065082755,-0.6344567967489875,0.003758704609545979,0.5367978224952225,0.0008324969562965175,0.06715426911777199,0.0,-0.004318917261691743,-196.63216233755864,-189.6978065082755
downward_base,S_diesel_lag,"lagged S, diesel",8.016713650425993,0.98,1.0,-192.69951909080746,-189.6978065082755,-0.6344567967489875,0.004085136553810812,0.5367978224952225,0.0008324969562965175,0.06715426911777199,0.0,-0.004264511937647611,-196.63216233755864,-189.6978065082755
downward_base,S_diesel_lag,"lagged S, diesel",8.662428721867528,0.98,1.0,-192.69951909080746,-189.6978065082755,-0.6344567967489875,0.004438964646777842,0.5367978224952225,0.0008324969562965175,0.06715426911777199,0.0,-0.0042055405888197644,-196.63216233755864,-189.6978065082755
downward_base,S_diesel_lag,"lagged S, diesel",9.308143793309064,0.98,1.0,-192.69951909080746,-189.6978065082755,-0.6344567967489875,0.004820188888447068,0.5367978224952225,0.0008324969562965175,0.06715426911777199,0.0,-0.0041420032152082314,-196.63216233755864,-189.6978065082755
downward_base,S_diesel_lag,"lagged S, diesel",9.953858864750599,0.98,1.0,-192.69951909080746,-189.6978065082755,-0.6344567967489875,0.005228809278818492,0.5367978224952225,0.0008324969562965175,0.06715426911777199,0.0,-0.004073899816812998,-196.63216233755864,-189.6978065082755
downward_base,S_diesel_lag,"lagged S, diesel",10.599573936192133,0.98,1.0,-192.69951909080746,-189.6978065082755,-0.6344567967489875,0.005664825817892109,0.5367978224952225,0.0008324969562965175,0.06715426911777199,0.0,-0.004001230393634064,-196.63216233755864,-189.6978065082755
downward_base,S_diesel_lag,"lagged S, diesel",11.245289007633668,0.98,1.0,-192.69951909080746,-189.6978065082755,-0.6344567967489875,0.006128238505667925,0.5367978224952225,0.0008324969562965175,0.06715426911777199,0.0,-0.003923994945671416,-196.63216233755864,-189.6978065082755
downward_base,S_diesel_lag,"lagged S, diesel",11.891004079075202,0.98,1.0,-192.69951909080746,-189.6978065082755,-0.6344567967489875,0.006619047342145935,0.5367978224952225,0.0008324969562965175,0.06715426911777199,0.0,-0.0038421934729250817,-196.63216233755864,-189.6978065082755
downward_base,S_diesel_lag,"lagged S, diesel",12.536719150516738,0.98,0.99,-192.69951909080746,-187.80082844319276,-0.6266731552845378,0.005146207097186345,0.5306398894610039,0.0011034866133469536,0.06715426911777199,0.0,-0.003771550499204754,-196.63216233755864,-189.6978065082755
downward_base,S_diesel_lag,"lagged S, diesel",13.182434221958273,0.98,0.99,-192.69951909080746,-187.80082844319276,-0.6266731552845378,0.00557683073125206,0.5306398894610039,0.0011034866133469536,0.06715426911777199,0.0,-0.0036997798935271362,-196.63216233755864,-189.6978065082755
downward_base,S_diesel_lag,"lagged S, diesel",13.828149293399807,0.98,0.99,-192.69951909080746,-187.80082844319276,-0.6266731552845378,0.006034850514019973,0.5306398894610039,0.0011034866133469536,0.06715426911777199,0.0,-0.003623443263065818,-196.63216233755864,-189.6978065082755
downward_base,S_diesel_lag,"lagged S, diesel",14.473864364841342,0.98,0.99,-192.69951909080746,-187.80082844319276,-0.6266731552845378,0.00652026644549008,0.5306398894610039,0.0011034866133469536,0.06715426911777199,0.0,-0.003542540607820799,-196.63216233755864,-189.6978065082755
downward_base,S_diesel_lag,"lagged S, diesel",15.119579436282876,0.98,0.99,-192.69951909080746,-187.80082844319276,-0.6266731552845378,0.007033078525662384,0.5306398894610039,0.0011034866133469536,0.06715426911777199,0.0,-0.00345707192779208,-196.63216233755864,-189.6978065082755
downward_base,S_diesel_lag,"lagged S, diesel",15.76529450772441,0.98,0.99,-192.69951909080746,-187.80082844319276,-0.6266731552845378,0.007573286754536882,0.5306398894610039,0.0011034866133469536,0.06715426911777199,0.0,-0.0033670372229796606,-196.63216233755864,-189.6978065082755
downward_base,S_diesel_lag,"lagged S, diesel",16.411009579165945,0.98,0.99,-192.69951909080746,-187.80082844319276,-0.6266731552845378,0.008140891132113581,0.5306398894610039,0.0011034866133469536,0.06715426911777199,0.0,-0.0032724364933835546,-196.63216233755864,-189.6978065082755
downward_base,S_diesel_lag,"lagged S, diesel",17.056724650607478,0.98,0.99,-192.69951909080746,-187.80082844319276,-0.6266731552845378,0.008735891658392433,0.5306398894610039,0.0011034866133469536,0.06715426911777199,0.0,-0.003173269739003748,-196.63216233755864,-189.6978065082755
downward_base,S_diesel_lag,"lagged S, diesel",17.702439722049014,0.98,0.98,-192.69951909080746,-185.90385037810998,-0.6189677413724944,0.006929966312061221,0.5245438452009987,0.0019164555844982784,0.06715426911777199,0.0,-0.003070534192860694,-196.63216233755864,-189.6978065082755
downward_base,S_diesel_lag,"lagged S, diesel",18.34815479349055,0.98,0.98,-192.69951909080746,-185.90385037810998,-0.6189677413724944,0.007464781635927816,0.5245438452009987,0.0019164555844982784,0.06715426911777199,0.0,-0.0029813983055496044,-196.63216233755864,-189.6978065082755
downward_base,S_diesel_lag,"lagged S, diesel",18.993869864932083,0.98,0.98,-192.69951909080746,-185.90385037810998,-0.6189677413724944,0.00802699310849657,0.5245438452009987,0.0019164555844982784,0.06715426911777199,0.0,-0.0028876963934548142,-196.63216233755864,-189.6978065082755
downward_base,S_diesel_lag,"lagged S, diesel",19.63958493637362,0.98,0.98,-192.69951909080746,-185.90385037810998,-0.6189677413724944,0.008616600729767592,0.5245438452009987,0.0019164555844982784,0.06715426911777199,0.0,-0.00278942845657631,-196.63216233755864,-189.6978065082755
downward_base,S_diesel_lag,"lagged S, diesel",20.285300007815152,0.98,0.98,-192.69951909080746,-185.90385037810998,-0.6189677413724944,0.009233604499740738,0.5245438452009987,0.0019164555844982784,0.06715426911777199,0.0,-0.002686594494914119,-196.63216233755864,-189.6978065082755
downward_base,S_diesel_lag,"lagged S, diesel",20.93101507925669,0.98,0.98,-192.69951909080746,-185.90385037810998,-0.6189677413724944,0.009878004418416115,0.5245438452009987,0.0019164555844982784,0.06715426911777199,0.0,-0.0025791945084682136,-196.63216233755864,-189.6978065082755
downward_base,S_diesel_lag,"lagged S, diesel",21.576730150698225,0.98,0.98,-192.69951909080746,-185.90385037810998,-0.6189677413724944,0.010549800485793688,0.5245438452009987,0.0019164555844982784,0.06715426911777199,0.0,-0.002467228497238622,-196.63216233755864,-189.6978065082755
downward_base,S_diesel_lag,"lagged S, diesel",22.222445222139758,0.98,0.98,-192.69951909080746,-185.90385037810998,-0.6189677413724944,0.011248992701873463,0.5245438452009987,0.0019164555844982784,0.06715426911777199,0.0,-0.00235069646122533,-196.63216233755864,-189.6978065082755
downward_base,S_diesel_lag,"lagged S, diesel",22.868160293581294,0.98,0.98,-192.69951909080746,-185.90385037810998,-0.6189677413724944,0.011975581066655423,0.5245438452009987,0.0019164555844982784,0.06715426911777199,0.0,-0.0022295984004283374,-196.63216233755864,-189.6978065082755
downward_base,S_diesel_lag,"lagged S, diesel",23.513875365022827,0.98,0.97,-192.69951909080746,-184.00687231302723,-0.6113405550128579,0.009748989267838098,0.5185096897152068,0.0032714038697504674,0.06715426911777199,0.0,-0.0021093671737150745,-196.63216233755864,-189.6978065082755
downward_base,S_diesel_lag,"lagged S, diesel",24.159590436464363,0.98,0.97,-192.69951909080746,-184.00687231302723,-0.6113405550128579,0.010415392430207768,0.5185096897152068,0.0032714038697504674,0.06715426911777199,0.0,-0.0019982999799867986,-196.63216233755864,-189.6978065082755
downward_base,S_diesel_lag,"lagged S, diesel",24.8053055079059,0.98,0.97,-192.69951909080746,-184.00687231302723,-0.6113405550128579,0.011109191741279638,0.5185096897152068,0.0032714038697504674,0.06715426911777199,0.0,-0.0018826667614748223,-196.63216233755864,-189.6978065082755
downward_base,S_diesel_lag,"lagged S, diesel",25.451020579347432,0.98,0.97,-192.69951909080746,-184.00687231302723,-0.6113405550128579,0.0118303872010537,0.5185096897152068,0.0032714038697504674,0.06715426911777199,0.0,-0.0017624675181791456,-196.63216233755864,-189.6978065082755
downward_base,S_diesel_lag,"lagged S, diesel",26.09673565078897,0.98,0.97,-192.69951909080746,-184.00687231302723,-0.6113405550128579,0.01257897880952996,0.5185096897152068,0.0032714038697504674,0.06715426911777199,0.0,-0.0016377022500997686,-196.63216233755864,-189.6978065082755
downward_base,S_diesel_lag,"lagged S, diesel",26.7424507222305,0.98,0.97,-192.69951909080746,-184.00687231302723,-0.6113405550128579,0.013354966566708412,0.5185096897152068,0.0032714038697504674,0.06715426911777199,0.0,-0.0015083709572366912,-196.63216233755864,-189.6978065082755
downward_base,S_diesel_lag,"lagged S, diesel",27.388165793672037,0.98,0.97,-192.69951909080746,-184.00687231302723,-0.6113405550128579,0.014158350472589063,0.5185096897152068,0.0032714038697504674,0.06715426911777199,0.0,-0.0013744736395899133,-196.63216233755864,-189.6978065082755
downward_base,S_diesel_lag,"lagged S, diesel",28.033880865113574,0.98,0.97,-192.69951909080746,-184.00687231302723,-0.6113405550128579,0.014989130527171915,0.5185096897152068,0.0032714038697504674,0.06715426911777199,0.0,-0.001236010297159449,-196.63216233755864,-189.6978065082755
downward_base,S_diesel_lag,"lagged S, diesel",28.679595936555106,0.98,0.97,-192.69951909080746,-184.00687231302723,-0.6113405550128579,0.015847306730456957,0.5185096897152068,0.0032714038697504674,0.06715426911777199,0.0,-0.0010929809299452704,-196.63216233755864,-189.6978065082755
downward_base,S_diesel_lag,"lagged S, diesel",29.325311007996643,0.98,0.96,-192.69951909080746,-182.10989424794448,-0.6037915962056277,0.013200048479153507,0.5125374230036281,0.005168331469103529,0.06715426911777199,0.0,-0.0009552540226617518,-196.63216233755864,-189.6978065082755
downward_base,S_diesel_lag,"lagged S, diesel",29.971026079438175,0.98,0.96,-192.69951909080746,-182.10989424794448,-0.6037915962056277,0.013998039480026257,0.5125374230036281,0.005168331469103529,0.06715426911777199,0.0,-0.0008222555225162898,-196.63216233755864,-189.6978065082755
downward_base,S_diesel_lag,"lagged S, diesel",30.61674115087971,0.98,0.96,-192.69951909080746,-182.10989424794448,-0.6037915962056277,0.0148234266296012,0.5125374230036281,0.005168331469103529,0.06715426911777199,0.0,-0.0006846909975871274,-196.63216233755864,-189.6978065082755
downward_base,S_diesel_lag,"lagged S, diesel",31.262456222321244,0.98,0.96,-192.69951909080746,-182.10989424794448,-0.6037915962056277,0.01567620992787834,0.5125374230036281,0.005168331469103529,0.06715426911777199,0.0,-0.0005425604478742786,-196.63216233755864,-189.6978065082755
downward_base,S_diesel_lag,"lagged S, diesel",31.90817129376278,0.98,0.96,-192.69951909080746,-182.10989424794448,-0.6037915962056277,0.016556389374857677,0.5125374230036281,0.005168331469103529,0.06715426911777199,0.0,-0.0003958638733777154,-196.63216233755864,-189.6978065082755
downward_base,S_diesel_lag,"lagged S, diesel",32.55388636520432,0.98,0.96,-192.69951909080746,-182.10989424794448,-0.6037915962056277,0.01746396497053921,0.5125374230036281,0.005168331469103529,0.06715426911777199,0.0,-0.00024460127409746575,-196.63216233755864,-189.6978065082755
downward_base,S_diesel_lag,"lagged S, diesel",33.19960143664586,0.98,0.96,-192.69951909080746,-182.10989424794448,-0.6037915962056277,0.01839893671492294,0.5125374230036281,0.005168331469103529,0.06715426911777199,0.0,-8.877265003351571e-05,-196.63216233755864,-189.6978065082755
downward_base,S_diesel_lag,"lagged S, diesel",33.845316508087386,0.98,0.96,-192.69951909080746,-182.10989424794448,-0.6037915962056277,0.019361304608008865,0.5125374230036281,0.005168331469103529,0.06715426911777199,0.0,7.162199881414859e-05,-196.63216233755864,-189.6978065082755
downward_base,S_diesel_lag,"lagged S, diesel",34.49103157952892,0.98,0.96,-192.69951909080746,-182.10989424794448,-0.6037915962056277,0.020351068649796987,0.5125374230036281,0.005168331469103529,0.06715426911777199,0.0,0.0002365826724454994,-196.63216233755864,-189.6978065082755
downward_base,S_diesel_lag,"lagged S, diesel",35.13674665097046,0.98,0.95,-192.69951909080746,-180.21291618286173,-0.5963208649508043,0.01728314394600742,0.5066270450662628,0.007607238382557463,0.06715426911777199,0.0,0.0003918052602992269,-196.63216233755864,-189.6978065082755
downward_base,S_diesel_lag,"lagged S, diesel",35.782461722411995,0.98,0.95,-192.69951909080746,-180.21291618286173,-0.5963208649508043,0.018212722785383245,0.5066270450662628,0.007607238382557463,0.06715426911777199,0.0,0.0005467350668618611,-196.63216233755864,-189.6978065082755
downward_base,S_diesel_lag,"lagged S, diesel",36.42817679385353,0.98,0.95,-192.69951909080746,-180.21291618286173,-0.5963208649508043,0.019169697773461267,0.5066270450662628,0.007607238382557463,0.06715426911777199,0.0,0.0007062308982081957,-196.63216233755864,-189.6978065082755
downward_base,S_diesel_lag,"lagged S, diesel",37.07389186529506,0.98,0.95,-192.69951909080746,-180.21291618286173,-0.5963208649508043,0.020154068910241484,0.5066270450662628,0.007607238382557463,0.06715426911777199,0.0,0.0008702927543382446,-196.63216233755864,-189.6978065082755
downward_base,S_diesel_lag,"lagged S, diesel",37.7196069367366,0.98,0.95,-192.69951909080746,-180.21291618286173,-0.5963208649508043,0.0211658361957239,0.5066270450662628,0.007607238382557463,0.06715426911777199,0.0,0.00103892063525198,-196.63216233755864,-189.6978065082755
downward_base,S_diesel_lag,"lagged S, diesel",38.36532200817813,0.98,0.95,-192.69951909080746,-180.21291618286173,-0.5963208649508043,0.02220499962990851,0.5066270450662628,0.007607238382557463,0.06715426911777199,0.0,0.0012121145409494018,-196.63216233755864,-189.6978065082755
downward_base,S_diesel_lag,"lagged S, diesel",39.01103707961967,0.98,0.95,-192.69951909080746,-180.21291618286173,-0.5963208649508043,0.02327155921279532,0.5066270450662628,0.007607238382557463,0.06715426911777199,0.0,0.001389874471430538,-196.63216233755864,-189.6978065082755
downward_base,S_diesel_lag,"lagged S, diesel",39.656752151061205,0.98,0.95,-192.69951909080746,-180.21291618286173,-0.5963208649508043,0.02436551494438432,0.5066270450662628,0.007607238382557463,0.06715426911777199,0.0,0.0015722004266953745,-196.63216233755864,-189.6978065082755
downward_base,S_diesel_lag,"lagged S, diesel",40.302467222502735,0.98,0.95,-192.69951909080746,-180.21291618286173,-0.5963208649508043,0.02548686682467552,0.5066270450662628,0.007607238382557463,0.06715426911777199,0.0,0.0017590924067439114,-196.63216233755864,-189.6978065082755
downward_base,S_diesel_lag,"lagged S, diesel",40.94818229394427,0.98,0.94,-192.69951909080746,-178.31593811777896,-0.5889283612483871,0.021998275668399757,0.5007785559031105,0.010588124610112316,0.06715426911777199,0.0,0.0019318106751678998,-196.63216233755864,-189.6978065082755
downward_base,S_diesel_lag,"lagged S, diesel",41.59389736538581,0.98,0.94,-192.69951909080746,-178.31593811777896,-0.5889283612483871,0.02305944234627866,0.5007785559031105,0.010588124610112316,0.06715426911777199,0.0,0.00210867178814772,-196.63216233755864,-189.6978065082755
downward_base,S_diesel_lag,"lagged S, diesel",42.23961243682734,0.98,0.94,-192.69951909080746,-178.31593811777896,-0.5889283612483871,0.024148005172859765,0.5007785559031105,0.010588124610112316,0.06715426911777199,0.0,0.002290098925911241,-196.63216233755864,-189.6978065082755
downward_base,S_diesel_lag,"lagged S, diesel",42.88532750826888,0.98,0.94,-192.69951909080746,-178.31593811777896,-0.5889283612483871,0.02526396414814306,0.5007785559031105,0.010588124610112316,0.06715426911777199,0.0,0.002476092088458448,-196.63216233755864,-189.6978065082755
downward_base,S_diesel_lag,"lagged S, diesel",43.53104257971041,0.98,0.94,-192.69951909080746,-178.31593811777896,-0.5889283612483871,0.026407319272128547,0.5007785559031105,0.010588124610112316,0.06715426911777199,0.0,0.0026666512757893696,-196.63216233755864,-189.6978065082755
downward_base,S_diesel_lag,"lagged S, diesel",44.176757651151945,0.98,0.94,-192.69951909080746,-178.31593811777896,-0.5889283612483871,0.027578070544816233,0.5007785559031105,0.010588124610112316,0.06715426911777199,0.0,0.0028617764879039775,-196.63216233755864,-189.6978065082755
downward_base,S_diesel_lag,"lagged S, diesel",44.82247272259348,0.98,0.94,-192.69951909080746,-178.31593811777896,-0.5889283612483871,0.028776217966206115,0.5007785559031105,0.010588124610112316,0.06715426911777199,0.0,0.0030614677248023,-196.63216233755864,-189.6978065082755
downward_base,S_diesel_lag,"lagged S, diesel",45.46818779403502,0.98,0.94,-192.69951909080746,-178.31593811777896,-0.5889283612483871,0.030001761536298195,0.5007785559031105,0.010588124610112316,0.06715426911777199,0.0,0.0032657249864843085,-196.63216233755864,-189.6978065082755
downward_base,S_diesel_lag,"lagged S, diesel",46.113902865476554,0.98,0.93,-192.69951909080746,-176.41896005269624,-0.5816140850983768,0.026180085278650955,0.4949919555141717,0.014110990151767944,0.06715426911777199,0.0,0.003470535827330966,-196.63216233755864,-189.6978065082755
downward_base,S_diesel_lag,"lagged S, diesel",46.75961793691808,0.98,0.93,-192.69951909080746,-176.41896005269624,-0.5816140850983768,0.02734544364633074,0.4949919555141717,0.014110990151767944,0.06715426911777199,0.0,0.0036647622219442583,-196.63216233755864,-189.6978065082755
downward_base,S_diesel_lag,"lagged S, diesel",47.40533300835962,0.98,0.93,-192.69951909080746,-176.41896005269624,-0.5816140850983768,0.028538198162712712,0.4949919555141717,0.014110990151767944,0.06715426911777199,0.0,0.003863554641341251,-196.63216233755864,-189.6978065082755
downward_base,S_diesel_lag,"lagged S, diesel",48.051048079801156,0.98,0.93,-192.69951909080746,-176.41896005269624,-0.5816140850983768,0.029758348827796894,0.4949919555141717,0.014110990151767944,0.06715426911777199,0.0,0.004066913085521958,-196.63216233755864,-189.6978065082755
downward_base,S_diesel_lag,"lagged S, diesel",48.69676315124269,0.98,0.93,-192.69951909080746,-176.41896005269624,-0.5816140850983768,0.031005895641583268,0.4949919555141717,0.014110990151767944,0.06715426911777199,0.0,0.004274837554486351,-196.63216233755864,-189.6978065082755
downward_base,S_diesel_lag,"lagged S, diesel",49.34247822268423,0.98,0.93,-192.69951909080746,-176.41896005269624,-0.5816140850983768,0.03228083860407184,0.4949919555141717,0.014110990151767944,0.06715426911777199,0.0,0.004487328048234445,-196.63216233755864,-189.6978065082755
downward_base,S_diesel_lag,"lagged S, diesel",49.98819329412576,0.98,0.93,-192.69951909080746,-176.41896005269624,-0.5816140850983768,0.0335831777152626,0.4949919555141717,0.014110990151767944,0.06715426911777199,0.0,0.004704384566766239,-196.63216233755864,-189.6978065082755
downward_base,S_diesel_lag,"lagged S, diesel",50.633908365567294,0.98,0.93,-192.69951909080746,-176.41896005269624,-0.5816140850983768,0.034912912975155565,0.4949919555141717,0.014110990151767944,0.06715426911777199,0.0,0.004926007110081733,-196.63216233755864,-189.6978065082755
downward_base,S_diesel_lag,"lagged S, diesel",51.27962343700883,0.98,0.93,-192.69951909080746,-176.41896005269624,-0.5816140850983768,0.03627004438375073,0.4949919555141717,0.014110990151767944,0.06715426911777199,0.0,0.005152195678180928,-196.63216233755864,-189.6978065082755
downward_base,S_diesel_lag,"lagged S, diesel",51.925338508450366,0.98,0.92,-192.69951909080746,-174.5219819876135,-0.5743780365007728,0.03202770167361728,0.4892672438994461,0.0181758350075245,0.06715426911777199,0.0,0.005374502199597847,-196.63216233755864,-189.6978065082755
downward_base,prev_u_gasoline,"previous u, gasoline",-393.4071035992978,1.0,0.98,-196.63216233755864,-185.90385037810998,-0.6290004712504278,0.010479514039625876,0.5340636458149037,0.001083958628201761,0.06715426911777199,0.0,-0.0027031806083207387,-196.63216233755864,-189.6978065082755
downward_base,prev_u_gasoline,"previous u, gasoline",-384.393938626157,1.0,0.98,-196.63216233755864,-185.90385037810998,-0.6290004712504278,0.010479514039625876,0.5250946834462369,0.001083958628201761,0.06715426911777199,0.0,-0.0041980076697652035,-196.63216233755864,-189.6978065082755
downward_base,prev_u_gasoline,"previous u, gasoline",-375.38077365301626,1.0,0.98,-196.63216233755864,-185.90385037810998,-0.6290004712504278,0.010479514039625876,0.5165461685083469,0.001083958628201761,0.06715426911777199,0.0,-0.005622760159413541,-196.63216233755864,-189.6978065082755
downward_base,prev_u_gasoline,"previous u, gasoline",-366.3676086798755,1.0,0.98,-196.63216233755864,-185.90385037810998,-0.6290004712504278,0.010479514039625876,0.5084181010012336,0.001083958628201761,0.06715426911777199,0.0,-0.00697743807726575,-196.63216233755864,-189.6978065082755
downward_base,prev_u_gasoline,"previous u, gasoline",-357.3544437067347,1.0,0.98,-196.63216233755864,-185.90385037810998,-0.6290004712504278,0.010479514039625876,0.5007104809248971,0.001083958628201761,0.06715426911777199,0.0,-0.008262041423321832,-196.63216233755864,-189.6978065082755
downward_base,prev_u_gasoline,"previous u, gasoline",-348.3412787335939,1.0,0.98,-196.63216233755864,-185.90385037810998,-0.6290004712504278,0.010479514039625876,0.4934233082793373,0.001083958628201761,0.06715426911777199,0.0,-0.009476570197581814,-196.63216233755864,-189.6978065082755
downward_base,prev_u_gasoline,"previous u, gasoline",-339.32811376045316,1.0,0.98,-196.63216233755864,-185.90385037810998,-0.6290004712504278,0.010479514039625876,0.4865565830645544,0.001083958628201761,0.06715426911777199,0.0,-0.010621024400045627,-196.63216233755864,-189.6978065082755
downward_base,prev_u_gasoline,"previous u, gasoline",-330.3149487873124,1.0,0.98,-196.63216233755864,-185.90385037810998,-0.6290004712504278,0.010479514039625876,0.48011030528054816,0.001083958628201761,0.06715426911777199,0.0,-0.011695404030713326,-196.63216233755864,-189.6978065082755
downward_base,prev_u_gasoline,"previous u, gasoline",-321.30178381417164,1.0,0.98,-196.63216233755864,-185.90385037810998,-0.6290004712504278,0.010479514039625876,0.47408447492731876,0.001083958628201761,0.06715426911777199,0.0,-0.012699709089584897,-196.63216233755864,-189.6978065082755
downward_base,prev_u_gasoline,"previous u, gasoline",-312.2886188410308,1.0,0.98,-196.63216233755864,-185.90385037810998,-0.6290004712504278,0.010479514039625876,0.4684790920048661,0.001083958628201761,0.06715426911777199,0.0,-0.01363393957666034,-196.63216233755864,-189.6978065082755
downward_base,prev_u_gasoline,"previous u, gasoline",-303.27545386789006,1.0,0.98,-196.63216233755864,-185.90385037810998,-0.6290004712504278,0.010479514039625876,0.46329415651319017,0.001083958628201761,0.06715426911777199,0.0,-0.014498095491939656,-196.63216233755864,-189.6978065082755
downward_base,prev_u_gasoline,"previous u, gasoline",-294.2622888947493,1.0,0.98,-196.63216233755864,-185.90385037810998,-0.6290004712504278,0.010479514039625876,0.45852966845229104,0.001083958628201761,0.06715426911777199,0.0,-0.015292176835422845,-196.63216233755864,-189.6978065082755
downward_base,prev_u_gasoline,"previous u, gasoline",-285.24912392160854,1.0,0.98,-196.63216233755864,-185.90385037810998,-0.6290004712504278,0.010479514039625876,0.4541856278221687,0.001083958628201761,0.06715426911777199,0.0,-0.016016183607109907,-196.63216233755864,-189.6978065082755
downward_base,prev_u_gasoline,"previous u, gasoline",-276.2359589484678,1.0,0.98,-196.63216233755864,-185.90385037810998,-0.6290004712504278,0.010479514039625876,0.4502620346228231,0.001083958628201761,0.06715426911777199,0.0,-0.01667011580700084,-196.63216233755864,-189.6978065082755
downward_base,prev_u_gasoline,"previous u, gasoline",-267.222793975327,1.0,0.98,-196.63216233755864,-185.90385037810998,-0.6290004712504278,0.010479514039625876,0.4467588888542543,0.001083958628201761,0.06715426911777199,0.0,-0.017253973435095632,-196.63216233755864,-189.6978065082755
downward_base,prev_u_gasoline,"previous u, gasoline",-258.20962900218626,1.0,0.98,-196.63216233755864,-185.90385037810998,-0.6290004712504278,0.010479514039625876,0.44367619051646223,0.001083958628201761,0.06715426911777199,0.0,-0.01776775649139431,-196.63216233755864,-189.6978065082755
downward_base,prev_u_gasoline,"previous u, gasoline",-249.19646402904547,1.0,0.98,-196.63216233755864,-185.90385037810998,-0.6290004712504278,0.010479514039625876,0.4410139396094469,0.001083958628201761,0.06715426911777199,0.0,-0.018211464975896874,-196.63216233755864,-189.6978065082755
downward_base,prev_u_gasoline,"previous u, gasoline",-240.1832990559047,1.0,0.98,-196.63216233755864,-185.90385037810998,-0.6290004712504278,0.010479514039625876,0.43877213613320837,0.001083958628201761,0.06715426911777199,0.0,-0.018585098888603296,-196.63216233755864,-189.6978065082755
downward_base,prev_u_gasoline,"previous u, gasoline",-231.17013408276392,1.0,0.98,-196.63216233755864,-185.90385037810998,-0.6290004712504278,0.010479514039625876,0.4369507800877466,0.001083958628201761,0.06715426911777199,0.0,-0.018888658229513577,-196.63216233755864,-189.6978065082755
downward_base,prev_u_gasoline,"previous u, gasoline",-222.15696910962316,1.0,0.98,-196.63216233755864,-185.90385037810998,-0.6290004712504278,0.010479514039625876,0.43554987147306157,0.001083958628201761,0.06715426911777199,0.0,-0.01912214299862776,-196.63216233755864,-189.6978065082755
downward_base,prev_u_gasoline,"previous u, gasoline",-213.1438041364824,1.0,0.98,-196.63216233755864,-185.90385037810998,-0.6290004712504278,0.010479514039625876,0.43456941028915336,0.001083958628201761,0.06715426911777199,0.0,-0.019285553195945798,-196.63216233755864,-189.6978065082755
downward_base,prev_u_gasoline,"previous u, gasoline",-204.1306391633416,1.0,0.98,-196.63216233755864,-185.90385037810998,-0.6290004712504278,0.010479514039625876,0.43400939653602183,0.001083958628201761,0.06715426911777199,0.0,-0.01937888882146771,-196.63216233755864,-189.6978065082755
downward_base,prev_u_gasoline,"previous u, gasoline",-195.11747419020085,1.0,0.98,-196.63216233755864,-185.90385037810998,-0.6290004712504278,0.010479514039625876,0.43386983021366715,0.001083958628201761,0.06715426911777199,0.0,-0.019402149875193495,-196.63216233755864,-189.6978065082755
downward_base,prev_u_gasoline,"previous u, gasoline",-186.1043092170601,1.0,0.98,-196.63216233755864,-185.90385037810998,-0.6290004712504278,0.010479514039625876,0.43415071132208927,0.001083958628201761,0.06715426911777199,0.0,-0.019355336357123137,-196.63216233755864,-189.6978065082755
downward_base,prev_u_gasoline,"previous u, gasoline",-177.0911442439193,1.0,0.98,-196.63216233755864,-185.90385037810998,-0.6290004712504278,0.010479514039625876,0.434852039861288,0.001083958628201761,0.06715426911777199,0.0,-0.01923844826725668,-196.63216233755864,-189.6978065082755
downward_base,prev_u_gasoline,"previous u, gasoline",-168.07797927077854,1.0,0.98,-196.63216233755864,-185.90385037810998,-0.6290004712504278,0.010479514039625876,0.43597381583126366,0.001083958628201761,0.06715426911777199,0.0,-0.019051485605594082,-196.63216233755864,-189.6978065082755
downward_base,prev_u_gasoline,"previous u, gasoline",-159.06481429763778,1.0,0.98,-196.63216233755864,-185.90385037810998,-0.6290004712504278,0.010479514039625876,0.437516039232016,0.001083958628201761,0.06715426911777199,0.0,-0.018794448372135356,-196.63216233755864,-189.6978065082755
downward_base,prev_u_gasoline,"previous u, gasoline",-150.05164932449702,1.0,0.98,-196.63216233755864,-185.90385037810998,-0.6290004712504278,0.010479514039625876,0.4394787100635451,0.001083958628201761,0.06715426911777199,0.0,-0.018467336566880502,-196.63216233755864,-189.6978065082755
downward_base,prev_u_gasoline,"previous u, gasoline",-141.03848435135623,1.0,0.98,-196.63216233755864,-185.90385037810998,-0.6290004712504278,0.010479514039625876,0.441861828325851,0.001083958628201761,0.06715426911777199,0.0,-0.01807015018982952,-196.63216233755864,-189.6978065082755
downward_base,prev_u_gasoline,"previous u, gasoline",-132.02531937821544,1.0,0.98,-196.63216233755864,-185.90385037810998,-0.6290004712504278,0.010479514039625876,0.4446653940189337,0.001083958628201761,0.06715426911777199,0.0,-0.01760288924098241,-196.63216233755864,-189.6978065082755
downward_base,prev_u_gasoline,"previous u, gasoline",-123.01215440507468,1.0,0.98,-196.63216233755864,-185.90385037810998,-0.6290004712504278,0.010479514039625876,0.44788940714279313,0.001083958628201761,0.06715426911777199,0.0,-0.01706555372033916,-196.63216233755864,-189.6978065082755
downward_base,prev_u_gasoline,"previous u, gasoline",-113.99898943193392,1.0,0.98,-196.63216233755864,-185.90385037810998,-0.6290004712504278,0.010479514039625876,0.4515338676974293,0.001083958628201761,0.06715426911777199,0.0,-0.016458143627899796,-196.63216233755864,-189.6978065082755
downward_base,prev_u_gasoline,"previous u, gasoline",-104.98582445879316,0.99,0.98,-194.66584071418305,-185.90385037810998,-0.6239587711350016,0.008826050358336055,0.45195630127241426,0.0012920828672758904,0.06715426911777199,0.0,-0.015788344586533887,-196.63216233755864,-189.6978065082755
downward_base,prev_u_gasoline,"previous u, gasoline",-95.9726594856524,0.99,0.98,-194.66584071418305,-185.90385037810998,-0.6239587711350016,0.008826050358336055,0.4563499314314837,0.0012920828672758904,0.06715426911777199,0.0,-0.015056072893355641,-196.63216233755864,-189.6978065082755
downward_base,prev_u_gasoline,"previous u, gasoline",-86.95949451251164,0.99,0.98,-194.66584071418305,-185.90385037810998,-0.6239587711350016,0.008826050358336055,0.46116400902132987,0.0012920828672758904,0.06715426911777199,0.0,-0.014253726628381284,-196.63216233755864,-189.6978065082755
downward_base,prev_u_gasoline,"previous u, gasoline",-77.94632953937088,0.99,0.98,-194.66584071418305,-185.90385037810998,-0.6239587711350016,0.008826050358336055,0.4663985340419528,0.0012920828672758904,0.06715426911777199,0.0,-0.013381305791610799,-196.63216233755864,-189.6978065082755
downward_base,prev_u_gasoline,"previous u, gasoline",-68.93316456623006,0.99,0.98,-194.66584071418305,-185.90385037810998,-0.6239587711350016,0.008826050358336055,0.47205350649335254,0.0012920828672758904,0.06715426911777199,0.0,-0.012438810383044186,-196.63216233755864,-189.6978065082755
downward_base,prev_u_gasoline,"previous u, gasoline",-59.9199995930893,0.99,0.98,-194.66584071418305,-185.90385037810998,-0.6239587711350016,0.008826050358336055,0.47812892637552906,0.0012920828672758904,0.06715426911777199,0.0,-0.011426240402681432,-196.63216233755864,-189.6978065082755
downward_base,prev_u_gasoline,"previous u, gasoline",-50.90683461994854,0.99,0.98,-194.66584071418305,-185.90385037810998,-0.6239587711350016,0.008826050358336055,0.48462479368848227,0.0012920828672758904,0.06715426911777199,0.0,-0.010343595850522564,-196.63216233755864,-189.6978065082755
downward_base,prev_u_gasoline,"previous u, gasoline",-41.89366964680778,0.99,0.98,-194.66584071418305,-185.90385037810998,-0.6239587711350016,0.008826050358336055,0.4915411084322123,0.0012920828672758904,0.06715426911777199,0.0,-0.009190876726567555,-196.63216233755864,-189.6978065082755
downward_base,prev_u_gasoline,"previous u, gasoline",-32.88050467366702,0.98,0.98,-192.69951909080746,-185.90385037810998,-0.6189677413724944,0.007507899336245215,0.49454893981851006,0.0019164555844982784,0.06715426911777199,0.0,-0.007973362919244812,-196.63216233755864,-189.6978065082755
downward_base,prev_u_gasoline,"previous u, gasoline",-23.86733970052626,0.98,0.98,-192.69951909080746,-185.90385037810998,-0.6189677413724944,0.007507899336245215,0.5022144241666734,0.0019164555844982784,0.06715426911777199,0.0,-0.006695782194550923,-196.63216233755864,-189.6978065082755
downward_base,prev_u_gasoline,"previous u, gasoline",-14.854174727385441,0.98,0.98,-192.69951909080746,-185.90385037810998,-0.6189677413724944,0.007507899336245215,0.5103003559456134,0.0019164555844982784,0.06715426911777199,0.0,-0.005348126898060921,-196.63216233755864,-189.6978065082755
downward_base,prev_u_gasoline,"previous u, gasoline",-5.841009754244681,0.98,0.98,-192.69951909080746,-185.90385037810998,-0.6189677413724944,0.007507899336245215,0.5188067351553302,0.0019164555844982784,0.06715426911777199,0.0,-0.0039303970297748046,-196.63216233755864,-189.6978065082755
downward_base,prev_u_gasoline,"previous u, gasoline",3.17215521889608,0.98,0.98,-192.69951909080746,-185.90385037810998,-0.6189677413724944,0.007507899336245215,0.5277335617958236,0.0019164555844982784,0.06715426911777199,0.0,-0.002442592589692547,-196.63216233755864,-189.6978065082755
downward_base,prev_u_gasoline,"previous u, gasoline",12.18532019203684,0.98,0.98,-192.69951909080746,-185.90385037810998,-0.6189677413724944,0.007507899336245215,0.537080835867094,0.0019164555844982784,0.06715426911777199,0.0,-0.0008847135778141616,-196.63216233755864,-189.6978065082755
downward_base,prev_u_gasoline,"previous u, gasoline",21.1984851651776,0.98,0.98,-192.69951909080746,-185.90385037810998,-0.6189677413724944,0.007507899336245215,0.5468485573691411,0.0019164555844982784,0.06715426911777199,0.0,0.0007432400058603513,-196.63216233755864,-189.6978065082755
downward_base,prev_u_gasoline,"previous u, gasoline",30.21165013831836,0.98,0.98,-192.69951909080746,-185.90385037810998,-0.6189677413724944,0.007507899336245215,0.557036726301965,0.0019164555844982784,0.06715426911777199,0.0,0.0024412681613310058,-196.63216233755864,-189.6978065082755
downward_base,prev_u_gasoline,"previous u, gasoline",39.22481511145918,0.97,0.98,-190.73319746743186,-185.90385037810998,-0.6140273819629062,0.006525060973353359,0.5626299554995754,0.002957076779868925,0.06715426911777199,0.0,0.0042064967346105925,-196.63216233755864,-189.6978065082755
downward_base,prev_u_gasoline,"previous u, gasoline",48.23798008459994,0.97,0.98,-190.73319746743186,-185.90385037810998,-0.6140273819629062,0.006525060973353359,0.5735672940368326,0.002957076779868925,0.06715426911777199,0.0,0.006029386490820126,-196.63216233755864,-189.6978065082755
downward_base,prev_u_gasoline,"previous u, gasoline",57.2511450577407,0.97,0.98,-190.73319746743186,-185.90385037810998,-0.6140273819629062,0.006525060973353359,0.5849250800048664,0.002957076779868925,0.06715426911777199,0.0,0.007922350818825759,-196.63216233755864,-189.6978065082755
downward_base,prev_u_gasoline,"previous u, gasoline",66.26431003088146,0.97,0.98,-190.73319746743186,-185.90385037810998,-0.6140273819629062,0.006525060973353359,0.596703313403677,0.002957076779868925,0.06715426911777199,0.0,0.00988538971862752,-196.63216233755864,-189.6978065082755
downward_base,prev_u_gasoline,"previous u, gasoline",75.27747500402222,0.97,0.98,-190.73319746743186,-185.90385037810998,-0.6140273819629062,0.006525060973353359,0.6089019942332643,0.002957076779868925,0.06715426911777199,0.0,0.011918503190225409,-196.63216233755864,-189.6978065082755
downward_base,prev_u_gasoline,"previous u, gasoline",84.29063997716298,0.97,0.98,-190.73319746743186,-185.90385037810998,-0.6140273819629062,0.006525060973353359,0.6215211224936285,0.002957076779868925,0.06715426911777199,0.0,0.014021691233619425,-196.63216233755864,-189.6978065082755
downward_base,prev_u_gasoline,"previous u, gasoline",93.30380495030374,0.97,0.98,-190.73319746743186,-185.90385037810998,-0.6140273819629062,0.006525060973353359,0.6345606981847693,0.002957076779868925,0.06715426911777199,0.0,0.016194953848809583,-196.63216233755864,-189.6978065082755
downward_base,prev_u_gasoline,"previous u, gasoline",102.31696992344456,0.97,0.98,-190.73319746743186,-185.90385037810998,-0.6140273819629062,0.006525060973353359,0.648020721306687,0.002957076779868925,0.06715426911777199,0.0,0.018438291035795855,-196.63216233755864,-189.6978065082755
downward_base,prev_u_gasoline,"previous u, gasoline",111.33013489658532,0.96,0.98,-188.7668758440563,-185.90385037810998,-0.6091376929062368,0.0058775352696604916,0.6561993483156104,0.004413946453387807,0.06715426911777199,0.0,0.020751234375032325,-196.63216233755864,-189.6978065082755
downward_base,prev_u_gasoline,"previous u, gasoline",120.34329986972602,0.96,0.98,-188.7668758440563,-185.90385037810998,-0.6091376929062368,0.0058775352696604916,0.6704085410419612,0.004413946453387807,0.06715426911777199,0.0,0.023119433162757448,-196.63216233755864,-189.6978065082755
downward_base,prev_u_gasoline,"previous u, gasoline",129.3564648428669,0.96,0.98,-188.7668758440563,-185.90385037810998,-0.6091376929062368,0.0058775352696604916,0.685038181199089,0.004413946453387807,0.06715426911777199,0.0,0.02555770652227874,-196.63216233755864,-189.6978065082755
downward_base,prev_u_gasoline,"previous u, gasoline",138.36962981600766,0.96,0.98,-188.7668758440563,-185.90385037810998,-0.6091376929062368,0.0058775352696604916,0.7000882687869935,0.004413946453387807,0.06715426911777199,0.0,0.02806605445359616,-196.63216233755864,-189.6978065082755
downward_base,prev_u_gasoline,"previous u, gasoline",147.38279478914842,0.96,0.98,-188.7668758440563,-185.90385037810998,-0.6091376929062368,0.0058775352696604916,0.7155588038056746,0.004413946453387807,0.06715426911777199,0.0,0.03064447695670968,-196.63216233755864,-189.6978065082755
downward_base,prev_u_gasoline,"previous u, gasoline",156.39595976228918,0.96,0.98,-188.7668758440563,-185.90385037810998,-0.6091376929062368,0.0058775352696604916,0.7314497862551326,0.004413946453387807,0.06715426911777199,0.0,0.03329297403161934,-196.63216233755864,-189.6978065082755
downward_base,prev_u_gasoline,"previous u, gasoline",165.40912473542994,0.96,0.98,-188.7668758440563,-185.90385037810998,-0.6091376929062368,0.0058775352696604916,0.7477612161353673,0.004413946453387807,0.06715426911777199,0.0,0.03601154567832512,-196.63216233755864,-189.6978065082755
downward_base,prev_u_gasoline,"previous u, gasoline",174.4222897085707,0.96,0.98,-188.7668758440563,-185.90385037810998,-0.6091376929062368,0.0058775352696604916,0.7644930934463788,0.004413946453387807,0.06715426911777199,0.0,0.03880019189682705,-196.63216233755864,-189.6978065082755
downward_base,prev_u_gasoline,"previous u, gasoline",183.43545468171146,0.96,0.98,-188.7668758440563,-185.90385037810998,-0.6091376929062368,0.0058775352696604916,0.7816454181881669,0.004413946453387807,0.06715426911777199,0.0,0.04165891268712505,-196.63216233755864,-189.6978065082755
downward_base,prev_u_gasoline,"previous u, gasoline",192.44861965485222,0.95,0.98,-186.8005542206807,-185.90385037810998,-0.6042986742024862,0.0055653222251665965,0.7927381651820598,0.0062870646050549655,0.06715426911777199,0.0,0.04457435782126118,-196.63216233755864,-189.6978065082755
downward_base,prev_u_gasoline,"previous u, gasoline",201.46178462799298,0.95,0.98,-186.8005542206807,-185.90385037810998,-0.6042986742024862,0.0055653222251665965,0.8106396595282811,0.0062870646050549655,0.06715426911777199,0.0,0.04755794021229806,-196.63216233755864,-189.6978065082755
downward_base,prev_u_gasoline,"previous u, gasoline",210.47494960113374,0.95,0.98,-186.8005542206807,-185.90385037810998,-0.6042986742024862,0.0055653222251665965,0.8289616013052793,0.0062870646050549655,0.06715426911777199,0.0,0.050611597175131084,-196.63216233755864,-189.6978065082755
downward_base,prev_u_gasoline,"previous u, gasoline",219.4881145742745,0.95,0.98,-186.8005542206807,-185.90385037810998,-0.6042986742024862,0.0055653222251665965,0.8477039905130543,0.0062870646050549655,0.06715426911777199,0.0,0.05373532870976028,-196.63216233755864,-189.6978065082755
downward_base,prev_u_gasoline,"previous u, gasoline",228.50127954741527,0.95,0.98,-186.8005542206807,-185.90385037810998,-0.6042986742024862,0.0055653222251665965,0.8668668271516061,0.0062870646050549655,0.06715426911777199,0.0,0.056929134816185556,-196.63216233755864,-189.6978065082755
downward_base,prev_u_gasoline,"previous u, gasoline",237.51444452055603,0.95,0.98,-186.8005542206807,-185.90385037810998,-0.6042986742024862,0.0055653222251665965,0.8864501112209345,0.0062870646050549655,0.06715426911777199,0.0,0.060193015494406976,-196.63216233755864,-189.6978065082755
downward_base,prev_u_gasoline,"previous u, gasoline",246.5276094936969,0.95,0.98,-186.8005542206807,-185.90385037810998,-0.6042986742024862,0.0055653222251665965,0.9064538427210401,0.0062870646050549655,0.06715426911777199,0.0,0.06352697074442457,-196.63216233755864,-189.6978065082755
downward_base,prev_u_gasoline,"previous u, gasoline",255.54077446683766,0.94,0.98,-184.83423259730512,-185.90385037810998,-0.5995103258516543,0.005534162286453008,0.9198032653525889,0.008576431234870383,0.06715426911777199,0.0,0.06692630035667164,-196.63216233755864,-189.6978065082755
downward_base,prev_u_gasoline,"previous u, gasoline",264.5539394399784,0.94,0.98,-184.83423259730512,-185.90385037810998,-0.5995103258516543,0.005534162286453008,0.9405561664571274,0.008576431234870383,0.06715426911777199,0.0,0.07038511720742803,-196.63216233755864,-189.6978065082755
downward_base,prev_u_gasoline,"previous u, gasoline",273.5671044131192,0.94,0.98,-184.83423259730512,-185.90385037810998,-0.5995103258516543,0.005534162286453008,0.9617295149924425,0.008576431234870383,0.06715426911777199,0.0,0.07391400862998056,-196.63216233755864,-189.6978065082755
downward_base,prev_u_gasoline,"previous u, gasoline",282.58026938625994,0.94,0.98,-184.83423259730512,-185.90385037810998,-0.5995103258516543,0.005534162286453008,0.983323310958535,0.008576431234870383,0.06715426911777199,0.0,0.07751297462432931,-196.63216233755864,-189.6978065082755
downward_base,prev_u_gasoline,"previous u, gasoline",291.5934343594007,0.94,0.98,-184.83423259730512,-185.90385037810998,-0.5995103258516543,0.005534162286453008,1.0053375543554037,0.008576431234870383,0.06715426911777199,0.0,0.08118201519047409,-196.63216233755864,-189.6978065082755
downward_base,prev_u_gasoline,"previous u, gasoline",300.60659933254146,0.93,0.98,-182.86791097392955,-185.90385037810998,-0.5947726478537416,0.005534162286453008,1.0202862082772957,0.011282046342834013,0.06715426911777199,0.0,0.08491400636176881,-196.63216233755864,-189.6978065082755
downward_base,prev_u_gasoline,"previous u, gasoline",309.6197643056822,0.93,0.98,-182.86791097392955,-185.90385037810998,-0.5947726478537416,0.005534162286453008,1.043049621278598,0.011282046342834013,0.06715426911777199,0.0,0.08870790852865253,-196.63216233755864,-189.6978065082755
downward_base,prev_u_gasoline,"previous u, gasoline",318.632929278823,0.93,0.98,-182.86791097392955,-185.90385037810998,-0.5947726478537416,0.005534162286453008,1.0662334817106767,0.011282046342834013,0.06715426911777199,0.0,0.0925718852673323,-196.63216233755864,-189.6978065082755
downward_base,prev_u_gasoline,"previous u, gasoline",327.6460942519638,0.93,0.98,-182.86791097392955,-185.90385037810998,-0.5947726478537416,0.005534162286453008,1.0898377895735325,0.011282046342834013,0.06715426911777199,0.0,0.09650593657780827,-196.63216233755864,-189.6978065082755
downward_base,prev_u_diesel,"previous u, diesel",-387.7473910922218,0.98,1.0,-192.69951909080746,-189.6978065082755,-0.6344567967489875,0.01309508260824864,0.5484823329699102,0.0008324969562965175,0.06715426911777199,0.0,-0.0008154358494600195,-196.63216233755864,-189.6978065082755
downward_base,prev_u_diesel,"previous u, diesel",-379.1815484196013,0.98,1.0,-192.69951909080746,-189.6978065082755,-0.6344567967489875,0.01309508260824864,0.5365049525976309,0.0008324969562965175,0.06715426911777199,0.0,-0.0028116659115065834,-196.63216233755864,-189.6978065082755
downward_base,prev_u_diesel,"previous u, diesel",-370.6157057469808,0.98,1.0,-192.69951909080746,-189.6978065082755,-0.6344567967489875,0.01309508260824864,0.5250570562665147,0.0008324969562965175,0.06715426911777199,0.0,-0.004719648633359273,-196.63216233755864,-189.6978065082755
downward_base,prev_u_diesel,"previous u, diesel",-362.04986307436025,0.98,1.0,-192.69951909080746,-189.6978065082755,-0.6344567967489875,0.01309508260824864,0.5141386439765618,0.0008324969562965175,0.06715426911777199,0.0,-0.006539384015018078,-196.63216233755864,-189.6978065082755
downward_base,prev_u_diesel,"previous u, diesel",-353.48402040173977,0.98,1.0,-192.69951909080746,-189.6978065082755,-0.6344567967489875,0.01309508260824864,0.5037497157277724,0.0008324969562965175,0.06715426911777199,0.0,-0.008270872056482982,-196.63216233755864,-189.6978065082755
downward_base,prev_u_diesel,"previous u, diesel",-344.9181777291193,0.98,1.0,-192.69951909080746,-189.6978065082755,-0.6344567967489875,0.01309508260824864,0.49389027152014603,0.0008324969562965175,0.06715426911777199,0.0,-0.009914112757754041,-196.63216233755864,-189.6978065082755
downward_base,prev_u_diesel,"previous u, diesel",-336.35233505649876,0.98,1.0,-192.69951909080746,-189.6978065082755,-0.6344567967489875,0.01309508260824864,0.4845603113536829,0.0008324969562965175,0.06715426911777199,0.0,-0.011469106118831241,-196.63216233755864,-189.6978065082755
downward_base,prev_u_diesel,"previous u, diesel",-327.7864923838782,0.98,1.0,-192.69951909080746,-189.6978065082755,-0.6344567967489875,0.01309508260824864,0.47575983522838305,0.0008324969562965175,0.06715426911777199,0.0,-0.012935852139714541,-196.63216233755864,-189.6978065082755
downward_base,prev_u_diesel,"previous u, diesel",-319.22064971125775,0.98,1.0,-192.69951909080746,-189.6978065082755,-0.6344567967489875,0.01309508260824864,0.46748884314424655,0.0008324969562965175,0.06715426911777199,0.0,-0.014314350820403955,-196.63216233755864,-189.6978065082755
downward_base,prev_u_diesel,"previous u, diesel",-310.6548070386373,0.98,1.0,-192.69951909080746,-189.6978065082755,-0.6344567967489875,0.01309508260824864,0.4597473351012732,0.0008324969562965175,0.06715426911777199,0.0,-0.01560460216089951,-196.63216233755864,-189.6978065082755
downward_base,prev_u_diesel,"previous u, diesel",-302.08896436601674,0.98,1.0,-192.69951909080746,-189.6978065082755,-0.6344567967489875,0.01309508260824864,0.4525353110994631,0.0008324969562965175,0.06715426911777199,0.0,-0.016806606161201193,-196.63216233755864,-189.6978065082755
downward_base,prev_u_diesel,"previous u, diesel",-293.5231216933962,0.98,1.0,-192.69951909080746,-189.6978065082755,-0.6344567967489875,0.01309508260824864,0.4458527711388163,0.0008324969562965175,0.06715426911777199,0.0,-0.017920362821309002,-196.63216233755864,-189.6978065082755
downward_base,prev_u_diesel,"previous u, diesel",-284.95727902077573,0.98,1.0,-192.69951909080746,-189.6978065082755,-0.6344567967489875,0.01309508260824864,0.4396997152193327,0.0008324969562965175,0.06715426911777199,0.0,-0.018945872141222925,-196.63216233755864,-189.6978065082755
downward_base,prev_u_diesel,"previous u, diesel",-276.39143634815525,0.98,1.0,-192.69951909080746,-189.6978065082755,-0.6344567967489875,0.01309508260824864,0.4340761433410124,0.0008324969562965175,0.06715426911777199,0.0,-0.019883134120942975,-196.63216233755864,-189.6978065082755
downward_base,prev_u_diesel,"previous u, diesel",-267.8255936755347,0.98,1.0,-192.69951909080746,-189.6978065082755,-0.6344567967489875,0.01309508260824864,0.4289820555038553,0.0008324969562965175,0.06715426911777199,0.0,-0.020732148760469166,-196.63216233755864,-189.6978065082755
downward_base,prev_u_diesel,"previous u, diesel",-259.2597510029142,0.98,1.0,-192.69951909080746,-189.6978065082755,-0.6344567967489875,0.01309508260824864,0.42441745170786155,0.0008324969562965175,0.06715426911777199,0.0,-0.021492916059801456,-196.63216233755864,-189.6978065082755
downward_base,prev_u_diesel,"previous u, diesel",-250.6939083302937,0.98,1.0,-192.69951909080746,-189.6978065082755,-0.6344567967489875,0.01309508260824864,0.420382331953031,0.0008324969562965175,0.06715426911777199,0.0,-0.022165436018939888,-196.63216233755864,-189.6978065082755
downward_base,prev_u_diesel,"previous u, diesel",-242.1280656576732,0.98,1.0,-192.69951909080746,-189.6978065082755,-0.6344567967489875,0.01309508260824864,0.4168766962393637,0.0008324969562965175,0.06715426911777199,0.0,-0.022749708637884433,-196.63216233755864,-189.6978065082755
downward_base,prev_u_diesel,"previous u, diesel",-233.5622229850527,0.98,1.0,-192.69951909080746,-189.6978065082755,-0.6344567967489875,0.01309508260824864,0.4139005445668597,0.0008324969562965175,0.06715426911777199,0.0,-0.023245733916635092,-196.63216233755864,-189.6978065082755
downward_base,prev_u_diesel,"previous u, diesel",-224.9963803124322,0.98,1.0,-192.69951909080746,-189.6978065082755,-0.6344567967489875,0.01309508260824864,0.41145387693551894,0.0008324969562965175,0.06715426911777199,0.0,-0.02365351185519189,-196.63216233755864,-189.6978065082755
downward_base,prev_u_diesel,"previous u, diesel",-216.4305376398117,0.98,1.0,-192.69951909080746,-189.6978065082755,-0.6344567967489875,0.01309508260824864,0.40953669334534143,0.0008324969562965175,0.06715426911777199,0.0,-0.023973042453554805,-196.63216233755864,-189.6978065082755
downward_base,prev_u_diesel,"previous u, diesel",-207.86469496719118,0.98,1.0,-192.69951909080746,-189.6978065082755,-0.6344567967489875,0.01309508260824864,0.40814899379632713,0.0008324969562965175,0.06715426911777199,0.0,-0.02420432571172386,-196.63216233755864,-189.6978065082755
downward_base,prev_u_diesel,"previous u, diesel",-199.29885229457068,0.98,1.0,-192.69951909080746,-189.6978065082755,-0.6344567967489875,0.01309508260824864,0.4072907782884761,0.0008324969562965175,0.06715426911777199,0.0,-0.024347361629699027,-196.63216233755864,-189.6978065082755
downward_base,prev_u_diesel,"previous u, diesel",-190.73300962195017,0.98,1.0,-192.69951909080746,-189.6978065082755,-0.6344567967489875,0.01309508260824864,0.4069620468217884,0.0008324969562965175,0.06715426911777199,0.0,-0.024402150207480322,-196.63216233755864,-189.6978065082755
downward_base,prev_u_diesel,"previous u, diesel",-182.16716694932967,0.98,1.0,-192.69951909080746,-189.6978065082755,-0.6344567967489875,0.01309508260824864,0.4071627993962639,0.0008324969562965175,0.06715426911777199,0.0,-0.02436869144506773,-196.63216233755864,-189.6978065082755
downward_base,prev_u_diesel,"previous u, diesel",-173.60132427670916,0.98,1.0,-192.69951909080746,-189.6978065082755,-0.6344567967489875,0.01309508260824864,0.40789303601190263,0.0008324969562965175,0.06715426911777199,0.0,-0.02424698534246128,-196.63216233755864,-189.6978065082755
downward_base,prev_u_diesel,"previous u, diesel",-165.03548160408866,0.98,1.0,-192.69951909080746,-189.6978065082755,-0.6344567967489875,0.01309508260824864,0.4091527566687046,0.0008324969562965175,0.06715426911777199,0.0,-0.024037031899660943,-196.63216233755864,-189.6978065082755
downward_base,prev_u_diesel,"previous u, diesel",-156.46963893146815,0.98,1.0,-192.69951909080746,-189.6978065082755,-0.6344567967489875,0.01309508260824864,0.4109419613666699,0.0008324969562965175,0.06715426911777199,0.0,-0.023738831116666734,-196.63216233755864,-189.6978065082755
downward_base,prev_u_diesel,"previous u, diesel",-147.90379625884765,0.98,1.0,-192.69951909080746,-189.6978065082755,-0.6344567967489875,0.01309508260824864,0.4132606501057984,0.0008324969562965175,0.06715426911777199,0.0,-0.02335238299347865,-196.63216233755864,-189.6978065082755
downward_base,prev_u_diesel,"previous u, diesel",-139.33795358622714,0.98,1.0,-192.69951909080746,-189.6978065082755,-0.6344567967489875,0.01309508260824864,0.41610882288609014,0.0008324969562965175,0.06715426911777199,0.0,-0.022877687530096696,-196.63216233755864,-189.6978065082755
downward_base,prev_u_diesel,"previous u, diesel",-130.77211091360664,0.98,1.0,-192.69951909080746,-189.6978065082755,-0.6344567967489875,0.01309508260824864,0.4194864797075452,0.0008324969562965175,0.06715426911777199,0.0,-0.02231474472652084,-196.63216233755864,-189.6978065082755
downward_base,prev_u_diesel,"previous u, diesel",-122.20626824098616,0.98,1.0,-192.69951909080746,-189.6978065082755,-0.6344567967489875,0.01309508260824864,0.42339362057016344,0.0008324969562965175,0.06715426911777199,0.0,-0.02166355458275114,-196.63216233755864,-189.6978065082755
downward_base,prev_u_diesel,"previous u, diesel",-113.64042556836563,0.98,1.0,-192.69951909080746,-189.6978065082755,-0.6344567967489875,0.01309508260824864,0.427830245473945,0.0008324969562965175,0.06715426911777199,0.0,-0.020924117098787554,-196.63216233755864,-189.6978065082755
downward_base,prev_u_diesel,"previous u, diesel",-105.0745828957451,0.98,1.0,-192.69951909080746,-189.6978065082755,-0.6344567967489875,0.01309508260824864,0.4327963544188898,0.0008324969562965175,0.06715426911777199,0.0,-0.02009643227463008,-196.63216233755864,-189.6978065082755
downward_base,prev_u_diesel,"previous u, diesel",-96.50874022312462,0.98,1.0,-192.69951909080746,-189.6978065082755,-0.6344567967489875,0.01309508260824864,0.43829194740499783,0.0008324969562965175,0.06715426911777199,0.0,-0.019180500110278748,-196.63216233755864,-189.6978065082755
downward_base,prev_u_diesel,"previous u, diesel",-87.94289755050414,0.98,1.0,-192.69951909080746,-189.6978065082755,-0.6344567967489875,0.01309508260824864,0.4443170244322691,0.0008324969562965175,0.06715426911777199,0.0,-0.01817632060573353,-196.63216233755864,-189.6978065082755
downward_base,prev_u_diesel,"previous u, diesel",-79.37705487788361,0.98,0.99,-192.69951909080746,-187.80082844319276,-0.6266731552845378,0.010060219368566447,0.4458002531608221,0.0011034866133469536,0.06715426911777199,0.0,-0.017092487837338376,-196.63216233755864,-189.6978065082755
downward_base,prev_u_diesel,"previous u, diesel",-70.81121220526308,0.98,0.99,-192.69951909080746,-187.80082844319276,-0.6266731552845378,0.010060219368566447,0.4527670395662519,0.0011034866133469536,0.06715426911777199,0.0,-0.015931356769766737,-196.63216233755864,-189.6978065082755
downward_base,prev_u_diesel,"previous u, diesel",-62.2453695326426,0.98,0.99,-192.69951909080746,-187.80082844319276,-0.6266731552845378,0.010060219368566447,0.46026331001284504,0.0011034866133469536,0.06715426911777199,0.0,-0.014681978362001214,-196.63216233755864,-189.6978065082755
downward_base,prev_u_diesel,"previous u, diesel",-53.67952686002212,0.98,0.99,-192.69951909080746,-187.80082844319276,-0.6266731552845378,0.010060219368566447,0.4682890645006013,0.0011034866133469536,0.06715426911777199,0.0,-0.013344352614041844,-196.63216233755864,-189.6978065082755
downward_base,prev_u_diesel,"previous u, diesel",-45.11368418740159,0.98,0.99,-192.69951909080746,-187.80082844319276,-0.6266731552845378,0.010060219368566447,0.47684430302952097,0.0011034866133469536,0.06715426911777199,0.0,-0.011918479525888573,-196.63216233755864,-189.6978065082755
downward_base,prev_u_diesel,"previous u, diesel",-36.547841514781055,0.98,0.99,-192.69951909080746,-187.80082844319276,-0.6266731552845378,0.010060219368566447,0.4859290255996039,0.0011034866133469536,0.06715426911777199,0.0,-0.010404359097541416,-196.63216233755864,-189.6978065082755
downward_base,prev_u_diesel,"previous u, diesel",-27.98199884216058,0.98,0.99,-192.69951909080746,-187.80082844319276,-0.6266731552845378,0.010060219368566447,0.49554323221085,0.0011034866133469536,0.06715426911777199,0.0,-0.0088019913290004,-196.63216233755864,-189.6978065082755
downward_base,prev_u_diesel,"previous u, diesel",-19.416156169540102,0.98,0.99,-192.69951909080746,-187.80082844319276,-0.6266731552845378,0.010060219368566447,0.5056869228632593,0.0011034866133469536,0.06715426911777199,0.0,-0.0071113762202655115,-196.63216233755864,-189.6978065082755
downward_base,prev_u_diesel,"previous u, diesel",-10.850313496919568,0.98,0.99,-192.69951909080746,-187.80082844319276,-0.6266731552845378,0.010060219368566447,0.516360097556832,0.0011034866133469536,0.06715426911777199,0.0,-0.005332513771336736,-196.63216233755864,-189.6978065082755
downward_base,prev_u_diesel,"previous u, diesel",-2.284470824299035,0.98,0.98,-192.69951909080746,-185.90385037810998,-0.6189677413724944,0.007507899336245215,0.5214979843883879,0.0019164555844982784,0.06715426911777199,0.0,-0.0034818554909318376,-196.63216233755864,-189.6978065082755
downward_base,prev_u_diesel,"previous u, diesel",6.281371848321442,0.98,0.98,-192.69951909080746,-185.90385037810998,-0.6189677413724944,0.007507899336245215,0.5331128684601191,0.0019164555844982784,0.06715426911777199,0.0,-0.0015460414789766428,-196.63216233755864,-189.6978065082755
downward_base,prev_u_diesel,"previous u, diesel",14.847214520941918,0.98,0.98,-192.69951909080746,-185.90385037810998,-0.6189677413724944,0.007507899336245215,0.5452572365730135,0.0019164555844982784,0.06715426911777199,0.0,0.00047801987317242466,-196.63216233755864,-189.6978065082755
downward_base,prev_u_diesel,"previous u, diesel",23.41305719356245,0.98,0.98,-192.69951909080746,-185.90385037810998,-0.6189677413724944,0.007507899336245215,0.5579310887270713,0.0019164555844982784,0.06715426911777199,0.0,0.0025903285655153926,-196.63216233755864,-189.6978065082755
downward_base,prev_u_diesel,"previous u, diesel",31.978899866182985,0.98,0.98,-192.69951909080746,-185.90385037810998,-0.6189677413724944,0.007507899336245215,0.5711344249222923,0.0019164555844982784,0.06715426911777199,0.0,0.0047908845980522185,-196.63216233755864,-189.6978065082755
downward_base,prev_u_diesel,"previous u, diesel",40.54474253880346,0.98,0.98,-192.69951909080746,-185.90385037810998,-0.6189677413724944,0.007507899336245215,0.5848672451586764,0.0019164555844982784,0.06715426911777199,0.0,0.007079687970782904,-196.63216233755864,-189.6978065082755
downward_base,prev_u_diesel,"previous u, diesel",49.11058521142394,0.98,0.98,-192.69951909080746,-185.90385037810998,-0.6189677413724944,0.007507899336245215,0.5991295494362238,0.0019164555844982784,0.06715426911777199,0.0,0.009456738683707463,-196.63216233755864,-189.6978065082755
downward_base,prev_u_diesel,"previous u, diesel",57.67642788404447,0.98,0.98,-192.69951909080746,-185.90385037810998,-0.6189677413724944,0.007507899336245215,0.6139213377549345,0.0019164555844982784,0.06715426911777199,0.0,0.011922036736825922,-196.63216233755864,-189.6978065082755
downward_base,prev_u_diesel,"previous u, diesel",66.242270556665,0.98,0.97,-192.69951909080746,-184.00687231302723,-0.6113405550128579,0.005438122511285022,0.6223016573524981,0.0032714038697504674,0.06715426911777199,0.0,0.014470816306407935,-196.63216233755864,-189.6978065082755
downward_base,prev_u_diesel,"previous u, diesel",74.80811322928548,0.98,0.97,-192.69951909080746,-184.00687231302723,-0.6113405550128579,0.005438122511285022,0.6380351550493674,0.0032714038697504674,0.06715426911777199,0.0,0.017093065922552813,-196.63216233755864,-189.6978065082755
downward_base,prev_u_diesel,"previous u, diesel",83.37395590190596,0.98,0.97,-192.69951909080746,-184.00687231302723,-0.6113405550128579,0.005438122511285022,0.6542981367873999,0.0032714038697504674,0.06715426911777199,0.0,0.019803562878891578,-196.63216233755864,-189.6978065082755
downward_base,prev_u_diesel,"previous u, diesel",91.93979857452649,0.98,0.97,-192.69951909080746,-184.00687231302723,-0.6113405550128579,0.005438122511285022,0.6710906025665958,0.0032714038697504674,0.06715426911777199,0.0,0.02260230717542423,-196.63216233755864,-189.6978065082755
downward_base,prev_u_diesel,"previous u, diesel",100.50564124714703,0.98,0.97,-192.69951909080746,-184.00687231302723,-0.6113405550128579,0.005438122511285022,0.6884125523869549,0.0032714038697504674,0.06715426911777199,0.0,0.025489298812150726,-196.63216233755864,-189.6978065082755
downward_base,prev_u_diesel,"previous u, diesel",109.0714839197675,0.98,0.97,-192.69951909080746,-184.00687231302723,-0.6113405550128579,0.005438122511285022,0.706263986248477,0.0032714038697504674,0.06715426911777199,0.0,0.028464537789071084,-196.63216233755864,-189.6978065082755
downward_base,prev_u_diesel,"previous u, diesel",117.63732659238798,0.98,0.97,-192.69951909080746,-184.00687231302723,-0.6113405550128579,0.005438122511285022,0.7246449041511626,0.0032714038697504674,0.06715426911777199,0.0,0.031528024106185354,-196.63216233755864,-189.6978065082755
downward_base,prev_u_diesel,"previous u, diesel",126.20316926500851,0.98,0.97,-192.69951909080746,-184.00687231302723,-0.6113405550128579,0.005438122511285022,0.7435553060950115,0.0032714038697504674,0.06715426911777199,0.0,0.03467975776349351,-196.63216233755864,-189.6978065082755
downward_base,prev_u_diesel,"previous u, diesel",134.76901193762905,0.98,0.97,-192.69951909080746,-184.00687231302723,-0.6113405550128579,0.005438122511285022,0.7629951920800235,0.0032714038697504674,0.06715426911777199,0.0,0.03791973876099551,-196.63216233755864,-189.6978065082755
downward_base,prev_u_diesel,"previous u, diesel",143.33485461024947,0.98,0.96,-192.69951909080746,-182.10989424794448,-0.6037915962056277,0.0038508888936858265,0.77503016978059,0.005168331469103529,0.06715426911777199,0.0,0.04123534384258726,-196.63216233755864,-189.6978065082755
downward_base,prev_u_diesel,"previous u, diesel",151.90069728287,0.98,0.96,-192.69951909080746,-182.10989424794448,-0.6037915962056277,0.0038508888936858265,0.7954117651437606,0.005168331469103529,0.06715426911777199,0.0,0.04463227640311568,-196.63216233755864,-189.6978065082755
downward_base,prev_u_diesel,"previous u, diesel",160.46653995549053,0.98,0.96,-192.69951909080746,-182.10989424794448,-0.6037915962056277,0.0038508888936858265,0.8163228445480946,0.005168331469103529,0.06715426911777199,0.0,0.04811745630383801,-196.63216233755864,-189.6978065082755
downward_base,prev_u_diesel,"previous u, diesel",169.03238262811107,0.98,0.96,-192.69951909080746,-182.10989424794448,-0.6037915962056277,0.0038508888936858265,0.8377634079935915,0.005168331469103529,0.06715426911777199,0.0,0.05169088354475418,-196.63216233755864,-189.6978065082755
downward_base,prev_u_diesel,"previous u, diesel",177.5982253007316,0.98,0.96,-192.69951909080746,-182.10989424794448,-0.6037915962056277,0.0038508888936858265,0.8597334554802522,0.005168331469103529,0.06715426911777199,0.0,0.05535255812586429,-196.63216233755864,-189.6978065082755
downward_base,prev_u_diesel,"previous u, diesel",186.16406797335202,0.98,0.96,-192.69951909080746,-182.10989424794448,-0.6037915962056277,0.0038508888936858265,0.8822329870080754,0.005168331469103529,0.06715426911777199,0.0,0.05910248004716814,-196.63216233755864,-189.6978065082755
downward_base,prev_u_diesel,"previous u, diesel",194.72991064597255,0.98,0.96,-192.69951909080746,-182.10989424794448,-0.6037915962056277,0.0038508888936858265,0.9052620025770625,0.005168331469103529,0.06715426911777199,0.0,0.062940649308666,-196.63216233755864,-189.6978065082755
downward_base,prev_u_diesel,"previous u, diesel",203.29575331859309,0.98,0.96,-192.69951909080746,-182.10989424794448,-0.6037915962056277,0.0038508888936858265,0.9288205021872126,0.005168331469103529,0.06715426911777199,0.0,0.06686706591035768,-196.63216233755864,-189.6978065082755
downward_base,prev_u_diesel,"previous u, diesel",211.8615959912135,0.98,0.95,-192.69951909080746,-180.21291618286173,-0.5963208649508043,0.0027461984834476283,0.9440979126537866,0.007607238382557463,0.06715426911777199,0.0,0.07088079228112654,-196.63216233755864,-189.6978065082755
downward_base,prev_u_diesel,"previous u, diesel",220.42743866383404,0.98,0.95,-192.69951909080746,-180.21291618286173,-0.5963208649508043,0.0027461984834476283,0.9685981216420955,0.007607238382557463,0.06715426911777199,0.0,0.07496416044584468,-196.63216233755864,-189.6978065082755
downward_base,prev_u_diesel,"previous u, diesel",228.99328133645457,0.98,0.95,-192.69951909080746,-180.21291618286173,-0.5963208649508043,0.0027461984834476283,0.9936278146715676,0.007607238382557463,0.06715426911777199,0.0,0.0791357759507567,-196.63216233755864,-189.6978065082755
downward_base,prev_u_diesel,"previous u, diesel",237.5591240090751,0.98,0.95,-192.69951909080746,-180.21291618286173,-0.5963208649508043,0.0027461984834476283,1.0191869917422027,0.007607238382557463,0.06715426911777199,0.0,0.08339563879586258,-196.63216233755864,-189.6978065082755
downward_base,prev_u_diesel,"previous u, diesel",246.12496668169564,0.98,0.95,-192.69951909080746,-180.21291618286173,-0.5963208649508043,0.0027461984834476283,1.0452756528540015,0.007607238382557463,0.06715426911777199,0.0,0.08774374898116237,-196.63216233755864,-189.6978065082755
downward_base,prev_u_diesel,"previous u, diesel",254.69080935431606,0.98,0.95,-192.69951909080746,-180.21291618286173,-0.5963208649508043,0.0027461984834476283,1.0718937980069625,0.007607238382557463,0.06715426911777199,0.0,0.09218010650665585,-196.63216233755864,-189.6978065082755
downward_base,prev_u_diesel,"previous u, diesel",263.2566520269366,0.98,0.95,-192.69951909080746,-180.21291618286173,-0.5963208649508043,0.0027461984834476283,1.0990414272010876,0.007607238382557463,0.06715426911777199,0.0,0.09670471137234336,-196.63216233755864,-189.6978065082755
downward_base,prev_u_diesel,"previous u, diesel",271.8224946995571,0.98,0.95,-192.69951909080746,-180.21291618286173,-0.5963208649508043,0.0027461984834476283,1.126718540436376,0.007607238382557463,0.06715426911777199,0.0,0.10131756357822476,-196.63216233755864,-189.6978065082755
downward_base,prev_u_diesel,"previous u, diesel",280.38833737217755,0.98,0.95,-192.69951909080746,-180.21291618286173,-0.5963208649508043,0.0027461984834476283,1.1549251377128271,0.007607238382557463,0.06715426911777199,0.0,0.10601866312429996,-196.63216233755864,-189.6978065082755
downward_base,prev_u_diesel,"previous u, diesel",288.9541800447981,0.98,0.94,-192.69951909080746,-178.31593811777896,-0.5889283612483871,0.002124051280570422,1.1738572062824044,0.010588124610112316,0.06715426911777199,0.0,0.11079921500707862,-196.63216233755864,-189.6978065082755
downward_base,prev_u_diesel,"previous u, diesel",297.5200227174186,0.98,0.94,-192.69951909080746,-178.31593811777896,-0.5889283612483871,0.002124051280570422,1.2030055129370147,0.010588124610112316,0.06715426911777199,0.0,0.11565726611618035,-196.63216233755864,-189.6978065082755
downward_base,cpi_yoy,CPI YoY,-0.003,0.98,0.98,-192.69951909080746,-185.90385037810998,-0.6189677413724944,0.007507899336245215,0.5245438452009987,0.0019164555844982784,2.4403283369278954,0.0,0.39255479927952375,-196.63216233755864,-189.6978065082755
downward_base,cpi_yoy,CPI YoY,-0.0024875,0.98,0.98,-192.69951909080746,-185.90385037810998,-0.6189677413724944,0.007507899336245215,0.5245438452009987,0.0019164555844982784,2.4403283369278954,0.0,0.39255479927952375,-196.63216233755864,-189.6978065082755
downward_base,cpi_yoy,CPI YoY,-0.001975,0.98,0.98,-192.69951909080746,-185.90385037810998,-0.6189677413724944,0.007507899336245215,0.5245438452009987,0.0019164555844982784,2.4403283369278954,0.0,0.39255479927952375,-196.63216233755864,-189.6978065082755
downward_base,cpi_yoy,CPI YoY,-0.0014624999999999998,0.98,0.98,-192.69951909080746,-185.90385037810998,-0.6189677413724944,0.007507899336245215,0.5245438452009987,0.0019164555844982784,2.4403283369278954,0.0,0.39255479927952375,-196.63216233755864,-189.6978065082755
downward_base,cpi_yoy,CPI YoY,-0.0009499999999999999,0.98,0.98,-192.69951909080746,-185.90385037810998,-0.6189677413724944,0.007507899336245215,0.5245438452009987,0.0019164555844982784,2.4403283369278954,0.0,0.39255479927952375,-196.63216233755864,-189.6978065082755
downward_base,cpi_yoy,CPI YoY,-0.00043749999999999995,0.98,0.98,-192.69951909080746,-185.90385037810998,-0.6189677413724944,0.007507899336245215,0.5245438452009987,0.0019164555844982784,2.4403283369278954,0.0,0.39255479927952375,-196.63216233755864,-189.6978065082755
downward_base,cpi_yoy,CPI YoY,7.500000000000041e-05,0.98,0.98,-192.69951909080746,-185.90385037810998,-0.6189677413724944,0.007507899336245215,0.5245438452009987,0.0019164555844982784,2.4290629435639652,0.0,0.3906772337188687,-196.63216233755864,-189.6978065082755
downward_base,cpi_yoy,CPI YoY,0.0005875000000000003,0.98,0.98,-192.69951909080746,-185.90385037810998,-0.6189677413724944,0.007507899336245215,0.5245438452009987,0.0019164555844982784,2.314637957615784,0.0,0.37160640272750517,-196.63216233755864,-189.6978065082755
downward_base,cpi_yoy,CPI YoY,0.0011000000000000003,0.98,0.98,-192.69951909080746,-185.90385037810998,-0.6189677413724944,0.007507899336245215,0.5245438452009987,0.0019164555844982784,2.202973470858209,0.0,0.352995654934576,-196.63216233755864,-189.6978065082755
downward_base,cpi_yoy,CPI YoY,0.0016125000000000002,0.98,0.98,-192.69951909080746,-185.90385037810998,-0.6189677413724944,0.007507899336245215,0.5245438452009987,0.0019164555844982784,2.094069483291241,0.0,0.33484499034008136,-196.63216233755864,-189.6978065082755
downward_base,cpi_yoy,CPI YoY,0.002125,0.98,0.98,-192.69951909080746,-185.90385037810998,-0.6189677413724944,0.007507899336245215,0.5245438452009987,0.0019164555844982784,1.9879259949148798,0.0,0.31715440894402114,-196.63216233755864,-189.6978065082755
downward_base,cpi_yoy,CPI YoY,0.0026375,0.98,0.98,-192.69951909080746,-185.90385037810998,-0.6189677413724944,0.007507899336245215,0.5245438452009987,0.0019164555844982784,1.8845430057291255,0.0,0.29992391074639546,-196.63216233755864,-189.6978065082755
downward_base,cpi_yoy,CPI YoY,0.003150000000000001,0.98,0.98,-192.69951909080746,-185.90385037810998,-0.6189677413724944,0.007507899336245215,0.5245438452009987,0.0019164555844982784,1.783920515733977,0.0,0.28315349574720405,-196.63216233755864,-189.6978065082755
downward_base,cpi_yoy,CPI YoY,0.003662500000000001,0.98,0.98,-192.69951909080746,-185.90385037810998,-0.6189677413724944,0.007507899336245215,0.5245438452009987,0.0019164555844982784,1.686058524929436,0.0,0.2668431639464472,-196.63216233755864,-189.6978065082755
downward_base,cpi_yoy,CPI YoY,0.004175000000000001,0.98,0.98,-192.69951909080746,-185.90385037810998,-0.6189677413724944,0.007507899336245215,0.5245438452009987,0.0019164555844982784,1.5909570333155019,0.0,0.2509929153441249,-196.63216233755864,-189.6978065082755
downward_base,cpi_yoy,CPI YoY,0.004687500000000001,0.98,0.98,-192.69951909080746,-185.90385037810998,-0.6189677413724944,0.007507899336245215,0.5245438452009987,0.0019164555844982784,1.4986160408921743,0.0,0.23560274994023692,-196.63216233755864,-189.6978065082755
downward_base,cpi_yoy,CPI YoY,0.005200000000000001,0.98,0.98,-192.69951909080746,-185.90385037810998,-0.6189677413724944,0.007507899336245215,0.5245438452009987,0.0019164555844982784,1.4090355476594525,0.0,0.22067266773478328,-196.63216233755864,-189.6978065082755
downward_base,cpi_yoy,CPI YoY,0.005712500000000001,0.98,0.98,-192.69951909080746,-185.90385037810998,-0.6189677413724944,0.007507899336245215,0.5245438452009987,0.0019164555844982784,1.3222155536173381,0.0,0.20620266872776424,-196.63216233755864,-189.6978065082755
downward_base,cpi_yoy,CPI YoY,0.0062250000000000005,0.98,0.98,-192.69951909080746,-185.90385037810998,-0.6189677413724944,0.007507899336245215,0.5245438452009987,0.0019164555844982784,1.2381560587658302,0.0,0.1921927529191796,-196.63216233755864,-189.6978065082755
downward_base,cpi_yoy,CPI YoY,0.006737500000000001,0.98,0.98,-192.69951909080746,-185.90385037810998,-0.6189677413724944,0.007507899336245215,0.5245438452009987,0.0019164555844982784,1.156857063104929,0.0,0.1786429203090294,-196.63216233755864,-189.6978065082755
downward_base,cpi_yoy,CPI YoY,0.00725,0.98,0.98,-192.69951909080746,-185.90385037810998,-0.6189677413724944,0.007507899336245215,0.5245438452009987,0.0019164555844982784,1.0783185666346347,0.0,0.16555317089731367,-196.63216233755864,-189.6978065082755
downward_base,cpi_yoy,CPI YoY,0.007762500000000001,0.98,0.98,-192.69951909080746,-185.90385037810998,-0.6189677413724944,0.007507899336245215,0.5245438452009987,0.0019164555844982784,1.0025405693549467,0.0,0.15292350468403235,-196.63216233755864,-189.6978065082755
downward_base,cpi_yoy,CPI YoY,0.008275000000000001,0.98,0.98,-192.69951909080746,-185.90385037810998,-0.6189677413724944,0.007507899336245215,0.5245438452009987,0.0019164555844982784,0.9295230712658653,0.0,0.14075392166918546,-196.63216233755864,-189.6978065082755
downward_base,cpi_yoy,CPI YoY,0.0087875,0.98,0.98,-192.69951909080746,-185.90385037810998,-0.6189677413724944,0.007507899336245215,0.5245438452009987,0.0019164555844982784,0.8592660723673908,0.0,0.12904442185277304,-196.63216233755864,-189.6978065082755
downward_base,cpi_yoy,CPI YoY,0.009300000000000003,0.98,0.98,-192.69951909080746,-185.90385037810998,-0.6189677413724944,0.007507899336245215,0.5245438452009987,0.0019164555844982784,0.7917695726595229,0.0,0.11779500523479505,-196.63216233755864,-189.6978065082755
downward_base,cpi_yoy,CPI YoY,0.009812500000000002,0.98,0.98,-192.69951909080746,-185.90385037810998,-0.6189677413724944,0.007507899336245215,0.5245438452009987,0.0019164555844982784,0.7270335721422617,0.0,0.10700567181525156,-196.63216233755864,-189.6978065082755
downward_base,cpi_yoy,CPI YoY,0.010325,0.98,0.98,-192.69951909080746,-185.90385037810998,-0.6189677413724944,0.007507899336245215,0.5245438452009987,0.0019164555844982784,0.6650580708156073,0.0,0.09667642159414247,-196.63216233755864,-189.6978065082755
downward_base,cpi_yoy,CPI YoY,0.0108375,0.98,0.98,-192.69951909080746,-185.90385037810998,-0.6189677413724944,0.007507899336245215,0.5245438452009987,0.0019164555844982784,0.6058430686795594,0.0,0.08680725457146785,-196.63216233755864,-189.6978065082755
downward_base,cpi_yoy,CPI YoY,0.011350000000000002,0.98,0.98,-192.69951909080746,-185.90385037810998,-0.6189677413724944,0.007507899336245215,0.5245438452009987,0.0019164555844982784,0.549388565734118,0.0,0.0773981707472276,-196.63216233755864,-189.6978065082755
downward_base,cpi_yoy,CPI YoY,0.011862500000000002,0.98,0.98,-192.69951909080746,-185.90385037810998,-0.6189677413724944,0.007507899336245215,0.5245438452009987,0.0019164555844982784,0.4956945619792834,0.0,0.06844917012142185,-196.63216233755864,-189.6978065082755
downward_base,cpi_yoy,CPI YoY,0.012375,0.98,0.98,-192.69951909080746,-185.90385037810998,-0.6189677413724944,0.007507899336245215,0.5245438452009987,0.0019164555844982784,0.4447610574150555,0.0,0.059960252694050524,-196.63216233755864,-189.6978065082755
downward_base,cpi_yoy,CPI YoY,0.012887500000000003,0.98,0.98,-192.69951909080746,-185.90385037810998,-0.6189677413724944,0.007507899336245215,0.5245438452009987,0.0019164555844982784,0.39658805204143416,0.0,0.05193141846511364,-196.63216233755864,-189.6978065082755
downward_base,cpi_yoy,CPI YoY,0.013400000000000002,0.98,0.98,-192.69951909080746,-185.90385037810998,-0.6189677413724944,0.007507899336245215,0.5245438452009987,0.0019164555844982784,0.35117554585841976,0.0,0.044362667434611244,-196.63216233755864,-189.6978065082755
downward_base,cpi_yoy,CPI YoY,0.013912500000000001,0.98,0.98,-192.69951909080746,-185.90385037810998,-0.6189677413724944,0.007507899336245215,0.5245438452009987,0.0019164555844982784,0.3085235388660118,0.0,0.037253999602543254,-196.63216233755864,-189.6978065082755
downward_base,cpi_yoy,CPI YoY,0.014425000000000004,0.98,0.98,-192.69951909080746,-185.90385037810998,-0.6189677413724944,0.007507899336245215,0.5245438452009987,0.0019164555844982784,0.26863203106421035,0.0,0.03060541496890968,-196.63216233755864,-189.6978065082755
downward_base,cpi_yoy,CPI YoY,0.014937500000000003,0.98,0.98,-192.69951909080746,-185.90385037810998,-0.6189677413724944,0.007507899336245215,0.5245438452009987,0.0019164555844982784,0.2315010224530158,0.0,0.024416913533710588,-196.63216233755864,-189.6978065082755
downward_base,cpi_yoy,CPI YoY,0.015450000000000002,0.98,0.98,-192.69951909080746,-185.90385037810998,-0.6189677413724944,0.007507899336245215,0.5245438452009987,0.0019164555844982784,0.19713051303242793,0.0,0.018688495296945946,-196.63216233755864,-189.6978065082755
downward_base,cpi_yoy,CPI YoY,0.0159625,0.98,0.98,-192.69951909080746,-185.90385037810998,-0.6189677413724944,0.007507899336245215,0.5245438452009987,0.0019164555844982784,0.16552050280244668,0.0,0.01342016025861574,-196.63216233755864,-189.6978065082755
downward_base,cpi_yoy,CPI YoY,0.016475000000000004,0.98,0.98,-192.69951909080746,-185.90385037810998,-0.6189677413724944,0.007507899336245215,0.5245438452009987,0.0019164555844982784,0.13667099176307193,0.0,0.008611908418719953,-196.63216233755864,-189.6978065082755
downward_base,cpi_yoy,CPI YoY,0.016987500000000003,0.98,0.98,-192.69951909080746,-185.90385037810998,-0.6189677413724944,0.007507899336245215,0.5245438452009987,0.0019164555844982784,0.11058197991430423,0.0,0.00426373977725867,-196.63216233755864,-189.6978065082755
downward_base,cpi_yoy,CPI YoY,0.0175,0.98,0.98,-192.69951909080746,-185.90385037810998,-0.6189677413724944,0.007507899336245215,0.5245438452009987,0.0019164555844982784,0.08725346725614296,0.0,0.00037565433423179286,-196.63216233755864,-189.6978065082755
downward_base,cpi_yoy,CPI YoY,0.018012500000000004,0.98,0.98,-192.69951909080746,-185.90385037810998,-0.6189677413724944,0.007507899336245215,0.5245438452009987,0.0019164555844982784,0.06668545378858821,0.0,-0.0030523479103606622,-196.63216233755864,-189.6978065082755
downward_base,cpi_yoy,CPI YoY,0.018525000000000003,0.98,0.98,-192.69951909080746,-185.90385037810998,-0.6189677413724944,0.007507899336245215,0.5245438452009987,0.0019164555844982784,0.04887793951164029,0.0,-0.006020266956518649,-196.63216233755864,-189.6978065082755
downward_base,cpi_yoy,CPI YoY,0.019037500000000002,0.98,0.98,-192.69951909080746,-185.90385037810998,-0.6189677413724944,0.007507899336245215,0.5245438452009987,0.0019164555844982784,0.03383092442529901,0.0,-0.008528102804242196,-196.63216233755864,-189.6978065082755
downward_base,cpi_yoy,CPI YoY,0.01955,0.98,0.98,-192.69951909080746,-185.90385037810998,-0.6189677413724944,0.007507899336245215,0.5245438452009987,0.0019164555844982784,0.02154440852956439,0.0,-0.010575855453531298,-196.63216233755864,-189.6978065082755
downward_base,cpi_yoy,CPI YoY,0.020062500000000004,0.98,0.98,-192.69951909080746,-185.90385037810998,-0.6189677413724944,0.007507899336245215,0.5245438452009987,0.0019164555844982784,0.012018391824436373,0.0,-0.012163524904385967,-196.63216233755864,-189.6978065082755
downward_base,cpi_yoy,CPI YoY,0.020575000000000003,0.98,0.98,-192.69951909080746,-185.90385037810998,-0.6189677413724944,0.007507899336245215,0.5245438452009987,0.0019164555844982784,0.0052528743099150834,0.0,-0.01329111115680618,-196.63216233755864,-189.6978065082755
downward_base,cpi_yoy,CPI YoY,0.021087500000000002,0.98,0.98,-192.69951909080746,-185.90385037810998,-0.6189677413724944,0.007507899336245215,0.5245438452009987,0.0019164555844982784,0.0012478559860004492,0.0,-0.013958614210791953,-196.63216233755864,-189.6978065082755
downward_base,cpi_yoy,CPI YoY,0.021600000000000005,0.98,0.98,-192.69951909080746,-185.90385037810998,-0.6189677413724944,0.007507899336245215,0.5245438452009987,0.0019164555844982784,0.0,0.0,-0.014166590208458694,-196.63216233755864,-189.6978065082755
downward_base,cpi_yoy,CPI YoY,0.022112500000000004,0.98,0.98,-192.69951909080746,-185.90385037810998,-0.6189677413724944,0.007507899336245215,0.5245438452009987,0.0019164555844982784,0.0,0.0,-0.014166590208458694,-196.63216233755864,-189.6978065082755
downward_base,cpi_yoy,CPI YoY,0.022625000000000003,0.98,0.98,-192.69951909080746,-185.90385037810998,-0.6189677413724944,0.007507899336245215,0.5245438452009987,0.0019164555844982784,0.0,0.0,-0.014166590208458694,-196.63216233755864,-189.6978065082755
downward_base,cpi_yoy,CPI YoY,0.023137500000000002,0.98,0.98,-192.69951909080746,-185.90385037810998,-0.6189677413724944,0.007507899336245215,0.5245438452009987,0.0019164555844982784,0.0,0.0,-0.014166590208458694,-196.63216233755864,-189.6978065082755
downward_base,cpi_yoy,CPI YoY,0.023650000000000004,0.98,0.98,-192.69951909080746,-185.90385037810998,-0.6189677413724944,0.007507899336245215,0.5245438452009987,0.0019164555844982784,0.0,0.0,-0.014166590208458694,-196.63216233755864,-189.6978065082755
downward_base,cpi_yoy,CPI YoY,0.024162500000000003,0.98,0.98,-192.69951909080746,-185.90385037810998,-0.6189677413724944,0.007507899336245215,0.5245438452009987,0.0019164555844982784,0.0,0.0,-0.014166590208458694,-196.63216233755864,-189.6978065082755
downward_base,cpi_yoy,CPI YoY,0.024675000000000002,0.98,0.98,-192.69951909080746,-185.90385037810998,-0.6189677413724944,0.007507899336245215,0.5245438452009987,0.0019164555844982784,0.0,0.0,-0.014166590208458694,-196.63216233755864,-189.6978065082755
downward_base,cpi_yoy,CPI YoY,0.0251875,0.98,0.98,-192.69951909080746,-185.90385037810998,-0.6189677413724944,0.007507899336245215,0.5245438452009987,0.0019164555844982784,0.0,0.0,-0.014166590208458694,-196.63216233755864,-189.6978065082755
downward_base,cpi_yoy,CPI YoY,0.025700000000000004,0.98,0.98,-192.69951909080746,-185.90385037810998,-0.6189677413724944,0.007507899336245215,0.5245438452009987,0.0019164555844982784,0.0,0.0,-0.014166590208458694,-196.63216233755864,-189.6978065082755
downward_base,cpi_yoy,CPI YoY,0.026212500000000003,0.98,0.98,-192.69951909080746,-185.90385037810998,-0.6189677413724944,0.007507899336245215,0.5245438452009987,0.0019164555844982784,0.0,0.0,-0.014166590208458694,-196.63216233755864,-189.6978065082755
downward_base,cpi_yoy,CPI YoY,0.026725000000000002,0.98,0.98,-192.69951909080746,-185.90385037810998,-0.6189677413724944,0.007507899336245215,0.5245438452009987,0.0019164555844982784,0.0,0.0,-0.014166590208458694,-196.63216233755864,-189.6978065082755
downward_base,cpi_yoy,CPI YoY,0.027237500000000005,0.98,0.98,-192.69951909080746,-185.90385037810998,-0.6189677413724944,0.007507899336245215,0.5245438452009987,0.0019164555844982784,0.0,0.0,-0.014166590208458694,-196.63216233755864,-189.6978065082755
downward_base,cpi_yoy,CPI YoY,0.027750000000000004,0.98,0.98,-192.69951909080746,-185.90385037810998,-0.6189677413724944,0.007507899336245215,0.5245438452009987,0.0019164555844982784,0.0,0.0,-0.014166590208458694,-196.63216233755864,-189.6978065082755
downward_base,cpi_yoy,CPI YoY,0.028262500000000006,0.98,0.98,-192.69951909080746,-185.90385037810998,-0.6189677413724944,0.007507899336245215,0.5245438452009987,0.0019164555844982784,0.0,0.0,-0.014166590208458694,-196.63216233755864,-189.6978065082755
downward_base,cpi_yoy,CPI YoY,0.028775000000000005,0.98,0.98,-192.69951909080746,-185.90385037810998,-0.6189677413724944,0.007507899336245215,0.5245438452009987,0.0019164555844982784,0.0,0.0,-0.014166590208458694,-196.63216233755864,-189.6978065082755
downward_base,cpi_yoy,CPI YoY,0.029287500000000005,0.98,0.98,-192.69951909080746,-185.90385037810998,-0.6189677413724944,0.007507899336245215,0.5245438452009987,0.0019164555844982784,0.0,0.0,-0.014166590208458694,-196.63216233755864,-189.6978065082755
downward_base,cpi_yoy,CPI YoY,0.029800000000000004,0.98,0.98,-192.69951909080746,-185.90385037810998,-0.6189677413724944,0.007507899336245215,0.5245438452009987,0.0019164555844982784,0.0,0.0,-0.014166590208458694,-196.63216233755864,-189.6978065082755
downward_base,cpi_yoy,CPI YoY,0.030312500000000003,0.98,0.98,-192.69951909080746,-185.90385037810998,-0.6189677413724944,0.007507899336245215,0.5245438452009987,0.0019164555844982784,0.0,0.0,-0.014166590208458694,-196.63216233755864,-189.6978065082755
downward_base,cpi_yoy,CPI YoY,0.030825,0.98,0.98,-192.69951909080746,-185.90385037810998,-0.6189677413724944,0.007507899336245215,0.5245438452009987,0.0019164555844982784,0.0,0.0,-0.014166590208458694,-196.63216233755864,-189.6978065082755
downward_base,cpi_yoy,CPI YoY,0.0313375,0.98,0.98,-192.69951909080746,-185.90385037810998,-0.6189677413724944,0.007507899336245215,0.5245438452009987,0.0019164555844982784,0.0,0.0,-0.014166590208458694,-196.63216233755864,-189.6978065082755
downward_base,cpi_yoy,CPI YoY,0.03185,0.98,0.98,-192.69951909080746,-185.90385037810998,-0.6189677413724944,0.007507899336245215,0.5245438452009987,0.0019164555844982784,0.0,0.0,-0.014166590208458694,-196.63216233755864,-189.6978065082755
downward_base,cpi_yoy,CPI YoY,0.0323625,0.98,0.98,-192.69951909080746,-185.90385037810998,-0.6189677413724944,0.007507899336245215,0.5245438452009987,0.0019164555844982784,8.885048907581991e-06,0.0,-0.014165109366974097,-196.63216233755864,-189.6978065082755
downward_base,cpi_yoy,CPI YoY,0.032875,0.98,0.98,-192.69951909080746,-185.90385037810998,-0.6189677413724944,0.007507899336245215,0.5245438452009987,0.0019164555844982784,0.001610616789395936,0.0,-0.013898154076892705,-196.63216233755864,-189.6978065082755
downward_base,cpi_yoy,CPI YoY,0.0333875,0.98,0.98,-192.69951909080746,-185.90385037810998,-0.6189677413724944,0.007507899336245215,0.5245438452009987,0.0019164555844982784,0.0059728477204909446,0.0,-0.01317111558837687,-196.63216233755864,-189.6978065082755
downward_base,cpi_yoy,CPI YoY,0.0339,0.98,0.98,-192.69951909080746,-185.90385037810998,-0.6189677413724944,0.007507899336245215,0.5245438452009987,0.0019164555844982784,0.013095577842192733,0.0,-0.011983993901426574,-196.63216233755864,-189.6978065082755
downward_base,cpi_yoy,CPI YoY,0.0344125,0.98,0.98,-192.69951909080746,-185.90385037810998,-0.6189677413724944,0.007507899336245215,0.5245438452009987,0.0019164555844982784,0.022978807154501093,0.0,-0.010336789016041847,-196.63216233755864,-189.6978065082755
downward_base,cpi_yoy,CPI YoY,0.034925,0.98,0.98,-192.69951909080746,-185.90385037810998,-0.6189677413724944,0.007507899336245215,0.5245438452009987,0.0019164555844982784,0.035622535657416105,0.0,-0.008229500932222678,-196.63216233755864,-189.6978065082755
downward_base,cpi_yoy,CPI YoY,0.035437500000000004,0.98,0.98,-192.69951909080746,-185.90385037810998,-0.6189677413724944,0.007507899336245215,0.5245438452009987,0.0019164555844982784,0.05102676335093777,0.0,-0.00566212964996907,-196.63216233755864,-189.6978065082755
downward_base,cpi_yoy,CPI YoY,0.03595,0.98,0.98,-192.69951909080746,-185.90385037810998,-0.6189677413724944,0.007507899336245215,0.5245438452009987,0.0019164555844982784,0.0691914902350661,0.0,-0.002634675169281016,-196.63216233755864,-189.6978065082755
downward_base,cpi_yoy,CPI YoY,0.0364625,0.98,0.98,-192.69951909080746,-185.90385037810998,-0.6189677413724944,0.007507899336245215,0.5245438452009987,0.0019164555844982784,0.09011671630980106,0.0,0.0008528625098414757,-196.63216233755864,-189.6978065082755
downward_base,cpi_yoy,CPI YoY,0.036975,0.98,0.98,-192.69951909080746,-185.90385037810998,-0.6189677413724944,0.007507899336245215,0.5245438452009987,0.0019164555844982784,0.11380244157514272,0.0,0.004800483387398417,-196.63216233755864,-189.6978065082755
downward_base,cpi_yoy,CPI YoY,0.0374875,0.98,0.98,-192.69951909080746,-185.90385037810998,-0.6189677413724944,0.007507899336245215,0.5245438452009987,0.0019164555844982784,0.14024866603109098,0.0,0.009208187463389795,-196.63216233755864,-189.6978065082755
downward_base,cpi_yoy,CPI YoY,0.038,0.98,0.98,-192.69951909080746,-185.90385037810998,-0.6189677413724944,0.007507899336245215,0.5245438452009987,0.0019164555844982784,0.16945538967764592,0.0,0.014075974737815616,-196.63216233755864,-189.6978065082755
downward_base,oil_import_dependency,oil import dependency,0.648945454723228,0.98,0.98,-192.69951909080746,-185.90385037810998,-0.6189677413724944,0.007507899336245215,0.5245438452009987,0.0019164555844982784,0.06715426911777199,0.0,-0.002974212022163367,-196.63216233755864,-189.6978065082755
downward_base,oil_import_dependency,oil import dependency,0.6501388575534445,0.98,0.98,-192.69951909080746,-185.90385037810998,-0.6189677413724944,0.007507899336245215,0.5245438452009987,0.0019164555844982784,0.06715426911777199,0.0,-0.002974212022163367,-196.63216233755864,-189.6978065082755
downward_base,oil_import_dependency,oil import dependency,0.651332260383661,0.98,0.98,-192.69951909080746,-185.90385037810998,-0.6189677413724944,0.007507899336245215,0.5245438452009987,0.0019164555844982784,0.06715426911777199,0.0,-0.002974212022163367,-196.63216233755864,-189.6978065082755
downward_base,oil_import_dependency,oil import dependency,0.6525256632138775,0.98,0.98,-192.69951909080746,-185.90385037810998,-0.6189677413724944,0.007507899336245215,0.5245438452009987,0.0019164555844982784,0.06715426911777199,0.0,-0.002974212022163367,-196.63216233755864,-189.6978065082755
downward_base,oil_import_dependency,oil import dependency,0.6537190660440941,0.98,0.98,-192.69951909080746,-185.90385037810998,-0.6189677413724944,0.007507899336245215,0.5245438452009987,0.0019164555844982784,0.06715426911777199,0.0,-0.002974212022163367,-196.63216233755864,-189.6978065082755
downward_base,oil_import_dependency,oil import dependency,0.6549124688743106,0.98,0.98,-192.69951909080746,-185.90385037810998,-0.6189677413724944,0.007507899336245215,0.5245438452009987,0.0019164555844982784,0.06715426911777199,0.0,-0.002974212022163367,-196.63216233755864,-189.6978065082755
downward_base,oil_import_dependency,oil import dependency,0.6561058717045272,0.98,0.98,-192.69951909080746,-185.90385037810998,-0.6189677413724944,0.007507899336245215,0.5245438452009987,0.0019164555844982784,0.06715426911777199,0.0,-0.002974212022163367,-196.63216233755864,-189.6978065082755
downward_base,oil_import_dependency,oil import dependency,0.6572992745347437,0.98,0.98,-192.69951909080746,-185.90385037810998,-0.6189677413724944,0.007507899336245215,0.5245438452009987,0.0019164555844982784,0.06715426911777199,0.0,-0.002974212022163367,-196.63216233755864,-189.6978065082755
downward_base,oil_import_dependency,oil import dependency,0.6584926773649602,0.98,0.98,-192.69951909080746,-185.90385037810998,-0.6189677413724944,0.007507899336245215,0.5245438452009987,0.0019164555844982784,0.06715426911777199,0.0,-0.002974212022163367,-196.63216233755864,-189.6978065082755
downward_base,oil_import_dependency,oil import dependency,0.6596860801951767,0.98,0.98,-192.69951909080746,-185.90385037810998,-0.6189677413724944,0.007507899336245215,0.5245438452009987,0.0019164555844982784,0.06715426911777199,0.0,-0.002974212022163367,-196.63216233755864,-189.6978065082755
downward_base,oil_import_dependency,oil import dependency,0.6608794830253933,0.98,0.98,-192.69951909080746,-185.90385037810998,-0.6189677413724944,0.007507899336245215,0.5245438452009987,0.0019164555844982784,0.06715426911777199,0.0,-0.002974212022163367,-196.63216233755864,-189.6978065082755
downward_base,oil_import_dependency,oil import dependency,0.6620728858556099,0.98,0.98,-192.69951909080746,-185.90385037810998,-0.6189677413724944,0.007507899336245215,0.5245438452009987,0.0019164555844982784,0.06715426911777199,0.0,-0.002974212022163367,-196.63216233755864,-189.6978065082755
downward_base,oil_import_dependency,oil import dependency,0.6632662886858264,0.98,0.98,-192.69951909080746,-185.90385037810998,-0.6189677413724944,0.007507899336245215,0.5245438452009987,0.0019164555844982784,0.06715426911777199,0.0,-0.002974212022163367,-196.63216233755864,-189.6978065082755
downward_base,oil_import_dependency,oil import dependency,0.6644596915160429,0.98,0.98,-192.69951909080746,-185.90385037810998,-0.6189677413724944,0.007507899336245215,0.5245438452009987,0.0019164555844982784,0.06715426911777199,0.0,-0.002974212022163367,-196.63216233755864,-189.6978065082755
downward_base,oil_import_dependency,oil import dependency,0.6656530943462594,0.98,0.98,-192.69951909080746,-185.90385037810998,-0.6189677413724944,0.007507899336245215,0.5245438452009987,0.0019164555844982784,0.06715426911777199,0.0,-0.002974212022163367,-196.63216233755864,-189.6978065082755
downward_base,oil_import_dependency,oil import dependency,0.6668464971764759,0.98,0.98,-192.69951909080746,-185.90385037810998,-0.6189677413724944,0.007507899336245215,0.5245438452009987,0.0019164555844982784,0.06715426911777199,0.0,-0.002974212022163367,-196.63216233755864,-189.6978065082755
downward_base,oil_import_dependency,oil import dependency,0.6680399000066926,0.98,0.98,-192.69951909080746,-185.90385037810998,-0.6189677413724944,0.007507899336245215,0.5245438452009987,0.0019164555844982784,0.06715426911777199,0.0,-0.002974212022163367,-196.63216233755864,-189.6978065082755
downward_base,oil_import_dependency,oil import dependency,0.6692333028369091,0.98,0.98,-192.69951909080746,-185.90385037810998,-0.6189677413724944,0.007507899336245215,0.5245438452009987,0.0019164555844982784,0.06715426911777199,0.0,-0.002974212022163367,-196.63216233755864,-189.6978065082755
downward_base,oil_import_dependency,oil import dependency,0.6704267056671256,0.98,0.98,-192.69951909080746,-185.90385037810998,-0.6189677413724944,0.007507899336245215,0.5245438452009987,0.0019164555844982784,0.06715426911777199,0.0,-0.002974212022163367,-196.63216233755864,-189.6978065082755
downward_base,oil_import_dependency,oil import dependency,0.6716201084973421,0.98,0.98,-192.69951909080746,-185.90385037810998,-0.6189677413724944,0.007507899336245215,0.5245438452009987,0.0019164555844982784,0.06715426911777199,0.0,-0.002974212022163367,-196.63216233755864,-189.6978065082755
downward_base,oil_import_dependency,oil import dependency,0.6728135113275586,0.98,0.98,-192.69951909080746,-185.90385037810998,-0.6189677413724944,0.007507899336245215,0.5245438452009987,0.0019164555844982784,0.06715426911777199,0.0,-0.002974212022163367,-196.63216233755864,-189.6978065082755
downward_base,oil_import_dependency,oil import dependency,0.6740069141577751,0.98,0.98,-192.69951909080746,-185.90385037810998,-0.6189677413724944,0.007507899336245215,0.5245438452009987,0.0019164555844982784,0.06715426911777199,0.0,-0.002974212022163367,-196.63216233755864,-189.6978065082755
downward_base,oil_import_dependency,oil import dependency,0.6752003169879918,0.98,0.98,-192.69951909080746,-185.90385037810998,-0.6189677413724944,0.007507899336245215,0.5245438452009987,0.0019164555844982784,0.06715426911777199,0.0,-0.002974212022163367,-196.63216233755864,-189.6978065082755
downward_base,oil_import_dependency,oil import dependency,0.6763937198182083,0.98,0.98,-192.69951909080746,-185.90385037810998,-0.6189677413724944,0.007507899336245215,0.5245438452009987,0.0019164555844982784,0.06715426911777199,0.0,-0.002974212022163367,-196.63216233755864,-189.6978065082755
downward_base,oil_import_dependency,oil import dependency,0.6775871226484248,0.98,0.98,-192.69951909080746,-185.90385037810998,-0.6189677413724944,0.007507899336245215,0.5245438452009987,0.0019164555844982784,0.06715426911777199,0.0,-0.002974212022163367,-196.63216233755864,-189.6978065082755
downward_base,oil_import_dependency,oil import dependency,0.6787805254786413,0.98,0.98,-192.69951909080746,-185.90385037810998,-0.6189677413724944,0.007507899336245215,0.5245438452009987,0.0019164555844982784,0.06715426911777199,0.0,-0.002974212022163367,-196.63216233755864,-189.6978065082755
downward_base,oil_import_dependency,oil import dependency,0.6799739283088578,0.98,0.98,-192.69951909080746,-185.90385037810998,-0.6189677413724944,0.007507899336245215,0.5245438452009987,0.0019164555844982784,0.06715426911777199,0.0,-0.002974212022163367,-196.63216233755864,-189.6978065082755
downward_base,oil_import_dependency,oil import dependency,0.6811673311390744,0.98,0.98,-192.69951909080746,-185.90385037810998,-0.6189677413724944,0.007507899336245215,0.5245438452009987,0.0019164555844982784,0.06715426911777199,0.0,-0.002974212022163367,-196.63216233755864,-189.6978065082755
downward_base,oil_import_dependency,oil import dependency,0.682360733969291,0.98,0.98,-192.69951909080746,-185.90385037810998,-0.6189677413724944,0.007507899336245215,0.5245438452009987,0.0019164555844982784,0.06715426911777199,0.0,-0.002974212022163367,-196.63216233755864,-189.6978065082755
downward_base,oil_import_dependency,oil import dependency,0.6835541367995075,0.98,0.98,-192.69951909080746,-185.90385037810998,-0.6189677413724944,0.007507899336245215,0.5245438452009987,0.0019164555844982784,0.06715426911777199,0.0,-0.002974212022163367,-196.63216233755864,-189.6978065082755
downward_base,oil_import_dependency,oil import dependency,0.684747539629724,0.98,0.98,-192.69951909080746,-185.90385037810998,-0.6189677413724944,0.007507899336245215,0.5245438452009987,0.0019164555844982784,0.06715426911777199,0.0,-0.002974212022163367,-196.63216233755864,-189.6978065082755
downward_base,oil_import_dependency,oil import dependency,0.6859409424599405,0.98,0.98,-192.69951909080746,-185.90385037810998,-0.6189677413724944,0.007507899336245215,0.5245438452009987,0.0019164555844982784,0.06715426911777199,0.0,-0.002974212022163367,-196.63216233755864,-189.6978065082755
downward_base,oil_import_dependency,oil import dependency,0.687134345290157,0.98,0.98,-192.69951909080746,-185.90385037810998,-0.6189677413724944,0.007507899336245215,0.5245438452009987,0.0019164555844982784,0.06715426911777199,0.0,-0.002974212022163367,-196.63216233755864,-189.6978065082755
downward_base,oil_import_dependency,oil import dependency,0.6883277481203736,0.98,0.98,-192.69951909080746,-185.90385037810998,-0.6189677413724944,0.007507899336245215,0.5245438452009987,0.0019164555844982784,0.06715426911777199,0.0,-0.002974212022163367,-196.63216233755864,-189.6978065082755
downward_base,oil_import_dependency,oil import dependency,0.6895211509505901,0.98,0.98,-192.69951909080746,-185.90385037810998,-0.6189677413724944,0.007507899336245215,0.5245438452009987,0.0019164555844982784,0.06715426911777199,0.0,-0.002974212022163367,-196.63216233755864,-189.6978065082755
downward_base,oil_import_dependency,oil import dependency,0.6907145537808067,0.98,0.98,-192.69951909080746,-185.90385037810998,-0.6189677413724944,0.007507899336245215,0.5245438452009987,0.0019164555844982784,0.06715426911777199,0.0,-0.002974212022163367,-196.63216233755864,-189.6978065082755
downward_base,oil_import_dependency,oil import dependency,0.6919079566110232,0.98,0.98,-192.69951909080746,-185.90385037810998,-0.6189677413724944,0.007507899336245215,0.5245438452009987,0.0019164555844982784,0.06715426911777199,0.0,-0.002974212022163367,-196.63216233755864,-189.6978065082755
downward_base,oil_import_dependency,oil import dependency,0.6931013594412397,0.98,0.98,-192.69951909080746,-185.90385037810998,-0.6189677413724944,0.007507899336245215,0.5245438452009987,0.0019164555844982784,0.06715426911777199,0.0,-0.002974212022163367,-196.63216233755864,-189.6978065082755
downward_base,oil_import_dependency,oil import dependency,0.6942947622714563,0.98,0.98,-192.69951909080746,-185.90385037810998,-0.6189677413724944,0.007507899336245215,0.5245438452009987,0.0019164555844982784,0.06715426911777199,0.0,-0.002974212022163367,-196.63216233755864,-189.6978065082755
downward_base,oil_import_dependency,oil import dependency,0.6954881651016728,0.98,0.98,-192.69951909080746,-185.90385037810998,-0.6189677413724944,0.007507899336245215,0.5245438452009987,0.0019164555844982784,0.06715426911777199,0.0,-0.002974212022163367,-196.63216233755864,-189.6978065082755
downward_base,oil_import_dependency,oil import dependency,0.6966815679318894,0.98,0.98,-192.69951909080746,-185.90385037810998,-0.6189677413724944,0.007507899336245215,0.5245438452009987,0.0019164555844982784,0.06715426911777199,0.0,-0.002974212022163367,-196.63216233755864,-189.6978065082755
downward_base,oil_import_dependency,oil import dependency,0.6978749707621059,0.98,0.98,-192.69951909080746,-185.90385037810998,-0.6189677413724944,0.007507899336245215,0.5245438452009987,0.0019164555844982784,0.06715426911777199,0.0,-0.002974212022163367,-196.63216233755864,-189.6978065082755
downward_base,oil_import_dependency,oil import dependency,0.6990683735923224,0.98,0.98,-192.69951909080746,-185.90385037810998,-0.6189677413724944,0.007507899336245215,0.5245438452009987,0.0019164555844982784,0.06715426911777199,0.0,-0.002974212022163367,-196.63216233755864,-189.6978065082755
downward_base,oil_import_dependency,oil import dependency,0.700261776422539,0.98,0.98,-192.69951909080746,-185.90385037810998,-0.6189677413724944,0.007507899336245215,0.5245438452009987,0.0019164555844982784,0.06715426911777199,0.0,-0.002974212022163367,-196.63216233755864,-189.6978065082755
downward_base,oil_import_dependency,oil import dependency,0.7014551792527555,0.98,0.98,-192.69951909080746,-185.90385037810998,-0.6189677413724944,0.007507899336245215,0.5245438452009987,0.0019164555844982784,0.06715426911777199,0.0,-0.002974212022163367,-196.63216233755864,-189.6978065082755
downward_base,oil_import_dependency,oil import dependency,0.702648582082972,0.98,0.98,-192.69951909080746,-185.90385037810998,-0.6189677413724944,0.007507899336245215,0.5245438452009987,0.0019164555844982784,0.06715426911777199,0.0,-0.002974212022163367,-196.63216233755864,-189.6978065082755
downward_base,oil_import_dependency,oil import dependency,0.7038419849131885,0.98,0.98,-192.69951909080746,-185.90385037810998,-0.6189677413724944,0.007507899336245215,0.5245438452009987,0.0019164555844982784,0.06715426911777199,0.0,-0.002974212022163367,-196.63216233755864,-189.6978065082755
downward_base,oil_import_dependency,oil import dependency,0.7050353877434051,0.98,0.98,-192.69951909080746,-185.90385037810998,-0.6189677413724944,0.007507899336245215,0.5245438452009987,0.0019164555844982784,0.06715426911777199,0.0,-0.002974212022163367,-196.63216233755864,-189.6978065082755
downward_base,oil_import_dependency,oil import dependency,0.7062287905736216,0.98,0.98,-192.69951909080746,-185.90385037810998,-0.6189677413724944,0.007507899336245215,0.5245438452009987,0.0019164555844982784,0.06715426911777199,0.0,-0.002974212022163367,-196.63216233755864,-189.6978065082755
downward_base,oil_import_dependency,oil import dependency,0.7074221934038382,0.98,0.98,-192.69951909080746,-185.90385037810998,-0.6189677413724944,0.007507899336245215,0.5245438452009987,0.0019164555844982784,0.06715426911777199,0.0,-0.002974212022163367,-196.63216233755864,-189.6978065082755
downward_base,oil_import_dependency,oil import dependency,0.7086155962340547,0.98,0.98,-192.69951909080746,-185.90385037810998,-0.6189677413724944,0.007507899336245215,0.5245438452009987,0.0019164555844982784,0.06715426911777199,0.0,-0.002974212022163367,-196.63216233755864,-189.6978065082755
downward_base,oil_import_dependency,oil import dependency,0.7098089990642712,0.98,0.98,-192.69951909080746,-185.90385037810998,-0.6189677413724944,0.007507899336245215,0.5245438452009987,0.0019164555844982784,0.06715426911777199,0.0,-0.002974212022163367,-196.63216233755864,-189.6978065082755
downward_base,oil_import_dependency,oil import dependency,0.7110024018944877,0.98,0.98,-192.69951909080746,-185.90385037810998,-0.6189677413724944,0.007507899336245215,0.5245438452009987,0.0019164555844982784,0.06715426911777199,0.0,-0.002974212022163367,-196.63216233755864,-189.6978065082755
downward_base,oil_import_dependency,oil import dependency,0.7121958047247043,0.98,0.98,-192.69951909080746,-185.90385037810998,-0.6189677413724944,0.007507899336245215,0.5245438452009987,0.0019164555844982784,0.06715426911777199,0.0,-0.002974212022163367,-196.63216233755864,-189.6978065082755
downward_base,oil_import_dependency,oil import dependency,0.7133892075549209,0.98,0.98,-192.69951909080746,-185.90385037810998,-0.6189677413724944,0.007507899336245215,0.5245438452009987,0.0019164555844982784,0.06715426911777199,0.0,-0.002974212022163367,-196.63216233755864,-189.6978065082755
downward_base,oil_import_dependency,oil import dependency,0.7145826103851374,0.98,0.98,-192.69951909080746,-185.90385037810998,-0.6189677413724944,0.007507899336245215,0.5245438452009987,0.0019164555844982784,0.06715426911777199,0.0,-0.002974212022163367,-196.63216233755864,-189.6978065082755
downward_base,oil_import_dependency,oil import dependency,0.7157760132153539,0.98,0.98,-192.69951909080746,-185.90385037810998,-0.6189677413724944,0.007507899336245215,0.5245438452009987,0.0019164555844982784,0.06715426911777199,0.0,-0.002974212022163367,-196.63216233755864,-189.6978065082755
downward_base,oil_import_dependency,oil import dependency,0.7169694160455704,0.98,0.98,-192.69951909080746,-185.90385037810998,-0.6189677413724944,0.007507899336245215,0.5245438452009987,0.0019164555844982784,0.06715426911777199,0.0,-0.002974212022163367,-196.63216233755864,-189.6978065082755
downward_base,oil_import_dependency,oil import dependency,0.7181628188757869,0.98,0.98,-192.69951909080746,-185.90385037810998,-0.6189677413724944,0.007507899336245215,0.5245438452009987,0.0019164555844982784,0.06715426911777199,0.0,-0.002974212022163367,-196.63216233755864,-189.6978065082755
downward_base,oil_import_dependency,oil import dependency,0.7193562217060036,0.98,0.98,-192.69951909080746,-185.90385037810998,-0.6189677413724944,0.007507899336245215,0.5245438452009987,0.0019164555844982784,0.06715426911777199,0.0,-0.002974212022163367,-196.63216233755864,-189.6978065082755
downward_base,oil_import_dependency,oil import dependency,0.7205496245362201,0.98,0.98,-192.69951909080746,-185.90385037810998,-0.6189677413724944,0.007507899336245215,0.5245438452009987,0.0019164555844982784,0.06715426911777199,0.0,-0.002974212022163367,-196.63216233755864,-189.6978065082755
downward_base,oil_import_dependency,oil import dependency,0.7217430273664366,0.98,0.98,-192.69951909080746,-185.90385037810998,-0.6189677413724944,0.007507899336245215,0.5245438452009987,0.0019164555844982784,0.06715426911777199,0.0,-0.002974212022163367,-196.63216233755864,-189.6978065082755
downward_base,oil_import_dependency,oil import dependency,0.7229364301966531,0.98,0.98,-192.69951909080746,-185.90385037810998,-0.6189677413724944,0.007507899336245215,0.5245438452009987,0.0019164555844982784,0.06715426911777199,0.0,-0.002974212022163367,-196.63216233755864,-189.6978065082755
downward_base,oil_import_dependency,oil import dependency,0.7241298330268696,0.98,0.98,-192.69951909080746,-185.90385037810998,-0.6189677413724944,0.007507899336245215,0.5245438452009987,0.0019164555844982784,0.06715426911777199,0.0,-0.002974212022163367,-196.63216233755864,-189.6978065082755
downward_base,oil_import_dependency,oil import dependency,0.7253232358570861,0.98,0.98,-192.69951909080746,-185.90385037810998,-0.6189677413724944,0.007507899336245215,0.5245438452009987,0.0019164555844982784,0.06715426911777199,0.0,-0.002974212022163367,-196.63216233755864,-189.6978065082755
downward_base,oil_import_dependency,oil import dependency,0.7265166386873028,0.98,0.98,-192.69951909080746,-185.90385037810998,-0.6189677413724944,0.007507899336245215,0.5245438452009987,0.0019164555844982784,0.06715426911777199,0.0,-0.002974212022163367,-196.63216233755864,-189.6978065082755
downward_base,oil_import_dependency,oil import dependency,0.7277100415175193,0.98,0.98,-192.69951909080746,-185.90385037810998,-0.6189677413724944,0.007507899336245215,0.5245438452009987,0.0019164555844982784,0.06715426911777199,0.0,-0.002974212022163367,-196.63216233755864,-189.6978065082755
downward_base,oil_import_dependency,oil import dependency,0.7289034443477358,0.98,0.98,-192.69951909080746,-185.90385037810998,-0.6189677413724944,0.007507899336245215,0.5245438452009987,0.0019164555844982784,0.06715426911777199,0.0,-0.002974212022163367,-196.63216233755864,-189.6978065082755
downward_base,oil_import_dependency,oil import dependency,0.7300968471779523,0.98,0.98,-192.69951909080746,-185.90385037810998,-0.6189677413724944,0.007507899336245215,0.5245438452009987,0.0019164555844982784,0.06715426911777199,0.0,-0.002974212022163367,-196.63216233755864,-189.6978065082755
downward_base,oil_import_dependency,oil import dependency,0.7312902500081688,0.98,0.98,-192.69951909080746,-185.90385037810998,-0.6189677413724944,0.007507899336245215,0.5245438452009987,0.0019164555844982784,0.06715426911777199,0.0,-0.002974212022163367,-196.63216233755864,-189.6978065082755
downward_base,oil_import_dependency,oil import dependency,0.7324836528383853,0.98,0.98,-192.69951909080746,-185.90385037810998,-0.6189677413724944,0.007507899336245215,0.5245438452009987,0.0019164555844982784,0.06715426911777199,0.0,-0.002974212022163367,-196.63216233755864,-189.6978065082755
downward_base,oil_import_dependency,oil import dependency,0.7336770556686019,0.98,0.98,-192.69951909080746,-185.90385037810998,-0.6189677413724944,0.007507899336245215,0.5245438452009987,0.0019164555844982784,0.06715426911777199,0.0,-0.002974212022163367,-196.63216233755864,-189.6978065082755
downward_base,oil_import_dependency,oil import dependency,0.7348704584988185,0.98,0.98,-192.69951909080746,-185.90385037810998,-0.6189677413724944,0.007507899336245215,0.5245438452009987,0.0019164555844982784,0.06715426911777199,0.0,-0.002974212022163367,-196.63216233755864,-189.6978065082755
downward_base,oil_import_dependency,oil import dependency,0.736063861329035,0.98,0.98,-192.69951909080746,-185.90385037810998,-0.6189677413724944,0.007507899336245215,0.5245438452009987,0.0019164555844982784,0.06715426911777199,0.0,-0.002974212022163367,-196.63216233755864,-189.6978065082755
downward_base,oil_import_dependency,oil import dependency,0.7372572641592515,0.98,0.98,-192.69951909080746,-185.90385037810998,-0.6189677413724944,0.007507899336245215,0.5245438452009987,0.0019164555844982784,0.06715426911777199,0.0,-0.002974212022163367,-196.63216233755864,-189.6978065082755
downward_base,oil_import_dependency,oil import dependency,0.738450666989468,0.98,0.98,-192.69951909080746,-185.90385037810998,-0.6189677413724944,0.007507899336245215,0.5245438452009987,0.0019164555844982784,0.06715426911777199,0.0,-0.002974212022163367,-196.63216233755864,-189.6978065082755
downward_base,oil_import_dependency,oil import dependency,0.7396440698196846,0.98,0.98,-192.69951909080746,-185.90385037810998,-0.6189677413724944,0.007507899336245215,0.5245438452009987,0.0019164555844982784,0.06715426911777199,0.0,-0.002974212022163367,-196.63216233755864,-189.6978065082755
downward_base,oil_import_dependency,oil import dependency,0.7408374726499012,0.98,0.98,-192.69951909080746,-185.90385037810998,-0.6189677413724944,0.007507899336245215,0.5245438452009987,0.0019164555844982784,0.06715426911777199,0.0,-0.002974212022163367,-196.63216233755864,-189.6978065082755
downward_base,oil_import_dependency,oil import dependency,0.7420308754801177,0.98,0.98,-192.69951909080746,-185.90385037810998,-0.6189677413724944,0.007507899336245215,0.5245438452009987,0.0019164555844982784,0.06715426911777199,0.0,-0.002974212022163367,-196.63216233755864,-189.6978065082755
downward_base,oil_import_dependency,oil import dependency,0.7432242783103342,0.98,0.98,-192.69951909080746,-185.90385037810998,-0.6189677413724944,0.007507899336245215,0.5245438452009987,0.0019164555844982784,0.06715426911777199,0.0,-0.002974212022163367,-196.63216233755864,-189.6978065082755
downward_base,oil_import_dependency,oil import dependency,0.7444176811405507,0.98,0.98,-192.69951909080746,-185.90385037810998,-0.6189677413724944,0.007507899336245215,0.5245438452009987,0.0019164555844982784,0.06715426911777199,0.0,-0.002974212022163367,-196.63216233755864,-189.6978065082755
downward_base,brent_pressure_h,Brent pressure,0.0,0.98,0.98,-192.69951909080746,-185.90385037810998,-0.6189677413724944,0.007507899336245215,0.5245438452009987,0.0019164555844982784,0.06715426911777199,0.0,-0.002974212022163367,-196.63216233755864,-189.6978065082755
downward_base,brent_pressure_h,Brent pressure,0.005113951612903225,0.98,0.98,-192.69951909080746,-185.90385037810998,-0.6189677413724944,0.007507899336245215,0.5245438452009987,0.0019164555844982784,0.06715426911777199,0.0,-0.002974212022163367,-196.63216233755864,-189.6978065082755
downward_base,brent_pressure_h,Brent pressure,0.01022790322580645,0.98,0.98,-192.69951909080746,-185.90385037810998,-0.6189677413724944,0.007507899336245215,0.5245438452009987,0.0019164555844982784,0.06715426911777199,0.0,-0.002974212022163367,-196.63216233755864,-189.6978065082755
downward_base,brent_pressure_h,Brent pressure,0.015341854838709675,0.98,0.98,-192.69951909080746,-185.90385037810998,-0.6189677413724944,0.007507899336245215,0.5245438452009987,0.0019164555844982784,0.06715426911777199,0.0,-0.002974212022163367,-196.63216233755864,-189.6978065082755
downward_base,brent_pressure_h,Brent pressure,0.0204558064516129,0.98,0.98,-192.69951909080746,-185.90385037810998,-0.6189677413724944,0.007507899336245215,0.5245438452009987,0.0019164555844982784,0.06715426911777199,0.0,-0.002974212022163367,-196.63216233755864,-189.6978065082755
downward_base,brent_pressure_h,Brent pressure,0.025569758064516127,0.98,0.98,-192.69951909080746,-185.90385037810998,-0.6189677413724944,0.007507899336245215,0.5245438452009987,0.0019164555844982784,0.06715426911777199,0.0,-0.002974212022163367,-196.63216233755864,-189.6978065082755
downward_base,brent_pressure_h,Brent pressure,0.03068370967741935,0.98,0.98,-192.69951909080746,-185.90385037810998,-0.6189677413724944,0.007507899336245215,0.5245438452009987,0.0019164555844982784,0.06715426911777199,0.0,-0.002974212022163367,-196.63216233755864,-189.6978065082755
downward_base,brent_pressure_h,Brent pressure,0.03579766129032257,0.98,0.98,-192.69951909080746,-185.90385037810998,-0.6189677413724944,0.007507899336245215,0.5245438452009987,0.0019164555844982784,0.06715426911777199,0.0,-0.002974212022163367,-196.63216233755864,-189.6978065082755
downward_base,brent_pressure_h,Brent pressure,0.0409116129032258,0.98,0.98,-192.69951909080746,-185.90385037810998,-0.6189677413724944,0.007507899336245215,0.5245438452009987,0.0019164555844982784,0.06715426911777199,0.0,-0.002974212022163367,-196.63216233755864,-189.6978065082755
downward_base,brent_pressure_h,Brent pressure,0.046025564516129026,0.98,0.98,-192.69951909080746,-185.90385037810998,-0.6189677413724944,0.007507899336245215,0.5245438452009987,0.0019164555844982784,0.06715426911777199,0.0,-0.002974212022163367,-196.63216233755864,-189.6978065082755
downward_base,brent_pressure_h,Brent pressure,0.05113951612903225,0.98,0.98,-192.69951909080746,-185.90385037810998,-0.6189677413724944,0.007507899336245215,0.5245438452009987,0.0019164555844982784,0.06715426911777199,0.0,-0.002974212022163367,-196.63216233755864,-189.6978065082755
downward_base,brent_pressure_h,Brent pressure,0.05625346774193547,0.98,0.98,-192.69951909080746,-185.90385037810998,-0.6189677413724944,0.007507899336245215,0.5245438452009987,0.0019164555844982784,0.06715426911777199,0.0,-0.002974212022163367,-196.63216233755864,-189.6978065082755
downward_base,brent_pressure_h,Brent pressure,0.0613674193548387,0.98,0.98,-192.69951909080746,-185.90385037810998,-0.6189677413724944,0.007507899336245215,0.5245438452009987,0.0019164555844982784,0.06715426911777199,0.0,-0.002974212022163367,-196.63216233755864,-189.6978065082755
downward_base,brent_pressure_h,Brent pressure,0.06648137096774193,0.98,0.98,-192.69951909080746,-185.90385037810998,-0.6189677413724944,0.007507899336245215,0.5245438452009987,0.0019164555844982784,0.06715426911777199,0.0,-0.002974212022163367,-196.63216233755864,-189.6978065082755
downward_base,brent_pressure_h,Brent pressure,0.07159532258064515,0.98,0.98,-192.69951909080746,-185.90385037810998,-0.6189677413724944,0.007507899336245215,0.5245438452009987,0.0019164555844982784,0.06715426911777199,0.0,-0.002974212022163367,-196.63216233755864,-189.6978065082755
downward_base,brent_pressure_h,Brent pressure,0.07670927419354838,0.98,0.98,-192.69951909080746,-185.90385037810998,-0.6189677413724944,0.007507899336245215,0.5245438452009987,0.0019164555844982784,0.06715426911777199,0.0,-0.002974212022163367,-196.63216233755864,-189.6978065082755
downward_base,brent_pressure_h,Brent pressure,0.0818232258064516,0.98,0.98,-192.69951909080746,-185.90385037810998,-0.6189677413724944,0.007507899336245215,0.5245438452009987,0.0019164555844982784,0.06715426911777199,0.0,-0.002974212022163367,-196.63216233755864,-189.6978065082755
downward_base,brent_pressure_h,Brent pressure,0.08693717741935482,0.98,0.98,-192.69951909080746,-185.90385037810998,-0.6189677413724944,0.007507899336245215,0.5245438452009987,0.0019164555844982784,0.06715426911777199,0.0,-0.002974212022163367,-196.63216233755864,-189.6978065082755
downward_base,brent_pressure_h,Brent pressure,0.09205112903225805,0.98,0.98,-192.69951909080746,-185.90385037810998,-0.6189677413724944,0.007507899336245215,0.5245438452009987,0.0019164555844982784,0.06715426911777199,0.0,-0.002974212022163367,-196.63216233755864,-189.6978065082755
downward_base,brent_pressure_h,Brent pressure,0.09716508064516127,0.98,0.98,-192.69951909080746,-185.90385037810998,-0.6189677413724944,0.007507899336245215,0.5245438452009987,0.0019164555844982784,0.06715426911777199,0.0,-0.002974212022163367,-196.63216233755864,-189.6978065082755
downward_base,brent_pressure_h,Brent pressure,0.1022790322580645,0.98,0.98,-192.69951909080746,-185.90385037810998,-0.6189677413724944,0.007507899336245215,0.5245438452009987,0.0019164555844982784,0.06715426911777199,0.0,-0.002974212022163367,-196.63216233755864,-189.6978065082755
downward_base,brent_pressure_h,Brent pressure,0.10739298387096773,0.98,0.98,-192.69951909080746,-185.90385037810998,-0.6189677413724944,0.007507899336245215,0.5245438452009987,0.0019164555844982784,0.06715426911777199,0.0,-0.002974212022163367,-196.63216233755864,-189.6978065082755
downward_base,brent_pressure_h,Brent pressure,0.11250693548387095,0.98,0.98,-192.69951909080746,-185.90385037810998,-0.6189677413724944,0.007507899336245215,0.5245438452009987,0.0019164555844982784,0.06715426911777199,0.0,-0.002974212022163367,-196.63216233755864,-189.6978065082755
downward_base,brent_pressure_h,Brent pressure,0.11762088709677418,0.98,0.98,-192.69951909080746,-185.90385037810998,-0.6189677413724944,0.007507899336245215,0.5245438452009987,0.0019164555844982784,0.06715426911777199,0.0,-0.002974212022163367,-196.63216233755864,-189.6978065082755
downward_base,brent_pressure_h,Brent pressure,0.1227348387096774,0.98,0.98,-192.69951909080746,-185.90385037810998,-0.6189677413724944,0.007507899336245215,0.5245438452009987,0.0019164555844982784,0.06715426911777199,0.0,-0.002974212022163367,-196.63216233755864,-189.6978065082755
downward_base,brent_pressure_h,Brent pressure,0.12784879032258062,0.98,0.98,-192.69951909080746,-185.90385037810998,-0.6189677413724944,0.007507899336245215,0.5245438452009987,0.0019164555844982784,0.06715426911777199,0.0,-0.002974212022163367,-196.63216233755864,-189.6978065082755
downward_base,brent_pressure_h,Brent pressure,0.13296274193548385,0.98,0.98,-192.69951909080746,-185.90385037810998,-0.6189677413724944,0.007507899336245215,0.5245438452009987,0.0019164555844982784,0.06715426911777199,0.0,-0.002974212022163367,-196.63216233755864,-189.6978065082755
downward_base,brent_pressure_h,Brent pressure,0.13807669354838709,0.98,0.98,-192.69951909080746,-185.90385037810998,-0.6189677413724944,0.007507899336245215,0.5245438452009987,0.0019164555844982784,0.06715426911777199,0.0,-0.002974212022163367,-196.63216233755864,-189.6978065082755
downward_base,brent_pressure_h,Brent pressure,0.1431906451612903,0.98,0.98,-192.69951909080746,-185.90385037810998,-0.6189677413724944,0.007507899336245215,0.5245438452009987,0.0019164555844982784,0.06715426911777199,0.0,-0.002974212022163367,-196.63216233755864,-189.6978065082755
downward_base,brent_pressure_h,Brent pressure,0.14830459677419353,0.98,0.98,-192.69951909080746,-185.90385037810998,-0.6189677413724944,0.007507899336245215,0.5245438452009987,0.0019164555844982784,0.06715426911777199,0.0,-0.002974212022163367,-196.63216233755864,-189.6978065082755
downward_base,brent_pressure_h,Brent pressure,0.15341854838709676,0.98,0.98,-192.69951909080746,-185.90385037810998,-0.6189677413724944,0.007507899336245215,0.5245438452009987,0.0019164555844982784,0.06715426911777199,0.0,-0.002974212022163367,-196.63216233755864,-189.6978065082755
downward_base,brent_pressure_h,Brent pressure,0.15853249999999997,0.98,0.98,-192.69951909080746,-185.90385037810998,-0.6189677413724944,0.007507899336245215,0.5245438452009987,0.0019164555844982784,0.06715426911777199,0.0,-0.002974212022163367,-196.63216233755864,-189.6978065082755
downward_base,brent_pressure_h,Brent pressure,0.1636464516129032,0.98,0.98,-192.69951909080746,-185.90385037810998,-0.6189677413724944,0.007507899336245215,0.5245438452009987,0.0019164555844982784,0.06715426911777199,0.0,-0.002974212022163367,-196.63216233755864,-189.6978065082755
downward_base,brent_pressure_h,Brent pressure,0.16876040322580643,0.98,0.98,-192.69951909080746,-185.90385037810998,-0.6189677413724944,0.007507899336245215,0.5245438452009987,0.0019164555844982784,0.06715426911777199,0.0,-0.002974212022163367,-196.63216233755864,-189.6978065082755
downward_base,brent_pressure_h,Brent pressure,0.17387435483870964,0.98,0.98,-192.69951909080746,-185.90385037810998,-0.6189677413724944,0.007507899336245215,0.5245438452009987,0.0019164555844982784,0.06715426911777199,0.0,-0.002974212022163367,-196.63216233755864,-189.6978065082755
downward_base,brent_pressure_h,Brent pressure,0.17898830645161287,0.98,0.98,-192.69951909080746,-185.90385037810998,-0.6189677413724944,0.007507899336245215,0.5245438452009987,0.0019164555844982784,0.06715426911777199,0.0,-0.002974212022163367,-196.63216233755864,-189.6978065082755
downward_base,brent_pressure_h,Brent pressure,0.1841022580645161,0.98,0.98,-192.69951909080746,-185.90385037810998,-0.6189677413724944,0.007507899336245215,0.5245438452009987,0.0019164555844982784,0.06715426911777199,0.0,-0.002974212022163367,-196.63216233755864,-189.6978065082755
downward_base,brent_pressure_h,Brent pressure,0.1892162096774193,0.98,0.98,-192.69951909080746,-185.90385037810998,-0.6189677413724944,0.007507899336245215,0.5245438452009987,0.0019164555844982784,0.06715426911777199,0.0,-0.002974212022163367,-196.63216233755864,-189.6978065082755
downward_base,brent_pressure_h,Brent pressure,0.19433016129032255,0.98,0.98,-192.69951909080746,-185.90385037810998,-0.6189677413724944,0.007507899336245215,0.5245438452009987,0.0019164555844982784,0.06715426911777199,0.0,-0.002974212022163367,-196.63216233755864,-189.6978065082755
downward_base,brent_pressure_h,Brent pressure,0.19944411290322578,0.98,0.98,-192.69951909080746,-185.90385037810998,-0.6189677413724944,0.007507899336245215,0.5245438452009987,0.0019164555844982784,0.06715426911777199,0.0,-0.002974212022163367,-196.63216233755864,-189.6978065082755
downward_base,brent_pressure_h,Brent pressure,0.204558064516129,0.98,0.98,-192.69951909080746,-185.90385037810998,-0.6189677413724944,0.007507899336245215,0.5245438452009987,0.0019164555844982784,0.06715426911777199,0.0,-0.002974212022163367,-196.63216233755864,-189.6978065082755
downward_base,brent_pressure_h,Brent pressure,0.20967201612903222,0.98,0.98,-192.69951909080746,-185.90385037810998,-0.6189677413724944,0.007507899336245215,0.5245438452009987,0.0019164555844982784,0.06715426911777199,0.0,-0.002974212022163367,-196.63216233755864,-189.6978065082755
downward_base,brent_pressure_h,Brent pressure,0.21478596774193545,0.98,0.98,-192.69951909080746,-185.90385037810998,-0.6189677413724944,0.007507899336245215,0.5245438452009987,0.0019164555844982784,0.06715426911777199,0.0,-0.002974212022163367,-196.63216233755864,-189.6978065082755
downward_base,brent_pressure_h,Brent pressure,0.21989991935483869,0.98,0.98,-192.69951909080746,-185.90385037810998,-0.6189677413724944,0.007507899336245215,0.5245438452009987,0.0019164555844982784,0.06715426911777199,0.0,-0.002974212022163367,-196.63216233755864,-189.6978065082755
downward_base,brent_pressure_h,Brent pressure,0.2250138709677419,0.98,0.98,-192.69951909080746,-185.90385037810998,-0.6189677413724944,0.007507899336245215,0.5245438452009987,0.0019164555844982784,0.06715426911777199,0.0,-0.002974212022163367,-196.63216233755864,-189.6978065082755
downward_base,brent_pressure_h,Brent pressure,0.23012782258064512,0.98,0.98,-192.69951909080746,-185.90385037810998,-0.6189677413724944,0.007507899336245215,0.5245438452009987,0.0019164555844982784,0.06715426911777199,0.0,-0.002974212022163367,-196.63216233755864,-189.6978065082755
downward_base,brent_pressure_h,Brent pressure,0.23524177419354836,0.98,0.98,-192.69951909080746,-185.90385037810998,-0.6189677413724944,0.007507899336245215,0.5245438452009987,0.0019164555844982784,0.06715426911777199,0.0,-0.002974212022163367,-196.63216233755864,-189.6978065082755
downward_base,brent_pressure_h,Brent pressure,0.24035572580645156,0.98,0.98,-192.69951909080746,-185.90385037810998,-0.6189677413724944,0.007507899336245215,0.5245438452009987,0.0019164555844982784,0.06715426911777199,0.0,-0.002974212022163367,-196.63216233755864,-189.6978065082755
downward_base,brent_pressure_h,Brent pressure,0.2454696774193548,0.98,0.98,-192.69951909080746,-185.90385037810998,-0.6189677413724944,0.007507899336245215,0.5245438452009987,0.0019164555844982784,0.06715426911777199,0.0,-0.002974212022163367,-196.63216233755864,-189.6978065082755
downward_base,brent_pressure_h,Brent pressure,0.250583629032258,0.98,0.98,-192.69951909080746,-185.90385037810998,-0.6189677413724944,0.007507899336245215,0.5245438452009987,0.0019164555844982784,0.06715426911777199,0.0,-0.002974212022163367,-196.63216233755864,-189.6978065082755
downward_base,brent_pressure_h,Brent pressure,0.25569758064516124,0.98,0.98,-192.69951909080746,-185.90385037810998,-0.6189677413724944,0.007507899336245215,0.5245438452009987,0.0019164555844982784,0.06715426911777199,0.0,-0.002974212022163367,-196.63216233755864,-189.6978065082755
downward_base,brent_pressure_h,Brent pressure,0.26081153225806447,0.98,0.98,-192.69951909080746,-185.90385037810998,-0.6189677413724944,0.007507899336245215,0.5245438452009987,0.0019164555844982784,0.06715426911777199,0.0,-0.002974212022163367,-196.63216233755864,-189.6978065082755
downward_base,brent_pressure_h,Brent pressure,0.2659254838709677,0.98,0.98,-192.69951909080746,-185.90385037810998,-0.6189677413724944,0.007507899336245215,0.5245438452009987,0.0019164555844982784,0.06715426911777199,0.0,-0.002974212022163367,-196.63216233755864,-189.6978065082755
downward_base,brent_pressure_h,Brent pressure,0.27103943548387094,0.98,0.98,-192.69951909080746,-185.90385037810998,-0.6189677413724944,0.007507899336245215,0.5245438452009987,0.0019164555844982784,0.06715426911777199,0.0,-0.002974212022163367,-196.63216233755864,-189.6978065082755
downward_base,brent_pressure_h,Brent pressure,0.27615338709677417,0.98,0.98,-192.69951909080746,-185.90385037810998,-0.6189677413724944,0.007507899336245215,0.5245438452009987,0.0019164555844982784,0.06715426911777199,0.0,-0.002974212022163367,-196.63216233755864,-189.6978065082755
downward_base,brent_pressure_h,Brent pressure,0.28126733870967735,0.98,0.98,-192.69951909080746,-185.90385037810998,-0.6189677413724944,0.007507899336245215,0.5245438452009987,0.0019164555844982784,0.06715426911777199,0.0,-0.002974212022163367,-196.63216233755864,-189.6978065082755
downward_base,brent_pressure_h,Brent pressure,0.2863812903225806,0.98,0.98,-192.69951909080746,-185.90385037810998,-0.6189677413724944,0.007507899336245215,0.5245438452009987,0.0019164555844982784,0.06715426911777199,0.0,-0.002974212022163367,-196.63216233755864,-189.6978065082755
downward_base,brent_pressure_h,Brent pressure,0.2914952419354838,0.98,0.98,-192.69951909080746,-185.90385037810998,-0.6189677413724944,0.007507899336245215,0.5245438452009987,0.0019164555844982784,0.06715426911777199,0.0,-0.002974212022163367,-196.63216233755864,-189.6978065082755
downward_base,brent_pressure_h,Brent pressure,0.29660919354838705,0.98,0.98,-192.69951909080746,-185.90385037810998,-0.6189677413724944,0.007507899336245215,0.5245438452009987,0.0019164555844982784,0.06715426911777199,0.0,-0.002974212022163367,-196.63216233755864,-189.6978065082755
downward_base,brent_pressure_h,Brent pressure,0.3017231451612903,0.98,0.98,-192.69951909080746,-185.90385037810998,-0.6189677413724944,0.007507899336245215,0.5245438452009987,0.0019164555844982784,0.06715426911777199,0.0,-0.002974212022163367,-196.63216233755864,-189.6978065082755
downward_base,brent_pressure_h,Brent pressure,0.3068370967741935,0.98,0.98,-192.69951909080746,-185.90385037810998,-0.6189677413724944,0.007507899336245215,0.5245438452009987,0.0019164555844982784,0.06715426911777199,0.0,-0.002974212022163367,-196.63216233755864,-189.6978065082755
downward_base,brent_pressure_h,Brent pressure,0.3119510483870967,0.98,0.98,-192.69951909080746,-185.90385037810998,-0.6189677413724944,0.007507899336245215,0.5245438452009987,0.0019164555844982784,0.06715426911777199,0.0,-0.002974212022163367,-196.63216233755864,-189.6978065082755
downward_base,brent_pressure_h,Brent pressure,0.31706499999999993,0.98,0.98,-192.69951909080746,-185.90385037810998,-0.6189677413724944,0.007507899336245215,0.5245438452009987,0.0019164555844982784,0.06715426911777199,0.0,-0.002974212022163367,-196.63216233755864,-189.6978065082755
downward_base,brent_pressure_h,Brent pressure,0.32217895161290316,0.98,0.98,-192.69951909080746,-185.90385037810998,-0.6189677413724944,0.007507899336245215,0.5245438452009987,0.0019164555844982784,0.06715426911777199,0.0,-0.002974212022163367,-196.63216233755864,-189.6978065082755
downward_base,brent_pressure_h,Brent pressure,0.3272929032258064,0.98,0.98,-192.69951909080746,-185.90385037810998,-0.6189677413724944,0.007507899336245215,0.5245438452009987,0.0019164555844982784,0.06715426911777199,0.0,-0.002974212022163367,-196.63216233755864,-189.6978065082755
downward_base,brent_pressure_h,Brent pressure,0.33240685483870963,0.98,0.98,-192.69951909080746,-185.90385037810998,-0.6189677413724944,0.007507899336245215,0.5245438452009987,0.0019164555844982784,0.06715426911777199,0.0,-0.002974212022163367,-196.63216233755864,-189.6978065082755
downward_base,brent_pressure_h,Brent pressure,0.33752080645161286,0.98,0.98,-192.69951909080746,-185.90385037810998,-0.6189677413724944,0.007507899336245215,0.5245438452009987,0.0019164555844982784,0.06715426911777199,0.0,-0.002974212022163367,-196.63216233755864,-189.6978065082755
downward_base,brent_pressure_h,Brent pressure,0.3426347580645161,0.98,0.98,-192.69951909080746,-185.90385037810998,-0.6189677413724944,0.007507899336245215,0.5245438452009987,0.0019164555844982784,0.06715426911777199,0.0,-0.002974212022163367,-196.63216233755864,-189.6978065082755
downward_base,brent_pressure_h,Brent pressure,0.3477487096774193,0.98,0.98,-192.69951909080746,-185.90385037810998,-0.6189677413724944,0.007507899336245215,0.5245438452009987,0.0019164555844982784,0.06715426911777199,0.0,-0.002974212022163367,-196.63216233755864,-189.6978065082755
downward_base,brent_pressure_h,Brent pressure,0.3528626612903225,0.98,0.98,-192.69951909080746,-185.90385037810998,-0.6189677413724944,0.007507899336245215,0.5245438452009987,0.0019164555844982784,0.06715426911777199,0.0,-0.002974212022163367,-196.63216233755864,-189.6978065082755
downward_base,brent_pressure_h,Brent pressure,0.35797661290322574,0.98,0.98,-192.69951909080746,-185.90385037810998,-0.6189677413724944,0.007507899336245215,0.5245438452009987,0.0019164555844982784,0.06715426911777199,0.0,-0.002974212022163367,-196.63216233755864,-189.6978065082755
downward_base,brent_pressure_h,Brent pressure,0.363090564516129,0.98,0.98,-192.69951909080746,-185.90385037810998,-0.6189677413724944,0.007507899336245215,0.5245438452009987,0.0019164555844982784,0.06715426911777199,0.0,-0.002974212022163367,-196.63216233755864,-189.6978065082755
downward_base,brent_pressure_h,Brent pressure,0.3682045161290322,0.98,0.98,-192.69951909080746,-185.90385037810998,-0.6189677413724944,0.007507899336245215,0.5245438452009987,0.0019164555844982784,0.06715426911777199,0.0,-0.002974212022163367,-196.63216233755864,-189.6978065082755
downward_base,brent_pressure_h,Brent pressure,0.37331846774193544,0.98,0.98,-192.69951909080746,-185.90385037810998,-0.6189677413724944,0.007507899336245215,0.5245438452009987,0.0019164555844982784,0.06715426911777199,0.0,-0.002974212022163367,-196.63216233755864,-189.6978065082755
downward_base,brent_pressure_h,Brent pressure,0.3784324193548386,0.98,0.98,-192.69951909080746,-185.90385037810998,-0.6189677413724944,0.007507899336245215,0.5245438452009987,0.0019164555844982784,0.06715426911777199,0.0,-0.002974212022163367,-196.63216233755864,-189.6978065082755
downward_base,brent_pressure_h,Brent pressure,0.38354637096774186,0.98,0.98,-192.69951909080746,-185.90385037810998,-0.6189677413724944,0.007507899336245215,0.5245438452009987,0.0019164555844982784,0.06715426911777199,0.0,-0.002974212022163367,-196.63216233755864,-189.6978065082755
downward_base,brent_pressure_h,Brent pressure,0.3886603225806451,0.98,0.98,-192.69951909080746,-185.90385037810998,-0.6189677413724944,0.007507899336245215,0.5245438452009987,0.0019164555844982784,0.06715426911777199,0.0,-0.002974212022163367,-196.63216233755864,-189.6978065082755
downward_base,brent_pressure_h,Brent pressure,0.3937742741935483,0.98,0.98,-192.69951909080746,-185.90385037810998,-0.6189677413724944,0.007507899336245215,0.5245438452009987,0.0019164555844982784,0.06715426911777199,0.0,-0.002974212022163367,-196.63216233755864,-189.6978065082755
downward_base,brent_pressure_h,Brent pressure,0.39888822580645156,0.98,0.98,-192.69951909080746,-185.90385037810998,-0.6189677413724944,0.007507899336245215,0.5245438452009987,0.0019164555844982784,0.06715426911777199,0.0,-0.002974212022163367,-196.63216233755864,-189.6978065082755
downward_base,brent_pressure_h,Brent pressure,0.4040021774193548,0.98,0.98,-192.69951909080746,-185.90385037810998,-0.6189677413724944,0.007507899336245215,0.5245438452009987,0.0019164555844982784,0.06715426911777199,0.0,-0.002974212022163367,-196.63216233755864,-189.6978065082755
downward_base,brent_pressure_h,Brent pressure,0.409116129032258,0.98,0.98,-192.69951909080746,-185.90385037810998,-0.6189677413724944,0.007507899336245215,0.5245438452009987,0.0019164555844982784,0.06715426911777199,0.0,-0.002974212022163367,-196.63216233755864,-189.6978065082755
downward_base,processing_shortage_b,processing shortage,0.0,0.98,0.98,-192.69951909080746,-185.90385037810998,-0.6189677413724944,0.007507899336245215,0.5245438452009987,0.0019164555844982784,0.06715426911777199,0.0,-0.002974212022163367,-196.63216233755864,-189.6978065082755
downward_base,processing_shortage_b,processing shortage,0.0007766714354118987,0.98,0.98,-192.69951909080746,-185.90385037810998,-0.6189677413724944,0.007507899336245215,0.5245438452009987,0.0019164555844982784,0.06715426911777199,0.0,-0.002974212022163367,-196.63216233755864,-189.6978065082755
downward_base,processing_shortage_b,processing shortage,0.0015533428708237975,0.98,0.98,-192.69951909080746,-185.90385037810998,-0.6189677413724944,0.007507899336245215,0.5245438452009987,0.0019164555844982784,0.06715426911777199,0.0,-0.002974212022163367,-196.63216233755864,-189.6978065082755
downward_base,processing_shortage_b,processing shortage,0.002330014306235696,0.98,0.98,-192.69951909080746,-185.90385037810998,-0.6189677413724944,0.007507899336245215,0.5245438452009987,0.0019164555844982784,0.06715426911777199,0.0,-0.002974212022163367,-196.63216233755864,-189.6978065082755
downward_base,processing_shortage_b,processing shortage,0.003106685741647595,0.98,0.98,-192.69951909080746,-185.90385037810998,-0.6189677413724944,0.007507899336245215,0.5245438452009987,0.0019164555844982784,0.06715426911777199,0.0,-0.002974212022163367,-196.63216233755864,-189.6978065082755
downward_base,processing_shortage_b,processing shortage,0.003883357177059494,0.98,0.98,-192.69951909080746,-185.90385037810998,-0.6189677413724944,0.007507899336245215,0.5245438452009987,0.0019164555844982784,0.06715426911777199,0.0,-0.002974212022163367,-196.63216233755864,-189.6978065082755
downward_base,processing_shortage_b,processing shortage,0.004660028612471392,0.98,0.98,-192.69951909080746,-185.90385037810998,-0.6189677413724944,0.007507899336245215,0.5245438452009987,0.0019164555844982784,0.06715426911777199,0.0,-0.002974212022163367,-196.63216233755864,-189.6978065082755
downward_base,processing_shortage_b,processing shortage,0.005436700047883291,0.98,0.98,-192.69951909080746,-185.90385037810998,-0.6189677413724944,0.007507899336245215,0.5245438452009987,0.0019164555844982784,0.06715426911777199,0.0,-0.002974212022163367,-196.63216233755864,-189.6978065082755
downward_base,processing_shortage_b,processing shortage,0.00621337148329519,0.98,0.98,-192.69951909080746,-185.90385037810998,-0.6189677413724944,0.007507899336245215,0.5245438452009987,0.0019164555844982784,0.06715426911777199,0.0,-0.002974212022163367,-196.63216233755864,-189.6978065082755
downward_base,processing_shortage_b,processing shortage,0.006990042918707089,0.98,0.98,-192.69951909080746,-185.90385037810998,-0.6189677413724944,0.007507899336245215,0.5245438452009987,0.0019164555844982784,0.06715426911777199,0.0,-0.002974212022163367,-196.63216233755864,-189.6978065082755
downward_base,processing_shortage_b,processing shortage,0.007766714354118988,0.98,0.98,-192.69951909080746,-185.90385037810998,-0.6189677413724944,0.007507899336245215,0.5245438452009987,0.0019164555844982784,0.06715426911777199,0.0,-0.002974212022163367,-196.63216233755864,-189.6978065082755
downward_base,processing_shortage_b,processing shortage,0.008543385789530886,0.98,0.98,-192.69951909080746,-185.90385037810998,-0.6189677413724944,0.007507899336245215,0.5245438452009987,0.0019164555844982784,0.06715426911777199,0.0,-0.002974212022163367,-196.63216233755864,-189.6978065082755
downward_base,processing_shortage_b,processing shortage,0.009320057224942785,0.98,0.98,-192.69951909080746,-185.90385037810998,-0.6189677413724944,0.007507899336245215,0.5245438452009987,0.0019164555844982784,0.06715426911777199,0.0,-0.002974212022163367,-196.63216233755864,-189.6978065082755
downward_base,processing_shortage_b,processing shortage,0.010096728660354683,0.98,0.98,-192.69951909080746,-185.90385037810998,-0.6189677413724944,0.007507899336245215,0.5245438452009987,0.0019164555844982784,0.06715426911777199,0.0,-0.002974212022163367,-196.63216233755864,-189.6978065082755
downward_base,processing_shortage_b,processing shortage,0.010873400095766582,0.98,0.98,-192.69951909080746,-185.90385037810998,-0.6189677413724944,0.007507899336245215,0.5245438452009987,0.0019164555844982784,0.06715426911777199,0.0,-0.002974212022163367,-196.63216233755864,-189.6978065082755
downward_base,processing_shortage_b,processing shortage,0.011650071531178481,0.98,0.98,-192.69951909080746,-185.90385037810998,-0.6189677413724944,0.007507899336245215,0.5245438452009987,0.0019164555844982784,0.06715426911777199,0.0,-0.002974212022163367,-196.63216233755864,-189.6978065082755
downward_base,processing_shortage_b,processing shortage,0.01242674296659038,0.98,0.98,-192.69951909080746,-185.90385037810998,-0.6189677413724944,0.007507899336245215,0.5245438452009987,0.0019164555844982784,0.06715426911777199,0.0,-0.002974212022163367,-196.63216233755864,-189.6978065082755
downward_base,processing_shortage_b,processing shortage,0.013203414402002279,0.98,0.98,-192.69951909080746,-185.90385037810998,-0.6189677413724944,0.007507899336245215,0.5245438452009987,0.0019164555844982784,0.06715426911777199,0.0,-0.002974212022163367,-196.63216233755864,-189.6978065082755
downward_base,processing_shortage_b,processing shortage,0.013980085837414178,0.98,0.98,-192.69951909080746,-185.90385037810998,-0.6189677413724944,0.007507899336245215,0.5245438452009987,0.0019164555844982784,0.06715426911777199,0.0,-0.002974212022163367,-196.63216233755864,-189.6978065082755
downward_base,processing_shortage_b,processing shortage,0.014756757272826077,0.98,0.98,-192.69951909080746,-185.90385037810998,-0.6189677413724944,0.007507899336245215,0.5245438452009987,0.0019164555844982784,0.06715426911777199,0.0,-0.002974212022163367,-196.63216233755864,-189.6978065082755
downward_base,processing_shortage_b,processing shortage,0.015533428708237975,0.98,0.98,-192.69951909080746,-185.90385037810998,-0.6189677413724944,0.007507899336245215,0.5245438452009987,0.0019164555844982784,0.06715426911777199,0.0,-0.002974212022163367,-196.63216233755864,-189.6978065082755
downward_base,processing_shortage_b,processing shortage,0.016310100143649874,0.98,0.98,-192.69951909080746,-185.90385037810998,-0.6189677413724944,0.007507899336245215,0.5245438452009987,0.0019164555844982784,0.06715426911777199,0.0,-0.002974212022163367,-196.63216233755864,-189.6978065082755
downward_base,processing_shortage_b,processing shortage,0.01708677157906177,0.98,0.98,-192.69951909080746,-185.90385037810998,-0.6189677413724944,0.007507899336245215,0.5245438452009987,0.0019164555844982784,0.06715426911777199,0.0,-0.002974212022163367,-196.63216233755864,-189.6978065082755
downward_base,processing_shortage_b,processing shortage,0.017863443014473672,0.98,0.98,-192.69951909080746,-185.90385037810998,-0.6189677413724944,0.007507899336245215,0.5245438452009987,0.0019164555844982784,0.06715426911777199,0.0,-0.002974212022163367,-196.63216233755864,-189.6978065082755
downward_base,processing_shortage_b,processing shortage,0.01864011444988557,0.98,0.98,-192.69951909080746,-185.90385037810998,-0.6189677413724944,0.007507899336245215,0.5245438452009987,0.0019164555844982784,0.06715426911777199,0.0,-0.002974212022163367,-196.63216233755864,-189.6978065082755
downward_base,processing_shortage_b,processing shortage,0.01941678588529747,0.98,0.98,-192.69951909080746,-185.90385037810998,-0.6189677413724944,0.007507899336245215,0.5245438452009987,0.0019164555844982784,0.06715426911777199,0.0,-0.002974212022163367,-196.63216233755864,-189.6978065082755
downward_base,processing_shortage_b,processing shortage,0.020193457320709367,0.98,0.98,-192.69951909080746,-185.90385037810998,-0.6189677413724944,0.007507899336245215,0.5245438452009987,0.0019164555844982784,0.06715426911777199,0.0,-0.002974212022163367,-196.63216233755864,-189.6978065082755
downward_base,processing_shortage_b,processing shortage,0.020970128756121267,0.98,0.98,-192.69951909080746,-185.90385037810998,-0.6189677413724944,0.007507899336245215,0.5245438452009987,0.0019164555844982784,0.06715426911777199,0.0,-0.002974212022163367,-196.63216233755864,-189.6978065082755
downward_base,processing_shortage_b,processing shortage,0.021746800191533164,0.98,0.98,-192.69951909080746,-185.90385037810998,-0.6189677413724944,0.007507899336245215,0.5245438452009987,0.0019164555844982784,0.06715426911777199,0.0,-0.002974212022163367,-196.63216233755864,-189.6978065082755
downward_base,processing_shortage_b,processing shortage,0.022523471626945065,0.98,0.98,-192.69951909080746,-185.90385037810998,-0.6189677413724944,0.007507899336245215,0.5245438452009987,0.0019164555844982784,0.06715426911777199,0.0,-0.002974212022163367,-196.63216233755864,-189.6978065082755
downward_base,processing_shortage_b,processing shortage,0.023300143062356962,0.98,0.98,-192.69951909080746,-185.90385037810998,-0.6189677413724944,0.007507899336245215,0.5245438452009987,0.0019164555844982784,0.06715426911777199,0.0,-0.002974212022163367,-196.63216233755864,-189.6978065082755
downward_base,processing_shortage_b,processing shortage,0.024076814497768863,0.98,0.98,-192.69951909080746,-185.90385037810998,-0.6189677413724944,0.007507899336245215,0.5245438452009987,0.0019164555844982784,0.06715426911777199,0.0,-0.002974212022163367,-196.63216233755864,-189.6978065082755
downward_base,processing_shortage_b,processing shortage,0.02485348593318076,0.98,0.98,-192.69951909080746,-185.90385037810998,-0.6189677413724944,0.007507899336245215,0.5245438452009987,0.0019164555844982784,0.06715426911777199,0.0,-0.002974212022163367,-196.63216233755864,-189.6978065082755
downward_base,processing_shortage_b,processing shortage,0.025630157368592657,0.98,0.98,-192.69951909080746,-185.90385037810998,-0.6189677413724944,0.007507899336245215,0.5245438452009987,0.0019164555844982784,0.06715426911777199,0.0,-0.002974212022163367,-196.63216233755864,-189.6978065082755
downward_base,processing_shortage_b,processing shortage,0.026406828804004558,0.98,0.98,-192.69951909080746,-185.90385037810998,-0.6189677413724944,0.007507899336245215,0.5245438452009987,0.0019164555844982784,0.06715426911777199,0.0,-0.002974212022163367,-196.63216233755864,-189.6978065082755
downward_base,processing_shortage_b,processing shortage,0.027183500239416455,0.98,0.98,-192.69951909080746,-185.90385037810998,-0.6189677413724944,0.007507899336245215,0.5245438452009987,0.0019164555844982784,0.06715426911777199,0.0,-0.002974212022163367,-196.63216233755864,-189.6978065082755
downward_base,processing_shortage_b,processing shortage,0.027960171674828355,0.98,0.98,-192.69951909080746,-185.90385037810998,-0.6189677413724944,0.007507899336245215,0.5245438452009987,0.0019164555844982784,0.06715426911777199,0.0,-0.002974212022163367,-196.63216233755864,-189.6978065082755
downward_base,processing_shortage_b,processing shortage,0.028736843110240252,0.98,0.98,-192.69951909080746,-185.90385037810998,-0.6189677413724944,0.007507899336245215,0.5245438452009987,0.0019164555844982784,0.06715426911777199,0.0,-0.002974212022163367,-196.63216233755864,-189.6978065082755
downward_base,processing_shortage_b,processing shortage,0.029513514545652153,0.98,0.98,-192.69951909080746,-185.90385037810998,-0.6189677413724944,0.007507899336245215,0.5245438452009987,0.0019164555844982784,0.06715426911777199,0.0,-0.002974212022163367,-196.63216233755864,-189.6978065082755
downward_base,processing_shortage_b,processing shortage,0.03029018598106405,0.98,0.98,-192.69951909080746,-185.90385037810998,-0.6189677413724944,0.007507899336245215,0.5245438452009987,0.0019164555844982784,0.06715426911777199,0.0,-0.002974212022163367,-196.63216233755864,-189.6978065082755
downward_base,processing_shortage_b,processing shortage,0.03106685741647595,0.98,0.98,-192.69951909080746,-185.90385037810998,-0.6189677413724944,0.007507899336245215,0.5245438452009987,0.0019164555844982784,0.06715426911777199,0.0,-0.002974212022163367,-196.63216233755864,-189.6978065082755
downward_base,processing_shortage_b,processing shortage,0.03184352885188785,0.98,0.98,-192.69951909080746,-185.90385037810998,-0.6189677413724944,0.007507899336245215,0.5245438452009987,0.0019164555844982784,0.06715426911777199,0.0,-0.002974212022163367,-196.63216233755864,-189.6978065082755
downward_base,processing_shortage_b,processing shortage,0.03262020028729975,0.98,0.98,-192.69951909080746,-185.90385037810998,-0.6189677413724944,0.007507899336245215,0.5245438452009987,0.0019164555844982784,0.06715426911777199,0.0,-0.002974212022163367,-196.63216233755864,-189.6978065082755
downward_base,processing_shortage_b,processing shortage,0.03339687172271165,0.98,0.98,-192.69951909080746,-185.90385037810998,-0.6189677413724944,0.007507899336245215,0.5245438452009987,0.0019164555844982784,0.06715426911777199,0.0,-0.002974212022163367,-196.63216233755864,-189.6978065082755
downward_base,processing_shortage_b,processing shortage,0.03417354315812354,0.98,0.98,-192.69951909080746,-185.90385037810998,-0.6189677413724944,0.007507899336245215,0.5245438452009987,0.0019164555844982784,0.06715426911777199,0.0,-0.002974212022163367,-196.63216233755864,-189.6978065082755
downward_base,processing_shortage_b,processing shortage,0.03495021459353544,0.98,0.98,-192.69951909080746,-185.90385037810998,-0.6189677413724944,0.007507899336245215,0.5245438452009987,0.0019164555844982784,0.06715426911777199,9.272923894704506e-07,-0.002974057473431789,-196.63216233755864,-189.6978065082755
downward_base,processing_shortage_b,processing shortage,0.035726886028947344,0.98,0.98,-192.69951909080746,-185.90385037810998,-0.6189677413724944,0.007507899336245215,0.5245438452009987,0.0019164555844982784,0.06715426911777199,0.0001228681247872076,-0.0029537340013654993,-196.63216233755864,-189.6978065082755
downward_base,processing_shortage_b,processing shortage,0.036503557464359244,0.98,0.98,-192.69951909080746,-185.90385037810998,-0.6189677413724944,0.007507899336245215,0.5245438452009987,0.0019164555844982784,0.06715426911777199,0.00044970371639808536,-0.0028992614027636854,-196.63216233755864,-189.6978065082755
downward_base,processing_shortage_b,processing shortage,0.03728022889977114,0.98,0.98,-192.69951909080746,-185.90385037810998,-0.6189677413724944,0.007507899336245215,0.5245438452009987,0.0019164555844982784,0.06715426911777199,0.000981434067222098,-0.002810639677626351,-196.63216233755864,-189.6978065082755
downward_base,processing_shortage_b,processing shortage,0.03805690033518304,0.98,0.98,-192.69951909080746,-185.90385037810998,-0.6189677413724944,0.007507899336245215,0.5245438452009987,0.0019164555844982784,0.06715426911777199,0.0017180591772592549,-0.002687868825953491,-196.63216233755864,-189.6978065082755
downward_base,processing_shortage_b,processing shortage,0.03883357177059494,0.98,0.98,-192.69951909080746,-185.90385037810998,-0.6189677413724944,0.007507899336245215,0.5245438452009987,0.0019164555844982784,0.06715426911777199,0.0026595790465095527,-0.0025309488477451084,-196.63216233755864,-189.6978065082755
downward_base,processing_shortage_b,processing shortage,0.03961024320600683,0.98,0.98,-192.69951909080746,-185.90385037810998,-0.6189677413724944,0.007507899336245215,0.5245438452009987,0.0019164555844982784,0.06715426911777199,0.0038059936749729796,-0.0023398797430012035,-196.63216233755864,-189.6978065082755
downward_base,processing_shortage_b,processing shortage,0.040386914641418734,0.98,0.98,-192.69951909080746,-185.90385037810998,-0.6189677413724944,0.007507899336245215,0.5245438452009987,0.0019164555844982784,0.06715426911777199,0.005157303062649556,-0.0021146615117217746,-196.63216233755864,-189.6978065082755
downward_base,processing_shortage_b,processing shortage,0.041163586076830634,0.98,0.98,-192.69951909080746,-185.90385037810998,-0.6189677413724944,0.007507899336245215,0.5245438452009987,0.0019164555844982784,0.06715426911777199,0.006713507209539274,-0.0018552941539068217,-196.63216233755864,-189.6978065082755
downward_base,processing_shortage_b,processing shortage,0.041940257512242535,0.98,0.98,-192.69951909080746,-185.90385037810998,-0.6189677413724944,0.007507899336245215,0.5245438452009987,0.0019164555844982784,0.06715426911777199,0.00847460611564213,-0.0015617776695563464,-196.63216233755864,-189.6978065082755
downward_base,processing_shortage_b,processing shortage,0.04271692894765443,0.98,0.98,-192.69951909080746,-185.90385037810998,-0.6189677413724944,0.007507899336245215,0.5245438452009987,0.0019164555844982784,0.06715426911777199,0.01044059978095811,-0.0012341120586703488,-196.63216233755864,-189.6978065082755
downward_base,processing_shortage_b,processing shortage,0.04349360038306633,0.98,0.98,-192.69951909080746,-185.90385037810998,-0.6189677413724944,0.007507899336245215,0.5245438452009987,0.0019164555844982784,0.06715426911777199,0.01261148820548725,-0.0008722973212488255,-196.63216233755864,-189.6978065082755
downward_base,processing_shortage_b,processing shortage,0.04427027181847823,0.98,0.98,-192.69951909080746,-185.90385037810998,-0.6189677413724944,0.007507899336245215,0.5245438452009987,0.0019164555844982784,0.06715426911777199,0.014987271389229527,-0.00047633345729177975,-196.63216233755864,-189.6978065082755
downward_base,processing_shortage_b,processing shortage,0.04504694325389013,0.98,0.98,-192.69951909080746,-185.90385037810998,-0.6189677413724944,0.007507899336245215,0.5245438452009987,0.0019164555844982784,0.06715426911777199,0.017567949332184946,-4.622046679920999e-05,-196.63216233755864,-189.6978065082755
downward_base,processing_shortage_b,processing shortage,0.045823614689302024,0.98,0.98,-192.69951909080746,-185.90385037810998,-0.6189677413724944,0.007507899336245215,0.5245438452009987,0.0019164555844982784,0.06715426911777199,0.020353522034353477,0.0004180416502288769,-196.63216233755864,-189.6978065082755
downward_base,processing_shortage_b,processing shortage,0.046600286124713924,0.98,0.98,-192.69951909080746,-185.90385037810998,-0.6189677413724944,0.007507899336245215,0.5245438452009987,0.0019164555844982784,0.06715426911777199,0.023343989495735178,0.0009164528937924948,-196.63216233755864,-189.6978065082755
downward_base,processing_shortage_b,processing shortage,0.047376957560125825,0.98,0.98,-192.69951909080746,-185.90385037810998,-0.6189677413724944,0.007507899336245215,0.5245438452009987,0.0019164555844982784,0.06715426911777199,0.026539351716330015,0.001449013263891635,-196.63216233755864,-189.6978065082755
downward_base,processing_shortage_b,processing shortage,0.048153628995537726,0.98,0.98,-192.69951909080746,-185.90385037810998,-0.6189677413724944,0.007507899336245215,0.5245438452009987,0.0019164555844982784,0.06715426911777199,0.029939608696137994,0.0020157227605262975,-196.63216233755864,-189.6978065082755
downward_base,processing_shortage_b,processing shortage,0.04893030043094962,0.98,0.98,-192.69951909080746,-185.90385037810998,-0.6189677413724944,0.007507899336245215,0.5245438452009987,0.0019164555844982784,0.06715426911777199,0.03354476043515908,0.002616581383696479,-196.63216233755864,-189.6978065082755
downward_base,processing_shortage_b,processing shortage,0.04970697186636152,0.98,0.98,-192.69951909080746,-185.90385037810998,-0.6189677413724944,0.007507899336245215,0.5245438452009987,0.0019164555844982784,0.06715426911777199,0.03735480693339334,0.003251589133402186,-196.63216233755864,-189.6978065082755
downward_base,processing_shortage_b,processing shortage,0.05048364330177342,0.98,0.98,-192.69951909080746,-185.90385037810998,-0.6189677413724944,0.007507899336245215,0.5245438452009987,0.0019164555844982784,0.06715426911777199,0.04136974819084074,0.003920746009643419,-196.63216233755864,-189.6978065082755
downward_base,processing_shortage_b,processing shortage,0.051260314737185314,0.98,0.98,-192.69951909080746,-185.90385037810998,-0.6189677413724944,0.007507899336245215,0.5245438452009987,0.0019164555844982784,0.06715426911777199,0.045589584207501234,0.004624052012420168,-196.63216233755864,-189.6978065082755
downward_base,processing_shortage_b,processing shortage,0.052036986172597215,0.98,0.98,-192.69951909080746,-185.90385037810998,-0.6189677413724944,0.007507899336245215,0.5245438452009987,0.0019164555844982784,0.06715426911777199,0.05001431498337491,0.0053615071417324476,-196.63216233755864,-189.6978065082755
downward_base,processing_shortage_b,processing shortage,0.052813657608009115,0.98,0.98,-192.69951909080746,-185.90385037810998,-0.6189677413724944,0.007507899336245215,0.5245438452009987,0.0019164555844982784,0.06715426911777199,0.054643940518461734,0.006133111397580251,-196.63216233755864,-189.6978065082755
downward_base,processing_shortage_b,processing shortage,0.053590329043421016,0.98,0.98,-192.69951909080746,-185.90385037810998,-0.6189677413724944,0.007507899336245215,0.5245438452009987,0.0019164555844982784,0.06715426911777199,0.05947846081276169,0.006938864779963577,-196.63216233755864,-189.6978065082755
downward_base,processing_shortage_b,processing shortage,0.05436700047883291,0.98,0.98,-192.69951909080746,-185.90385037810998,-0.6189677413724944,0.007507899336245215,0.5245438452009987,0.0019164555844982784,0.06715426911777199,0.06451787586627475,0.00777876728888242,-196.63216233755864,-189.6978065082755
downward_base,processing_shortage_b,processing shortage,0.05514367191424481,0.98,0.98,-192.69951909080746,-185.90385037810998,-0.6189677413724944,0.007507899336245215,0.5245438452009987,0.0019164555844982784,0.06715426911777199,0.06976218567900098,0.008652818924336792,-196.63216233755864,-189.6978065082755
downward_base,processing_shortage_b,processing shortage,0.05592034334965671,0.98,0.98,-192.69951909080746,-185.90385037810998,-0.6189677413724944,0.007507899336245215,0.5245438452009987,0.0019164555844982784,0.06715426911777199,0.07521139025094035,0.009561019686326687,-196.63216233755864,-189.6978065082755
downward_base,processing_shortage_b,processing shortage,0.05669701478506861,0.98,0.98,-192.69951909080746,-185.90385037810998,-0.6189677413724944,0.007507899336245215,0.5245438452009987,0.0019164555844982784,0.06715426911777199,0.08086548958209287,0.010503369574852107,-196.63216233755864,-189.6978065082755
downward_base,processing_shortage_b,processing shortage,0.057473686220480505,0.98,0.98,-192.69951909080746,-185.90385037810998,-0.6189677413724944,0.007507899336245215,0.5245438452009987,0.0019164555844982784,0.06715426911777199,0.0867244836724585,0.011479868589913043,-196.63216233755864,-189.6978065082755
downward_base,processing_shortage_b,processing shortage,0.058250357655892405,0.98,0.98,-192.69951909080746,-185.90385037810998,-0.6189677413724944,0.007507899336245215,0.5245438452009987,0.0019164555844982784,0.06715426911777199,0.0927883725220373,0.01249051673150951,-196.63216233755864,-189.6978065082755
downward_base,processing_shortage_b,processing shortage,0.059027029091304306,0.98,0.98,-192.69951909080746,-185.90385037810998,-0.6189677413724944,0.007507899336245215,0.5245438452009987,0.0019164555844982784,0.06715426911777199,0.09905715613082923,0.013535313999641497,-196.63216233755864,-189.6978065082755
downward_base,processing_shortage_b,processing shortage,0.05980370052671621,0.98,0.98,-192.69951909080746,-185.90385037810998,-0.6189677413724944,0.007507899336245215,0.5245438452009987,0.0019164555844982784,0.06715426911777199,0.1055308344988343,0.014614260394309008,-196.63216233755864,-189.6978065082755
downward_base,processing_shortage_b,processing shortage,0.0605803719621281,0.98,0.98,-192.69951909080746,-185.90385037810998,-0.6189677413724944,0.007507899336245215,0.5245438452009987,0.0019164555844982784,0.06715426911777199,0.11220940762605247,0.015727355915512036,-196.63216233755864,-189.6978065082755
downward_base,processing_shortage_b,processing shortage,0.06135704339754,0.98,0.98,-192.69951909080746,-185.90385037810998,-0.6189677413724944,0.007507899336245215,0.5245438452009987,0.0019164555844982784,0.06715426911777199,0.11909287551248382,0.016874600563250592,-196.63216233755864,-189.6978065082755
downward_base,processing_shortage_b,processing shortage,0.0621337148329519,0.98,0.98,-192.69951909080746,-185.90385037810998,-0.6189677413724944,0.007507899336245215,0.5245438452009987,0.0019164555844982784,0.06715426911777199,0.12618123815812832,0.018055994337524677,-196.63216233755864,-189.6978065082755
downward_base,omega_gasoline,gasoline consumption weight,0.41151626095937655,0.98,0.98,-192.69951909080746,-185.90385037810998,-0.6215264499561926,0.007634281671273381,0.5246492292995052,0.0019166607482955958,0.06715426911777199,0.0,-0.0033620015198910537,-196.63216233755864,-189.6978065082755
downward_base,omega_gasoline,gasoline consumption weight,0.4124368065874608,0.98,0.98,-192.69951909080746,-185.90385037810998,-0.6214282077417783,0.007629429191966003,0.5246451830523993,0.001916652870983621,0.06715426911777199,0.0,-0.003347112251442899,-196.63216233755864,-189.6978065082755
downward_base,omega_gasoline,gasoline consumption weight,0.41335735221554504,0.98,0.98,-192.69951909080746,-185.90385037810998,-0.6213299655273641,0.007624576712658626,0.5246411368052936,0.0019166449936716464,0.06715426911777199,0.0,-0.0033322229829947005,-196.63216233755864,-189.6978065082755
downward_base,omega_gasoline,gasoline consumption weight,0.4142778978436293,0.98,0.98,-192.69951909080746,-185.90385037810998,-0.62123172331295,0.007619724233351249,0.5246370905581879,0.001916637116359672,0.06715426911777199,0.0,-0.0033173337145465318,-196.63216233755864,-189.6978065082755
downward_base,omega_gasoline,gasoline consumption weight,0.4151984434717136,0.98,0.98,-192.69951909080746,-185.90385037810998,-0.6211334810985357,0.007614871754043871,0.524633044311082,0.0019166292390476974,0.06715426911777199,0.0,-0.0033024444460983474,-196.63216233755864,-189.6978065082755
downward_base,omega_gasoline,gasoline consumption weight,0.41611898909979783,0.98,0.98,-192.69951909080746,-185.90385037810998,-0.6210352388841215,0.007610019274736492,0.5246289980639763,0.0019166213617357224,0.06715426911777199,0.0,-0.0032875551776501647,-196.63216233755864,-189.6978065082755
downward_base,omega_gasoline,gasoline consumption weight,0.4170395347278821,0.98,0.98,-192.69951909080746,-185.90385037810998,-0.6209369966697073,0.007605166795429115,0.5246249518168705,0.0019166134844237476,0.06715426911777199,0.0,-0.0032726659092019803,-196.63216233755864,-189.6978065082755
downward_base,omega_gasoline,gasoline consumption weight,0.4179600803559663,0.98,0.98,-192.69951909080746,-185.90385037810998,-0.6208387544552931,0.0076003143161217385,0.5246209055697647,0.0019166056071117732,0.06715426911777199,0.0,-0.0032577766407538254,-196.63216233755864,-189.6978065082755
downward_base,omega_gasoline,gasoline consumption weight,0.41888062598405057,0.98,0.98,-192.69951909080746,-185.90385037810998,-0.6207405122408789,0.007595461836814361,0.524616859322659,0.0019165977297997984,0.06715426911777199,0.0,-0.003242887372305627,-196.63216233755864,-189.6978065082755
downward_base,omega_gasoline,gasoline consumption weight,0.4198011716121348,0.98,0.98,-192.69951909080746,-185.90385037810998,-0.6206422700264647,0.007590609357506983,0.5246128130755532,0.0019165898524878238,0.06715426911777199,0.0,-0.0032279981038574445,-196.63216233755864,-189.6978065082755
downward_base,omega_gasoline,gasoline consumption weight,0.4207217172402191,0.98,0.98,-192.69951909080746,-185.90385037810998,-0.6205440278120504,0.007585756878199606,0.5246087668284474,0.001916581975175849,0.06715426911777199,0.0,-0.00321310883540926,-196.63216233755864,-189.6978065082755
downward_base,omega_gasoline,gasoline consumption weight,0.42164226286830336,0.98,0.98,-192.69951909080746,-185.90385037810998,-0.6204457855976363,0.007580904398892228,0.5246047205813416,0.0019165740978638742,0.06715426911777199,0.0,-0.003198219566961105,-196.63216233755864,-189.6978065082755
downward_base,omega_gasoline,gasoline consumption weight,0.4225628084963876,0.98,0.98,-192.69951909080746,-185.90385037810998,-0.6203475433832223,0.007576051919584851,0.5246006743342359,0.0019165662205518996,0.06715426911777199,0.0,-0.0031833302985129486,-196.63216233755864,-189.6978065082755
downward_base,omega_gasoline,gasoline consumption weight,0.42348335412447186,0.98,0.98,-192.69951909080746,-185.90385037810998,-0.6202493011688079,0.007571199440277475,0.52459662808713,0.001916558343239925,0.06715426911777199,0.0,-0.003168441030064752,-196.63216233755864,-189.6978065082755
downward_base,omega_gasoline,gasoline consumption weight,0.4244038997525561,0.98,0.98,-192.69951909080746,-185.90385037810998,-0.6201510589543937,0.007566346960970097,0.5245925818400242,0.00191655046592795,0.06715426911777199,0.0,-0.0031535517616165677,-196.63216233755864,-189.6978065082755
downward_base,omega_gasoline,gasoline consumption weight,0.42532444538064035,0.98,0.98,-192.69951909080746,-185.90385037810998,-0.6200528167399795,0.007561494481662718,0.5245885355929184,0.0019165425886159754,0.06715426911777199,0.0,-0.003138662493168399,-196.63216233755864,-189.6978065082755
downward_base,omega_gasoline,gasoline consumption weight,0.4262449910087246,0.98,0.98,-192.69951909080746,-185.90385037810998,-0.6199545745255655,0.0075566420023553404,0.5245844893458127,0.0019165347113040008,0.06715426911777199,0.0,-0.0031237732247202284,-196.63216233755864,-189.6978065082755
downward_base,omega_gasoline,gasoline consumption weight,0.4271655366368089,0.98,0.98,-192.69951909080746,-185.90385037810998,-0.6198563323111512,0.007551789523047963,0.5245804430987069,0.0019165268339920263,0.06715426911777199,0.0,-0.0031088839562720457,-196.63216233755864,-189.6978065082755
downward_base,omega_gasoline,gasoline consumption weight,0.42808608226489314,0.98,0.98,-192.69951909080746,-185.90385037810998,-0.6197580900967371,0.007546937043740586,0.5245763968516012,0.0019165189566800517,0.06715426911777199,0.0,-0.003093994687823889,-196.63216233755864,-189.6978065082755
downward_base,omega_gasoline,gasoline consumption weight,0.4290066278929774,0.98,0.98,-192.69951909080746,-185.90385037810998,-0.6196598478823229,0.007542084564433209,0.5245723506044953,0.001916511079368077,0.06715426911777199,0.0,-0.003079105419375734,-196.63216233755864,-189.6978065082755
downward_base,omega_gasoline,gasoline consumption weight,0.42992717352106163,0.98,0.98,-192.69951909080746,-185.90385037810998,-0.6195616056679085,0.0075372320851258305,0.5245683043573897,0.001916503202056102,0.06715426911777199,0.0,-0.0030642161509274804,-196.63216233755864,-189.6978065082755
downward_base,omega_gasoline,gasoline consumption weight,0.4308477191491459,0.98,0.98,-192.69951909080746,-185.90385037810998,-0.6194633634534944,0.007532379605818454,0.5245642581102838,0.0019164953247441275,0.06715426911777199,0.0,-0.0030493268824793394,-196.63216233755864,-189.6978065082755
downward_base,omega_gasoline,gasoline consumption weight,0.4317682647772301,0.98,0.98,-192.69951909080746,-185.90385037810998,-0.6193651212390803,0.007527527126511077,0.524560211863178,0.0019164874474321529,0.06715426911777199,0.0,-0.003034437614031169,-196.63216233755864,-189.6978065082755
downward_base,omega_gasoline,gasoline consumption weight,0.4326888104053144,0.98,0.98,-192.69951909080746,-185.90385037810998,-0.619266879024666,0.007522674647203699,0.5245561656160722,0.0019164795701201779,0.06715426911777199,0.0,-0.003019548345582986,-196.63216233755864,-189.6978065082755
downward_base,omega_gasoline,gasoline consumption weight,0.4336093560333987,0.98,0.98,-192.69951909080746,-185.90385037810998,-0.6191686368102518,0.0075178221678963205,0.5245521193689665,0.001916471692808203,0.06715426911777199,0.0,-0.003004659077134788,-196.63216233755864,-189.6978065082755
downward_base,omega_gasoline,gasoline consumption weight,0.4345299016614829,0.98,0.98,-192.69951909080746,-185.90385037810998,-0.6190703945958376,0.007512969688588942,0.5245480731218606,0.0019164638154962287,0.06715426911777199,0.0,-0.002989769808686633,-196.63216233755864,-189.6978065082755
downward_base,omega_gasoline,gasoline consumption weight,0.43545044728956717,0.98,0.98,-192.69951909080746,-185.90385037810998,-0.6189721523814234,0.007508117209281566,0.5245440268747549,0.0019164559381842539,0.06715426911777199,0.0,-0.0029748805402384487,-196.63216233755864,-189.6978065082755
downward_base,omega_gasoline,gasoline consumption weight,0.4363709929176514,0.98,0.98,-192.69951909080746,-185.90385037810998,-0.6188739101670092,0.007503264729974189,0.5245399806276492,0.0019164480608722793,0.06715426911777199,0.0,-0.002959991271790252,-196.63216233755864,-189.6978065082755
downward_base,omega_gasoline,gasoline consumption weight,0.43729153854573566,0.98,0.98,-192.69951909080746,-185.90385037810998,-0.618775667952595,0.0074984122506668105,0.5245359343805432,0.0019164401835603045,0.06715426911777199,0.0,-0.0029451020033420955,-196.63216233755864,-189.6978065082755
downward_base,omega_gasoline,gasoline consumption weight,0.4382120841738199,0.98,0.98,-192.69951909080746,-185.90385037810998,-0.6186774257381807,0.007493559771359433,0.5245318881334375,0.0019164323062483297,0.06715426911777199,0.0,-0.002930212734893899,-196.63216233755864,-189.6978065082755
downward_base,omega_gasoline,gasoline consumption weight,0.43913262980190415,0.98,0.98,-192.69951909080746,-185.90385037810998,-0.6185791835237666,0.007488707292052056,0.5245278418863317,0.001916424428936355,0.06715426911777199,0.0,-0.0029153234664457423,-196.63216233755864,-189.6978065082755
downward_base,omega_gasoline,gasoline consumption weight,0.44005317542998845,0.98,0.98,-192.69951909080746,-185.90385037810998,-0.6184809413093524,0.007483854812744679,0.5245237956392259,0.0019164165516243805,0.06715426911777199,0.0,-0.0029004341979975597,-196.63216233755864,-189.6978065082755
downward_base,omega_gasoline,gasoline consumption weight,0.4409737210580727,0.98,0.98,-192.69951909080746,-185.90385037810998,-0.6183826990949383,0.007479002333437302,0.5245197493921201,0.0019164086743124061,0.06715426911777199,0.0,-0.002885544929549417,-196.63216233755864,-189.6978065082755
downward_base,omega_gasoline,gasoline consumption weight,0.44189426668615694,0.98,0.98,-192.69951909080746,-185.90385037810998,-0.618284456880524,0.007474149854129924,0.5245157031450144,0.001916400797000431,0.06715426911777199,0.0,-0.0028706556611012204,-196.63216233755864,-189.6978065082755
downward_base,omega_gasoline,gasoline consumption weight,0.4428148123142412,0.98,0.98,-192.69951909080746,-185.90385037810998,-0.6181862146661098,0.007469297374822546,0.5245116568979085,0.0019163929196884563,0.06715426911777199,0.0,-0.00285576639265305,-196.63216233755864,-189.6978065082755
downward_base,omega_gasoline,gasoline consumption weight,0.44373535794232544,0.98,0.98,-192.69951909080746,-185.90385037810998,-0.6180879724516956,0.007464444895515169,0.5245076106508029,0.001916385042376482,0.06715426911777199,0.0,-0.0028408771242048395,-196.63216233755864,-189.6978065082755
downward_base,omega_gasoline,gasoline consumption weight,0.4446559035704097,0.98,0.98,-192.69951909080746,-185.90385037810998,-0.6179897302372814,0.0074595924162077915,0.5245035644036972,0.0019163771650645071,0.06715426911777199,0.0,-0.002825987855756655,-196.63216233755864,-189.6978065082755
downward_base,omega_gasoline,gasoline consumption weight,0.445576449198494,0.98,0.98,-192.69951909080746,-185.90385037810998,-0.6178914880228673,0.007454739936900413,0.5244995181565913,0.0019163692877525325,0.06715426911777199,0.0,-0.0028110985873085,-196.63216233755864,-189.6978065082755
downward_base,omega_gasoline,gasoline consumption weight,0.44649699482657823,0.98,0.98,-192.69951909080746,-185.90385037810998,-0.6177932458084531,0.007449887457593035,0.5244954719094855,0.0019163614104405577,0.06715426911777199,0.0,-0.0027962093188603297,-196.63216233755864,-189.6978065082755
downward_base,omega_gasoline,gasoline consumption weight,0.4474175404546625,0.98,0.98,-192.69951909080746,-185.90385037810998,-0.6176950035940388,0.007445034978285659,0.5244914256623797,0.001916353533128583,0.06715426911777199,0.0,-0.002781320050412147,-196.63216233755864,-189.6978065082755
downward_base,omega_gasoline,gasoline consumption weight,0.4483380860827467,0.98,0.98,-192.69951909080746,-185.90385037810998,-0.6175967613796246,0.0074401824989782815,0.5244873794152739,0.0019163456558166083,0.06715426911777199,0.0,-0.0027664307819639643,-196.63216233755864,-189.6978065082755
downward_base,omega_gasoline,gasoline consumption weight,0.44925863171083097,0.98,0.98,-192.69951909080746,-185.90385037810998,-0.6174985191652104,0.007435330019670904,0.5244833331681682,0.0019163377785046335,0.06715426911777199,0.0,-0.002751541513515766,-196.63216233755864,-189.6978065082755
downward_base,omega_gasoline,gasoline consumption weight,0.4501791773389152,0.98,0.98,-192.69951909080746,-185.90385037810998,-0.6174002769507962,0.007430477540363527,0.5244792869210624,0.001916329901192659,0.06715426911777199,0.0,-0.0027366522450676094,-196.63216233755864,-189.6978065082755
downward_base,omega_gasoline,gasoline consumption weight,0.4510997229669995,0.98,0.98,-192.69951909080746,-185.90385037810998,-0.617302034736382,0.007425625061056149,0.5244752406739567,0.0019163220238806841,0.06715426911777199,0.0,-0.002721762976619413,-196.63216233755864,-189.6978065082755
downward_base,omega_gasoline,gasoline consumption weight,0.45202026859508376,0.98,0.98,-192.69951909080746,-185.90385037810998,-0.6172037925219678,0.00742077258174877,0.5244711944268508,0.0019163141465687093,0.06715426911777199,0.0,-0.002706873708171244,-196.63216233755864,-189.6978065082755
downward_base,omega_gasoline,gasoline consumption weight,0.452940814223168,0.98,0.98,-192.69951909080746,-185.90385037810998,-0.6171055503075537,0.007415920102441393,0.524467148179745,0.0019163062692567347,0.06715426911777199,0.0,-0.0026919844397230736,-196.63216233755864,-189.6978065082755
downward_base,omega_gasoline,gasoline consumption weight,0.45386135985125226,0.98,0.98,-192.69951909080746,-185.90385037810998,-0.6170073080931394,0.007411067623134017,0.5244631019326392,0.0019162983919447602,0.06715426911777199,0.0,-0.002677095171274905,-196.63216233755864,-189.6978065082755
downward_base,omega_gasoline,gasoline consumption weight,0.4547819054793365,0.98,0.98,-192.69951909080746,-185.90385037810998,-0.6169090658787252,0.007406215143826638,0.5244590556855334,0.0019162905146327856,0.06715426911777199,0.0,-0.0026622059028267205,-196.63216233755864,-189.6978065082755
downward_base,omega_gasoline,gasoline consumption weight,0.45570245110742075,0.98,0.98,-192.69951909080746,-185.90385037810998,-0.616810823664311,0.007401362664519261,0.5244550094384276,0.0019162826373208105,0.06715426911777199,0.0,-0.002647316634378538,-196.63216233755864,-189.6978065082755
downward_base,omega_gasoline,gasoline consumption weight,0.456622996735505,0.98,0.98,-192.69951909080746,-185.90385037810998,-0.6167125814498968,0.007396510185211883,0.524450963191322,0.001916274760008836,0.06715426911777199,0.0,-0.0026324273659303534,-196.63216233755864,-189.6978065082755
downward_base,omega_gasoline,gasoline consumption weight,0.4575435423635893,0.98,0.98,-192.69951909080746,-185.90385037810998,-0.6166143392354827,0.007391657705904506,0.5244469169442162,0.0019162668826968616,0.06715426911777199,0.0,-0.0026175380974821846,-196.63216233755864,-189.6978065082755
downward_base,omega_gasoline,gasoline consumption weight,0.45846408799167354,0.98,0.98,-192.69951909080746,-185.90385037810998,-0.6165160970210685,0.007386805226597129,0.5244428706971105,0.0019162590053848868,0.06715426911777199,0.0,-0.0026026488290339864,-196.63216233755864,-189.6978065082755
downward_base,omega_gasoline,gasoline consumption weight,0.4593846336197578,0.98,0.98,-192.69951909080746,-185.90385037810998,-0.6164178548066542,0.007381952747289751,0.5244388244500047,0.0019162511280729122,0.06715426911777199,0.0,-0.0025877595605858176,-196.63216233755864,-189.6978065082755
downward_base,omega_gasoline,gasoline consumption weight,0.46030517924784203,0.98,0.98,-192.69951909080746,-185.90385037810998,-0.61631961259224,0.007377100267982373,0.5244347782028989,0.0019162432507609374,0.06715426911777199,0.0,-0.002572870292137633,-196.63216233755864,-189.6978065082755
downward_base,omega_gasoline,gasoline consumption weight,0.4612257248759263,0.98,0.98,-192.69951909080746,-185.90385037810998,-0.6162213703778258,0.007372247788674996,0.524430731955793,0.0019162353734489626,0.06715426911777199,0.0,-0.0025579810236894505,-196.63216233755864,-189.6978065082755
downward_base,omega_gasoline,gasoline consumption weight,0.4621462705040105,0.98,0.98,-192.69951909080746,-185.90385037810998,-0.6161231281634116,0.00736739530936762,0.5244266857086873,0.001916227496136988,0.06715426911777199,0.0,-0.002543091755241266,-196.63216233755864,-189.6978065082755
downward_base,omega_gasoline,gasoline consumption weight,0.46306681613209477,0.98,0.98,-192.69951909080746,-185.90385037810998,-0.6160248859489974,0.007362542830060242,0.5244226394615814,0.0019162196188250132,0.06715426911777199,0.0,-0.0025282024867931113,-196.63216233755864,-189.6978065082755
downward_base,omega_gasoline,gasoline consumption weight,0.4639873617601791,0.98,0.98,-192.69951909080746,-185.90385037810998,-0.6159266437345833,0.007357690350752863,0.5244185932144757,0.0019162117415130384,0.06715426911777199,0.0,-0.0025133132183449407,-196.63216233755864,-189.6978065082755
downward_base,omega_gasoline,gasoline consumption weight,0.4649079073882633,0.98,0.98,-192.69951909080746,-185.90385037810998,-0.6158284015201689,0.007352837871445485,0.5244145469673699,0.0019162038642010638,0.06715426911777199,0.0,-0.002498423949896744,-196.63216233755864,-189.6978065082755
downward_base,omega_gasoline,gasoline consumption weight,0.46582845301634757,0.98,0.98,-192.69951909080746,-185.90385037810998,-0.6157301593057548,0.007347985392138109,0.5244105007202642,0.001916195986889089,0.06715426911777199,0.0,-0.0024835346814485737,-196.63216233755864,-189.6978065082755
downward_base,omega_gasoline,gasoline consumption weight,0.4667489986444318,0.98,0.98,-192.69951909080746,-185.90385037810998,-0.6156319170913408,0.007343132912830732,0.5244064544731584,0.0019161881095771148,0.06715426911777199,0.0,-0.0024686454130004327,-196.63216233755864,-189.6978065082755
downward_base,omega_gasoline,gasoline consumption weight,0.46766954427251606,0.98,0.98,-192.69951909080746,-185.90385037810998,-0.6155336748769263,0.007338280433523354,0.5244024082260526,0.0019161802322651398,0.06715426911777199,0.0,-0.0024537561445522205,-196.63216233755864,-189.6978065082755
downward_base,omega_gasoline,gasoline consumption weight,0.4685900899006003,0.98,0.98,-192.69951909080746,-185.90385037810998,-0.6154354326625122,0.007333427954215976,0.5243983619789467,0.0019161723549531648,0.06715426911777199,0.0,-0.0024388668761040518,-196.63216233755864,-189.6978065082755
downward_base,omega_gasoline,gasoline consumption weight,0.46951063552868455,0.98,0.98,-192.69951909080746,-185.90385037810998,-0.6153371904480982,0.007328575474908599,0.524394315731841,0.0019161644776411906,0.06715426911777199,0.0,-0.002423977607655895,-196.63216233755864,-189.6978065082755
downward_base,omega_gasoline,gasoline consumption weight,0.47043118115676885,0.98,0.98,-192.69951909080746,-185.90385037810998,-0.615238948233684,0.007323722995601221,0.5243902694847352,0.0019161566003292158,0.06715426911777199,0.0,-0.0024090883392077263,-196.63216233755864,-189.6978065082755
downward_base,omega_gasoline,gasoline consumption weight,0.4713517267848531,0.98,0.98,-192.69951909080746,-185.90385037810998,-0.6151407060192697,0.007318870516293844,0.5243862232376295,0.0019161487230172412,0.06715426911777199,0.0,-0.002394199070759528,-196.63216233755864,-189.6978065082755
downward_base,omega_gasoline,gasoline consumption weight,0.47227227241293734,0.98,0.98,-192.69951909080746,-185.90385037810998,-0.6150424638048555,0.007314018036986466,0.5243821769905237,0.0019161408457052664,0.06715426911777199,0.0,-0.0023793098023113454,-196.63216233755864,-189.6978065082755
downward_base,omega_gasoline,gasoline consumption weight,0.4731928180410216,0.98,0.98,-192.69951909080746,-185.90385037810998,-0.6149442215904413,0.007309165557679088,0.5243781307434179,0.0019161329683932916,0.06715426911777199,0.0,-0.002364420533863161,-196.63216233755864,-189.6978065082755
downward_base,omega_gasoline,gasoline consumption weight,0.47411336366910584,0.98,0.98,-192.69951909080746,-185.90385037810998,-0.6148459793760271,0.007304313078371711,0.5243740844963122,0.001916125091081317,0.06715426911777199,0.0,-0.0023495312654149784,-196.63216233755864,-189.6978065082755
downward_base,omega_gasoline,gasoline consumption weight,0.47503390929719014,0.98,0.98,-192.69951909080746,-185.90385037810998,-0.6147477371616129,0.0072994605990643335,0.5243700382492064,0.0019161172137693422,0.06715426911777199,0.0,-0.002334641996966808,-196.63216233755864,-189.6978065082755
downward_base,omega_gasoline,gasoline consumption weight,0.47595445492527433,0.98,0.98,-192.69951909080746,-185.90385037810998,-0.6146494949471988,0.007294608119756956,0.5243659920021005,0.0019161093364573677,0.06715426911777199,0.0,-0.002319752728518639,-196.63216233755864,-189.6978065082755
downward_base,omega_gasoline,gasoline consumption weight,0.47687500055335863,0.98,0.98,-192.69951909080746,-185.90385037810998,-0.6145512527327845,0.007289755640449579,0.5243619457549947,0.0019161014591453928,0.06715426911777199,0.0,-0.0023048634600704686,-196.63216233755864,-189.6978065082755
downward_base,omega_gasoline,gasoline consumption weight,0.4777955461814429,0.98,0.98,-192.69951909080746,-185.90385037810998,-0.6144530105183703,0.0072849031611422,0.5243578995078889,0.001916093581833418,0.06715426911777199,0.0,-0.0022899741916223,-196.63216233755864,-189.6978065082755
downward_base,omega_gasoline,gasoline consumption weight,0.4787160918095271,0.98,0.98,-192.69951909080746,-185.90385037810998,-0.6143547683039561,0.007280050681834824,0.5243538532607831,0.0019160857045214435,0.06715426911777199,0.0,-0.0022750849231741154,-196.63216233755864,-189.6978065082755
downward_base,omega_gasoline,gasoline consumption weight,0.47963663743761137,0.98,0.98,-192.69951909080746,-185.90385037810998,-0.614256526089542,0.007275198202527447,0.5243498070136774,0.0019160778272094689,0.06715426911777199,0.0,-0.0022601956547259466,-196.63216233755864,-189.6978065082755
downward_base,omega_gasoline,gasoline consumption weight,0.4805571830656956,0.98,0.98,-192.69951909080746,-185.90385037810998,-0.6141582838751277,0.007270345723220069,0.5243457607665716,0.0019160699498974943,0.06715426911777199,0.0,-0.0022453063862777622,-196.63216233755864,-189.6978065082755
downward_base,omega_gasoline,gasoline consumption weight,0.4814777286937799,0.98,0.98,-192.69951909080746,-185.90385037810998,-0.6140600416607135,0.007265493243912691,0.5243417145194659,0.0019160620725855195,0.06715426911777199,0.0,-0.0022304171178295657,-196.63216233755864,-189.6978065082755
downward_base,omega_gasoline,gasoline consumption weight,0.4823982743218641,0.98,0.98,-192.69951909080746,-185.90385037810998,-0.6139617994462994,0.007260640764605314,0.5243376682723602,0.0019160541952735447,0.06715426911777199,0.0,-0.0022155278493813813,-196.63216233755864,-189.6978065082755
downward_base,omega_gasoline,gasoline consumption weight,0.4833188199499484,0.98,0.98,-192.69951909080746,-185.90385037810998,-0.6138635572318851,0.0072557882852979354,0.5243336220252544,0.00191604631796157,0.06715426911777199,0.0,-0.0022006385809332125,-196.63216233755864,-189.6978065082755
downward_base,omega_gasoline,gasoline consumption weight,0.48423936557803265,0.98,0.98,-192.69951909080746,-185.90385037810998,-0.6137653150174709,0.007250935805990558,0.5243295757781485,0.0019160384406495955,0.06715426911777199,0.0,-0.002185749312485028,-196.63216233755864,-189.6978065082755
downward_base,omega_gasoline,gasoline consumption weight,0.4851599112061169,0.98,0.98,-192.69951909080746,-185.90385037810998,-0.6136670728030568,0.007246083326683182,0.5243255295310427,0.001916030563337621,0.06715426911777199,0.0,-0.0021708600440368594,-196.63216233755864,-189.6978065082755
downward_base,energy_A_lag,lagged energy pressure A,0.0,0.98,0.98,-192.69951909080746,-185.90385037810998,-0.6189677413724944,0.007507899336245215,0.5245438452009987,0.0019164555844982784,0.06715426911777199,0.0,-0.002974212022163367,-196.63216233755864,-189.6978065082755
downward_base,energy_A_lag,lagged energy pressure A,0.004197563626931833,0.98,0.98,-192.69951909080746,-185.90385037810998,-0.6189677413724944,0.007507899336245215,0.5245438452009987,0.0019164555844982784,0.06715426911777199,0.0,-0.002974212022163367,-196.63216233755864,-189.6978065082755
downward_base,energy_A_lag,lagged energy pressure A,0.008395127253863667,0.98,0.98,-192.69951909080746,-185.90385037810998,-0.6189677413724944,0.007507899336245215,0.5245438452009987,0.0019164555844982784,0.06715426911777199,0.0,-0.002974212022163367,-196.63216233755864,-189.6978065082755
downward_base,energy_A_lag,lagged energy pressure A,0.0125926908807955,0.98,0.98,-192.69951909080746,-185.90385037810998,-0.6189677413724944,0.007507899336245215,0.5245438452009987,0.0019164555844982784,0.06715426911777199,0.0,-0.002974212022163367,-196.63216233755864,-189.6978065082755
downward_base,energy_A_lag,lagged energy pressure A,0.016790254507727333,0.98,0.98,-192.69951909080746,-185.90385037810998,-0.6189677413724944,0.007507899336245215,0.5245438452009987,0.0019164555844982784,0.06715426911777199,0.0,-0.002974212022163367,-196.63216233755864,-189.6978065082755
downward_base,energy_A_lag,lagged energy pressure A,0.020987818134659168,0.98,0.98,-192.69951909080746,-185.90385037810998,-0.6189677413724944,0.007507899336245215,0.5245438452009987,0.0019164555844982784,0.06715426911777199,0.0,-0.002974212022163367,-196.63216233755864,-189.6978065082755
downward_base,energy_A_lag,lagged energy pressure A,0.025185381761591,0.98,0.98,-192.69951909080746,-185.90385037810998,-0.6189677413724944,0.007507899336245215,0.5245438452009987,0.0019164555844982784,0.06715426911777199,0.0,-0.002974212022163367,-196.63216233755864,-189.6978065082755
downward_base,energy_A_lag,lagged energy pressure A,0.029382945388522833,0.98,0.98,-192.69951909080746,-185.90385037810998,-0.6189677413724944,0.007507899336245215,0.5245438452009987,0.0019164555844982784,0.06715426911777199,0.0,-0.002974212022163367,-196.63216233755864,-189.6978065082755
downward_base,energy_A_lag,lagged energy pressure A,0.03358050901545467,0.98,0.98,-192.69951909080746,-185.90385037810998,-0.6189677413724944,0.007507899336245215,0.5245438452009987,0.0019164555844982784,0.06715426911777199,0.0,-0.002974212022163367,-196.63216233755864,-189.6978065082755
downward_base,energy_A_lag,lagged energy pressure A,0.0377780726423865,0.98,0.98,-192.69951909080746,-185.90385037810998,-0.6189677413724944,0.007507899336245215,0.5245438452009987,0.0019164555844982784,0.06715426911777199,0.0,-0.002974212022163367,-196.63216233755864,-189.6978065082755
downward_base,energy_A_lag,lagged energy pressure A,0.041975636269318335,0.98,0.98,-192.69951909080746,-185.90385037810998,-0.6189677413724944,0.007507899336245215,0.5245438452009987,0.0019164555844982784,0.06715426911777199,0.0,-0.002974212022163367,-196.63216233755864,-189.6978065082755
downward_base,energy_A_lag,lagged energy pressure A,0.04617319989625017,0.98,0.98,-192.69951909080746,-185.90385037810998,-0.6189677413724944,0.007507899336245215,0.5245438452009987,0.0019164555844982784,0.06715426911777199,0.0,-0.002974212022163367,-196.63216233755864,-189.6978065082755
downward_base,energy_A_lag,lagged energy pressure A,0.050370763523182,0.98,0.98,-192.69951909080746,-185.90385037810998,-0.6189677413724944,0.007507899336245215,0.5245438452009987,0.0019164555844982784,0.06715426911777199,2.49403913854177e-05,-0.0029700552902657967,-196.63216233755864,-189.6978065082755
downward_base,energy_A_lag,lagged energy pressure A,0.05456832715011383,0.98,0.98,-192.69951909080746,-185.90385037810998,-0.6189677413724944,0.007507899336245215,0.5245438452009987,0.0019164555844982784,0.06715426911777199,0.0018736837164787406,-0.002661931402750244,-196.63216233755864,-189.6978065082755
downward_base,energy_A_lag,lagged energy pressure A,0.058765890777045665,0.98,0.98,-192.69951909080746,-185.90385037810998,-0.6189677413724944,0.007507899336245215,0.5245438452009987,0.0019164555844982784,0.06715426911777199,0.006654986594518539,-0.0018650475897436115,-196.63216233755864,-189.6978065082755
downward_base,energy_A_lag,lagged energy pressure A,0.0629634544039775,0.98,0.98,-192.69951909080746,-185.90385037810998,-0.6189677413724944,0.007507899336245215,0.5245438452009987,0.0019164555844982784,0.06715426911777199,0.014368849025504817,-0.0005794038512458976,-196.63216233755864,-189.6978065082755
downward_base,energy_A_lag,lagged energy pressure A,0.06716101803090933,0.98,0.98,-192.69951909080746,-185.90385037810998,-0.6189677413724944,0.007507899336245215,0.5245438452009987,0.0019164555844982784,0.06715426911777199,0.02501527100943757,0.0011949998127428942,-196.63216233755864,-189.6978065082755
downward_base,energy_A_lag,lagged energy pressure A,0.07135858165784116,0.98,0.98,-192.69951909080746,-185.90385037810998,-0.6189677413724944,0.007507899336245215,0.5245438452009987,0.0019164555844982784,0.06715426911777199,0.038594252546316765,0.003458163402222756,-196.63216233755864,-189.6978065082755
downward_base,energy_A_lag,lagged energy pressure A,0.075556145284773,0.98,0.98,-192.69951909080746,-185.90385037810998,-0.6189677413724944,0.007507899336245215,0.5245438452009987,0.0019164555844982784,0.06715426911777199,0.055105793636142514,0.006210086917193714,-196.63216233755864,-189.6978065082755
downward_base,energy_A_lag,lagged energy pressure A,0.07975370891170483,0.98,0.98,-192.69951909080746,-185.90385037810998,-0.6189677413724944,0.007507899336245215,0.5245438452009987,0.0019164555844982784,0.06715426911777199,0.07454989427891465,0.009450770357655736,-196.63216233755864,-189.6978065082755
downward_base,energy_A_lag,lagged energy pressure A,0.08395127253863667,0.98,0.98,-192.69951909080746,-185.90385037810998,-0.6189677413724944,0.007507899336245215,0.5245438452009987,0.0019164555844982784,0.06715426911777199,0.09692655447463336,0.013180213723608855,-196.63216233755864,-189.6978065082755
downward_base,energy_A_lag,lagged energy pressure A,0.0881488361655685,0.98,0.98,-192.69951909080746,-185.90385037810998,-0.6189677413724944,0.007507899336245215,0.5245438452009987,0.0019164555844982784,0.06715426911777199,0.12223577422329844,0.01739841701505303,-196.63216233755864,-189.6978065082755
downward_base,energy_A_lag,lagged energy pressure A,0.09234639979250034,0.98,0.98,-192.69951909080746,-185.90385037810998,-0.6189677413724944,0.007507899336245215,0.5245438452009987,0.0019164555844982784,0.06715426911777199,0.1504775535249101,0.022105380231988304,-196.63216233755864,-189.6978065082755
downward_base,energy_A_lag,lagged energy pressure A,0.09654396341943217,0.98,0.98,-192.69951909080746,-185.90385037810998,-0.6189677413724944,0.007507899336245215,0.5245438452009987,0.0019164555844982784,0.06715426911777199,0.18165189237946813,0.027301103374414645,-196.63216233755864,-189.6978065082755
downward_base,energy_A_lag,lagged energy pressure A,0.100741527046364,0.98,0.98,-192.69951909080746,-185.90385037810998,-0.6189677413724944,0.007507899336245215,0.5245438452009987,0.0019164555844982784,0.06715426911777199,0.21575879078697263,0.03298558644233206,-196.63216233755864,-189.6978065082755
downward_base,energy_A_lag,lagged energy pressure A,0.10493909067329583,0.98,0.98,-192.69951909080746,-185.90385037810998,-0.6189677413724944,0.007507899336245215,0.5245438452009987,0.0019164555844982784,0.06715426911777199,0.25279824874742374,0.039158829435740575,-196.63216233755864,-189.6978065082755
downward_base,energy_A_lag,lagged energy pressure A,0.10913665430022766,0.98,0.98,-192.69951909080746,-185.90385037810998,-0.6189677413724944,0.007507899336245215,0.5245438452009987,0.0019164555844982784,0.06715426911777199,0.29277026626082137,0.04582083235464018,-196.63216233755864,-189.6978065082755
downward_base,energy_A_lag,lagged energy pressure A,0.1133342179271595,0.98,0.98,-192.69951909080746,-185.90385037810998,-0.6189677413724944,0.007507899336245215,0.5245438452009987,0.0019164555844982784,0.06715426911777199,0.33567484332716524,0.05297159519903082,-196.63216233755864,-189.6978065082755
downward_base,energy_A_lag,lagged energy pressure A,0.11753178155409133,0.98,0.98,-192.69951909080746,-185.90385037810998,-0.6189677413724944,0.007507899336245215,0.5245438452009987,0.0019164555844982784,0.06715426911777199,0.38151197994645586,0.06061111796891259,-196.63216233755864,-189.6978065082755
downward_base,energy_A_lag,lagged energy pressure A,0.12172934518102317,0.98,0.98,-192.69951909080746,-185.90385037810998,-0.6189677413724944,0.007507899336245215,0.5245438452009987,0.0019164555844982784,0.06715426911777199,0.4302816761186929,0.06873940066428541,-196.63216233755864,-189.6978065082755
downward_base,energy_A_lag,lagged energy pressure A,0.125926908807955,0.98,0.98,-192.69951909080746,-185.90385037810998,-0.6189677413724944,0.007507899336245215,0.5245438452009987,0.0019164555844982784,0.06715426911777199,0.4819839318438763,0.0773564432851493,-196.63216233755864,-189.6978065082755
downward_base,energy_A_lag,lagged energy pressure A,0.13012447243488684,0.98,0.98,-192.69951909080746,-185.90385037810998,-0.6189677413724944,0.007507899336245215,0.5245438452009987,0.0019164555844982784,0.06715426911777199,0.5366187471220063,0.0864622458315043,-196.63216233755864,-189.6978065082755
downward_base,energy_A_lag,lagged energy pressure A,0.13432203606181867,0.98,0.98,-192.69951909080746,-185.90385037810998,-0.6189677413724944,0.007507899336245215,0.5245438452009987,0.0019164555844982784,0.06715426911777199,0.5941861219530826,0.09605680830335037,-196.63216233755864,-189.6978065082755
downward_base,energy_A_lag,lagged energy pressure A,0.1385195996887505,0.98,0.98,-192.69951909080746,-185.90385037810998,-0.6189677413724944,0.007507899336245215,0.5245438452009987,0.0019164555844982784,0.06715426911777199,0.6546860563371053,0.10614013070068747,-196.63216233755864,-189.6978065082755
downward_base,energy_A_lag,lagged energy pressure A,0.14271716331568232,0.98,0.98,-192.69951909080746,-185.90385037810998,-0.6189677413724944,0.007507899336245215,0.5245438452009987,0.0019164555844982784,0.06715426911777199,0.7181185502740746,0.11671221302351567,-196.63216233755864,-189.6978065082755
downward_base,energy_A_lag,lagged energy pressure A,0.14691472694261418,0.98,0.98,-192.69951909080746,-185.90385037810998,-0.6189677413724944,0.007507899336245215,0.5245438452009987,0.0019164555844982784,0.06715426911777199,0.7844836037639907,0.12777305527183502,-196.63216233755864,-189.6978065082755
downward_base,energy_A_lag,lagged energy pressure A,0.151112290569546,0.98,0.98,-192.69951909080746,-185.90385037810998,-0.6189677413724944,0.007507899336245215,0.5245438452009987,0.0019164555844982784,0.06715426911777199,0.8537812168068529,0.1393226574456454,-196.63216233755864,-189.6978065082755
downward_base,energy_A_lag,lagged energy pressure A,0.15530985419647783,0.98,0.98,-192.69951909080746,-185.90385037810998,-0.6189677413724944,0.007507899336245215,0.5245438452009987,0.0019164555844982784,0.06715426911777199,0.9260113894026616,0.15136101954494682,-196.63216233755864,-189.6978065082755
downward_base,energy_A_lag,lagged energy pressure A,0.15950741782340966,0.98,0.98,-192.69951909080746,-185.90385037810998,-0.6189677413724944,0.007507899336245215,0.5245438452009987,0.0019164555844982784,0.06715426911777199,1.0011741215514167,0.16388814156973933,-196.63216233755864,-189.6978065082755
downward_base,energy_A_lag,lagged energy pressure A,0.1637049814503415,0.98,0.98,-192.69951909080746,-185.90385037810998,-0.6189677413724944,0.007507899336245215,0.5245438452009987,0.0019164555844982784,0.06715426911777199,1.0792694132531189,0.17690402352002302,-196.63216233755864,-189.6978065082755
downward_base,energy_A_lag,lagged energy pressure A,0.16790254507727334,0.98,0.98,-192.69951909080746,-185.90385037810998,-0.6189677413724944,0.007507899336245215,0.5245438452009987,0.0019164555844982784,0.06715426911777199,1.160297264507767,0.19040866539579773,-196.63216233755864,-189.6978065082755
downward_base,energy_A_lag,lagged energy pressure A,0.17210010870420517,0.98,0.98,-192.69951909080746,-185.90385037810998,-0.6189677413724944,0.007507899336245215,0.5245438452009987,0.0019164555844982784,0.06715426911777199,1.2442576753153614,0.20440206719706341,-196.63216233755864,-189.6978065082755
downward_base,energy_A_lag,lagged energy pressure A,0.176297672331137,0.98,0.98,-192.69951909080746,-185.90385037810998,-0.6189677413724944,0.007507899336245215,0.5245438452009987,0.0019164555844982784,0.06715426911777199,1.3311506456759021,0.21888422892382023,-196.63216233755864,-189.6978065082755
downward_base,energy_A_lag,lagged energy pressure A,0.18049523595806882,0.98,0.98,-192.69951909080746,-185.90385037810998,-0.6189677413724944,0.007507899336245215,0.5245438452009987,0.0019164555844982784,0.06715426911777199,1.4209761755893895,0.23385515057606812,-196.63216233755864,-189.6978065082755
downward_base,energy_A_lag,lagged energy pressure A,0.18469279958500068,0.98,0.98,-192.69951909080746,-185.90385037810998,-0.6189677413724944,0.007507899336245215,0.5245438452009987,0.0019164555844982784,0.06715426911777199,1.5137342650558245,0.24931483215380726,-196.63216233755864,-189.6978065082755
downward_base,energy_A_lag,lagged energy pressure A,0.1888903632119325,0.98,0.98,-192.69951909080746,-185.90385037810998,-0.6189677413724944,0.007507899336245215,0.5245438452009987,0.0019164555844982784,0.06715426911777199,1.609424914075205,0.26526327365703734,-196.63216233755864,-189.6978065082755
downward_base,energy_A_lag,lagged energy pressure A,0.19308792683886433,0.98,0.98,-192.69951909080746,-185.90385037810998,-0.6189677413724944,0.007507899336245215,0.5245438452009987,0.0019164555844982784,0.06715426911777199,1.7080481226475317,0.2817004750857584,-196.63216233755864,-189.6978065082755
downward_base,energy_A_lag,lagged energy pressure A,0.19728549046579616,0.98,0.98,-192.69951909080746,-185.90385037810998,-0.6189677413724944,0.007507899336245215,0.5245438452009987,0.0019164555844982784,0.06715426911777199,1.809603890772805,0.2986264364399706,-196.63216233755864,-189.6978065082755
downward_base,energy_A_lag,lagged energy pressure A,0.201483054092728,0.98,0.98,-192.69951909080746,-185.90385037810998,-0.6189677413724944,0.007507899336245215,0.5245438452009987,0.0019164555844982784,0.06715426911777199,1.9140922184510245,0.3160411577196739,-196.63216233755864,-189.6978065082755
downward_base,energy_A_lag,lagged energy pressure A,0.20568061771965984,0.98,0.98,-192.69951909080746,-185.90385037810998,-0.6189677413724944,0.007507899336245215,0.5245438452009987,0.0019164555844982784,0.06715426911777199,2.021513105682192,0.3339446389248685,-196.63216233755864,-189.6978065082755
downward_base,energy_A_lag,lagged energy pressure A,0.20987818134659167,0.98,0.98,-192.69951909080746,-185.90385037810998,-0.6189677413724944,0.007507899336245215,0.5245438452009987,0.0019164555844982784,0.06715426911777199,2.1318665524663047,0.3523368800555539,-196.63216233755864,-189.6978065082755
downward_base,energy_A_lag,lagged energy pressure A,0.2140757449735235,0.98,0.98,-192.69951909080746,-185.90385037810998,-0.6189677413724944,0.007507899336245215,0.5245438452009987,0.0019164555844982784,0.06715426911777199,2.245152558803364,0.37121788111173043,-196.63216233755864,-189.6978065082755
downward_base,energy_A_lag,lagged energy pressure A,0.21827330860045532,0.98,0.98,-192.69951909080746,-185.90385037810998,-0.6189677413724944,0.007507899336245215,0.5245438452009987,0.0019164555844982784,0.06715426911777199,2.3613711246933704,0.3905876420933982,-196.63216233755864,-189.6978065082755
downward_base,energy_A_lag,lagged energy pressure A,0.22247087222738718,0.98,0.98,-192.69951909080746,-185.90385037810998,-0.6189677413724944,0.007507899336245215,0.5245438452009987,0.0019164555844982784,0.06715426911777199,2.480522250136323,0.4104461630005569,-196.63216233755864,-189.6978065082755
downward_base,energy_A_lag,lagged energy pressure A,0.226668435854319,0.98,0.98,-192.69951909080746,-185.90385037810998,-0.6189677413724944,0.007507899336245215,0.5245438452009987,0.0019164555844982784,0.06715426911777199,2.6026059351322215,0.43079344383320667,-196.63216233755864,-189.6978065082755
downward_base,energy_A_lag,lagged energy pressure A,0.23086599948125083,0.98,0.98,-192.69951909080746,-185.90385037810998,-0.6189677413724944,0.007507899336245215,0.5245438452009987,0.0019164555844982784,0.06715426911777199,2.7276221796810676,0.45162948459134766,-196.63216233755864,-189.6978065082755
downward_base,energy_A_lag,lagged energy pressure A,0.23506356310818266,0.98,0.98,-192.69951909080746,-185.90385037810998,-0.6189677413724944,0.007507899336245215,0.5245438452009987,0.0019164555844982784,0.06715426911777199,2.8555709837828593,0.4729542852749796,-196.63216233755864,-189.6978065082755
downward_base,energy_A_lag,lagged energy pressure A,0.2392611267351145,0.98,0.98,-192.69951909080746,-185.90385037810998,-0.6189677413724944,0.007507899336245215,0.5245438452009987,0.0019164555844982784,0.06715426911777199,2.9864523474375972,0.4947678458841026,-196.63216233755864,-189.6978065082755
downward_base,energy_A_lag,lagged energy pressure A,0.24345869036204634,0.98,0.98,-192.69951909080746,-185.90385037810998,-0.6189677413724944,0.007507899336245215,0.5245438452009987,0.0019164555844982784,0.06715426911777199,3.120266270645283,0.5170701664187171,-196.63216233755864,-189.6978065082755
downward_base,energy_A_lag,lagged energy pressure A,0.24765625398897817,0.98,0.98,-192.69951909080746,-185.90385037810998,-0.6189677413724944,0.007507899336245215,0.5245438452009987,0.0019164555844982784,0.06715426911777199,3.2570127534059137,0.5398612468788221,-196.63216233755864,-189.6978065082755
downward_base,energy_A_lag,lagged energy pressure A,0.25185381761591,0.98,0.98,-192.69951909080746,-185.90385037810998,-0.6189677413724944,0.007507899336245215,0.5245438452009987,0.0019164555844982784,0.06715426911777199,3.3966917957194913,0.5631410872644184,-196.63216233755864,-189.6978065082755
downward_base,energy_A_lag,lagged energy pressure A,0.2560513812428418,0.98,0.98,-192.69951909080746,-185.90385037810998,-0.6189677413724944,0.007507899336245215,0.5245438452009987,0.0019164555844982784,0.06715426911777199,3.539303397586015,0.5869096875755057,-196.63216233755864,-189.6978065082755
downward_base,energy_A_lag,lagged energy pressure A,0.2602489448697737,0.98,0.98,-192.69951909080746,-185.90385037810998,-0.6189677413724944,0.007507899336245215,0.5245438452009987,0.0019164555844982784,0.06715426911777199,3.651903280774391,0.6056763347735683,-196.63216233755864,-189.6978065082755
downward_base,energy_A_lag,lagged energy pressure A,0.2644465084967055,0.98,0.98,-192.69951909080746,-185.90385037810998,-0.6189677413724944,0.007507899336245215,0.5245438452009987,0.0019164555844982784,0.06715426911777199,3.651903280774391,0.6056763347735683,-196.63216233755864,-189.6978065082755
downward_base,energy_A_lag,lagged energy pressure A,0.26864407212363733,0.98,0.98,-192.69951909080746,-185.90385037810998,-0.6189677413724944,0.007507899336245215,0.5245438452009987,0.0019164555844982784,0.06715426911777199,3.651903280774391,0.6056763347735683,-196.63216233755864,-189.6978065082755
downward_base,energy_A_lag,lagged energy pressure A,0.2728416357505692,0.98,0.98,-192.69951909080746,-185.90385037810998,-0.6189677413724944,0.007507899336245215,0.5245438452009987,0.0019164555844982784,0.06715426911777199,3.651903280774391,0.6056763347735683,-196.63216233755864,-189.6978065082755
downward_base,energy_A_lag,lagged energy pressure A,0.277039199377501,0.98,0.98,-192.69951909080746,-185.90385037810998,-0.6189677413724944,0.007507899336245215,0.5245438452009987,0.0019164555844982784,0.06715426911777199,3.651903280774391,0.6056763347735683,-196.63216233755864,-189.6978065082755
downward_base,energy_A_lag,lagged energy pressure A,0.28123676300443284,0.98,0.98,-192.69951909080746,-185.90385037810998,-0.6189677413724944,0.007507899336245215,0.5245438452009987,0.0019164555844982784,0.06715426911777199,3.651903280774391,0.6056763347735683,-196.63216233755864,-189.6978065082755
downward_base,energy_A_lag,lagged energy pressure A,0.28543432663136464,0.98,0.98,-192.69951909080746,-185.90385037810998,-0.6189677413724944,0.007507899336245215,0.5245438452009987,0.0019164555844982784,0.06715426911777199,3.651903280774391,0.6056763347735683,-196.63216233755864,-189.6978065082755
downward_base,energy_A_lag,lagged energy pressure A,0.2896318902582965,0.98,0.98,-192.69951909080746,-185.90385037810998,-0.6189677413724944,0.007507899336245215,0.5245438452009987,0.0019164555844982784,0.06715426911777199,3.651903280774391,0.6056763347735683,-196.63216233755864,-189.6978065082755
downward_base,energy_A_lag,lagged energy pressure A,0.29382945388522835,0.98,0.98,-192.69951909080746,-185.90385037810998,-0.6189677413724944,0.007507899336245215,0.5245438452009987,0.0019164555844982784,0.06715426911777199,3.651903280774391,0.6056763347735683,-196.63216233755864,-189.6978065082755
downward_base,energy_A_lag,lagged energy pressure A,0.29802701751216015,0.98,0.98,-192.69951909080746,-185.90385037810998,-0.6189677413724944,0.007507899336245215,0.5245438452009987,0.0019164555844982784,0.06715426911777199,3.651903280774391,0.6056763347735683,-196.63216233755864,-189.6978065082755
downward_base,energy_A_lag,lagged energy pressure A,0.302224581139092,0.98,0.98,-192.69951909080746,-185.90385037810998,-0.6189677413724944,0.007507899336245215,0.5245438452009987,0.0019164555844982784,0.06715426911777199,3.651903280774391,0.6056763347735683,-196.63216233755864,-189.6978065082755
downward_base,energy_A_lag,lagged energy pressure A,0.3064221447660238,0.98,0.98,-192.69951909080746,-185.90385037810998,-0.6189677413724944,0.007507899336245215,0.5245438452009987,0.0019164555844982784,0.06715426911777199,3.651903280774391,0.6056763347735683,-196.63216233755864,-189.6978065082755
downward_base,energy_A_lag,lagged energy pressure A,0.31061970839295566,0.98,0.98,-192.69951909080746,-185.90385037810998,-0.6189677413724944,0.007507899336245215,0.5245438452009987,0.0019164555844982784,0.06715426911777199,3.651903280774391,0.6056763347735683,-196.63216233755864,-189.6978065082755
downward_base,energy_A_lag,lagged energy pressure A,0.3148172720198875,0.98,0.98,-192.69951909080746,-185.90385037810998,-0.6189677413724944,0.007507899336245215,0.5245438452009987,0.0019164555844982784,0.06715426911777199,3.651903280774391,0.6056763347735683,-196.63216233755864,-189.6978065082755
downward_base,energy_A_lag,lagged energy pressure A,0.3190148356468193,0.98,0.98,-192.69951909080746,-185.90385037810998,-0.6189677413724944,0.007507899336245215,0.5245438452009987,0.0019164555844982784,0.06715426911777199,3.651903280774391,0.6056763347735683,-196.63216233755864,-189.6978065082755
downward_base,energy_A_lag,lagged energy pressure A,0.32321239927375117,0.98,0.98,-192.69951909080746,-185.90385037810998,-0.6189677413724944,0.007507899336245215,0.5245438452009987,0.0019164555844982784,0.06715426911777199,3.651903280774391,0.6056763347735683,-196.63216233755864,-189.6978065082755
downward_base,energy_A_lag,lagged energy pressure A,0.327409962900683,0.98,0.98,-192.69951909080746,-185.90385037810998,-0.6189677413724944,0.007507899336245215,0.5245438452009987,0.0019164555844982784,0.06715426911777199,3.651903280774391,0.6056763347735683,-196.63216233755864,-189.6978065082755
downward_base,energy_A_lag,lagged energy pressure A,0.3316075265276148,0.98,0.98,-192.69951909080746,-185.90385037810998,-0.6189677413724944,0.007507899336245215,0.5245438452009987,0.0019164555844982784,0.06715426911777199,3.651903280774391,0.6056763347735683,-196.63216233755864,-189.6978065082755
downward_base,energy_A_lag,lagged energy pressure A,0.3358050901545467,0.98,0.98,-192.69951909080746,-185.90385037810998,-0.6189677413724944,0.007507899336245215,0.5245438452009987,0.0019164555844982784,0.06715426911777199,3.651903280774391,0.6056763347735683,-196.63216233755864,-189.6978065082755
